tree
version=v4
num_class=1
num_tree_per_iteration=1
label_index=0
max_feature_idx=41
objective=binary sigmoid:1
feature_names=close_vs_poc_pct close_vs_vah_pct close_vs_val_pct close_vs_vwap_pct atr_5 atr_20 atr_ratio bar_range_pct body_pct upper_wick_ratio lower_wick_ratio close_position_in_range delta_normalized cvd_slope cvd_divergence_flag aggression volume_vs_ema20 delta_acceleration cumulative_delta_3bar aggressive_print_imbalance profile_shape_encoded balance_ratio va_width_pct market_state_encoded hvn_count nearest_lvn_distance_pct bid_ask_spread_bps book_imbalance_l1 book_imbalance_l5 bid_depth_total ask_depth_total book_pressure_ratio minutes_since_open session_flag day_of_week bars_since_last_displacement oi_change_pct option_type_flag underlying_return_5bar moneyness_pct dte_normalized oi_volume_ratio
feature_infos=[-3.3308367729187012:0.83333170413970947] [-5.6367220878601074:0.69761949777603149] [-2.4219095706939697:0.87335211038589478] [-10.682355880737305:0.67312902212142944] [0:1021.25] [0:1021.25] none [0:1.8729941844940186] [0:1.4678663015365601] [0:1] [0:1] [0:1] [-1:1] [-67335.1640625:75764.5] [-1:1] [-1:1] none none [-1113893.375:997423.6875] none [-1:1] [0:1] [0:5.237128734588623] [0:1] [0:3] [0:4.9040431976318359] none none none none none none [0:43] none [0:6] none none [-1:1] [-2.0323750972747803:2.8819994926452637] [-6.6302590370178223:6.2846179008483887] none none
tree_sizes=3476 3495 3492 3506 3495 3495 3482 3505 3501 3505 3510 3501 3510 3504 3478 3491 3506 3485 3505 3515 3513 3518 3515 3528 3503 3512 3502 3515 3498 3527 3499 3539 3495 3509 3523 3526 3529 3513 3521 3512 3498 3531 3507 3531 3522 3516 3539 3510 3544 3510 3523 3500 3539 3501 3519 3551 3532 3526 3542 3537 3515 3520 3526 3493 3574 3505 3532 3525 3522 3532 3544 3530 3543 3558 3498 3524 3557 3545 3560 3525 3537 3537 3537 3547 3554 3535 3558 3510 3525 3548 3529 3510 3542 3491 3555 3588 3536 3510 3517 3515 3563 3531 3558 3555 3521 3582 3565 3504 3539 3563 3509 3577 3524 3516 3550 3581 3532 3503 3543 3596 3532 3531 3542 3528 3550 3541 3564 3538 3520 3546 3549 3518 3494 3557 3570 3564 3565 3545 3505 3539 3543 3498 3517 3508 3550 3563 3512 3557 3578 3569 3547 3521 3560 3545 3525 3526 3492 3526 3534 3543 3534 3570

Tree=0
num_leaves=31
num_cat=0
split_feature=4 13 13 13 13 18 18 7 22 2 0 39 39 15 13 22 0 38 2 2 4 22 7 38 39 39 38 39 3 38
split_gain=3424.9 1720.27 2241.55 1156.75 651.448 378.91 359.337 225.114 221.802 218.457 188.259 180.33 183.19 177.217 165.146 157.929 115.753 110.498 105.154 87.0516 84.8829 83.8969 76.6377 75.8391 154.312 74.7947 96.7603 85.6984 84.7562 72.3417
threshold=1.0000000180025095e-35 -14.044625759124754 6.8576989173889169 -3.5089076826436135e-12 1.8275560508288979e-13 4290.4055175781259 -9449.0605468749982 0.072311177849769606 0.1005675680935383 0.024232244119048122 -0.0012397387181408701 -0.92246681451797474 0.038747722283005721 -0.76984199881553639 35.347728729248054 0.23397217690944674 0.085054349154233946 -0.15239354968070981 0.49629384279251104 0.48750357329845434 0.62500000000000011 0.22617430239915851 0.058343321084976203 -0.1479915454983711 1.5875407457351687 -1.4626398086547849 0.10925983637571336 2.5919841527938847 -1.8088188171386717 -0.21000730246305463
decision_type=2 2 2 2 2 2 2 2 2 2 2 2 2 2 2 2 2 2 2 2 2 2 2 2 2 2 2 2 2 2
left_child=1 8 3 15 10 6 7 -2 -1 11 -5 20 -13 -11 23 19 22 -9 -6 -3 -8 -18 -7 -4 -25 26 -10 28 -27 -15
right_child=5 2 14 4 18 16 9 17 25 13 -12 12 -14 29 -16 -17 21 -19 -20 -21 -22 -23 -24 24 -26 27 -28 -29 -30 -31
leaf_value=-0.92635991361434555 -0.91779688147358984 -0.93056781893923501 -0.90552588472896667 -0.94754453502717451 -0.93372623169133218 -0.92220097094013542 -0.93850984151832506 -0.97103117475000889 -0.9201517716924712 -0.90192754525125018 -0.95973566174988401 -0.90342991518768312 -0.917169092660437 -0.89943618119191215 -0.9122686201612582 -0.91761834994247138 -0.9033488451826267 -0.93342361373084937 -0.96522668990298843 -0.9732813407185632 -0.91825048623564787 -0.91942534243331908 -0.93662308146745221 -0.9204212715550204 -0.93877714427522663 -0.9253493086219966 -0.89342211483335776 -0.92903531502020176 -0.9036903406445923 -0.91002089220959881
leaf_weight=808.98780387639999 1700.9779724478722 1917.2731379270554 213.70967191457748 1967.7122114002705 2195.9479891061783 1902.6246996223927 205.40314185619354 100.48924300074577 842.08973604440689 4588.6897138953209 2706.9552957415581 2048.4607031643391 1554.9385911226273 646.05432415008545 2731.1771095991135 1187.0250475108624 474.43810763955116 227.97174918651581 98.909624844789505 43.098059356212616 2257.3906629681587 803.48409649729729 407.0165368616581 1985.8302702605724 523.54501131176949 179.30230441689491 144.37093466520309 146.29469883441925 2440.5069057941437 8215.9743906855583
leaf_count=2911 5823 7065 677 7935 8234 6685 790 454 2923 14219 11592 6410 5303 1968 9041 4059 1483 853 435 197 7749 2777 1550 6905 2017 641 421 534 7650 26821
internal_value=-0.919027 -0.92825 -0.932999 -0.941358 -0.948177 -0.911641 -0.910136 -0.922186 -0.912047 -0.908884 -0.954604 -0.913638 -0.909346 -0.906744 -0.917498 -0.926266 -0.920693 -0.944961 -0.93509 -0.931519 -0.919933 -0.913421 -0.924733 -0.922756 -0.924243 -0.90897 -0.916181 -0.906414 -0.905161 -0.909243
internal_weight=45266.6 20132.7 15571.2 10116.9 6969.53 25133.9 21546.4 2029.44 4561.55 19516.9 4674.67 6066.19 3603.4 13450.7 5454.26 3147.4 3587.56 328.461 2294.86 1960.37 2462.79 1277.92 2309.64 2723.08 2509.38 3752.56 986.461 2766.1 2619.81 8862.03
internal_count=156122 73237 58157 39517 28196 82885 70390 7130 15080 63260 19527 20252 11713 43008 18640 11321 12495 1307 8669 7262 8539 4260 8235 9599 8922 12169 3344 8825 8291 28789
is_linear=0
shrinkage=1


Tree=1
num_leaves=31
num_cat=0
split_feature=4 24 10 21 3 39 25 7 3 3 0 38 2 1 38 37 14 38 37 18 2 18 0 3 0 18 1 39 18 39
split_gain=3086.75 948.482 519.737 363.057 358.133 329.629 274.415 251.622 235.395 221.152 195.522 186.749 182.81 168.831 162.271 267.257 148.051 130.491 129.642 119.002 106.858 97.6049 97.1378 83.5469 83.3425 83.1559 82.8894 80.6012 76.0635 73.4743
threshold=1.0000000180025095e-35 2.5000000000000004 0.0090293916873633879 1.0000000180025095e-35 -0.36415277421474451 0.19177916646003726 0.0010803360491991045 0.054469127207994468 0.18633116781711581 -0.28076343238353724 0.45538336038589483 0.23291350901126864 0.022083601914346222 0.08054660260677339 -0.12834093719720838 1.0000000180025095e-35 1.0000000180025095e-35 -0.22426143288612363 1.0000000180025095e-35 4290.4055175781259 0.0039428754243999728 -449.73403930664057 0.62667378783226024 -1.8088188171386717 -0.15703601390123365 -5652.9545898437491 0.32956103980541235 0.075451709330081954 -10433.292968749998 2.0029824972152714
decision_type=2 2 2 2 2 2 2 2 2 2 2 2 2 2 2 2 2 2 2 2 2 2 2 2 2 2 2 2 2 2
left_child=1 4 12 9 23 11 20 19 18 -3 13 16 21 -8 15 -11 -5 25 -7 28 27 -2 -22 -1 -23 -9 -16 -6 -4 -10
right_child=2 3 7 5 6 8 10 17 29 14 -12 -13 -14 -15 26 -17 -18 -19 -20 -21 22 24 -24 -25 -26 -27 -28 -29 -30 -31
leaf_value=0.0085264039819914501 0.042475272577518271 0.035460611521468038 0.028946913032422177 0.032590071888442165 0.028559728029550081 0.024558272769156498 0.014161390213288372 -0.016402386926149728 0.063330491907485159 0.057431655003610881 -0.012048006040072974 0.067976873435065741 0.044560887867946257 0.027771421480278842 0.014687150163812867 -0.011999959382905689 0.046960486583124114 0.026650564062580748 0.0098797969698729733 0.0294744346075708 -0.014809596315035744 0.038682618091061549 0.065002107296104977 0.04037453977878596 0.027351862725069412 0.018140995188010049 -0.0051620499903357693 -0.0042380054524579274 0.038591253630757522 0.03393205322632676
leaf_weight=86.003592908382416 1724.2518869787455 619.99013534188271 850.00967119634151 5303.130275323987 125.7708945274353 1509.9772452712059 5776.479742616415 108.50839467346668 137.30705745518208 180.27139262855053 228.8386148661375 152.8492709249258 10114.07798525691 957.65761262178421 2013.6791541427374 68.333877757191658 742.30672587454319 1499.6554375886917 848.54808731377125 2185.6180574595928 464.24809697270393 1184.1008192300797 13.155125185847281 578.21094152331352 1190.996409624815 145.75547946989536 208.25733894109726 143.32399079203606 6576.7305913120508 185.09983536601067
leaf_count=333 5457 2059 2933 17953 443 5392 21894 483 374 521 997 406 31429 3355 7604 296 2287 5253 3280 7527 2051 3839 34 1862 4144 535 873 600 21285 623
internal_value=0.0316184 0.0228946 0.0385552 0.0283132 0.015146 0.0313977 0.0133209 0.0337631 0.0225894 0.0194431 0.015174 0.0352028 0.0423846 0.0161011 0.0154096 0.0383634 0.0343626 0.0232828 0.019285 0.0356725 -0.00395737 0.0370048 -0.0124728 0.0362743 0.033016 0.00338117 0.0128239 0.011129 0.0374919 0.0466187
internal_weight=45923.1 20343.4 25579.7 11969.8 8373.69 8879.22 7709.47 11366.3 2680.93 3090.53 6962.98 6198.29 14213.4 6734.14 2470.54 248.605 6045.44 1753.92 2358.53 9612.36 746.498 4099.35 477.403 664.215 2375.1 254.264 2221.94 269.095 7426.74 322.407
internal_count=156122 73237 82885 41668 31569 30315 29374 38016 9669 11353 26246 20646 44869 25249 9294 817 20240 6271 8672 31745 3128 13440 2085 2195 7983 1018 8477 1043 24218 997
is_linear=0
shrinkage=0.03


Tree=2
num_leaves=31
num_cat=0
split_feature=4 32 13 13 13 13 10 7 22 13 22 2 2 38 13 32 32 39 39 37 38 39 14 2 22 3 1 39 22 2
split_gain=2792.68 1821.27 1885.03 2565.03 1187.81 724.236 466.492 222.465 206.677 187.73 182.639 173.794 125.04 115.47 99.7074 89.4907 85.0182 85.5066 121.987 84.9255 93.7556 83.8468 77.7806 77.7486 72.0671 70.0255 69.5874 86.6916 68.3097 59.6562
threshold=1.0000000180025095e-35 14.500000000000002 -11.865643501281737 6.8576989173889169 -3.5089076826436135e-12 1.8275560508288979e-13 0.018320652656257156 0.054469127207994468 0.1005675680935383 35.347728729248054 0.10165798291563989 0.022083601914346222 0.49629384279251104 -0.22426143288612363 -44.999517440795891 19.500000000000004 34.500000000000007 2.0327552556991582 -0.65085834264755238 1.0000000180025095e-35 -0.25075136125087732 2.5510843992233281 1.0000000180025095e-35 -0.085160460323095308 0.068345226347446456 -1.8088188171386717 -0.14389445632696149 -1.2241957187652586 1.1609911918640139 0.48750357329845434
decision_type=2 2 2 2 2 2 2 2 2 2 2 2 2 2 2 2 2 2 2 2 2 2 2 2 2 2 2 2 2 2
left_child=1 2 8 4 10 -6 11 19 -1 22 -4 16 -3 -9 25 28 17 18 -2 26 23 -16 -5 -21 -13 -10 27 -8 -15 -22
right_child=6 12 3 9 5 -7 7 13 14 -11 -12 24 -14 15 21 -17 -18 -19 -20 20 29 -23 -24 -25 -26 -27 -28 -29 -30 -31
leaf_value=0.021835752570427667 0.029000734737588865 0.050015381329664037 0.0078495359172748806 0.021972694875376501 -0.011281293942052436 0.01061121450592533 0.022586768718783852 0.0032532005345043617 0.021380546195468673 0.035750719834823266 0.025624823996888722 0.028856273831331651 0.0046457202818055068 0.025610840641369981 0.034827480686514103 0.056616132053495728 0.055170868430230773 0.016654447926008877 0.039933700794161142 -0.013685696573101406 0.033306624390739149 0.0079085216468985642 0.03672213376255682 0.023301963318613273 0.042868438793529022 0.044410588670493203 0.040151897954116902 0.036514481505880443 0.0013383498690658746 0.021680957603702478
leaf_weight=844.46026416122913 1611.8747217208147 1999.3483808040619 730.41789059340954 2119.2286047041416 4004.8232466876507 2057.9720218330622 564.02134342491627 247.83135885000229 130.34338042140007 2637.8324639946222 1821.7003688663244 351.67355416715145 56.579366579651833 1278.4698174893856 1762.0483710467815 77.981206104159355 184.91160829365253 237.93358981609344 2199.503444686532 68.248990938067436 4186.10164912045 111.70910540223122 383.04887011647224 195.79603889584541 10119.463994652033 1883.195027127862 2631.8930221498013 1476.6279676258564 114.02638623118401 449.01180563867092
leaf_count=3016 5433 6008 2827 7526 17317 7854 1973 991 463 8535 6333 1169 224 4426 5731 219 521 862 6869 290 13692 431 1236 680 30782 5736 8223 4730 452 1573
internal_value=0.0302578 0.0219885 0.0190074 0.0133867 0.0033784 -0.00384902 0.0367913 0.0321949 0.0353396 0.0301562 0.0205438 0.0403176 0.0487711 0.0222254 0.0382659 0.0254165 0.0351561 0.034228 0.0353196 0.0339818 0.0311941 0.0332293 0.0242455 0.0137147 0.0424009 0.0429326 0.0368967 0.0326794 0.0236278 0.032186
internal_weight=46538.1 20542.7 18486.8 13755 8614.91 6062.8 25995.4 11290 4731.76 5140.11 2552.12 14705.4 2055.93 1718.31 3887.3 1470.48 4234.22 4049.31 3811.38 9571.7 4899.16 1873.76 2502.28 264.045 10471.1 2013.54 4672.54 2040.65 1392.5 4635.11
internal_count=156122 73237 67005 51628 34331 25171 82885 37249 15377 17297 9160 45636 6232 6088 12361 5097 13685 13164 12302 31161 16235 6162 8762 970 31951 6199 14926 6703 4878 15265
is_linear=0
shrinkage=0.03


Tree=3
num_leaves=31
num_cat=0
split_feature=4 32 24 10 24 22 22 21 0 39 7 14 2 38 18 39 0 2 34 0 25 38 38 18 37 0 2 39 38 1
split_gain=2535.61 1648.98 1037.51 420.731 386.011 360.287 339.668 285.6 239.947 217.49 209.709 188.032 146.5 143.399 127.348 117.063 176.223 112.584 110.269 97.6418 89.4367 87.848 86.7164 85.6304 83.1052 73.831 71.5496 150.13 71.3772 63.9692
threshold=1.0000000180025095e-35 14.500000000000002 2.5000000000000004 0.0090293916873633879 1.0000000180025095e-35 0.235529400408268 0.073932420462369933 1.0000000180025095e-35 -0.48071621358394617 -1.2734763026237486 0.03947559371590615 1.0000000180025095e-35 0.022083601914346222 -0.3176251351833343 18420.009765625004 2.0029824972152714 -0.062380714341998093 0.49629384279251104 3.5000000000000004 -0.96524667739868153 0.053933123126626022 -0.10938310623168944 0.23291350901126864 -449.73403930664057 1.0000000180025095e-35 -0.15703601390123365 0.026335185393691066 -0.65085834264755238 -0.12834093719720838 -0.17738435417413709
decision_type=2 2 2 2 2 2 2 2 2 2 2 2 2 2 2 2 2 2 2 2 2 2 2 2 2 2 2 2 2 2
left_child=1 2 4 12 9 7 20 21 -8 -1 24 -9 23 -12 19 22 -17 -3 -11 -15 -6 -4 -7 -2 26 -25 27 -5 -26 -30
right_child=3 17 5 10 6 15 8 11 -10 18 13 -13 -14 14 -16 16 -18 -19 -20 -21 -22 -23 -24 25 28 -27 -28 -29 29 -31
leaf_value=0.030957468740015617 0.038824245953653622 0.047501287747576879 0.026196104338826947 0.017157654090844073 -0.0046963532611280787 0.030801078512554269 0.039636748206641509 0.021190215049278809 0.013769853648325892 -0.031344354192314419 0.0030085710035908531 0.041917441596053637 0.040448491505910303 0.0062779104392112805 0.012444281476886292 -0.012177936429361803 0.03065249959211264 0.0044997888889387527 0.0045550044557320247 0.030335625266587007 0.0086844355917360186 0.0059395932206962893 0.057185942026122434 0.035345891897413509 0.020669040665342239 0.024833772071470139 0.039186262892765424 0.03854825199817432 0.037010401422218273 0.02856678890886466
leaf_weight=77.084107860922813 1780.5874758660793 2041.3981676399708 221.76849600672722 476.09934425354004 1133.6482706218958 4429.3385237902403 345.87386514246464 4136.9638174325228 4745.7912876754999 344.40936106443405 252.98840238153934 436.27122244238853 10478.338728994131 162.04326210916042 498.11027708649635 142.7812729626894 216.20713841915131 56.692529633641243 98.61898273229599 2645.590919226408 743.53507740795612 1442.8811976462603 115.80270130932331 1220.6554827988148 584.87034019827843 1221.9169737994671 2882.5519941449165 790.97036650776863 1416.0503126680851 1971.7863846570253
leaf_count=259 5457 6008 762 1693 4707 14537 1071 14557 17633 1642 1001 1325 31429 616 1829 607 716 224 392 8682 2858 5628 311 3839 2028 4144 8819 2433 4420 6495
internal_value=0.0289861 0.0211321 0.0182905 0.0351559 0.00965281 0.0240946 0.0115141 0.0193038 0.015535 -0.015255 0.0308964 0.0231769 0.0385378 0.0248035 0.0264691 0.0301824 0.0136226 0.0463435 -0.0233541 0.0289509 0.000603859 0.00865412 0.0314864 0.0337878 0.0335622 0.0301007 0.0365527 0.030533 0.0304293 0.0321068
internal_weight=47111.6 20729.1 18631 26382.6 7488.96 11142 6968.85 6237.88 5091.67 520.112 11681.1 4573.24 14701.5 3558.73 3305.74 4904.13 358.988 2098.09 443.028 2807.63 1877.18 1664.65 4545.14 4223.16 8122.33 2442.57 4149.62 1267.07 3972.71 3387.84
internal_count=156122 73237 67005 82885 28562 38443 26269 22272 18704 2293 38016 15882 44869 12128 11127 16171 1323 6232 2034 9298 7565 6390 14848 13440 25888 7983 12945 4126 12943 10915
is_linear=0
shrinkage=0.03


Tree=4
num_leaves=31
num_cat=0
split_feature=4 13 13 13 13 10 7 3 2 13 1 38 2 18 2 13 38 37 39 18 18 39 39 3 4 0 3 1 21 18
split_gain=2309.86 1363.08 1782.39 907.116 597.123 381.407 187.626 172.685 141.502 112.717 104.298 100.094 98.2253 97.3376 94.1406 83.0527 82.7002 124.364 116.211 76.9371 75.8406 75.556 138.108 78.6044 70.8353 67.4337 67.3682 110.63 75.6235 65.4355
threshold=1.0000000180025095e-35 -14.044625759124754 8.0933179855346697 -3.5089076826436135e-12 1.8275560508288979e-13 0.018320652656257156 0.054469127207994468 -0.018112103454768654 0.022083601914346222 65.37793350219728 0.37339162826538091 -0.22426143288612363 0.037292147055268295 4290.4055175781259 0.421768069267273 -44.999517440795891 -0.19330486655235288 1.0000000180025095e-35 2.0327552556991582 -5652.9545898437491 19713.806640625004 -0.89276888966560353 0.038747722283005721 -0.13833157718181607 0.37500000000000006 -1.4195432066917417 -0.15080530196428296 -0.46110251545906061 0.12500000372529033 -8996.0292968749982
decision_type=2 2 2 2 2 2 2 2 2 2 2 2 2 2 2 2 2 2 2 2 2 2 2 2 2 2 2 2 2 2
left_child=1 15 3 10 7 8 13 -5 21 16 12 19 -3 29 -6 -1 17 -4 -18 -8 25 24 -23 -24 -2 -13 27 -17 -29 -7
right_child=5 2 9 4 14 6 11 -9 -10 -11 -12 20 -14 -15 -16 26 18 -19 -20 -21 -22 22 23 -25 -26 -27 -28 28 -30 -31
leaf_value=0.038045851471792728 0.00073777655358565062 0.017217739082581188 0.063602717643167009 0.0041857414906643466 0.016405855135144084 0.025419043725347461 -0.016478071723994247 -0.0076846532448669501 0.038616425185325792 0.035999834507045941 -0.015910424876776609 -0.010749487227133954 0.0277604252205065 0.025598553739847756 -0.0042136781295258755 0.021166642456500375 0.027993876528311892 0.0098121320195462287 0.011873730150462464 0.017095705187857444 0.007848536333285425 0.041084145997600761 0.035338026866771365 0.019316307163720521 0.028563878284981078 0.027600119867738901 0.026333058358609374 0.018733363628477141 0.050900120860883094 0.033840887700034662
leaf_weight=2569.7812427133322 87.132324114441872 1518.4698337465525 123.16282853484154 1749.59022988379 2355.1637791693211 971.84951449930668 105.85956500470638 2980.031367957592 10813.591868177056 1854.1865747869015 63.181891769170761 42.099574118852615 1694.1662649065256 2235.2109192609787 217.04741631448269 252.67970439791679 3020.1962675154209 56.995977863669395 467.56694969534874 143.44979530572891 239.85069201886654 1563.8626627027988 545.98029801249504 568.91891212761402 1585.7443748563528 1219.5545493215322 1489.2643464952707 80.405353173613548 414.15056705474854 6620.0754734873772
leaf_count=7834 336 5404 311 6920 8495 3218 472 12607 31951 5742 276 176 5641 7407 888 852 9944 207 1722 519 901 4578 1684 1951 5136 4020 4959 281 1154 20536
internal_value=0.0277938 0.020321 0.0161335 0.00891935 0.0030334 0.0336344 0.0295249 -0.00329294 0.0367694 0.0299475 0.0220333 0.0204491 0.0227852 0.0311393 0.0146638 0.0343414 0.0268781 0.0467499 0.0258377 0.00281904 0.0233706 0.0321712 0.0353147 0.0271897 0.0271176 0.0263106 0.0300684 0.0374638 0.0457248 0.0327667
internal_weight=47649.2 20906 16099.8 10577.7 7301.83 26743.2 11578 4729.62 15165.2 5522.11 3275.82 1750.81 3212.64 9827.14 2572.21 4806.28 3667.92 180.159 3487.76 249.309 1501.5 4351.64 2678.76 1114.9 1672.88 1261.65 2236.5 747.236 494.556 7591.92
internal_count=156122 73237 58157 40231 28910 82885 37249 19527 45636 17926 11321 6088 11045 31161 9383 15080 12184 518 11666 991 5097 13685 8213 3635 5472 4196 7246 2287 1435 23754
is_linear=0
shrinkage=0.03


Tree=5
num_leaves=31
num_cat=0
split_feature=4 13 13 13 13 18 18 22 3 7 2 39 39 15 1 22 37 13 34 38 38 34 39 39 2 22 34 7 1 4
split_gain=2109.88 1247.96 1641.31 843.193 536.133 260.948 258.542 157.363 153.266 145.637 145.573 145.758 135.292 125.012 112.443 111.899 106.737 102.464 89.7091 78.7632 70.0764 67.6883 83.5699 67.6217 79.497 91.6312 70.8704 67.4019 86.0611 64.8939
threshold=1.0000000180025095e-35 -14.044625759124754 8.0933179855346697 -0.39554665982723231 1.8275560508288979e-13 4110.9528808593759 -16560.822265624996 0.1005675680935383 -0.018112103454768654 0.072311177849769606 0.024232244119048122 -0.5658757984638213 0.038747722283005721 -0.69791865348815907 -0.05678222328424453 0.23397217690944674 1.0000000180025095e-35 35.347728729248054 3.5000000000000004 -0.063991006463766084 -0.10537589341402052 1.5000000000000002 1.9030132293701174 -1.4626398086547849 0.1323753893375397 0.64647549390792858 1.5000000000000002 0.035871386528015144 0.20012279599905017 0.62500000000000011
decision_type=2 2 2 2 2 2 2 2 2 2 2 2 2 2 2 2 2 2 2 2 2 2 2 2 2 2 2 2 2 2
left_child=1 7 3 15 8 6 9 -1 -5 -2 11 29 -13 -12 19 20 -15 -4 -6 -7 -3 22 -19 24 26 -26 -9 -16 -29 -8
right_child=5 2 17 4 18 14 10 23 -10 -11 13 12 -14 16 27 -17 -18 21 -20 -21 -22 -23 -24 -25 25 -27 -28 28 -30 -31
leaf_value=0.021087056597054305 0.025397159162687487 0.030554192815731598 0.024434515149869999 0.0042561469329960118 0.011193234863328648 0.011281060626973097 0.0098221703354621562 0.033659039097694847 -0.006801532778150288 0.00020867226130994305 0.039458056691133496 0.039321943517021125 0.027945757408883009 0.036824926095593971 0.037284117565285331 0.028797983607753128 0.030426755479773332 0.029039879026775572 0.024780515409295455 0.024040214231772217 0.01472730751560395 0.036203276290877447 -0.0021896702805409038 0.03769395845149847 0.045596136096908373 -0.02160283734697593 0.014949889804622325 0.019427524184826735 0.047974677431258932 0.026708816260687811
leaf_weight=849.58949948847294 1072.8484272062778 297.90604317188263 2669.040595754981 1776.4116604626179 2028.6596411317587 574.51179574429989 224.1690126657486 331.92240832746029 3086.7120040506124 256.12179572880268 5548.8616616278887 2171.872283488512 1691.9474372416735 4954.6960975080729 826.00323723256588 1204.4730623662472 4575.9922119677067 1022.1298011094332 558.95648455619812 1848.3632971048355 1661.9631481915712 1812.1812044084072 83.067724630236626 2964.6025618910789 293.66707028448582 18.838798046112061 411.21893794834614 557.26222221553326 114.86526095867157 2661.3427760452032
leaf_count=2911 3481 968 8885 7002 7485 2054 814 1014 13036 996 15887 6281 5379 14548 2458 3878 14122 3238 1898 6087 5964 5484 319 8825 827 80 1423 1880 319 8579
internal_value=0.0266745 0.0195534 0.0155486 0.00861987 0.00310816 0.0322147 0.0334285 0.0328704 -0.0027617 0.0205488 0.0342115 0.030529 0.0343497 0.0358574 0.0250387 0.0215917 0.0337568 0.02871 0.0141379 0.0210219 0.0171489 0.0326108 0.0266901 0.0353539 0.02875 0.0414796 0.0233443 0.0315145 0.0243747 0.0254018
internal_weight=48150.2 21071.3 16201.5 10615.1 7450.74 27078.9 23157.9 4869.84 4863.12 1328.97 21828.9 6749.33 3863.82 15079.5 3921.01 3164.34 9530.69 5586.42 2587.62 2422.88 1959.87 2917.38 1105.2 4020.25 1055.65 312.506 743.141 1498.13 672.127 2885.51
internal_count=156122 73237 58157 40231 29421 82885 70087 15080 20038 4477 65610 21053 11660 44557 12798 10810 28670 17926 9383 8141 6932 9041 3557 12169 3344 907 2437 4657 2199 9393
is_linear=0
shrinkage=0.03


Tree=6
num_leaves=31
num_cat=0
split_feature=4 32 13 13 13 13 10 7 13 13 2 2 18 24 3 2 2 1 32 34 39 39 18 34 18 3 3 32 4 7
split_gain=1932.05 1525.69 1462.96 2186.92 747.21 602.267 329.1 163.037 159.973 145.695 118.071 100.475 84.1806 83.7798 81.415 86.283 82.0001 80.7183 74.672 72.3059 70.1646 91.2314 69.6345 63.6033 75.4644 62.4625 58.1965 55.7327 54.2209 77.7271
threshold=1.0000000180025095e-35 14.500000000000002 -7.9095599651336661 6.8576989173889169 -3.5089076826436135e-12 1.8275560508288979e-13 0.018320652656257156 0.054469127207994468 -44.999517440795891 65.37793350219728 0.022083601914346222 0.49629384279251104 1624.4494628906252 2.5000000000000004 -0.15450781583786008 0.12868209183216098 0.0091508775949478167 -0.1824732422828674 34.500000000000007 1.5000000000000002 2.0327552556991582 -0.79906469583511341 -8996.0292968749982 5.0000000000000009 19713.806640625004 -0.25022707879543299 0.15978239476680758 14.500000000000002 15.47499990463257 0.0058453066740185031
decision_type=2 2 2 2 2 2 2 2 2 2 2 2 2 2 2 2 2 2 2 2 2 2 2 2 2 2 2 2 2 2
left_child=1 2 8 4 25 -6 10 12 -1 13 18 -3 22 -5 15 -10 -16 23 20 -11 21 -2 -8 24 -9 -4 -14 -19 29 -12
right_child=6 11 3 9 5 -7 7 17 14 19 28 -13 26 -15 16 -17 -18 27 -20 -21 -22 -23 -24 -25 -26 -27 -28 -29 -30 -31
leaf_value=0.034759671375340834 0.024257236906243883 0.043780520676117235 0.029407903466375548 0.015632551022029231 -0.011116630476570157 0.0087062095745403054 0.023282846293361682 0.019713790856360016 0.028293847682962281 0.024483379355505201 0.030427985170521518 0.0034543956337652676 0.022726625826843486 0.025405905575617452 0.011204427886686989 0.055515522842277169 0.024694626553838955 0.023041865922210011 0.047808530218524298 0.037156835904332164 0.013150598600576926 0.033511152256748326 0.031997511998070965 -0.0044855939891855004 -0.0088798538004958329 0.014482648035987528 0.031672631367553279 0.051390298012565817 0.031478481581835416 0.037918876219207233
leaf_weight=2484.0664106458426 1648.630901902914 2103.6320601701736 295.95135474205017 1195.8077532351017 3992.5623055249453 2106.2858192175627 992.07693277299404 666.84020970761776 808.09593614935875 641.91659873723984 1554.9673274606466 57.466097101569176 2738.9916630387306 2375.0966026335955 549.89413759112358 121.54433903098106 1582.4137412905693 791.09117892384529 195.71311520040035 1153.9476503580809 247.31015302240849 2360.544795230031 5448.8355014622211 162.20335906744003 94.132833704352379 1757.4994505047798 875.50082072615623 67.919772744178772 2505.3298832327127 7041.355260565877
leaf_count=7390 5319 6008 941 4176 17317 7854 3218 2263 2541 2058 4627 224 8893 7679 1969 305 5161 2615 521 3384 862 6983 16384 647 383 6230 2666 180 7422 19902
internal_value=0.0256212 0.0188255 0.0161157 0.0107912 0.0010002 -0.00426986 0.0308863 0.0271087 0.0290899 0.0256606 0.0337593 0.0427117 0.0285931 0.0221392 0.0244793 0.031912 0.021224 0.0187204 0.029604 0.0326446 0.0287552 0.0297136 0.0306595 0.0125331 0.0161658 0.0166485 0.0249025 0.0253439 0.0354226 0.0365679
internal_weight=48617.6 21226.2 19065.1 13519.1 8152.3 6098.85 27391.4 11837.6 5546.01 5366.77 15553.9 2161.1 10055.4 3570.9 3061.95 929.64 2132.31 1782.19 4452.2 1795.86 4256.49 4009.18 6440.91 923.176 760.973 2053.45 3614.49 859.011 11101.7 8596.32
internal_count=156122 73237 67005 49639 32342 25171 82885 37249 17366 17297 45636 6232 31161 11855 9976 2846 7130 6088 13685 5442 13164 12302 19602 3293 2646 7171 11559 2795 31951 24529
is_linear=0
shrinkage=0.03


Tree=7
num_leaves=31
num_cat=0
split_feature=4 32 24 24 10 22 22 21 0 14 7 20 38 32 22 25 18 22 7 0 25 0 0 38 25 4 3 34 37 38
split_gain=1772.84 1394.48 831.197 324.037 301.787 283.424 281.518 229.064 199.848 158.151 157.484 137.483 117.68 112.128 150.502 108.658 101.305 96.6665 86.3912 82.6722 82.5747 110.257 82.8286 78.9801 78.3629 74.8804 72.2363 94.5165 68.5786 61.5406
threshold=1.0000000180025095e-35 14.500000000000002 2.5000000000000004 1.0000000180025095e-35 0.0090293916873633879 0.073932420462369933 0.235529400408268 1.0000000180025095e-35 -0.48071621358394617 1.0000000180025095e-35 0.03947559371590615 -1.0000000180025095e-35 -0.3176251351833343 14.500000000000002 0.089225936681032195 0.069860659539699568 18420.009765625004 0.59500816464424144 0.0058453066740185031 -0.96524667739868153 0.0025209209416061644 0.1341560781002045 0.7145574986934663 -0.12834093719720838 0.049196451902389533 18.774999618530277 0.29302789270877844 3.5000000000000004 1.0000000180025095e-35 -0.12834093719720838
decision_type=2 2 2 2 2 2 2 2 2 2 2 2 2 2 2 2 2 2 2 2 2 2 2 2 2 2 2 2 2 2
left_child=1 2 3 11 13 24 7 23 -7 -9 28 15 -12 14 -2 -1 19 -13 -16 -14 21 -8 -22 -4 -5 -20 -3 -28 -6 -30
right_child=4 26 6 5 10 8 20 9 -10 -11 12 17 16 -15 18 -17 -18 -19 25 -21 22 -23 -24 -25 -26 -27 27 -29 29 -31
leaf_value=-0.0099479916056527378 0.021309935380813043 0.042250663636890957 0.025686978159469919 -0.0055193690436621413 0.031003390220705071 0.034660151046939147 -0.013003120509164991 0.01803562534454161 0.011536314111711653 0.036636547639473063 0.001375784899986429 -0.028711914043011415 0.0039750415293520981 0.040415430846753378 0.02634941823084894 0.039457473600625008 0.01003721466295969 0.083042416947678749 0.034684033597192597 0.025779397424782278 0.02695478417243383 0.041676674333940088 -0.011449399473356554 0.0047394982184696286 0.0068308448124148628 0.028152749743571428 0.0051902481579391129 0.058447609475816009 0.016701271193278924 0.027091659788814493
leaf_weight=123.74190744757652 1181.6767128556967 2047.2562868744135 180.5999970138073 1111.2333609908819 4354.1188486367464 360.89486837387085 105.19060122966766 4272.603414490819 4865.3376400470734 456.01367363333702 258.39844889938831 329.10309816896915 166.675582036376 1448.834781691432 1775.6539337933064 58.019380763173103 511.93522210419178 6.1611759066581717 9114.4597478210926 2760.1898088008165 4900.0424420833588 47.272229596972466 50.448225826025009 1517.2941851764917 790.34360587596893 1955.7114760875702 106.6673194617033 40.929767534136772 609.0343519449234 3545.6047119647264
leaf_count=527 3719 5740 592 4578 12945 1071 429 14557 17633 1325 1001 1574 616 3956 5404 179 1829 13 25935 8682 15412 131 199 5798 2987 5855 393 99 2028 10915
internal_value=0.0246288 0.0181355 0.0155408 0.00786798 0.0296403 0.00953212 0.020627 0.0164434 0.01314 0.0198374 0.0261053 -0.0150425 0.020919 0.0324262 0.031598 0.00593574 0.0223858 -0.0264084 0.0325425 0.0245405 0.0258908 0.00409231 0.0265606 0.00698319 -0.000383838 0.0335331 0.040784 0.020273 0.0283558 0.0255736
internal_weight=49051.4 21369.2 19174.3 7644.84 27682.3 7127.81 11529.5 6426.51 5226.23 4728.62 12206 517.026 3697.2 15476.3 14027.5 181.761 3438.8 335.264 12845.8 2926.87 5102.95 152.463 4950.49 1697.89 1901.58 11070.2 2194.85 147.597 8508.76 4154.64
internal_count=156122 73237 67005 28562 82885 26269 38443 22272 18704 15882 38016 2293 12128 44869 40913 706 11127 1587 37194 9298 16171 560 15611 6390 7565 31790 6232 492 25888 12943
is_linear=0
shrinkage=0.03


Tree=8
num_leaves=31
num_cat=0
split_feature=5 32 13 13 13 13 13 34 15 22 22 13 18 37 38 2 39 38 18 2 18 34 38 13 39 3 38 38 39 13
split_gain=1631.45 1278.66 1325.93 1828.03 882.387 556.922 214.731 151.817 145.914 142.958 140.731 132.662 101.078 86.3618 136.893 116.002 165.447 108.417 87.6317 86.3079 79.8719 71.2734 69.3296 68.8705 74.1075 68.1685 67.9431 63.96 53.8732 51.4437
threshold=1.0000000180025095e-35 14.500000000000002 -11.865643501281737 6.8576989173889169 -3.5089076826436135e-12 1.8275560508288979e-13 -957.35269165039051 5.0000000000000009 -0.76984199881553639 0.1005675680935383 0.10165798291563989 35.347728729248054 -23391.478515624996 1.0000000180025095e-35 0.25004103779792791 0.026335185393691066 -0.65085834264755238 -0.25075136125087732 9159.1801757812518 0.49629384279251104 -270.36585998535151 1.5000000000000002 -0.16974265873432157 -51.661432266235344 2.5510843992233281 -1.8088188171386717 0.38996547460556036 -0.080120008438825593 -1.8919463753700254 -148.03972625732419
decision_type=2 2 2 2 2 2 2 2 2 2 2 2 2 2 2 2 2 2 2 2 2 2 2 2 2 2 2 2 2 2
left_child=1 2 9 4 10 -6 7 26 12 29 -4 27 28 15 17 16 -10 -15 -16 -3 -14 -13 -17 25 -25 -11 -2 -5 -8 -1
right_child=6 19 3 11 5 -7 8 -9 13 23 -12 21 20 14 18 22 -18 -19 -20 -21 -22 -23 -24 24 -26 -27 -28 -29 -30 -31
leaf_value=0.039300238763160258 0.022691886058876128 0.039967621056154985 0.0052241073073900661 0.029019662083846164 -0.01106124309301125 0.0079487851286116368 -0.014676975519205148 -0.0085268308247807463 0.011539396251148882 0.013792677312503677 0.020530439008975495 0.022251579794906225 0.034545139909800113 0.0067685627879738326 0.04303359504359109 0.039078166729017164 0.029406901976657494 0.024981951538214218 0.017301450549109247 0.0027727949971618026 0.027303919198534633 0.032188649277028317 0.03042064477911274 0.028183561067700355 0.0041641205254310271 0.036146047889550587 -0.008330781811674964 0.016870939749655041 0.02061738917513627 0.014823515987404088
leaf_weight=85.336663261055946 2034.5238426625729 2167.9051893502474 754.74047507345676 479.91669020056725 3987.8910737484694 2125.2925304025412 44.806368932127953 160.03749664127827 688.53389319777489 133.82161939144135 1917.334007114172 1052.4667752385139 6653.5921502560377 307.76309821009636 589.28789886832237 1006.0455552637577 1461.6859834492207 7373.1687890291214 152.15918849408627 57.976537123322487 1764.8074539005756 1762.8921582996845 5388.6595040559769 2066.7445810437202 123.16598466038704 1835.0646586418152 64.962820798158646 2156.7882112264633 263.26715238392353 801.15649698674679
leaf_count=247 6396 6008 2827 1488 17317 7854 177 636 2341 445 6333 3346 18615 1093 1581 2742 4322 22529 503 224 5226 5189 15638 6289 451 5176 249 7274 837 2769
internal_value=0.0236884 0.0174752 0.0149882 0.0103035 0.00183408 -0.00445156 0.0284682 0.0195801 0.0292489 0.0282026 0.0162118 0.0239476 0.0324122 0.02762 0.0254497 0.0297556 0.0236949 0.0242535 0.0377873 0.0390019 0.0330309 0.0284842 0.0317891 0.0305372 0.0268365 0.034636 0.021727 0.0190935 0.0154436 0.0172247
internal_weight=49461.8 21508.5 19282.6 14237.3 8785.26 6113.18 27953.3 2259.52 25693.8 5045.29 2672.07 5452.06 8726.47 16967.3 8422.38 8544.92 2150.22 7680.93 741.447 2225.88 8418.4 2815.36 6394.71 4158.8 2189.91 1968.89 2099.49 2636.7 308.074 886.493
internal_count=156122 73237 67005 51628 34331 25171 82885 7281 75604 15377 9160 17297 24855 50749 25706 25043 6663 23622 2084 6232 23841 8535 18380 12361 6740 5621 6645 8762 1014 3016
is_linear=0
shrinkage=0.03


Tree=9
num_leaves=31
num_cat=0
split_feature=4 32 24 24 10 22 22 21 39 21 22 7 34 22 18 38 39 1 38 38 25 32 7 4 3 34 39 22 34 37
split_gain=1502.54 1174.87 734.899 293.861 263.944 252.593 246.355 202.498 186.117 180.752 152.213 136.961 102.084 101.195 94.9151 116.146 87.6976 104.066 78.1012 73.3704 72.1485 72.1105 81.138 74.6616 62.3756 84.4132 73.0146 60.5793 57.777 57.6454
threshold=1.0000000180025095e-35 14.500000000000002 2.5000000000000004 1.0000000180025095e-35 0.018320652656257156 0.073932420462369933 0.235529400408268 1.0000000180025095e-35 -1.2734763026237486 0.97499999403953563 0.050007151439785964 0.036802729591727264 3.5000000000000004 0.078663032501935973 18420.009765625004 -0.3176251351833343 2.0029824972152714 -0.47186537086963648 0.25897155702114111 -0.10537589341402052 0.049196451902389533 14.500000000000002 0.0058453066740185031 15.47499990463257 0.29302789270877844 3.5000000000000004 1.4433854818344118 1.058166563510895 1.0000000180025095e-35 1.0000000180025095e-35
decision_type=2 2 2 2 2 2 2 2 2 2 2 2 2 2 2 2 2 2 2 2 2 2 2 2 2 2 2 2 2 2
left_child=1 2 3 8 13 20 7 19 -1 -7 -9 29 -10 -2 15 -13 18 -18 -8 -4 -5 22 -15 -24 -3 26 28 -17 -26 -6
right_child=4 24 6 5 11 9 16 10 12 -11 -12 14 -14 21 -16 27 17 -19 -20 -21 -22 -23 23 -25 25 -27 -28 -29 -30 -31
leaf_value=0.027167452878165653 0.020613543119786661 0.038684285645138872 0.021664674509245384 -0.0054734493687248345 0.02876854349994511 0.016284566792347716 0.024597969755855504 -0.010270125137087383 -0.030333908029805689 0.0046391864688733664 0.019464204636882199 0.00039409638038094276 0.0043147794254457042 0.024044988153816341 0.0085349467925763308 0.024019180227264268 -0.03063500128033023 0.016152709652326354 0.051096238690996811 0.0038908089285592798 0.0063611864656140313 0.037152460929945758 0.032136077974146908 0.026512757642617055 0.055071504025482977 0.05386866608399369 -0.042577638748781163 0.0086345817842688778 0.0010768166149290727 0.023639081696857019
leaf_weight=79.844193875789642 1002.4450958818197 2104.2587386965752 243.12355691194534 1109.9153177142143 4178.2982070446014 3429.5645380169153 4709.2438415586948 159.58563086390495 333.98958060145378 1847.392212241888 4631.2769692242146 221.33695311844349 98.704149007797241 1895.7268729805946 602.00288891792297 3061.0832130610943 48.271889194846153 325.02441017329693 102.44763095676899 1465.2059701234102 794.61548002064228 1359.3207974135876 8935.739152058959 2848.8155733495951 24.304629266262054 42.245343878865242 22.607700631022453 251.35253670811653 60.972070753574371 3849.6123409867287
leaf_count=259 3082 5740 807 4578 12175 11772 14594 640 1642 6932 15242 852 392 5674 2130 9434 222 1101 254 5583 2987 3637 24909 8334 59 99 103 872 231 11786
internal_value=0.0228009 0.0168511 0.0144648 0.00726337 0.0273633 0.00883034 0.0192057 0.0153089 -0.0146611 0.0122099 0.0184712 0.0240232 -0.0224314 0.029894 0.0195734 0.0214501 0.0240857 0.0100288 0.0251733 0.00643327 -0.000533437 0.030511 0.0298482 0.0307793 0.0373466 0.0184458 0.00418 0.0228556 0.0169605 0.0263124
internal_weight=49838.3 21632.6 19378.2 7694.03 28205.7 7181.49 11684.2 6499.19 512.538 5276.96 4790.86 12163.7 432.694 16042 4135.78 3533.77 5184.99 373.296 4811.69 1708.33 1904.53 15039.6 13680.3 11784.6 2254.39 150.13 107.884 3312.44 85.2767 8027.91
internal_count=156122 73237 67005 28562 82885 26269 38443 22272 2293 18704 15882 37249 2034 45636 13288 11158 16171 1323 14848 6390 7565 42554 38917 33243 6232 492 393 10306 290 23961
is_linear=0
shrinkage=0.03


Tree=10
num_leaves=31
num_cat=0
split_feature=4 13 13 13 13 18 18 0 7 2 39 39 15 37 2 13 0 38 14 38 4 2 3 3 38 13 3 0 3 39
split_gain=1387.91 945.67 1247.04 651.91 441.734 196.637 207.881 158.505 149.963 104.447 105.524 112.571 103.318 90.2441 82.7294 81.0883 80.4108 77.7524 71.9376 64.506 64.3038 61.8946 102.305 93.9452 60.3833 58.9793 63.6561 85.0334 56.247 52.8074
threshold=1.0000000180025095e-35 -14.044625759124754 8.0933179855346697 -3.5089076826436135e-12 1.8275560508288979e-13 4290.4055175781259 -9449.0605468749982 -0.0012397387181408701 0.072311177849769606 0.024232244119048122 -1.2241957187652586 0.038747722283005721 -0.69791865348815907 1.0000000180025095e-35 0.49629384279251104 78.52378082275392 0.085054349154233946 -0.15239354968070981 1.0000000180025095e-35 0.46719513833522802 0.62500000000000011 0.037292147055268295 -0.0075978669337928286 -0.2452578470110893 0.30104650557041174 -61.711072921752923 -0.15080530196428296 0.014207940082997085 -1.1692110896110532 -3.1676408052444454
decision_type=2 2 2 2 2 2 2 2 2 2 2 2 2 2 2 2 2 2 2 2 2 2 2 2 2 2 2 2 2 2
left_child=1 25 3 21 7 6 8 -5 -2 10 20 -12 -11 -14 -6 18 -7 -10 24 -18 -8 23 -23 -3 -4 -1 27 -27 -17 -28
right_child=5 2 15 4 14 16 9 -9 17 12 11 -13 13 -15 -16 28 19 -19 -20 -21 -22 22 -24 -25 -26 26 29 -29 -30 -31
leaf_value=0.031392876405252325 0.021980796708294933 0.026246650976572361 0.019452417946831928 0.0026679093676261374 0.012644147619023724 0.016935925746196373 0.0047030946978891845 -0.008418675807545373 -0.020921880303869784 0.032906340713415722 0.032134764898918519 0.022165338137947431 0.030497401993453077 0.02471624237037319 -0.013959477160183335 0.013525094156780743 0.027134872776304837 0.0097841570763664027 0.030891438054929558 -0.0052713302754410392 0.021753172132993083 0.031333746236381917 0.01630265332879529 0.009109628121144641 0.049222822022145479 0.027115184452292902 -0.013994417690808399 0.051168361414973627 0.031468210409039063 0.022266902895486669
leaf_weight=2132.8355715274811 1907.2087881714106 378.74986918270588 3435.8049756288528 2014.7622352093458 2552.1949669122696 2562.6186363846064 218.51066334545612 2734.4626073390245 104.13571313023567 5495.3933627605438 2495.1941168755293 1749.5715279132128 5153.6496963351965 4698.013423755765 108.82066169381142 178.73115321993828 1376.2308848202229 251.32913234829903 652.1210425645113 57.123787641525269 2371.1141362339258 615.2542817145586 1224.983084321022 1204.295898348093 62.040065839886665 857.93448801338673 36.108007818460464 158.11694899201393 1498.864032715559 1909.2052174955606
leaf_count=6066 5823 1159 11002 7935 8925 8235 769 11592 454 14857 6892 5303 14335 13816 458 571 4048 853 1899 212 7288 1827 4090 4245 158 2530 142 377 4296 5965
internal_value=0.0219569 0.0162515 0.0127912 0.00677013 0.00176702 0.0263204 0.0273304 -0.00371521 0.0186481 0.0282151 0.0251133 0.0280325 0.0295945 0.0277436 0.0115502 0.0239809 0.0201357 0.000746753 0.0217152 0.0258385 0.020318 0.0175956 0.021344 0.0132256 0.0199952 0.0275632 0.0247944 0.0309079 0.0295675 0.0215855
internal_weight=50195.4 21755.3 16661.1 10833.5 7410.24 28440.1 24444.1 4749.22 2262.67 22181.4 6834.39 4244.77 15347.1 9851.66 2661.02 5827.56 3995.97 355.465 4149.97 1433.35 2589.62 3423.28 1840.24 1583.05 3497.85 5094.2 2961.36 1016.05 1677.6 1945.31
internal_count=156122 73237 58157 40231 28910 82885 70390 19527 7130 63260 20252 12195 43008 28151 9383 17926 12495 1307 13059 4260 8057 11321 5917 5404 11160 15080 9014 2907 4867 6107
is_linear=0
shrinkage=0.03


Tree=11
num_leaves=31
num_cat=0
split_feature=5 13 13 13 13 10 0 2 22 22 13 22 38 2 13 18 18 34 22 0 39 39 38 3 39 34 22 0 38 14
split_gain=1283.74 874.46 1156.91 608.448 397.199 236.742 144.812 116.784 112.899 88.4689 87.2334 78.8464 78.6635 78.1956 68.7027 65.1924 74.2991 64.1946 64.16 61.6306 65.6395 61.4617 72.6874 61.3441 62.2047 59.4101 58.9145 54.0644 53.2236 51.1446
threshold=1.0000000180025095e-35 -14.044625759124754 8.0933179855346697 -0.39554665982723231 1.8275560508288979e-13 0.1154172644019127 -0.0012397387181408701 0.022083601914346222 0.1005675680935383 0.40756055712699896 -688.99362182617176 0.058220172300934799 -0.24041680246591565 0.421768069267273 35.347728729248054 -23391.478515624996 -359.85437011718744 5.0000000000000009 0.016061432659626011 -0.15703601390123365 1.4689654707908633 -1.4626398086547849 0.10925983637571336 -1.8088188171386717 2.5919841527938847 1.0000000180025095e-35 0.032162964344024665 -0.87288784980773915 -0.24041680246591565 1.0000000180025095e-35
decision_type=2 2 2 2 2 2 2 2 2 2 2 2 2 2 2 2 2 2 2 2 2 2 2 2 2 2 2 2 2 2
left_child=1 8 3 9 6 7 -5 12 25 26 17 18 -2 -6 29 -9 -17 -7 -4 -14 -21 22 -10 -23 -25 -1 -3 -12 -18 -13
right_child=5 2 11 4 13 10 -8 15 21 -11 27 14 19 -15 -16 16 28 -19 -20 20 -22 23 -24 24 -26 -27 -28 -29 -30 -31
leaf_value=0.031081446840943851 0.0085813414089477517 -0.0087038943624597447 0.070195774904538641 0.0028064756654813212 0.012700623321901078 0.016967336942033687 -0.0076460580267680728 0.01671864477456303 0.019195363750982578 0.028475741621217986 0.0089245486487045528 0.018531413352033788 0.027649033304310327 -0.0058573628876000886 0.027072546732835143 0.031984297742207193 0.036949515735734545 -0.0055693668835670902 0.005691902878733987 0.022948082160256917 0.0086153065338990236 0.01459698960547455 0.040797710893658162 0.032865727891125046 0.013568335806369012 0.012492991809668388 0.015926714663841893 0.023279228135125639 0.02666972977766666 0.0302232086972445
leaf_weight=200.54067893326283 300.18757693469524 89.594543233513832 13.561187997460364 2065.3158216178417 2450.2133540511131 1565.915843591094 2820.6732804179192 394.91090194880962 949.79409235715866 534.9332210123539 245.76477684080601 2203.5888256430626 2620.5716198980808 222.12763224542141 2944.2980155050755 5187.7672464102507 491.91817627847195 121.98422968387604 309.26972161233425 2100.7823042273521 335.85772244632244 202.34316475689411 165.3094497025013 2771.8788157403469 161.56971482932568 686.3384025990963 2675.0589083135128 7950.8770507723093 7340.7114012390375 401.9041875898838
leaf_count=598 1010 356 28 8101 8495 4950 11937 1244 2923 1578 834 7059 7468 888 8589 13903 1278 473 1091 6238 1115 641 421 7650 534 2313 8876 23680 20692 1159
internal_value=0.0211566 0.0156808 0.0123547 0.00655155 0.00185815 0.0253344 -0.00322747 0.0273157 0.0265066 0.017298 0.0215689 0.0230808 0.023554 0.0111553 0.0239198 0.0288158 0.0291812 0.0153345 0.00861919 0.0244402 0.0209781 0.0285413 0.0224342 0.0307042 0.0318089 0.0167299 0.0151246 0.0228503 0.0273204 0.020347
internal_weight=50525.6 21868.3 16730.5 10857.9 7558.33 28657.2 4885.99 18772.7 5137.77 3299.59 9884.54 5872.62 5357.4 2672.34 5549.79 13415.3 13020.4 1687.9 322.831 5057.21 2436.64 4250.9 1115.1 3135.79 2933.45 886.879 2764.65 8196.64 7832.63 2605.49
internal_count=156122 73237 58157 40231 29421 82885 20038 52948 15080 10810 29937 17926 15831 9383 16807 37117 35873 5423 1119 14821 7353 12169 3344 8825 8184 2911 9232 24514 21970 8218
is_linear=0
shrinkage=0.03


Tree=12
num_leaves=31
num_cat=0
split_feature=5 32 24 24 0 14 10 22 39 22 22 2 0 34 7 39 2 38 18 38 18 18 0 39 18 37 32 37 38 1
split_gain=1188.87 1109.97 631.104 258.814 231.487 222.518 219.297 194.279 170.812 129.314 127.896 108.094 102.648 96.2609 93.6015 78.4791 73.6997 72.8285 61.4288 67.873 60.253 68.5076 56.8395 60.8158 53.4457 50.8101 48.8218 48.7236 62.8138 48.7046
threshold=1.0000000180025095e-35 14.500000000000002 2.5000000000000004 1.0000000180025095e-35 -0.1606313809752464 1.0000000180025095e-35 0.1154172644019127 0.22801489382982257 -1.2734763026237486 0.050007151439785964 0.03792735934257508 0.022083601914346222 -0.19321370124816892 3.5000000000000004 0.036195222288370139 2.4028302431106572 0.49629384279251104 -0.24041680246591565 18420.009765625004 -0.3176251351833343 -23391.478515624996 -359.85437011718744 -0.15703601390123365 1.4689654707908633 -4820.1958007812491 1.0000000180025095e-35 34.500000000000007 1.0000000180025095e-35 -0.12834093719720838 -0.81043168902397145
decision_type=2 2 2 2 2 2 2 2 2 2 2 2 2 2 2 2 2 2 2 2 2 2 2 2 2 2 2 2 2 2
left_child=1 2 3 8 12 7 11 9 -1 -4 -6 17 -5 -10 27 -9 -3 29 19 24 -13 -22 -19 -24 -16 -23 -21 -8 -29 -2
right_child=6 16 5 4 10 -7 14 15 13 -11 -12 20 -14 -15 18 -17 -18 22 -20 26 21 25 23 -25 -26 -27 -28 28 -30 -31
leaf_value=0.025162129562633164 -0.014220941026351339 0.035749894591414338 -0.0099921526522746707 0.016398171252263071 -0.0080062341367859897 0.029043388487917429 0.025286224522307169 0.02108096833724692 -0.029841943658800052 0.01296296278566784 0.0066768780897901291 0.016134484024157424 0.04351404206723386 0.0037977981834557573 -0.022823817899511215 0.0033231149498489645 0.0016306256306706872 0.026607780324527944 0.0067367069240007382 0.018829370574283882 0.030765801798965445 0.028563440181723014 0.022109700775425126 0.0083350447558493985 0.012980906386852282 0.023692396551477028 0.046192183124772621 0.0094509032389420745 0.021786030569000355 0.014715059265712436
leaf_weight=81.287681505084038 66.340899378061295 2236.0188817381859 229.11500750482082 1064.0212533921003 590.56784249842167 1271.235299050808 3489.3908215761185 4580.4996317327023 328.71205899119377 5581.1482432335615 5474.3784486055374 396.93725802004337 142.32980543375015 99.238843813538551 60.208858802914619 236.35371577739716 58.757169052958488 2641.1462353467941 486.40086118876934 2551.5155268907547 5230.7975527495146 4225.3000629991293 2114.846834808588 336.75591820478439 95.930432990193367 3664.9190382957458 59.76105260848999 432.63431836664677 2772.2408203631639 234.66729462146759
leaf_count=259 260 6008 940 3500 2459 3630 9981 14074 1642 18942 19919 1244 391 392 267 857 224 7468 1694 7851 13903 11520 6238 1115 326 10450 146 1423 8249 750
internal_value=0.0203956 0.0151361 0.0128321 0.00618662 0.00763534 0.0171765 0.0243994 0.0157541 -0.0144678 0.0120557 0.00524555 0.0262987 0.0196333 -0.0220435 0.0207862 0.0202111 0.0348787 0.0226913 0.0165968 0.0183257 0.027736 0.0280855 0.0235394 0.020223 -0.000864042 0.0263046 0.0194742 0.0228193 0.0201253 0.00830179
internal_weight=50833.5 21973.7 19678.9 7780.54 7271.3 11898.4 28859.8 10627.1 509.239 5810.26 6064.95 18911.7 1206.35 427.951 9948.08 4816.85 2294.78 5393.76 3253.82 2767.42 13518 13121 5092.75 2451.6 156.139 7890.22 2611.28 6694.27 3204.88 301.008
internal_count=156122 73237 67005 28562 26269 38443 82885 34813 2293 19882 22378 52948 3891 2034 29937 14931 6232 15831 10284 8590 37117 35873 14821 7353 593 21970 7997 19653 9672 1010
is_linear=0
shrinkage=0.03


Tree=13
num_leaves=31
num_cat=0
split_feature=4 32 13 13 13 13 10 7 13 13 32 7 4 38 2 2 18 3 18 2 3 38 21 39 38 3 37 2 2 32
split_gain=1103.62 1026.35 1045.25 1568.63 553.752 456.998 205.336 121.286 115.982 107.333 94.75 95.5809 81.7985 81.2561 81.0747 67.931 67.1608 67.0703 58.3411 57.6978 106.502 54.4126 63.1402 54.4181 51.6973 51.3029 50.8296 50.544 50.4743 50.3491
threshold=1.0000000180025095e-35 14.500000000000002 -7.9095599651336661 6.8576989173889169 -3.5089076826436135e-12 1.8275560508288979e-13 0.0090293916873633879 0.055130440741777427 -44.999517440795891 65.37793350219728 14.500000000000002 0.0058453066740185031 15.47499990463257 -0.17337249219417569 0.12538391351699832 0.49629384279251104 1624.4494628906252 -1.2946957349777219 -6884.7631835937491 0.0072633591480553159 -0.076420474797487245 -0.22426143288612363 0.075000001117587103 -3.8140647411346431 0.00096289673820137988 -0.22092434018850324 1.0000000180025095e-35 0.50912687182426464 0.022083601914346222 2.5000000000000004
decision_type=2 2 2 2 2 2 2 2 2 2 2 2 2 2 2 2 2 2 2 2 2 2 2 2 2 2 2 2 2 2
left_child=1 2 8 4 -4 -6 10 16 -1 13 11 24 28 -5 21 -3 18 -11 -8 25 -21 22 -9 -23 26 -10 -2 -20 -13 -18
right_child=6 15 3 9 5 -7 7 14 19 17 -12 12 -14 -15 -16 -17 29 -19 27 20 -22 23 -24 -25 -26 -27 -28 -29 -30 -31
leaf_value=0.027737185565842416 0.028044246915974784 0.034326454382456364 0.012778398586386379 0.034679817403750236 -0.010987525219384576 0.006121383943344957 0.018012128431425804 0.018161724803371453 0.021502305657919246 0.0078387862563125601 0.032892932802640551 0.023898256224729193 0.021815626829490318 0.016046882667174665 0.020199501482570496 0.0015815260112737627 0.017361661251688313 0.027722984880588233 0.025619526328689288 0.032053668983095814 0.017519639406587479 -0.017626052199209895 -0.019174243405090937 0.013139771766030156 0.01357287703071273 0.00824779893311052 0.015985766705708896 0.012224375802531448 0.028824582195869367 0.027479113119422017
leaf_weight=2626.073041677475 759.44602112472057 2258.5656654834747 2135.6631405949593 224.35417419672012 3979.937105551362 2170.5680206418037 1357.6600085049868 59.459507673978806 441.45502457022667 168.98905467987061 1527.5682385414839 2664.8413453996181 3153.4938380867243 3515.8916800171137 878.94621503353119 58.794351413846016 3392.0323721915483 1727.447313606739 5376.8258208930492 666.05350603163242 1447.3022388517857 54.647402942180634 124.19716535508633 748.44966281950474 885.6750689893961 655.61569413542747 549.09858247637749 269.82017314434052 6730.7203934937716 514.07959152758121
leaf_count=7390 2076 6008 7171 614 17317 7854 4127 209 1320 545 3956 7573 9013 11241 2697 224 10366 4897 15152 1841 4569 216 530 2421 2711 2246 1646 840 17894 1458
internal_value=0.0196695 0.014612 0.0123953 0.00792655 -0.000378719 -0.00494914 0.0235127 0.0206601 0.0230517 0.0201341 0.025751 0.0250087 0.0260215 0.0171743 0.0135741 0.033498 0.0218702 0.0259578 0.0236344 0.0192107 0.0221147 0.00765499 -0.00703745 0.0110232 0.0192056 0.0135988 0.0230026 0.0249823 0.0274304 0.0187007
internal_weight=51123.7 22076.7 19759.3 13922.9 8286.17 6150.51 29047 12776.1 5836.5 5636.68 16270.8 14743.3 12549.1 3740.25 1865.7 2317.36 10910.4 1896.44 7004.31 3210.43 2113.36 986.754 183.657 803.097 2194.22 1097.07 1308.54 5646.65 9395.56 3906.11
internal_count=156122 73237 67005 49639 32342 25171 82885 38016 17366 17297 44869 40913 34480 11855 6073 6232 31943 5442 20119 9976 6410 3376 739 2637 6433 3566 3722 15992 25467 11824
is_linear=0
shrinkage=0.03


Tree=14
num_leaves=31
num_cat=0
split_feature=4 32 13 13 13 13 10 22 22 13 2 13 38 34 2 38 34 22 18 18 0 18 13 39 39 21 0 13 1 13
split_gain=1024.19 950.192 971.482 1346.54 669.348 434.224 192.372 111.405 104.05 100.69 96.2169 75.6228 66.151 62.8352 62.7375 56.489 55.7796 55.4241 55.8435 59.3071 52.5714 57.5684 52.4845 60.308 49.3641 48.1458 47.7596 47.9514 45.468 42.8156
threshold=1.0000000180025095e-35 14.500000000000002 -11.865643501281737 6.8576989173889169 -3.5089076826436135e-12 0.26420179009437567 0.1154172644019127 0.10165798291563989 0.1005675680935383 35.347728729248054 0.022083601914346222 -688.99362182617176 -0.24041680246591565 1.5000000000000002 0.49629384279251104 0.32185205817222601 5.0000000000000009 0.042702540755271919 -23391.478515624996 -270.36585998535151 -0.15703601390123365 -390.09677124023432 -51.661432266235344 2.5510843992233281 -1.745741546154022 0.57500001788139354 -0.87288784980773915 221.72094726562503 -0.81043168902397145 -148.03972625732419
decision_type=2 2 2 2 2 2 2 2 2 2 2 2 2 2 2 2 2 2 2 2 2 2 2 2 2 2 2 2 2 2
left_child=1 2 8 4 7 -6 10 -4 29 15 12 16 28 -11 -3 -5 -8 -12 -19 -20 -14 -22 24 -24 -10 -18 27 -13 -2 -1
right_child=6 14 3 9 5 -7 11 -9 22 13 17 26 20 -15 -16 -17 25 18 19 -21 21 -23 23 -25 -26 -27 -28 -29 -30 -31
leaf_value=0.03346990781635633 -0.014365961979683612 0.032991612208998947 0.0032961280679415068 0.014678258491267618 -0.0098413785877293856 0.0078475803638126517 0.015044795617051066 0.016733656399185899 0.01845351764285744 0.01754893191770928 0.0023408749542592408 0.015611901707212395 0.024785442608752119 0.026672181873548344 0.001533934954279684 0.04811703126629726 0.010985560436411343 0.014836003354018332 0.02872444371072682 0.024598025656801723 0.023793983210732644 0.014563211083729041 0.022987667108087625 0.0016552011564633818 0.030648271124513276 -0.026536667494506283 0.020883315421069783 -0.013642970053931029 0.013543238166299905 0.011648481176356992
leaf_weight=89.39208410680294 66.43572710454464 2279.1651404350996 772.16840042173862 2688.0912134200335 4391.9592146426439 1744.0952544957399 1591.8921449035406 1986.6178759932518 371.62888354063034 1096.3528563082218 90.658456593751907 180.30246724188328 2675.8694521039724 1840.568198621273 58.830374017357826 45.549961447715759 67.418693780899048 401.30512660741806 5359.4682018756866 7844.2738300412893 1105.6389677226543 1375.6213624030352 2156.0644724369049 126.7452869862318 1689.9584377557039 54.939200565218925 8101.067999586463 68.878064692020416 237.0378569662571 827.30685721337795
leaf_count=247 260 6008 2827 8651 18958 6213 4950 6333 1100 3346 292 571 7468 5189 224 111 236 1244 14049 21532 3118 4235 6289 451 4521 237 23680 263 750 2769
internal_value=0.0189806 0.014116 0.0119815 0.00798911 0.000705226 -0.00481257 0.0226697 0.0129762 0.0230303 0.0194119 0.0244365 0.0193046 0.0210539 0.0232746 0.0322023 0.0152539 0.0135443 0.0257833 0.0259392 0.0262752 0.0218554 0.0186855 0.0249707 0.0218058 0.0284615 -0.0059163 0.020485 0.00749112 0.00739645 0.0138138
internal_weight=51385.3 22164.5 19826.5 14565.4 8894.84 6136.05 29220.8 2758.79 5261.1 5670.56 19156.3 10064.5 5460.6 2936.92 2338 2733.64 1714.25 13695.7 13605 13203.7 5157.13 2481.26 4344.4 2282.81 2061.59 122.358 8350.25 249.181 303.474 916.699
internal_count=156122 73237 67005 51628 34331 25171 82885 9160 15377 17297 52948 29937 15831 8535 6232 8762 5423 37117 36825 35581 14821 7353 12361 6740 5621 473 24514 834 1010 3016
is_linear=0
shrinkage=0.03


Tree=15
num_leaves=31
num_cat=0
split_feature=4 32 13 13 13 13 10 22 7 1 13 32 22 38 7 4 13 0 3 18 38 32 34 3 18 3 3 22 3 34
split_gain=951.264 881.047 904.04 1366.56 490.091 428.188 180.296 129.465 110.597 102.443 94.1715 87.6199 118.059 74.8217 65.7193 64.0481 61.559 63.3852 61.3775 61.3349 59.9033 70.6633 64.3593 55.3171 53.8079 53.2313 61.0739 50.3352 49.4383 72.1495
threshold=1.0000000180025095e-35 14.500000000000002 -7.9095599651336661 6.8576989173889169 -1.0234313938851934e-12 1.8275560508288979e-13 0.0090293916873633879 0.10165798291563989 0.055130440741777427 0.23815064877271655 65.37793350219728 14.500000000000002 0.089225936681032195 -0.18256309628486631 0.0086450451053679007 18.774999618530277 -44.999517440795891 0.019087082706391815 -1.2946957349777219 1624.4494628906252 -0.22426143288612363 19.500000000000004 1.0000000180025095e-35 -1.8088188171386717 -10433.292968749998 0.37571817636489874 0.18633116781711581 1.1609911918640139 0.29302789270877844 3.5000000000000004
decision_type=2 2 2 2 2 2 2 2 2 2 2 2 2 2 2 2 2 2 2 2 2 2 2 2 2 2 2 2 2 2
left_child=1 2 7 4 9 -6 11 25 19 -4 13 12 -2 -5 -14 -16 23 -18 -12 24 22 27 -10 -9 -8 26 -1 -22 -3 -30
right_child=6 28 3 10 5 -7 8 16 20 -11 18 -13 14 -15 15 -17 17 -19 -20 -21 21 -23 -24 -25 -26 -27 -28 -29 29 -31
leaf_value=0.011250445805049978 0.014392324668834368 0.032140134920839933 0.013115547935853919 0.033310039487666081 -0.010863181397403218 0.0057846857623065689 0.015438933894980739 0.0092188898574621699 0.032167787671782223 -0.014485504437129652 0.0068780182857445119 0.030773196567897992 0.020051919785011096 0.014926888575319141 0.026284469967793895 0.02037580925941446 0.016626817830240424 0.026445562005406736 0.025811734226682929 0.01734392583289273 0.014714375331178732 0.040577810415675514 -0.0074558155204056701 0.028363162568639664 0.023078504841149015 -0.019913713752766227 0.038099637979153902 -0.005139154719064544 0.001382547602567984 0.046378298421927908
leaf_weight=958.84925527870655 1250.4208913147449 2201.6727168411016 2131.0652727037668 211.20852993428707 3838.4803461283445 2178.8718842118979 973.24754747748375 146.89915572106838 43.315882176160812 127.402228936553 170.38555185496807 1547.5082241296768 2941.0067635923624 3568.9007650017738 8651.2865271270275 2073.8290465772152 1598.048459649086 952.3443675339222 1751.7953652739525 3948.3969157785177 1408.365740865469 88.563086479902267 219.1668389737606 2127.6461899578571 6112.7520831674337 44.07901993393898 82.254949897527695 124.41566173732281 110.90316654741764 44.243169188499451
leaf_count=3201 3719 5740 7062 566 16898 7854 2974 463 131 528 545 3956 8325 11289 23020 5849 4877 2711 4897 11824 4399 220 866 5713 17145 176 225 457 393 99
internal_value=0.0183233 0.0136416 0.011585 0.00742471 -0.000361596 -0.00483456 0.021867 0.0214211 0.0192083 0.0115515 0.0187237 0.0239517 0.0232418 0.0159634 0.0240501 0.0251442 0.0235284 0.0203033 0.0241394 0.0203565 0.0124742 0.0146255 -0.000808324 0.0271327 0.022032 0.0120357 0.0134091 0.0130986 0.0309834 0.0144481
internal_weight=51627.3 22245.1 19888.2 13978.1 8275.82 6017.35 29382.3 5910.12 12918.2 2258.47 5702.29 16464.1 14916.5 3780.11 13666.1 10725.1 4824.94 2550.39 1922.18 11034.4 1883.83 1621.34 262.483 2274.55 7086 1085.18 1041.1 1532.78 2356.82 155.146
internal_count=156122 73237 67005 49639 32342 24752 82885 17366 38016 7590 17297 44869 40913 11855 37194 28869 13764 7588 5442 31943 6073 5076 997 6176 20119 3602 3426 4856 6232 492
is_linear=0
shrinkage=0.03


Tree=16
num_leaves=31
num_cat=0
split_feature=4 32 24 24 14 22 10 22 39 21 22 25 34 2 7 39 39 3 2 18 4 4 18 7 7 39 34 7 22 34
split_gain=884.45 818.229 519.141 220.152 190.312 186.597 169.889 159.549 153.611 142.999 110.725 94.77 90.6185 89.4503 76.449 63.4201 71.4591 62.5445 55.3465 55.0943 51.1826 49.5643 48.4884 47.6003 45.8927 44.8114 56.6246 44.5109 41.4669 69.7755
threshold=1.0000000180025095e-35 14.500000000000002 2.5000000000000004 1.0000000180025095e-35 1.0000000180025095e-35 0.073932420462369933 0.1154172644019127 0.22801489382982257 -1.2734763026237486 0.97499999403953563 0.050007151439785964 0.0025209209416061644 3.5000000000000004 0.022083601914346222 0.036195222288370139 -0.89276888966560353 1.4689654707908633 0.41319654881954199 0.49629384279251104 18420.009765625004 15.325000286102297 0.37500000000000006 -7199.4863281249991 0.10682213678956033 0.0041290442459285268 0.72258988022804271 1.0000000180025095e-35 0.069321893155574812 0.23251839727163318 5.0000000000000009
decision_type=2 2 2 2 2 2 2 2 2 2 2 2 2 2 2 2 2 2 2 2 2 2 2 2 2 2 2 2 2 2
left_child=1 2 3 8 7 17 13 10 -1 -7 -4 -9 -10 15 -8 21 -17 -5 28 22 24 -2 23 -16 -15 -6 -27 -23 -3 -30
right_child=6 18 4 5 25 9 14 11 12 -11 -12 -13 -14 20 19 16 -18 -19 -20 -21 -22 27 -24 -25 -26 26 -28 -29 29 -31
leaf_value=0.023178589279714935 -0.0057116891453884329 0.027816793434293521 -0.0099713976422589525 -0.00021522377953195329 0.028666126510148944 0.012911940935515211 0.01977011536366385 -0.0060745509199544726 -0.029101134142363982 0.0026756126139179819 0.011287720514100742 0.018517742876653226 0.0036454518989791217 0.019376453420507665 0.01120622809307332 0.024054034021000689 0.012217404936404153 -0.024026389721185797 0.0011017463007624885 0.0049557000604077261 0.0207574714428987 0.017771845701173683 0.01798301433758329 -0.016681901633492344 0.025769633841164236 -0.013275508634310408 0.02172089496569268 0.0017262198820775934 0.038782160032811902 -0.0034998859452675469
leaf_weight=82.58670112490654 94.241290926933289 1595.5672297030687 228.53822335600853 1820.3244222104549 1051.4026180505753 3536.729051604867 6847.7217904776335 144.70241817831993 320.47506247460842 1883.6976212859154 5662.9706218987703 4762.4547373950481 99.148874670267105 1155.3995728194714 593.18698161840439 2798.9092321842909 554.39978331327438 104.02831755578518 59.126116499304771 495.31133742630482 3300.4302222877741 1902.9325463920832 2170.9615263193846 59.745772704482079 9388.3094279915094 51.865277498960495 196.62646819651127 170.14518401026726 682.48987439274788 36.726005852222443
leaf_count=259 336 4256 940 7107 2858 11772 19653 532 1642 6932 18942 14399 392 3222 1889 7621 1708 458 224 1694 9182 5579 6457 244 24713 192 580 587 1634 118
internal_value=0.0176955 0.0131871 0.0112041 0.00519285 0.015102 0.00650758 0.0211022 0.0137935 -0.0140036 0.00935633 0.010461 0.0177909 -0.0213664 0.0227532 0.0179554 0.0195103 0.0221022 -0.0015158 0.0298352 0.0142058 0.0240446 0.0154903 0.0158249 0.00862817 0.0250712 0.0259507 0.0143805 0.0164578 0.030567 0.036617
internal_weight=51851.2 22319.5 19945.6 7846.99 12098.6 7344.78 29531.7 10798.7 502.211 5420.43 5891.51 4907.16 419.624 19364.8 10166.9 5520.63 3353.31 1924.35 2373.91 3319.21 13844.1 2167.32 2823.89 652.933 10543.7 1299.89 248.492 2073.08 2314.78 719.216
internal_count=156122 73237 67005 28562 38443 26269 82885 34813 2293 18704 19882 14931 2034 52948 29937 15831 9329 7565 6232 10284 37117 6502 8590 2133 27935 3630 772 6166 6008 1752
is_linear=0
shrinkage=0.03


Tree=17
num_leaves=31
num_cat=0
split_feature=4 32 13 13 13 13 13 22 34 32 3 22 13 1 13 3 39 12 7 13 0 2 39 39 3 3 15 22 22 34
split_gain=824.585 761.445 831.017 1150.42 553.158 435.857 143.172 114.05 111.639 106.284 92.469 84.6298 78.3643 69.7958 66.1093 65.6041 61.6472 60.2205 58.67 52.995 52.9601 51.3738 46.7041 51.8049 45.926 56.6311 45.1728 43.9981 38.3801 64.7014
threshold=1.0000000180025095e-35 14.500000000000002 -11.865643501281737 8.0933179855346697 -1.0234313938851934e-12 1.8275560508288979e-13 -957.35269165039051 0.10165798291563989 5.0000000000000009 14.500000000000002 0.18198063969612124 0.1005675680935383 78.52378082275392 -1.4092885851860044 3130.7785644531255 0.33880916237831121 0.38106186687946325 0.074679978191852583 0.040908208116889007 292.39723205566412 0.7145574986934663 0.49629384279251104 2.5919841527938847 -1.4626398086547849 0.37571817636489874 0.18633116781711581 0.56207969784736644 0.20241727679967883 0.23251839727163318 5.0000000000000009
decision_type=2 2 2 2 2 2 2 2 2 2 2 2 2 2 2 2 2 2 2 2 2 2 2 2 2 2 2 2 2 2
left_child=1 2 11 4 7 -6 8 -4 27 10 14 24 16 -14 17 -11 -5 -8 -16 20 -12 28 23 -13 25 -1 -10 -2 -3 -30
right_child=6 21 3 12 5 -7 9 -9 26 15 19 22 13 -15 18 -17 -18 -19 -20 -21 -22 -23 -24 -25 -26 -27 -28 -29 29 -31
leaf_value=0.011643488004352144 0.024477399445152127 0.026811697717294886 0.0018111225479194235 0.018028863496891451 -0.010736682719535311 0.0055938277865421205 0.021331166011418993 0.015100270399242572 -0.019732733651698222 0.02790749853698107 0.026927768156791113 0.017890437842900609 0.00068217059453746121 0.025055533853355991 0.019116783949391085 0.0084433411252307859 0.0097621024442668073 0.017956216554150712 -0.00066134664436071024 0.019115104547782084 0.008462014691523306 0.0010687960014653319 0.0075009009035801096 0.02537580538453392 -0.020293857923424849 0.038233089491206206 0.016144533992421883 0.013150810328859739 0.037317172456550411 -0.0033999797112132762
leaf_weight=812.10092274844646 373.22271312773228 1605.599178224802 805.98752900958061 2738.8117809593678 3828.460369437933 2387.183636084199 10248.735743626952 2091.0105695873499 121.98911997675896 2501.9145904481411 3267.3373642265797 1162.7980217039585 113.85898983478546 1540.9035367667675 264.26584978401661 167.81723849475384 1162.6944732815027 9037.1819314956665 274.14068368077278 1379.6878599822521 147.71827200055122 59.150890961289406 176.55588433146477 3074.8127815276384 35.592266619205475 78.581606060266495 41.566432029008865 1844.4829096198082 687.95725621283054 36.700796827673912
leaf_count=2665 1025 4256 2960 8242 16898 8508 28234 6619 500 6512 8510 3389 375 4238 762 501 3788 25810 934 3895 446 224 584 8388 143 208 136 5620 1634 118
internal_value=0.0170917 0.0127451 0.0108324 0.00714232 0.000581312 -0.0044644 0.0203723 0.011406 0.0133037 0.0209885 0.0203692 0.0209644 0.0179002 0.0233817 0.0194611 0.0266887 0.0155692 0.0197509 0.00905823 0.0241184 0.0261326 0.0287502 0.0226967 0.0233272 0.0126903 0.014033 -0.0105539 0.0150685 0.0294508 0.035249
internal_weight=52068.8 22398.8 20009.4 14668.9 9112.64 6215.64 29670.1 2897 2381.26 27288.8 24619.1 5340.44 5556.27 1654.76 19824.3 2669.73 3901.51 19285.9 538.407 4794.74 3415.06 2389.41 4414.17 4237.61 926.275 890.683 163.556 2217.71 2330.26 724.658
internal_count=156122 73237 67005 51628 34985 25406 82885 9579 7281 75604 68591 15377 16643 4613 55740 7013 12030 54044 1696 12851 8956 6232 12361 11777 3016 2873 636 6645 6008 1752
is_linear=0
shrinkage=0.03


Tree=18
num_leaves=31
num_cat=0
split_feature=4 13 13 13 13 18 18 0 7 15 22 7 22 34 22 7 1 3 38 38 39 38 38 22 34 39 38 3 2 38
split_gain=767.815 596.858 785.355 416.188 284.333 146.824 143.316 132.749 93.4538 91.4576 75.9352 73.719 72.5123 71.6872 61.9635 60.93 69.6796 59.792 99.6722 63.4709 59.2017 222.126 117.945 58.0653 53.7789 51.2766 64.9137 55.9508 50.957 50.8248
threshold=1.0000000180025095e-35 -14.044625759124754 8.0933179855346697 -0.39554665982723231 1.8275560508288979e-13 9159.1801757812518 -21597.621093749996 -0.0012397387181408701 0.072311177849769606 -0.75102069973945607 0.1005675680935383 0.0083142193034291285 0.40756055712699896 3.5000000000000004 0.058220172300934799 0.038758918642997749 0.23815064877271655 0.13670884072780612 0.22119005024433139 -0.16974265873432157 2.1470853090286259 -0.047116186469793313 0.23291350901126864 0.016061432659626011 1.0000000180025095e-35 -1.4626398086547849 0.10925983637571336 -1.8088188171386717 0.037292147055268295 0.37146696448326116
decision_type=2 2 2 2 2 2 2 2 2 2 2 2 2 2 2 2 2 2 2 2 2 2 2 2 2 2 2 2 2 2
left_child=1 10 3 12 7 6 8 -5 -2 11 24 -8 28 -6 23 -7 -17 18 -11 -19 22 -22 -16 -4 -1 26 -12 -27 -3 -29
right_child=5 2 14 4 13 15 9 -9 -10 17 25 -13 -14 -15 20 16 -18 19 -20 -21 21 -23 -24 -25 -26 27 -28 29 -30 -31
leaf_value=0.026581207939231247 0.014067002964861956 0.007247444066455353 0.06286454486337173 0.002328619650326498 0.0060758982653761609 0.017322892558178156 0.017961533938553789 -0.0076874408811942064 -0.0077090291227458153 0.017708398439640397 0.014249236854551183 0.024505171675070273 0.023439575616545409 0.017843341647364584 0.019276845716539034 0.0060543077846277136 0.037428698724091186 0.031973341177081685 0.028089221029209233 0.021088378166832063 0.029022842534123697 -0.006135267984032894 0.047489383190841755 0.002844765149199284 0.0092106143926408684 0.0096011370921748173 0.034232615458399653 0.025963457456519259 0.01530200229611722 -0.024616478267794256
leaf_weight=207.75446234643459 864.74894261360168 1320.3911693692207 14.217334613204001 2067.8227580189705 2142.19445759058 1223.408352792263 1983.6110816597939 2804.9106273502111 222.1884995251894 12058.642440184951 986.95226392149925 7405.3479414582253 555.78571875393391 595.85253624618053 4981.5497915297747 1143.5965925753117 66.586427196860313 569.24371163547039 897.98392361402512 3364.1108568459749 303.82660511136055 343.68513910472393 136.7239870429039 318.13569736480713 707.49505741894245 210.62711074948311 172.11280012130737 3041.1383116543293 1533.7252187877893 17.185135841369629
leaf_count=598 2596 4440 28 8101 7485 3544 5511 11937 828 34188 2923 19385 1578 1898 14449 3722 166 1409 2354 9182 831 1218 309 1091 2313 641 421 8119 4792 65
internal_value=0.0165167 0.012327 0.00959354 0.00481259 0.000909367 0.0196741 0.0203026 -0.00343674 0.00960986 0.0207444 0.0210803 0.0231251 0.0135207 0.0086434 0.0182311 0.0125999 0.00781254 0.0194195 0.0184302 0.0226722 0.0189574 0.0103764 0.0200402 0.00560216 0.0131816 0.022709 0.0172462 0.0246391 0.0115806 0.0256703
internal_weight=52261.6 22462.1 17118.8 11020.7 7610.78 29799.5 27365.9 4872.73 1086.94 26278.9 5343.27 9388.96 3409.9 2738.05 6098.14 2433.59 1210.18 16890 12956.6 3933.35 5765.79 647.512 5118.27 332.353 915.25 4428.02 1159.07 3268.95 2854.12 3058.32
internal_count=156122 73237 58157 40231 29421 82885 75453 20038 3424 72029 15080 24896 10810 9383 17926 7432 3888 47133 36542 10591 16807 2049 14758 1119 2911 12169 3344 8825 9232 8184
is_linear=0
shrinkage=0.03


Tree=19
num_leaves=31
num_cat=0
split_feature=4 13 13 13 13 10 0 7 22 22 22 34 22 0 39 38 38 7 22 38 22 39 39 39 38 25 38 0 13 10
split_gain=716.498 556.407 733.049 390.818 279.162 149.998 130.298 91.4141 78.8301 71.8826 70.7967 66.76 57.6463 56.7222 55.0236 208.785 108.988 54.9995 53.9164 53.7394 54.3944 63.5869 51.5626 47.5844 60.3826 46.8417 46.3427 44.8658 43.4767 43.2543
threshold=1.0000000180025095e-35 -14.044625759124754 8.0933179855346697 -3.5089076826436135e-12 1.8275560508288979e-13 0.0090293916873633879 -0.0012397387181408701 0.055130440741777427 0.065331008285284056 0.40756055712699896 0.1005675680935383 3.5000000000000004 0.058220172300934799 0.3679789155721665 2.1470853090286259 -0.13041977584362027 0.23291350901126864 0.0058453066740185031 0.016061432659626011 -0.15239354968070981 1.1609911918640139 -2.7685331106185909 4.2733802795410165 -1.4626398086547849 0.10925983637571336 2.3127774000167851 0.37146696448326116 -0.87288784980773915 328.60792541503912 0.20840908586978915
decision_type=2 2 2 2 2 2 2 2 2 2 2 2 2 2 2 2 2 2 2 2 2 2 2 2 2 2 2 2 2 2
left_child=1 10 3 9 6 8 -5 27 -2 13 22 -6 18 -3 16 -16 -14 -10 -4 -9 -21 -22 -1 24 -12 26 -25 -7 -20 -29
right_child=5 2 12 4 11 7 -8 19 17 -11 23 -13 14 -15 15 -17 -18 -19 28 20 21 -23 -24 25 -26 -27 -28 29 -30 -31
leaf_value=0.011570471999805994 0.010399845110249415 0.011782432505259082 0.060182055887343905 0.002090934277717834 0.0058814920117763051 0.0053106218597225056 -0.0079820731912005182 0.0006721041245240628 0.017032202076809996 0.022286616081744353 0.013775404219230233 0.017209985987662567 0.018608821213280034 -0.0085252585044151771 0.037196251750111327 -0.00059590871522087734 0.045591676757645153 0.022023036774173312 0.00034948446976822758 0.014745468918553986 -0.039858255143375293 0.0078469155904706493 0.056766752388098696 0.024354883715645082 0.032991086102607536 -0.015868205514558986 -0.024052861725352787 0.020437106325658701 0.053871380908899771 0.01649979664398521
leaf_weight=896.32306338846684 624.57632496953011 2840.4830813109875 14.446435257792471 2020.0038551092148 2146.5772781521082 261.30180530250072 2698.0215542912483 395.61119817197323 2352.9187813699245 601.35220140218735 990.25637356936932 599.23154282569885 5005.2335365861654 128.56657566130161 182.05132313072681 467.10619570314884 138.16135653853416 13784.336511477828 305.10557517409325 1400.3618813157082 34.798516899347305 83.522945135831833 22.431093499064445 3243.2269359380007 173.25177662074566 25.883918106555939 17.085146933794022 3982.9197395294905 13.306754156947134 6998.1744714975357
leaf_count=2864 1856 9123 28 7935 7485 834 11592 1418 6587 1708 2923 1898 14449 490 449 1600 309 36426 1062 4226 152 277 47 8669 421 91 65 11027 29 20082
internal_value=0.0159638 0.0119215 0.00928317 0.00466219 0.000756337 0.0190069 -0.00366919 0.0166045 0.0208914 0.0128239 0.0203509 0.00836022 0.0176047 0.0108995 0.0183027 0.0100389 0.0193429 0.0212966 0.00543134 0.0105309 0.0130949 -0.00637456 0.0127377 0.021919 0.0166652 0.0237726 0.024093 0.0176374 0.00275726 0.0179299
internal_weight=52446.6 22528.1 17159.6 11034.2 7463.83 29918.5 4718.03 13156.7 16761.8 3570.4 5368.46 2745.81 6125.41 2969.05 5792.55 649.158 5143.39 16137.3 332.859 1914.29 1518.68 118.321 918.754 4449.7 1163.51 3286.2 3260.31 11242.4 318.412 10981.1
internal_count=156122 73237 58157 40231 28910 82885 19527 38016 44869 11321 15080 9383 17926 9613 16807 2049 14758 43013 1119 6073 4655 429 2911 12169 3344 8825 8734 31943 1091 31109
is_linear=0
shrinkage=0.03


Tree=20
num_leaves=31
num_cat=0
split_feature=4 32 24 25 14 2 10 14 39 3 38 3 37 2 0 38 7 39 39 3 37 1 38 4 2 18 4 38 18 37
split_gain=669.027 728.487 432.216 191.243 165.004 147.388 140.725 113.964 102.05 228.448 151.375 101.027 94.3104 81.9405 71.3203 65.121 63.8761 57.9257 68.454 59.2499 50.9857 79.5526 71.8742 51.506 48.3297 47.7031 45.0732 44.2288 50.4411 43.3182
threshold=1.0000000180025095e-35 14.500000000000002 2.5000000000000004 0.0010803360491991045 1.0000000180025095e-35 -0.27645467221736902 0.1154172644019127 1.0000000180025095e-35 0.19177916646003726 0.19189573079347613 0.23291350901126864 -0.07805191725492476 1.0000000180025095e-35 0.022083601914346222 0.62667378783226024 0.0019192339968867602 0.036195222288370139 -0.89276888966560353 0.038747722283005721 -0.13833157718181607 1.0000000180025095e-35 -0.07444364950060843 -0.24041680246591565 18.57499980926514 0.49629384279251104 31610.211914062504 0.37500000000000006 -0.3176251351833343 -4820.1958007812491 1.0000000180025095e-35
decision_type=2 2 2 2 2 2 2 2 2 2 2 2 2 2 2 2 2 2 2 2 2 2 2 2 2 2 2 2 2 2
left_child=1 2 3 11 8 12 13 -7 10 -10 -4 15 -5 17 -13 -1 29 26 -19 -20 22 -22 -15 -24 -3 27 -2 28 -18 -8
right_child=6 24 4 5 -6 7 16 -9 9 -11 -12 14 -14 20 -16 -17 25 18 19 -21 21 -23 23 -25 -26 -27 -28 -29 -30 -31
leaf_value=0.024129318328087807 -0.0070885624276710848 0.027796951457691971 0.013288803566284138 0.0020379631559513905 0.023204470431041839 0.0034096712174798288 0.019448488863795414 0.018232793747800045 0.0042357775683117948 0.025297483718017807 0.042292071531191466 -0.019697666836676897 0.031795766351028119 0.033329685990609065 0.044223435093711606 -0.018566240671910091 -0.023333374096237262 0.02273605955363495 0.02025883865280961 0.0077807406825724729 0.022327200724967092 0.015690477168900364 0.023141317366709949 0.016303412537370426 0.00038073689703071637 0.001051301443970932 0.013892459065387242 0.014159230313339046 0.01047659094332587 0.014689823333364032
leaf_weight=99.892657324671745 95.582999899983406 2350.1239567399025 7378.2024458199739 140.80294565856457 1323.0827123969793 6311.6688531041145 3630.0444509983063 503.32544904947281 2850.3983465582132 552.79365192353725 164.93711452186108 491.13726407289505 301.70577430725098 543.16903580725193 15.281494006514547 46.245442986488342 60.501781910657883 2037.2939738184214 688.66275918483734 686.47824139893055 3399.318020015955 3153.6100285500288 5758.719815954566 1215.7430349588394 59.584966316819191 317.72909991443157 2110.4835913032293 2883.0265152454376 111.05194452404976 3337.1093262583017
leaf_count=310 336 6008 22901 469 3630 22894 9981 1542 9943 1577 392 2301 821 1290 34 191 267 5345 1889 2095 8919 8703 14852 3353 224 1093 6166 8562 362 9672
internal_value=0.0154338 0.0115322 0.00966931 0.00419988 0.0131946 0.00559925 0.0183682 0.0045074 0.0119824 0.00766422 0.0139289 -0.0113435 0.0223598 0.0198584 -0.0176795 0.0105636 0.0155286 0.0167842 0.0192386 0.0140421 0.0210844 0.0191366 0.0227791 0.0219523 0.0271207 0.0121283 0.0129792 0.0132788 -0.00149589 0.0171721
internal_weight=52617.7 22589.2 20179.5 7910.06 12269.4 7257.5 30028.5 6814.99 10946.3 3403.19 7543.14 652.557 442.509 19689.1 506.419 146.138 10339.5 5618.5 3412.43 1375.14 14070.6 6552.93 7517.63 6974.46 2409.71 3372.31 2206.07 3054.58 171.554 6967.15
internal_count=156122 73237 67005 28562 38443 25726 82885 24436 34813 11520 23293 2836 1290 52948 2335 501 29937 15831 9329 3984 37117 17622 19495 18205 6232 10284 6502 9191 629 19653
is_linear=0
shrinkage=0.03


Tree=21
num_leaves=31
num_cat=0
split_feature=7 32 13 13 13 13 10 22 22 7 13 32 22 38 18 0 7 13 2 3 38 32 37 38 0 38 3 13 2 38
split_gain=625.88 679.908 687.172 1031.14 380.632 347.887 133.844 92.7966 91.6639 86.8025 79.129 75.1336 99.9006 66.2906 65.5348 58.1848 54.4403 52.6983 78.3582 53.1733 51.6968 48.2198 47.35 53.5673 46.8334 50.8988 46.3988 50.7027 45.0077 43.9629
threshold=1.0000000180025095e-35 14.500000000000002 -7.9095599651336661 6.8576989173889169 -3.6551121016577948e-13 0.26420179009437567 1.0000000180025095e-35 0.058220172300934799 0.10165798291563989 0.036802729591727264 35.347728729248054 14.500000000000002 0.089225936681032195 -0.3176251351833343 18420.009765625004 -1.232519209384918 0.0086450451053679007 -51.661432266235344 0.0072633591480553159 -1.8088188171386717 -0.080120008438825593 2.5000000000000004 1.0000000180025095e-35 0.088640186935663237 -0.003438353654928505 -0.46407985687255854 0.37571817636489874 -148.03972625732419 0.49629384279251104 -0.080120008438825593
decision_type=2 2 2 2 2 2 2 2 2 2 2 2 2 2 2 2 2 2 2 2 2 2 2 2 2 2 2 2 2 2
left_child=1 2 8 4 7 -6 11 -4 26 -8 20 12 22 24 15 -15 -14 19 -19 -10 -5 -16 29 -24 25 -11 27 -1 -3 -2
right_child=6 28 3 10 5 -7 9 -9 17 13 -12 -13 16 14 21 -17 -18 18 -20 -21 -22 -23 23 -25 -26 -27 -28 -29 -30 -31
leaf_value=0.032536021093396275 0.027341458780282539 0.026825006064008606 -0.0088652614468211748 0.02036307729454382 -0.0098336446186976546 0.0060081874350809443 0.017278261563521479 0.01105899531152912 0.0054600181123327278 0.0045493860759198623 0.018763590197216677 0.025821728085069388 0.016058701038188017 -0.0054741779962526275 0.0013242625269643407 0.015327700229645238 0.020643490359328446 0.0097137408598628582 0.020357655963287376 0.024423186575707474 0.0098299361200641765 0.030484754210994076 -0.0012652813286844137 0.021219109701759983 0.015298908893443874 -0.02560582658071919 -0.019870648586811472 0.0092046692925386586 0.00036945087864804777 0.011090583211030345
leaf_weight=91.170373380184174 210.169040158391 2362.0658050626516 232.35602179169655 514.62099930644035 4170.3718470782042 1778.8923833817244 8831.4905280321836 2143.3858546167612 143.82927106320858 105.28122512996197 3030.4328953772783 1570.7757401317358 3010.4668542295694 124.52498643100262 555.12205910682678 3610.7579271346331 10799.596004098654 932.3736238181591 1898.7934608012438 1978.4488313645124 2300.478379920125 55.250363171100616 407.61711578071117 123.36703132092953 99.356283947825432 94.917064979672432 44.016642138361931 970.6249040812254 59.593339547514915 530.37432223558426
leaf_count=238 532 6008 918 1488 18251 6213 24621 6960 445 386 8535 3916 8319 439 1876 10457 28328 2849 5317 5153 7274 148 1292 331 306 398 176 3188 224 1536
internal_value=0.0149239 0.011155 0.00935552 0.00573895 -0.00104214 -0.00509605 0.0177569 0.00910616 0.0178106 0.0155298 0.0153954 0.0195582 0.0189039 0.012202 0.0131428 0.0146321 0.0196455 0.0195554 0.0168581 0.0231426 0.0117631 0.0040143 0.0108382 0.00398309 -0.00143461 -0.00978896 0.00998167 0.0112396 0.0261756 0.0157373
internal_weight=52780.5 22651.5 20229.8 14170.5 8325.01 5949.26 30129.1 2375.74 6059.26 13476.7 5845.53 16652.4 15081.6 4645.21 4345.66 3735.28 13810.1 4953.45 2831.17 2122.28 2815.1 610.372 1271.53 530.984 299.555 200.198 1105.81 1061.8 2421.66 740.543
internal_count=156122 73237 67005 49639 32342 24464 82885 7878 17366 38631 17297 44254 40338 14010 12920 10896 36647 13764 8166 5598 8762 2024 3691 1623 1090 784 3602 3426 6232 2068
is_linear=0
shrinkage=0.03


Tree=22
num_leaves=31
num_cat=0
split_feature=4 32 13 13 13 13 18 18 7 1 1 32 13 3 38 18 13 38 38 34 3 3 0 39 32 21 38 25 3 7
split_gain=584.622 634.735 642.746 886.363 457.207 321.908 126.25 141.797 106.277 103.405 77.6405 76.8981 73.8677 71.7776 69.4177 67.3914 61.3906 60.7883 56.0564 55.7078 53.5587 52.2099 91.3016 56.1574 51.2904 48.2442 48.1492 47.2878 45.5439 43.7611
threshold=1.0000000180025095e-35 14.500000000000002 -11.865643501281737 6.8576989173889169 -1.0234313938851934e-12 0.26420179009437567 4290.4055175781259 -9449.0605468749982 0.072311177849769606 0.23815064877271655 -0.055050220340490334 14.500000000000002 35.347728729248054 0.18198063969612124 -0.15008940547704694 -195.12712097167966 -61.711072921752923 -0.063991006463766084 -0.15239354968070981 1.5000000000000002 0.33880916237831121 -0.15080530196428296 -0.10441021248698233 -2.1984347105026241 2.5000000000000004 1.0000000180025095e-35 -0.080120008438825593 0.11470299586653711 -2.0780316591262813 0.035871386528015144
decision_type=2 2 2 2 2 2 2 2 2 2 2 2 2 2 2 2 2 2 2 2 2 2 2 2 2 2 2 2 2 2
left_child=1 2 16 4 9 -6 7 8 -2 -4 17 13 26 15 -15 -9 28 -8 -10 -14 -13 22 -18 -23 25 -19 -5 -20 -1 -12
right_child=6 -3 3 12 5 -7 10 11 18 -11 29 20 19 14 -16 -17 21 24 27 -21 -22 23 -24 -25 -26 -27 -28 -29 -30 -31
leaf_value=0.0039086828028698237 0.013694910084430439 0.025276732679518917 0.010882603410100746 0.019651619068048423 -0.0093836304845498885 0.0058159872925990976 0.00093697404070586915 0.019300863696705556 -0.022149756888430846 -0.014261936465955773 0.022005845331153417 0.025169596038704549 0.012838128294262674 0.031351062677185605 0.0201037002027693 0.015550419377890187 0.012738919406675635 -0.0051199286531177909 -0.013145706645466961 0.02126471177829797 0.0042156125090034094 -0.0016017181197691987 0.030185005314765281 0.014223408600815888 0.024354340854018337 0.011518344862827483 0.0095095105112361668 0.013093071613406936 0.022897102357172752 0.012039873762991137
leaf_weight=121.33045133948326 2026.0864101499319 2432.4130703210831 2789.995152965188 517.24965713918209 4222.7867142558098 1782.5256049484015 618.27580890059471 8063.6333628445864 105.47967255115509 154.45151287317276 890.0233248770237 2060.2147998958826 1135.3710294216871 584.54838973283768 3359.0655685961246 9399.0212534219027 599.81934379041195 173.27809697389603 95.867145374417305 1907.2961863875389 116.79734019935131 224.08939523994923 495.27326898276806 1982.4638470709324 251.90151657164097 1580.8885332345963 2306.5924718379974 169.74215640127659 2025.6351762264967 727.15070962905884
leaf_count=378 5823 6232 8954 1488 18539 6213 2017 21516 454 625 2362 5184 3346 1382 8806 26029 1741 588 341 5189 343 745 1255 5905 669 4713 7274 512 5353 2146
internal_value=0.0144376 0.0107978 0.00905856 0.00581757 -0.000123145 -0.00487129 0.0171706 0.0179548 0.0109923 0.00955823 0.0123633 0.0186619 0.0148795 0.0181128 0.0217791 0.0172834 0.0178685 0.00916868 -0.00375272 0.0181266 0.0240492 0.0152871 0.0206523 0.0126149 0.0117025 0.00987111 0.0113746 0.00359759 0.0218277 0.0175368
internal_weight=52919.3 22697.3 20264.9 14816.3 8949.76 6005.31 30222 25980.5 2397.18 2944.45 4241.52 23583.3 5866.51 21406.3 3943.61 17462.7 5448.61 2624.34 371.089 3042.67 2177.01 3301.65 1095.09 2206.55 2006.07 1754.17 2823.84 265.609 2146.97 1617.17
internal_count=156122 73237 67005 51628 34331 24752 82885 70390 7130 9579 12495 63260 17297 57733 10188 47545 15377 7987 1307 8535 5527 9646 2996 6650 5970 5301 8762 853 5731 4508
is_linear=0
shrinkage=0.03


Tree=23
num_leaves=31
num_cat=0
split_feature=5 32 22 14 1 0 10 2 25 39 25 25 25 0 38 5 18 18 38 34 22 37 1 38 0 39 22 38 2 9
split_gain=546.428 592.92 390.335 299.523 234.547 177.243 123.321 75.256 67.9194 65.8085 57.9242 106.767 83.2052 55.5004 54.3369 54.0788 48.5407 53.8113 55.4196 48.5251 46.5818 50.3096 70.8877 62.4233 46.5224 49.2818 46.0251 44.2769 42.009 39.0371
threshold=1.0000000180025095e-35 14.500000000000002 0.052060112357139594 1.0000000180025095e-35 0.32956103980541235 0.1887280344963074 0.1154172644019127 0.022083601914346222 0.0025209209416061644 1.8444985747337344 0.011491175740957262 0.0077161986846476802 0.041977742686867721 -0.00058302262914367009 -0.24041680246591565 7.7249999046325692 28706.087890625004 -7199.4863281249991 -0.28505955636501307 1.5000000000000002 0.042702540755271919 1.0000000180025095e-35 -0.07444364950060843 -0.24041680246591565 -0.15703601390123365 1.4689654707908633 0.083503041416406645 -0.039388116449117654 0.49629384279251104 0.23459164053201678
decision_type=2 2 2 2 2 2 2 2 2 2 2 2 2 2 2 2 2 2 2 2 2 2 2 2 2 2 2 2 2 2
left_child=1 2 8 4 5 -4 7 14 13 -5 11 -10 -12 19 -2 -8 17 18 -17 -1 -9 23 -23 -22 -16 -26 -6 -11 -3 -19
right_child=6 28 3 9 26 -7 15 20 10 27 12 -13 -14 -15 24 16 -18 29 -20 -21 21 22 -24 -25 25 -27 -28 -29 -30 -31
leaf_value=0.038295101484898814 0.0029236116326071637 0.025042161478927245 0.0081585863370355095 0.023374146625584461 -0.021139166515758166 0.017428040232933224 0.016299573715701364 -0.0018965281423442778 -0.0077373550408030472 0.022659827331269353 -0.015635947083225132 0.034857159911992272 0.0017075016766349318 -0.031529845388135053 0.018477718576683556 -0.021463507590050408 0.0023374660171476091 0.015880527756844929 0.007972973438507884 -0.012931946842253208 0.030835735635688078 0.020370160455184125 0.014119717349812821 0.020221185309797347 0.014514093898484647 0.0024424077064690328 -0.0036681188688972117 -0.0068647937818882097 -0.00028910866378224173 0.0095076859168606326
leaf_weight=19.465868532657623 314.45077884197235 2382.2241889983416 14244.898805573583 1646.6830779612064 206.06024704873562 2135.9570151120424 4819.0305371880531 93.44295309484005 119.18538083136082 74.018366426229477 452.01165316998959 93.789371863007545 551.70160265266895 152.67096702754498 2778.6813905537128 61.135250270366669 436.77980808913708 3135.0435305535793 780.80006717145443 87.978505089879036 541.85264077782631 3430.564831957221 3152.8256783783436 6976.3307598531246 2225.8965997993946 353.78370751440525 397.00075748562813 115.98111493885517 60.151496306061745 1206.9716710597277
leaf_count=58 1010 6008 47070 4463 887 6461 13418 292 488 209 1943 295 2083 787 7468 267 1448 8854 2389 401 1272 8919 8621 18013 6238 1115 1451 409 224 3561
internal_value=0.01397 0.0104537 0.00877221 0.00993765 0.00869179 0.00936844 0.0166078 0.0179967 -0.0060749 0.0214455 -0.00308975 0.0110815 -0.00610774 -0.0199611 0.0150659 0.0139629 0.0119565 0.0127657 0.00580902 -0.00335585 0.0191666 0.0193065 0.0173798 0.0209906 0.0157773 0.0128613 -0.00966789 0.00467987 0.0244172 0.0141123
internal_weight=53047.4 22739.8 20297.4 18820.6 16983.9 16380.9 30307.6 19867.8 1476.8 1836.68 1216.69 212.975 1003.71 260.115 5672.81 10439.8 5620.73 5183.95 841.935 107.444 14195 14101.6 6583.39 7518.18 5358.36 2579.68 603.061 189.999 2442.38 4342.02
internal_count=156122 73237 67005 60950 55869 53531 82885 52948 6055 5081 4809 783 4026 1246 15831 29937 16519 15071 2656 459 37117 36825 17540 19285 14821 7353 2338 618 6232 12415
is_linear=0
shrinkage=0.03


Tree=24
num_leaves=31
num_cat=0
split_feature=4 32 13 13 13 13 10 22 22 0 18 18 13 3 1 8 32 22 32 11 25 39 3 39 3 25 3 13 1 4
split_gain=512.396 558.039 581.12 922.164 313.009 312.466 126.081 83.4635 81.9762 80.0047 73.2441 80.6809 69.0093 69.6992 65.6254 63.6966 63.1656 82.5679 55.721 56.2897 47.9676 48.6725 44.7174 48.737 42.4754 51.2146 41.9882 66.0786 46.3409 41.1191
threshold=0.27500000596046453 14.500000000000002 -7.1858413219451895 6.8576989173889169 -3.6551121016577948e-13 1.8275560508288979e-13 1.0000000180025095e-35 0.10165798291563989 0.17249879240989688 -0.87288784980773915 4290.4055175781259 -9449.0605468749982 78.52378082275392 -0.48262210190296168 -1.4092885851860044 0.080791965126991286 14.500000000000002 0.089225936681032195 2.5000000000000004 0.75023451447486889 2.3127774000167851 -1.3942409157752989 0.18198063969612124 1.0000000180025095e-35 0.37571817636489874 0.32587693631649023 0.29302789270877844 6.396446211782461e-14 0.05950527451932431 24.774999618530277
decision_type=2 2 2 2 2 2 2 2 2 2 2 2 2 2 2 2 2 2 2 2 2 2 2 2 2 2 2 2 2 2
left_child=1 2 7 4 8 -6 16 24 -4 29 11 15 13 -5 -14 -11 17 -2 19 -12 21 -9 23 -19 25 -1 -3 -28 -29 -8
right_child=6 26 3 12 5 -7 9 20 -10 10 18 -13 14 -15 -16 -17 -18 22 -20 -21 -22 -23 -24 -25 -26 -27 27 28 -30 -31
leaf_value=0.0083551573399621281 0.0098832642023456603 0.024626550047223871 0.00231259246804771 0.024461595006446766 -0.010305598347679931 0.0038833565548803861 -0.001074651209749947 0.013273087976756462 0.013623518798314012 0.010768564251021425 0.00079738846390071982 0.016838435212353463 -0.002377594526278472 0.01081075970594644 0.020547615136535965 -0.017719148560726303 0.023657135266509834 0.018102755768652196 0.020716860243922129 0.011147627589190478 -0.020131216316539035 0.019741114196033218 0.021314636674765894 0.013117193272700452 -0.019755527932615816 0.036634348476213711 -0.0096721365931478585 -0.036394338174194428 0.036370291694635765 0.029561760877992498
leaf_weight=1050.8520208001137 1252.0457212775946 2324.7339413911104 1139.061421662569 368.70893259346485 3709.526463508606 2239.0741069614887 425.05628097057343 1474.7685682922602 1169.5904221087694 1512.333373695612 609.54223409295082 8363.5188058316708 119.99207681417465 3911.1627877652645 1676.02419885993 73.141576215624809 1551.4365591704845 8519.5676651746035 409.25498415529728 2120.9844849407673 29.146761566400528 3727.9364781528711 2843.1248245686293 2249.9135152846575 44.197248667478561 60.199464231729507 83.958172813057899 8.0143376588821393 69.81297342479229 42.43983156979084
leaf_count=3402 3596 5824 4019 984 16610 7895 1431 4248 3588 4504 1951 22805 386 11918 4495 291 3833 22389 1108 6312 104 10097 7181 6202 178 153 297 32 168 121
internal_value=0.0135168 0.010169 0.0085564 0.00520165 -0.0013256 -0.00496457 0.0161084 0.0160822 0.00804756 0.0139633 0.0143989 0.0156611 0.0140716 0.0119929 0.0190138 0.00944213 0.0178786 0.0172738 0.0103946 0.00883935 0.0176948 0.0179112 0.0179525 0.0170628 0.00876757 0.00992166 0.0235968 0.00872124 0.0284726 0.00175732
internal_weight=53179.1 23206.8 20720.2 14333.1 8257.25 5948.6 29972.4 6387.1 2308.65 13556.3 13088.8 9948.99 6075.89 4279.87 1796.02 1585.47 16416.1 14864.7 3139.78 2730.53 5231.85 5202.71 13612.6 10769.5 1155.25 1111.05 2486.52 161.785 77.8273 467.496
internal_count=156122 74398 68077 49895 32112 24505 81724 18182 7607 38523 36971 27600 17783 12902 4881 4795 43201 39368 9371 8263 14449 14345 35772 28591 3733 3555 6321 497 200 1552
is_linear=0
shrinkage=0.03


Tree=25
num_leaves=31
num_cat=0
split_feature=7 13 13 13 13 10 1 0 7 25 1 39 18 18 3 34 39 7 3 39 39 18 18 13 0 25 34 10 3 0
split_gain=479.591 420.729 505.813 386.631 217.498 130.129 117.102 74.3918 73.0803 72.4249 68.1852 64.4085 63.4343 55.0076 52.2617 52.022 127.688 49.7635 48.272 72.71 64.6317 47.9003 46.4545 43.0874 40.8866 49.56 38.6785 37.7701 36.5293 35.7598
threshold=0.002113014343194664 -24.068349838256832 8.0933179855346697 -3.5089076826436135e-12 2.2844450635361224e-14 1.0000000180025095e-35 -0.61897301673889149 -0.87288784980773915 0.10064420104026796 0.53328675031661998 0.37339162826538091 -1.0000000180025095e-35 4290.4055175781259 -359.85437011718744 -0.25022707879543299 1.5000000000000002 0.38106186687946325 0.14068641513586047 -0.48262210190296168 -2.6577870845794673 -1.1380593776702879 -6119.5566406249991 -8220.4667968749982 -1882.6593017578123 0.050769547000527389 0.016533819027245048 1.0000000180025095e-35 0.74672389030456554 0.27733705937862402 0.7145574986934663
decision_type=2 2 2 2 2 2 2 2 2 2 2 2 2 2 2 2 2 2 2 2 2 2 2 2 2 2 2 2 2 2
left_child=1 29 3 10 6 13 -5 17 12 -6 14 -10 22 21 -3 16 26 -7 20 -20 -17 -2 -9 -13 25 -15 -4 -14 -12 -1
right_child=5 2 15 4 9 7 -8 8 11 -11 28 23 27 24 -16 18 -18 -19 19 -21 -22 -23 -24 -25 -26 -27 -28 -29 -30 -31
leaf_value=0.01823849959136075 0.013950432811341899 0.01834472343803913 0.019157199180271561 0.017824313346128169 0.0063330544094822938 -0.0011892989646825106 -0.0056615412843045564 0.010839110034679361 -0.014132515740420751 -0.024749621199329049 0.046507414456204918 -0.034062768972913028 0.009208531385023597 0.0078860755103534221 0.0099861141482420809 0.046638882300211695 -0.00074789297743841493 0.034616233849569716 0.0038341348352170304 0.017136992423326794 0.019274337318377584 0.020711192447913033 0.016384179358860319 0.016779809324441362 0.01843878315432174 0.0155854214696198 0.010584719328186463 0.019428212096024113 -0.020628828228500491 -0.016833973684927565
leaf_weight=4591.4630776494741 1151.1102062016726 810.02699281275272 991.21052071452141 199.83342170715332 3355.8406099379063 430.73466485738754 3924.2976740449667 1650.6510200500488 154.25190043449402 67.849349960684776 7.0254034399986258 15.533741533756254 2669.5328329205513 901.89649973809719 4061.2050962001085 106.3982301056385 607.12036117911339 37.003266543149948 417.84402123093605 3300.9928598999977 295.45697276294231 5550.3111750632524 8050.4706203788519 164.34515091776848 3674.9663654118776 4697.3698309361935 921.33089919388294 371.78637591004372 82.678597956895828 25.492520079016685
leaf_count=12460 3109 2263 2727 704 11605 1450 16511 4862 587 287 17 65 7983 2605 12574 224 1985 102 1279 9283 791 14028 21859 470 9501 12618 2720 1030 335 88
internal_value=0.0130845 0.0099114 0.00795041 0.00439699 0.000120355 0.0156386 -0.00451877 0.0134717 0.0138922 0.00570915 0.0109017 3.33457e-05 0.0142554 0.0174746 0.0113801 0.014642 0.0112335 0.00170472 0.0167223 0.0156445 0.0266248 0.0195526 0.0154422 0.0122086 0.0159708 0.0143474 0.0150368 0.0104648 -0.014883 0.0180406
internal_weight=53286 23766.1 19149.1 12508.8 7547.82 29520 4124.13 13544.3 13076.6 3423.69 4960.94 334.131 12742.4 15975.7 4871.23 6640.35 2519.66 467.738 4120.69 3718.84 401.855 6701.42 9701.12 179.879 9274.23 5599.27 1912.54 3041.32 89.704 4616.96
internal_count=156122 75853 63305 44296 29107 80269 17215 38408 36856 11892 15189 1122 35734 41861 14837 19009 7432 1552 11577 10562 1015 17137 26721 535 24724 15223 5447 9013 352 12548
is_linear=0
shrinkage=0.03


Tree=26
num_leaves=31
num_cat=0
split_feature=32 7 13 13 13 13 10 3 34 22 22 22 39 13 7 4 3 13 3 3 0 25 39 1 1 34 3 3 1 34
split_gain=473.183 580.702 521.019 831.655 271.952 307.37 119.342 95.7829 107.674 80.5595 76.9587 68.4375 60.3087 56.8809 55.9058 53.6219 52.9338 50.8403 50.2391 49.7208 47.982 52.8078 45.7682 44.33 43.9798 52.389 39.9211 56.8766 36.026 35.9416
threshold=14.500000000000002 0.0032694534165784721 -7.1858413219451895 8.0933179855346697 -3.6551121016577948e-13 1.8275560508288979e-13 0.1154172644019127 0.29302789270877844 3.5000000000000004 0.10165798291563989 0.058220172300934799 0.069689959287643446 2.2321773767471318 68.557098388671889 0.036195222288370139 15.325000286102297 -0.4658424705266952 -49.38110160827636 -1.2946957349777219 0.18198063969612124 0.7145574986934663 0.027252102270722393 -1.3942409157752989 -0.95152896642684925 -0.44150067865848536 5.0000000000000009 0.37571817636489874 0.18633116781711581 1.0000000180025095e-35 1.0000000180025095e-35
decision_type=2 2 2 2 2 2 2 2 2 2 2 2 2 2 2 2 2 2 2 2 2 2 2 2 2 2 2 2 2 2
left_child=1 2 9 4 10 -6 11 17 12 26 -4 -3 29 16 -8 19 -5 28 -15 -13 22 -22 -11 -17 25 -19 27 -1 -2 -9
right_child=7 6 3 13 5 -7 14 8 -10 20 -12 15 -14 18 -16 23 -18 24 -20 -21 21 -23 -24 -25 -26 -27 -28 -29 -30 -31
leaf_value=0.0071653892682332319 0.014337066108200335 0.0061230987271544361 -0.0088239733948913684 0.022383886067542342 -0.0099548579465982261 0.0036375153001467308 0.013662624388644322 0.02435930669423297 0.029148877961885943 0.012375041677868953 0.0092574459927103683 0.016646071094268352 -0.041614073544073885 0.0018181601540429974 0.0087490700683832585 -0.0062692375730046112 0.010057260006084144 0.034388209114532248 0.018396551105415739 0.021542779177854184 0.060316330441214434 -0.032463907512866305 0.018419793855583375 0.01402991082673723 0.022577341616617234 -0.0087751039837837119 -0.019644336774213719 0.031448660794829809 0.032040685723928375 -0.0043414912724084459
leaf_weight=1114.1436121463776 933.44790269434452 584.31785662472248 234.02595947682858 342.68791376054287 3687.1906866133213 2519.5281341671944 6185.0368254929781 48.267409697175026 132.24399191141129 1590.9831182062626 2151.1760952621698 10085.763367086649 32.241531863808632 179.53010281920433 3162.2609760463238 98.612162455916405 3742.0532163977623 479.4831136316061 2052.9425629675388 2314.9847767502069 5.6766892075538626 31.627071499824524 3985.9128553420305 3803.7074213027954 3422.8226679414511 26.216522246599197 44.224920392036438 93.408944860100746 116.80241809785366 192.30614775419235
leaf_count=3570 2531 1719 915 910 16614 8772 17195 122 311 4549 6882 26573 131 553 9571 325 11288 1075 5515 5756 9 120 10727 10369 8626 83 179 241 264 627
internal_value=0.012666 0.0117197 0.00809722 0.0049472 -0.00112816 -0.00443705 0.0147258 0.0211008 0.00703957 0.0149352 0.00747916 0.0162326 -0.00373403 0.0132095 0.0120018 0.0165944 0.0110974 0.0222425 0.0170661 0.0175621 0.0164706 -0.0170607 0.0166984 0.0135147 0.0238159 0.0321317 0.00803899 0.00907075 0.0163374 0.00148147
internal_weight=53393.6 48009.8 21775.1 14909.1 8591.92 6206.72 26234.7 5383.83 405.059 6865.98 2385.2 16887.4 272.815 6317.21 9347.3 16303.1 4084.74 4978.77 2232.47 12400.7 5614.2 37.3038 5576.9 3902.32 3928.52 505.7 1251.78 1207.55 1050.25 240.574
internal_count=156122 142352 70844 51449 33183 25386 71508 13770 1191 19395 7797 44742 880 18266 26766 43023 12198 12579 6068 32329 15405 129 15276 10694 9784 1158 3990 3811 2795 749
is_linear=0
shrinkage=0.03


Tree=27
num_leaves=31
num_cat=0
split_feature=32 7 13 13 13 13 18 18 7 1 3 34 11 11 38 37 39 13 18 39 1 39 3 0 13 38 18 38 1 2
split_gain=443.159 543.841 488.937 705.053 347.122 292.781 106.298 107.474 97.4811 93.8017 89.5192 78.2049 68.4377 62.4824 59.3831 138.715 129.491 52.2288 50.674 49.7653 49.4691 47.795 46.9028 90.7557 45.6502 45.2461 42.823 42.2599 41.9801 49.828
threshold=14.500000000000002 0.0032694534165784721 -11.865643501281737 8.0933179855346697 -3.6551121016577948e-13 0.26420179009437567 9159.1801757812518 -9449.0605468749982 0.072311177849769606 0.23815064877271655 0.30824710428714758 3.5000000000000004 0.12383136898279191 0.70293444395065319 -0.17874462902545926 1.0000000180025095e-35 2.0327552556991582 -61.711072921752923 -359.85437011718744 -0.19184412807226178 -0.14627219736576078 2.2321773767471318 -0.15080530196428296 -0.10441021248698233 -49.38110160827636 -0.044654099270701401 35147.384765625007 -0.0025044389767572279 -0.44150067865848536 0.13045988231897357
decision_type=2 2 2 2 2 2 2 2 2 2 2 2 2 2 2 2 2 2 2 2 2 2 2 2 2 2 2 2 2 2
left_child=1 2 17 4 9 -6 7 8 -3 -4 24 21 18 -8 15 -5 -16 -1 -9 -14 26 27 23 -19 25 -2 -15 -12 -26 -30
right_child=10 6 3 14 5 -7 13 12 -10 -11 11 -13 19 20 16 -17 -18 22 -20 -21 -22 -23 -24 -25 28 -27 -28 -29 29 -31
leaf_value=0.018393852631208903 0.0054601843918140377 0.011211675306068807 0.009053724188808206 0.037420188359338302 -0.0089613586449388931 0.004839055415111931 -0.0062498443499088528 0.019077099761127446 -0.0062045749389652918 -0.014464889735368447 -0.02048764348481924 0.02618938859423087 0.012338443806714054 0.0084031302394892565 0.013624546750080761 -0.0033235665485420057 -0.0004759442619935395 0.009938029033134824 0.012969664425551662 0.015880656394999353 0.013849644968994971 -0.039385760062209306 0.010297864164003275 0.026598264558406987 0.031067625396141142 0.019595210646375292 -0.0066472736818408863 0.009053205205794829 0.019165691303974799 0.026834828282911817
leaf_weight=2505.1301536858082 277.99555347859859 1785.1087294816971 3026.9414344131947 241.44986739754677 4107.4942211061716 2084.9911866933107 245.88471618294716 5898.0621131360531 344.21948121488094 159.75762099027634 57.664477840065956 118.84152096509933 6643.3388107568026 619.81778158247471 5324.9532297551632 108.61029171943665 658.11121237277985 643.09080438315868 1559.4655344933271 7820.9796292930841 1136.877839282155 28.096472874283791 2392.7571938037872 545.92328521609306 507.32626236975193 779.84498803317547 233.32242378592491 168.42792019248009 2295.0524750351906 1163.715280264616
leaf_count=6633 825 5087 9604 550 18260 7126 821 14974 1215 647 203 284 18430 1861 15201 342 2173 1848 4231 20863 3220 115 7092 1368 1158 1983 806 502 5893 2807
internal_value=0.0122651 0.0113497 0.00784528 0.00504799 -0.000173947 -0.00431429 0.0142552 0.0148372 0.00839323 0.00786957 0.0204176 0.00620687 0.0154626 0.00798981 0.0127808 0.024797 0.0120732 0.0150635 0.0178023 0.0142549 0.00975301 -0.00318986 0.0127289 0.0176058 0.0214707 0.0158921 0.00428057 0.00144861 0.0229535 0.0217539
internal_weight=53483.3 48086.3 21799.2 15712.3 9379.18 6192.49 26287.1 24051.2 2129.33 3186.7 5396.96 373.03 21921.8 2235.9 6333.12 350.06 5983.06 6086.9 7457.53 14464.3 1990.02 254.189 3581.77 1189.01 5023.93 1057.84 853.14 226.092 3966.09 3458.77
internal_count=156122 142352 70844 53903 35637 25386 71508 64800 6302 10251 13770 1104 58498 6708 18266 892 17374 16941 19205 39293 5887 820 10308 3216 12666 2808 2667 705 9858 8700
is_linear=0
shrinkage=0.03


Tree=28
num_leaves=31
num_cat=0
split_feature=32 4 13 13 13 13 10 3 34 24 3 39 38 39 13 22 38 39 2 22 3 38 4 3 18 18 13 38 34 24
split_gain=415.341 501.304 456.88 624.363 359.484 266.016 95.1414 84.1017 95.7164 68.7645 65.5271 55.1299 54.5731 99.4469 59.6731 53.0939 51.9911 50.2856 54.7536 50.1967 50.0959 46.843 44.5986 52.9736 47.573 57.5125 44.4507 44.8435 42.4337 40.918
threshold=14.500000000000002 0.27500000596046453 -14.044625759124754 8.0933179855346697 -3.5089076826436135e-12 0.26420179009437567 0.1154172644019127 0.29302789270877844 3.5000000000000004 1.5000000000000002 0.18198063969612124 2.2321773767471318 0.30104650557041174 1.3346902132034304 78.52378082275392 0.1005675680935383 -0.4130291193723678 -1.3942409157752989 0.421768069267273 0.069689959287643446 -1.8088188171386717 -0.15008940547704694 7.7249999046325692 -0.10409931465983389 28706.087890625004 -3314.697143554687 -49.38110160827636 -0.044654099270701401 1.0000000180025095e-35 1.5000000000000002
decision_type=2 2 2 2 2 2 2 2 2 2 2 2 2 2 2 2 2 2 2 2 2 2 2 2 2 2 2 2 2 2
left_child=1 2 15 4 9 -6 10 26 11 -4 16 -9 14 -14 -5 28 -3 18 -17 -18 -19 -12 23 -8 25 -24 27 -2 -1 -30
right_child=7 6 3 12 5 -7 22 8 -10 -11 21 -13 13 -15 -16 17 19 20 -20 -21 -22 -23 24 -25 -26 -27 -28 -29 29 -31
leaf_value=0.020453346983618857 0.0048956178651356963 -0.0040356841666268524 -0.0019693961811987244 0.01013403635098368 -0.0082973982494611714 0.0049182005967857373 0.010362054100652232 0.0013513654724908264 0.027356471721473315 0.0099977484563032893 0.026248776888757402 -0.040138335876154653 0.05058340265084682 -0.020282441950975092 0.01672393031156905 0.011957925957897249 0.0059588434762672853 0.00406563489750665 -0.042375312429796322 0.014616740398594869 0.019388848001716991 0.01703773929478896 0.0043262710802639643 0.017078476178276965 -0.00045526295410414064 0.012038228348802041 0.022294516256955318 0.019001127599129832 0.017695751100666807 0.00049939266854971155
leaf_weight=199.23446449637413 276.29197977483273 140.99927937984467 509.99853560328484 4049.760345518589 4267.0924025177956 2018.2846106737852 2268.7671027779579 240.72151444852352 132.96180489659309 2804.4566427320242 604.91907434165478 31.71955731511116 76.960586532950401 22.430933237075806 1789.7441125363111 1195.9368722587824 633.99212346971035 206.32279051840305 15.948984935879706 13529.917735859752 3001.5083282589912 2936.3100089132786 1145.7874535769224 1997.3833033591509 408.53395412862301 3657.2376056164503 3948.9899244606495 777.78954550623894 163.91443312168121 510.42889443039894
leaf_count=567 822 453 1793 12074 18960 6911 6470 749 311 8682 1431 131 148 82 4820 3368 1857 617 65 35979 7817 7537 3528 5317 1360 10343 9784 1973 493 1680
internal_value=0.0118788 0.0109929 0.00748648 0.00489257 0.000162077 -0.00405318 0.0136658 0.0197627 0.00658969 0.00815541 0.0149573 -0.00359732 0.0125373 0.0345176 0.0121568 0.0150981 0.0140493 0.0164353 0.0112061 0.0142299 0.0184058 0.018619 0.0112324 0.0135106 0.00936461 0.0102004 0.0208279 0.0153148 0.00831848 0.00470381
internal_weight=53564.3 48155.9 20832 15538.7 9599.83 6285.38 27323.8 5408.47 405.403 3314.46 17846.1 272.441 5938.9 99.3915 5839.5 5293.29 14304.9 4419.72 1211.89 14163.9 3207.83 3541.23 9477.71 4266.15 5211.56 4803.03 5003.07 1054.08 873.578 674.343
internal_count=156122 142352 68077 53470 36346 25871 74275 13770 1191 10475 47257 880 17124 230 16894 14607 38289 11867 3433 37836 8434 8968 27018 11787 15231 13871 12579 2795 2740 2173
is_linear=0
shrinkage=0.03


Tree=29
num_leaves=31
num_cat=0
split_feature=22 15 14 13 13 13 13 38 37 13 1 13 38 18 34 38 34 3 2 7 13 1 34 3 22 7 22 3 3 1
split_gain=392.733 197.731 172.814 145.598 324.065 349.534 135.095 114.241 128.655 110.375 103.921 96.935 93.3027 83.9143 77.3624 66.2623 62.5391 58.1832 55.136 54.7815 48.181 43.5826 42.869 53.1351 48.1668 39.21 35.7178 55.2016 42.9865 47.6382
threshold=0.076957043260335936 -0.75102069973945607 1.0000000180025095e-35 -16.770277023315426 0.26420179009437567 -2.5585784847129834e-13 7.4298641681671151 -0.15008940547704694 1.0000000180025095e-35 -5.1424922943115225 -0.031382622197270386 -1053.7983398437498 0.25004103779792791 -21597.621093749996 1.5000000000000002 -0.14435492455959317 5.0000000000000009 0.31556525826454168 0.0039428754243999728 0.0084834275767207163 -76.561855316162095 0.0065665948204696187 1.0000000180025095e-35 -0.11804576963186263 0.31104663014411932 0.014787902124226095 0.058220172300934799 0.055296296253800399 0.13670884072780612 0.013517552986741068
decision_type=2 2 2 2 2 2 2 2 2 2 2 2 2 2 2 2 2 2 2 2 2 2 2 2 2 2 2 2 2 2
left_child=6 13 3 11 5 -5 7 8 -1 20 14 15 -6 16 -11 -3 -2 -13 -12 -15 21 -9 23 24 -4 -24 -8 -28 29 -29
right_child=1 2 22 4 12 -7 26 9 -10 10 18 17 -14 19 -16 -17 -18 -19 -20 -21 -22 -23 25 -25 -26 -27 27 28 -30 -31
leaf_value=0.032292268888630307 0.00819970663732047 -0.0064056176066839216 0.027048099043317678 0.0099554901725567614 0.011220545417418803 -0.0030851645948132252 0.006270989327915753 0.0092057158358214604 -0.0060846159190266567 0.018822665791349339 0.012224411435714446 0.01360887021628133 0.022225907270584079 0.012298856638909806 -0.0020383842226640064 0.0092695974195247423 -0.030135217235814762 0.021583560432913349 -0.011279230433426461 0.018079243607526441 0.0033100770798130297 0.036119512453061123 0.020525541843292677 0.00019365143938562842 0.0089817060148308838 0.01461132484684766 0.022163947104317162 -0.032275554663393449 0.01745673436918168 0.0056245478258542606
leaf_weight=202.23421913385391 629.82269634306431 294.13320079445839 214.58209843933582 4095.1283078193665 13437.423175528646 3372.0335778594017 598.92559224367142 163.25964741408825 127.58071863651276 221.32167303562164 95.323781624436378 9576.2786063849926 731.95180314779282 1869.1821368336678 569.43382619321346 1365.7177291363478 39.775708734989166 905.32016016542912 1345.3221042305231 7260.3335132151842 931.09794446825981 81.145502641797066 2264.1665204465389 297.14509163796902 352.22971245646477 1858.1222787201405 480.29856412112713 43.551795616745949 125.79309868812561 89.478469550609589
leaf_count=563 1846 1021 530 12353 38329 13795 1835 474 475 734 359 26085 1895 5014 2225 3972 166 2294 5630 18404 2997 190 5943 905 1010 5048 1257 165 343 265
internal_value=0.0115063 0.0123362 0.0113728 0.0106023 0.00912546 0.00406654 0.00356359 0.000632732 0.0174645 -0.00100048 -0.00491984 0.0132328 0.0117908 0.0161455 0.00381295 0.00648789 0.00587651 0.0142999 -0.00971457 0.0168976 0.00643475 0.0182644 0.0165886 0.0104831 0.0158621 0.0178646 0.0117397 0.0161525 0.0049432 -0.00690914
internal_weight=53638.1 48563.3 38764.2 33778 21636.5 7467.16 5074.77 3736.72 329.815 3406.9 2231.4 12141.4 14169.4 9799.11 790.755 1659.85 669.598 10481.6 1440.65 9129.52 1175.5 244.405 4986.25 863.957 566.812 4122.29 1338.05 739.122 258.823 133.03
internal_count=156122 138610 113180 99744 66372 26148 17512 13647 1038 12609 8948 33372 40224 25430 2959 4993 2012 28379 5989 23418 3661 664 13436 2445 1540 10991 3865 2030 773 430
is_linear=0
shrinkage=0.03


Tree=30
num_leaves=31
num_cat=0
split_feature=32 7 13 13 13 13 10 22 3 34 22 4 38 39 39 0 3 7 3 1 25 13 39 38 38 39 34 39 39 21
split_gain=394.328 456.983 406.988 648.429 227.505 274.878 101.279 93.756 79.0922 89.6409 67.6908 61.672 54.2656 123.403 52.089 50.7886 48.7441 47.6076 46.6467 47.8161 44.0909 43.1259 42.7154 41.5524 39.9991 76.7584 66.6449 52.1456 48.3351 47.4714
threshold=14.500000000000002 0.0036878566024824981 -7.9095599651336661 8.0933179855346697 -2.5585784847129834e-13 2.2844450635361224e-14 0.1154172644019127 0.058220172300934799 0.29302789270877844 3.5000000000000004 0.091962940990924849 15.325000286102297 -0.17874462902545926 2.0327552556991582 2.2321773767471318 0.0080786789767444151 0.18198063969612124 0.036195222288370139 0.37571817636489874 0.12010337039828302 2.3127774000167851 -49.38110160827636 -1.3942409157752989 -0.044654099270701401 0.00096289673820137988 -3.0549781322479244 3.5000000000000004 2.1762006282806401 2.5919841527938847 0.52500000596046459
decision_type=2 2 2 2 2 2 2 2 2 2 2 2 2 2 2 2 2 2 2 2 2 2 2 2 2 2 2 2 2 2
left_child=1 2 10 4 7 -6 11 -4 21 14 18 16 15 -14 -10 -5 -3 -8 19 -1 22 23 -12 -2 27 26 -26 -23 -27 -29
right_child=8 6 3 12 5 -7 17 -9 9 -11 20 -13 13 -15 -16 -17 -18 -19 -20 -21 -22 24 -24 -25 25 28 -28 29 -30 -31
leaf_value=0.0049274042971759902 0.0044066680731571972 0.014514322699043212 -0.0099819771550715749 0.0070283140785836959 -0.010659828847299376 0.0021535724539905082 0.011995105793712978 0.0081973688110484159 0.0009742227386702084 0.026112283436010676 0.010447512879580387 0.01118194720539052 0.012379822365582643 -0.0012660758771278582 -0.039500280121949512 0.031032850159217688 0.019344591250089537 0.0074760686973942732 -0.027975227549058821 0.027223204637188823 -0.021693018896974007 0.022041852526940357 0.01615455212068367 0.017968385912036523 0.038700780882791989 0.016866350267713662 -0.01344936584147326 0.049075608212803573 -0.00085130220057327247 0.024860666102914441
leaf_weight=873.32335336506367 276.84073972702026 10329.557776793838 284.64914572238922 120.99642172455788 2998.7866552770138 3026.336346924305 6207.4668110013008 2404.1437944769859 241.15395528078079 133.34252855181694 1655.3067208379507 4164.8415752202272 5439.6197462826967 669.23165500164032 31.445627048611641 235.45384013652802 2318.804767742753 3187.3471696078777 34.263635769486427 95.317194163799286 29.459439486265182 2051.6831429898739 4219.711996152997 779.98822265863419 212.74775633215904 1209.8986671119928 24.00836493074894 131.31788988411427 156.01897048950195 174.04415047168732
leaf_count=2804 822 27105 1147 351 13850 10897 17123 7722 749 311 4701 11393 15410 2198 131 552 5730 9571 145 248 104 5025 11301 1973 446 3099 76 252 463 423
internal_value=0.0111445 0.0102827 0.00710296 0.00435504 -0.00098568 -0.00422405 0.0129619 0.0062687 0.0188164 0.00605071 0.0131397 0.0143572 0.0115528 0.0108844 -0.00381104 0.0229354 0.0154015 0.0104632 0.00592058 0.00715029 0.0143642 0.0198474 0.0145491 0.0144262 0.0212895 0.0175987 0.0333655 0.0237893 0.0148413 0.03541
internal_weight=53717.1 48294.6 22086.6 15179.2 8713.92 6025.12 26208 2688.79 5422.49 405.942 6907.38 16813.2 6465.3 6108.85 272.6 356.45 12648.4 9394.81 1002.9 968.641 5904.48 5016.55 5875.02 1056.83 3959.72 1602.67 236.756 2357.05 1365.92 305.362
internal_count=156122 142352 71430 52127 33616 24747 70922 8869 13770 1191 19303 44228 18511 17608 880 903 32835 26694 3197 3052 16106 12579 16002 2795 9784 4084 522 5700 3562 675
is_linear=0
shrinkage=0.03


Tree=31
num_leaves=31
num_cat=0
split_feature=22 15 14 13 13 13 39 13 37 38 38 1 13 38 38 38 39 22 7 4 13 7 2 21 0 7 22 39 3 3
split_gain=351.738 177.774 159 128.577 286.219 305.594 134.666 120.366 105.315 299.091 125.721 132.194 94.3436 86.8124 84.7042 72.722 63.304 55.6392 54.056 52.5277 48.9846 48.0026 43.0396 41.6958 42.4766 37.3828 33.3074 60.0593 47.5112 46.6106
threshold=0.076957043260335936 -0.75102069973945607 1.0000000180025095e-35 -16.770277023315426 0.26420179009437567 -2.5585784847129834e-13 -0.79906469583511341 7.4298641681671151 1.0000000180025095e-35 -0.049635699018836014 -0.01648767106235027 -0.031382622197270386 -27.857229232788082 0.25004103779792791 -0.2666157186031341 0.28561809659004217 1.0503855347633364 0.050007151439785964 0.091650698333978667 0.17500000447034839 -1297.5875244140623 0.0036878566024824981 0.0030865416629239921 0.72499999403953563 0.144060954451561 0.042492398992180831 0.058220172300934799 2.8867752552032475 0.055296296253800399 -0.0075978669337928286
decision_type=2 2 2 2 2 2 2 2 2 2 2 2 2 2 2 2 2 2 2 2 2 2 2 2 2 2 2 2 2 2
left_child=7 18 3 6 5 -5 14 8 9 17 23 16 -11 -6 -3 -8 -12 -1 21 -14 -20 -2 -13 24 -10 -4 -9 28 29 -28
right_child=1 2 25 4 13 -7 15 26 10 12 11 22 19 -15 -16 -17 -18 -19 20 -21 -22 -23 -24 -25 -26 -27 27 -29 -30 -31
leaf_value=0.012082804486351691 0.0081280062339700743 -0.0071107274428856022 0.016628375698849431 0.0092718688018460886 0.010493154949624663 -0.002922638241361619 0.015249210316216981 0.0057077062020810913 -0.0072589056294530673 0.013565187558088342 0.018615818620656983 0.021584157150192868 -0.0089131554795584232 0.021084553553692671 0.0093628560943741345 -0.0042397488128855928 -0.012691535125938848 0.030463258331026873 -0.030516750847953654 0.0091783708306849131 0.0071613167576419674 0.016214874105146652 -0.0094666340017118353 -0.026797051515463726 -0.041372130553787675 0.0086605394110069386 0.014964985741443079 -0.016361192891289691 0.0061687243708631696 0.03434533005159561
leaf_weight=261.13480763137341 719.41881240904331 300.23758681118488 4396.7686187177896 4112.3412243127823 13482.379698872566 3359.3676674067974 7528.6683554649353 600.95375214517117 382.96073807775974 266.62961386144161 375.31587673723698 42.022600278258324 970.48530143499374 735.2974339723587 4177.5752283781767 175.71337901055813 67.899373561143875 350.41313545405865 33.674546912312508 168.66838859021664 295.88027982413769 8775.0325506925583 608.69319321215153 204.36999350786209 35.094520300626755 608.47563397884369 275.21804420650005 49.655546873807907 225.79392182826996 191.54489102959633
leaf_count=896 1991 1037 11682 12353 38329 13795 20000 1835 1446 753 1214 140 3991 1895 11787 548 258 985 145 474 837 22457 2452 860 178 1754 747 172 663 448
internal_value=0.0107978 0.0115812 0.0106692 0.00993079 0.00854424 0.00378902 0.0123983 0.0032817 0.000509371 0.00515636 -0.00495057 0.00117346 -0.00246326 0.0110426 0.00825629 0.0148038 0.0137951 0.0226521 0.0151887 -0.00622611 0.00322155 0.0156033 -0.00742676 -0.0157032 -0.0102217 0.0156623 0.0109798 0.015231 0.0175208 0.0229809
internal_weight=53777.7 48700.8 38876.8 33871.6 21689.4 7471.71 12182.2 5076.85 3733.69 2017.33 1716.36 1093.93 1405.78 14217.7 4477.81 7704.38 443.215 611.548 9824.01 1139.15 329.555 9494.45 650.716 622.425 418.055 5005.24 1343.17 742.212 692.557 466.763
internal_count=156122 138610 113180 99744 66372 26148 33372 17512 13647 7099 6548 4064 5218 40224 12824 20548 1472 1881 25430 4465 982 24448 2592 2484 1624 13436 3865 2030 1858 1195
is_linear=0
shrinkage=0.03


Tree=32
num_leaves=31
num_cat=0
split_feature=32 7 13 13 13 13 18 18 7 22 3 34 18 3 22 11 38 39 13 22 0 3 2 22 32 38 0 13 0 39
split_gain=374.376 406.74 368.023 582.891 205.862 249.932 93.374 95.6653 86.2617 85.8926 74.2914 63.5097 62.5667 69.6781 60.7536 57.8567 51.1037 93.1596 56.0152 43.9169 59.8932 43.8594 44.0964 43.7298 43.1993 42.0866 41.6956 40.3272 40.305 40.0232
threshold=14.500000000000002 0.0036878566024824981 -7.9095599651336661 8.0933179855346697 -2.5585784847129834e-13 2.2844450635361224e-14 9159.1801757812518 -9449.0605468749982 0.072311177849769606 0.16317402571439746 0.30824710428714758 3.5000000000000004 -195.12712097167966 0.13670884072780612 0.091962940990924849 0.70293444395065319 0.30104650557041174 1.9030132293701174 68.557098388671889 0.230882503092289 0.24353902786970141 0.37571817636489874 0.1836001202464104 0.13887352496385577 2.5000000000000004 -0.0025044389767572279 0.7145574986934663 -49.38110160827636 0.019087082706391815 1.9352660775184634
decision_type=2 2 2 2 2 2 2 2 2 2 2 2 2 2 2 2 2 2 2 2 2 2 2 2 2 2 2 2 2 2
left_child=1 2 14 4 9 -6 7 8 23 -4 27 25 24 -14 21 -8 18 -18 -5 20 -17 22 -1 -3 -9 -12 28 -2 -16 -27
right_child=10 6 3 16 5 -7 15 12 -10 -11 11 -13 13 -15 26 19 17 -19 -20 -21 -22 -23 -24 -25 -26 29 -28 -29 -30 -31
leaf_value=0.0044842242416271699 0.013659459367304113 0.0259037506398275 0.00033886206329839473 0.008369508761522787 -0.01032003508933038 0.0019117264891202683 -0.007344072317001544 0.01545687638507527 -0.00704602575946263 0.011048104298622059 -0.02361496977579405 0.022918936338791822 0.010611941345066048 0.015928697724747271 0.01186918869660086 0.011031342152845923 0.04431323112915253 -0.027395505226227045 0.014245570081485177 0.0047241616816273407 0.039814829064172767 -0.027493188604155634 0.025155359907420932 0.0079572234853298607 0.0032439269029185271 0.009086317724413125 -0.017970423730223992 0.020270108831014856 0.017081615310933888 -0.032607261109043585
leaf_weight=868.43923072516918 1064.6403061151505 131.35260061919689 1317.0217018872499 4106.1239704340696 2978.8165457695723 3033.2296806871891 247.78215470910072 9283.5822034031153 346.38066019117832 1381.0253772139549 67.480291172862053 119.74157725274563 9407.4435544162989 2914.7687555104494 3811.6123657077551 632.5872005969286 87.952748462557793 19.194086745381355 2276.4775434136391 1304.8358514010906 71.929549425840378 33.95832072198391 103.23724862933159 1669.6033239513636 269.4565239995718 164.03608660399914 36.728558644652367 3994.6452895998955 2077.2721328735352 22.690287262201309
leaf_count=2783 2808 319 4690 12141 13850 10897 821 23974 1215 4179 243 284 25690 7488 10508 1790 174 73 6123 3941 155 145 269 4766 763 484 125 9858 5473 93
internal_value=0.0104607 0.00962214 0.00662481 0.00401164 -0.0010592 -0.00414901 0.0121458 0.0126942 0.00664428 0.00582368 0.0179286 0.00499857 0.0132876 0.011871 0.0123535 0.00630516 0.010817 0.0313052 0.0104677 0.00799262 0.0140266 0.00552313 0.00670715 0.00928147 0.0151131 -0.00348762 0.0135111 0.0188826 0.0137109 0.00385718
internal_weight=53844 48410.8 22131.1 15199.8 8710.09 6012.05 26279.7 24022.6 2147.34 2698.05 5433.23 373.948 21875.3 12322.2 6931.25 2257.13 6489.75 107.147 6382.6 2009.35 704.517 1005.63 971.676 1800.96 9553.04 254.207 5925.61 5059.29 5888.88 186.726
internal_count=156122 142352 71430 52127 33616 24747 70922 64215 6300 8869 13770 1104 57915 33178 19303 6707 18511 247 18264 5886 1945 3197 3052 5085 24737 820 16106 12666 15981 577
is_linear=0
shrinkage=0.03


Tree=33
num_leaves=31
num_cat=0
split_feature=32 7 13 13 13 13 10 3 34 22 2 4 38 1 39 38 22 7 39 38 3 2 25 37 38 2 38 34 3 2
split_gain=351.547 381.671 346.078 488.338 230.181 285.037 90.9793 69.7931 79.5215 67.0343 61.0343 52.2889 51.3917 48.0667 48.0171 47.3588 46.6926 42.6238 42.6111 56.51 47.0769 41.5337 99.4032 77.5336 89.8783 62.3893 59.7018 83.2503 52.1129 47.6922
threshold=14.500000000000002 0.0036878566024824981 -14.044625759124754 14.42193651199341 -3.5089076826436135e-12 0.26420179009437567 0.1154172644019127 0.29302789270877844 3.5000000000000004 0.40756055712699896 0.022083601914346222 15.325000286102297 -0.30205127596855158 0.42717382311820989 2.2321773767471318 -0.17874462902545926 0.1005675680935383 0.036195222288370139 -1.3942409157752989 0.10925983637571336 -1.8088188171386717 0.1323753893375397 0.0066336917225271472 1.0000000180025095e-35 0.23291350901126864 -0.062673475593328462 -0.0034019033191725607 1.5000000000000002 0.0017252768157050016 0.1393607631325722
decision_type=2 2 2 2 2 2 2 2 2 2 2 2 2 2 2 2 2 2 2 2 2 2 2 2 2 2 2 2 2 2
left_child=1 2 16 4 9 -6 10 21 14 -4 12 -12 -3 15 -9 -5 -1 -8 19 -18 -20 23 29 25 28 -2 -24 -28 -25 -23
right_child=7 6 3 13 5 -7 17 8 -10 -11 11 -13 -14 -15 -16 -17 18 -19 20 -21 -22 22 26 24 -26 -27 27 -29 -30 -31
leaf_value=0.0066704566668929158 0.033163041444745883 -0.0058651648916803337 0.0049823173012089501 0.023392353461654601 -0.0075988733183354239 0.0043003773337627676 0.010852684360779749 0.00063944087952155207 0.024238950592986509 0.016081302279161189 0.015381290363428128 0.010883830234834527 0.010792230747758452 -0.019438365146454115 -0.038478018348462491 0.011084090843556301 0.0068885468503894773 0.0065877576759255634 0.0016669241669612419 0.024761281188989469 0.016510041293445042 0.040785847935460549 0.032832185812746266 0.013668131286599274 0.046001781793799684 0.018347726204248335 0.028588297511286647 0.010890912883640339 0.0013634719384654473 -0.03019148756847027
leaf_weight=969.01864892244339 311.75672677159309 172.22080138325691 2891.6447067707777 298.31145235896111 4216.9341889321804 3174.8007982522249 6236.4687771946192 241.50480343401432 133.73820714652538 589.60602641105652 9000.4087158292532 3162.4119716286659 4534.0122560113668 43.855032235383987 30.957921460270882 5103.2488923221827 1163.6093617677689 3203.5324002057314 204.92569123208523 184.03162086009979 3303.4836345762014 9.5389182269573194 472.34624838829041 1271.502398878336 66.579451531171799 1485.3084051012993 478.97945873439312 482.41773581504822 410.50714139640331 44.507100716233253
leaf_count=2992 674 568 9228 737 18971 10389 17123 749 311 1626 22850 8485 12325 157 131 14391 3341 9571 610 441 8547 20 1036 3330 126 3703 1085 1273 1171 161
internal_value=0.0101376 0.00932529 0.00642224 0.00418073 0.000507485 -0.00248777 0.0117682 0.01737 0.00538138 0.00686705 0.0130891 0.0142132 0.0101809 0.0115132 -0.00391867 0.0117686 0.0126993 0.00940652 0.0139001 0.00934799 0.0156446 0.0183356 0.0225617 0.0165556 0.012042 0.0209366 0.0240696 0.0197316 0.0106695 -0.0170964
internal_weight=53892.2 48452.5 22143.5 16318.4 10873 7391.73 26309.1 5439.64 406.201 3481.25 16869.1 12162.8 4706.23 5445.42 272.463 5401.56 5825.07 9440 4856.05 1347.64 3508.41 5033.44 1487.79 3545.65 1748.59 1797.07 1433.74 961.397 1682.01 54.046
internal_count=156122 142352 71430 55499 40214 29360 70922 13770 1191 10854 44228 31335 12893 15285 880 15128 15931 26694 12939 3782 9157 12579 3575 9004 4627 4377 3394 2358 4501 181
is_linear=0
shrinkage=0.03


Tree=34
num_leaves=31
num_cat=0
split_feature=32 22 7 14 25 2 10 0 22 2 2 25 37 39 18 2 38 34 2 8 34 39 39 4 9 2 25 2 25 37
split_gain=330.475 358.209 196.386 170.936 131.792 105.095 98.3586 98.3057 88.7907 68.1186 67.3461 56.7133 115.963 54.067 53.2446 51.9714 47.0285 46.8039 43.6143 43.6032 43.0753 66.7339 43.2703 41.3049 44.1335 40.0177 49.2131 36.6622 73.2401 73.1631
threshold=14.500000000000002 0.076957043260335936 0.0032694534165784721 1.0000000180025095e-35 1.0000000180025095e-35 0.79851639270782482 0.1154172644019127 0.15368064492940905 0.03792735934257508 0.46279035508632665 0.48750357329845434 0.041977742686867721 1.0000000180025095e-35 2.1470853090286259 -21597.621093749996 0.12868209183216098 0.061397297307848937 3.5000000000000004 0.022083601914346222 0.049462867900729186 1.0000000180025095e-35 0.87774428725242626 -2.0066560506820674 7.7249999046325692 1.0000000180025095e-35 0.016620120033621791 0.46991825103759771 0.13045988231897357 0.0066336917225271472 1.0000000180025095e-35
decision_type=2 2 2 2 2 2 2 2 2 2 2 2 2 2 2 2 2 2 2 2 2 2 2 2 2 2 2 2 2 2
left_child=1 8 3 4 7 -6 14 -3 13 11 27 15 -13 25 19 -10 17 -15 -16 -4 21 -5 -22 -8 -25 -1 -27 29 -29 -2
right_child=10 2 6 20 5 -7 23 -9 9 -11 -12 12 -14 16 18 -17 -18 -19 -20 -21 22 -23 -24 24 -26 26 -28 28 -30 -31
leaf_value=-0.0067783111574667553 0.019936778259597162 -0.013096352205178945 0.0087411877442490609 0.012667225988919336 0.0071803647978260499 -0.026853668867379402 0.011315752289821112 0.022202756849822178 0.0016428527249038251 -0.024872320967274326 -0.0011860793024158274 0.014478620953716324 -0.0012918468994407223 0.016113856581545398 0.010710831750003367 -0.015218957674370931 -0.020271888063035735 -0.018283978831619137 0.014269811512839421 -0.010076815857719662 0.0095726178751974478 -0.019912077074812552 0.021030350445143727 0.01097422185367419 0.0051913863004855905 -0.02537826926231988 0.045217194846904528 -0.015893438204447777 0.022145559448720573 0.011324807935412249
leaf_weight=440.98251773416996 1815.7674437761307 474.14891047775745 456.47827664017677 314.34806594252586 15971.941851362586 81.083210483193398 4157.1331760436296 82.496944516897202 1431.7664134949446 75.652387529611588 180.0283827483654 954.15174974501133 747.61331544816494 187.362687677145 4295.7741583138704 184.8445420563221 58.474019914865494 42.942559152841568 11380.989934653044 145.207887545228 402.74798937141895 67.967396423220634 1165.9357054829597 1866.3298477530479 3284.701866954565 210.82193836569786 8.3571532219648343 46.08055704832077 1649.490610063076 1753.044491186738
leaf_count=1827 4435 1976 1289 862 50191 315 11371 226 5076 344 574 2904 2629 641 11614 752 251 211 29084 505 1140 245 3015 5204 9728 935 17 153 3958 4650
internal_value=0.00982574 0.00903838 0.0098471 0.00749656 0.0065088 0.00700661 0.0115517 -0.00782908 0.000816492 0.00308543 0.0168349 0.00373102 0.00755194 -0.00729025 0.0129593 -0.000291501 0.00352045 0.00963577 0.0132955 0.00418558 0.0158967 0.00683067 0.0180985 0.0090887 0.00728894 -0.012022 -0.0224797 0.0174518 0.0211012 0.0157117
internal_weight=53934.7 48490.3 44147.3 18560.7 16609.7 16053 25586.6 556.646 4342.97 3394.03 5444.41 3318.38 1701.77 948.941 16278.5 1616.61 288.779 230.305 15676.8 601.686 1951 382.315 1568.68 9308.16 5151.03 660.162 219.179 5264.38 1695.57 3568.81
internal_count=156122 142352 126765 57970 52708 50506 68795 2202 15587 11705 13770 11361 5533 3882 42492 5828 1103 852 40698 1794 5262 1107 4155 26303 14932 2779 952 13196 4111 9085
is_linear=0
shrinkage=0.03


Tree=35
num_leaves=31
num_cat=0
split_feature=22 15 14 25 0 13 13 1 34 37 0 2 13 2 24 0 0 7 13 7 34 3 22 7 25 25 8 0 4 2
split_gain=286.313 147.965 137.831 108.027 108.977 101.366 97.0555 97.2322 135.765 107.404 91.9319 99.2763 85.4812 64.1218 63.755 59.1536 50.3747 47.7923 44.0483 42.8997 38.4955 49.0853 44.6759 36.1652 36.1112 42.6637 35.8778 35.552 38.915 35.1133
threshold=0.076957043260335936 -0.75102069973945607 1.0000000180025095e-35 0.0066336917225271472 0.7145574986934663 7.4298641681671151 -76.561855316162095 -0.031382622197270386 1.0000000180025095e-35 1.0000000180025095e-35 0.010514716617763044 0.069315105676651015 -16.770277023315426 0.042166490107774741 1.0000000180025095e-35 -0.00058302262914367009 0.20464570820331576 0.091650698333978667 -1297.5875244140623 0.0036878566024824981 1.0000000180025095e-35 -0.11804576963186263 0.31104663014411932 0.029070380143821243 0.13341311365365985 0.049196451902389533 0.04270352981984616 -0.03647984750568866 3.9750000238418584 0.0016449614777229728
decision_type=2 2 2 2 2 2 2 2 2 2 2 2 2 2 2 2 2 2 2 2 2 2 2 2 2 2 2 2 2 2
left_child=5 17 3 10 12 6 15 8 -8 13 11 -3 -5 -9 -10 27 -17 19 -19 -2 21 22 -4 -6 25 -7 -22 -1 -29 -11
right_child=1 2 20 4 23 24 7 9 14 29 -12 -13 -14 -15 -16 16 -18 18 -20 -21 26 -23 -24 -25 -26 -27 -28 28 -30 -31
leaf_value=0.017781119358401393 0.0068487429313516552 0.0019195932423131368 0.02412393976680095 0.011403651562882479 -0.023227448489426639 0.0071809726879817001 0.027952140296871181 -0.0099553389767885036 -0.025914140893970681 0.011409482845059622 0.010230841611725657 -0.017297604087925501 0.0081410075732194723 0.005169313834317118 0.0029646952735248042 0.035167390081610017 -0.035422222270476762 -0.029922874693040322 0.0059800233056761295 0.014477775624273163 0.015886939076090355 -0.0015656606621596129 0.0068222465044347064 0.0029141101385705588 0.00013130200861964894 0.019337205047322809 0.0033309541706072125 -0.038425783854102162 0.008796701503897034 -0.014529541224558122
leaf_weight=64.727685630321503 721.98773182928562 1245.790025562048 216.82740685343742 11336.906025722623 120.00012192130089 624.2539971768856 198.18964153528214 359.17431896924973 72.399143874645233 48.885942935943604 903.8430587798357 299.1611811965704 20035.475341901183 840.96109664440155 1095.6553193628788 135.00057016313076 8.9228781610727292 33.28848397731781 296.80156227946281 8803.6584613919258 3944.914462223649 299.02629029750824 355.33758218586445 77.904530689120293 277.90173301100731 448.06315855681896 217.31396205723286 29.075617030262947 32.08320640027523 844.46439507603645
leaf_count=175 1991 4074 530 30766 434 1828 557 1465 353 173 2675 1166 60399 2961 3871 304 37 145 837 22457 10362 905 1010 230 855 1182 629 115 89 3547
internal_value=0.00952136 0.0102255 0.00939571 0.0087094 0.00918027 0.00274096 0.000189508 -0.00116316 0.00505905 -0.00522579 0.00263637 -0.00180843 0.00932044 0.000635818 0.00115151 0.0174859 0.0305561 0.0135117 0.00227083 0.0139006 0.014031 0.00827357 0.0134148 -0.0129589 0.00978093 0.0122765 0.0152331 0.00239628 -0.0138622 -0.0130956
internal_weight=53988 48908.2 39052.5 34019.1 31570.3 5079.76 3729.54 3459.73 1366.24 2093.49 2448.79 1544.95 31372.4 1200.14 1168.05 269.81 143.923 9855.74 330.09 9525.65 5033.42 871.191 572.165 197.905 1350.22 1072.32 4162.23 125.887 61.1588 893.35
internal_count=156122 138610 113180 99744 91829 17512 13647 12927 4781 8146 7915 5240 91165 4426 4224 720 341 25430 982 24448 13436 2445 1540 664 3865 3010 10991 379 204 3720
is_linear=0
shrinkage=0.03


Tree=36
num_leaves=31
num_cat=0
split_feature=22 15 14 25 0 0 0 37 38 38 0 25 0 3 7 18 25 34 38 7 3 0 38 0 21 34 3 22 22 7
split_gain=268.58 139.566 129.424 101.33 102.498 86.3468 92.0488 78.6545 289.507 214.059 99.3885 78.0343 89.735 77.3652 73.733 70.1781 63.9857 54.0817 50.9323 47.5071 43.977 47.2279 43.2726 38.9411 38.7497 36.0684 46.1001 41.8731 35.4833 34.2566
threshold=0.076957043260335936 -0.75102069973945607 1.0000000180025095e-35 0.0066336917225271472 0.7145574986934663 0.010514716617763044 -0.02330778073519468 1.0000000180025095e-35 -0.049635699018836014 -0.01648767106235027 0.144060954451561 0.045057814568281181 0.0030492824735119943 0.19774176180362704 0.0091597237624228018 -21597.621093749996 0.16772509366273883 5.0000000000000009 0.068976603448390975 0.0084834275767207163 0.43029938638210302 -0.068085949867963777 0.32185205817222601 0.144060954451561 0.72499999403953563 1.0000000180025095e-35 -0.11804576963186263 0.31104663014411932 0.050007151439785964 0.029070380143821243
decision_type=2 2 2 2 2 2 2 2 2 2 2 2 2 2 2 2 2 2 2 2 2 2 2 2 2 2 2 2 2 2
left_child=7 15 3 5 13 6 -3 8 28 23 22 12 18 -5 -14 17 -12 -2 -10 -17 21 -13 -11 24 -9 26 27 -4 -1 -6
right_child=1 2 25 4 29 -7 -8 9 11 10 16 20 14 -15 -16 19 -18 -19 -20 -21 -22 -23 -24 -25 -26 -27 -28 -29 -30 -31
leaf_value=0.012603535489747724 0.00588671932543295 0.0021484865146522104 0.023349016638759552 0.0083394391964972722 -0.02263301802418579 0.0099070966083939626 -0.015477034417925153 -0.0074397920678508107 0.0068465580938596145 0.0073805181773002786 -0.026673872591484481 -0.012068924161614949 -0.021897032705405453 0.012252310384205774 0.012541001659599083 0.0095204562372443284 0.0076350160238145316 -0.029917136564379391 -0.013968310661789163 0.014881655355590672 -0.033816422177985368 0.0092694815294635888 0.043547345492154055 -0.042486062456032619 -0.021852433880761607 0.014752970527615738 -0.0015191398980970382 0.0066127146495794263 0.024643892471762133 0.0028266613269241421
leaf_weight=377.12497435510159 636.54313814640045 1202.562006726861 217.3281877040863 25885.320071831346 119.49126040935516 905.38622598350048 341.53606650233269 464.2170374840498 409.69295020401478 1252.1630240231752 131.58243088424206 105.03983767330647 370.12892746925354 5529.0347505360842 65.09630261361599 1881.9427560418844 76.772323876619339 39.36644272506237 141.48660650849342 7303.9316608458757 23.75557866692543 779.84097711741924 29.592660397291183 41.124513775110245 264.49584817886353 4168.6862993240356 298.96943181753159 355.62616927921772 547.30396367609501 77.935684710741043
leaf_count=1214 1846 3867 530 75738 434 2675 1373 1716 1436 4232 577 403 1571 15427 172 5014 285 166 546 18404 108 2427 66 208 1061 10991 905 1010 1490 230
internal_value=0.00922612 0.00990731 0.00910216 0.00843747 0.00889299 0.00255625 -0.00175562 0.00265843 0.00600004 -0.00151 0.00512472 -0.000714707 -0.00655574 0.00902858 -0.0167223 0.0130982 -0.0140417 0.00375588 0.00148237 0.0137848 0.00562319 0.00672235 0.00825116 -0.0143462 -0.0126979 0.0135906 0.00801939 0.0129958 0.0197541 -0.0126039
internal_weight=54043.1 48963.7 39101.9 34061.3 31611.8 2449.48 1544.1 5079.42 2819.47 2259.95 1490.11 1895.04 986.405 31414.4 435.225 9861.78 208.355 675.91 551.18 9185.87 908.636 884.881 1281.76 769.837 728.713 5040.61 871.924 572.954 924.429 197.427
internal_count=156122 138610 113180 99744 91829 7915 5240 17512 9367 8145 5160 6663 3725 91165 1743 25430 862 2012 1982 23418 2938 2830 4298 2985 2777 13436 2445 1540 2704 664
is_linear=0
shrinkage=0.03


Tree=37
num_leaves=31
num_cat=0
split_feature=32 22 8 13 13 13 18 18 13 3 34 13 34 11 22 3 13 0 39 22 21 13 38 39 34 39 39 21 38 38
split_gain=315.501 305.963 200.724 252.619 312.465 223.887 83.3288 83.286 77.4459 65.4185 73.3531 63.4058 62.3249 62.1918 56.3794 55.8715 51.868 47.031 45.8831 42.6887 42.4866 41.3775 37.2017 70.0129 61.5528 48.1744 43.7324 42.7335 36.764 36.2525
threshold=14.500000000000002 0.052060112357139594 0.00079288080451078724 -24.068349838256832 14.42193651199341 -2.5585784847129834e-13 9159.1801757812518 -8996.0292968749982 162.99695587158206 0.29302789270877844 3.5000000000000004 -7.9095599651336661 5.0000000000000009 0.70293444395065319 0.058220172300934799 0.18198063969612124 5.4040801525115976 -0.012358827982097862 2.2321773767471318 0.14964646100997928 0.62500000000000011 -49.38110160827636 0.00096289673820137988 -3.0549781322479244 3.5000000000000004 2.1762006282806401 2.5919841527938847 0.52500000596046459 -0.044654099270701401 -0.0025044389767572279
decision_type=2 2 2 2 2 2 2 2 2 2 2 2 2 2 2 2 2 2 2 2 2 2 2 2 2 2 2 2 2 2
left_child=1 8 3 -3 5 -5 7 12 11 21 18 -1 -4 -8 -6 -9 17 -13 29 -15 -18 28 25 24 -24 -23 -25 -27 -2 -11
right_child=9 2 6 4 14 -7 13 15 -10 10 -12 16 -14 19 -16 -17 20 -19 -20 -21 -22 22 23 26 -26 27 -28 -29 -30 -31
leaf_value=0.0063735415757528975 0.0020647271344629028 0.012762435714273334 0.0065136513358023907 0.006756333564183559 -0.024434538097665277 -0.0020020523710984166 -0.0096202725852656944 0.010693252976474084 0.026990951614533781 -0.019470235718845985 0.022306211745232844 -0.0029202434360604958 -0.01574016911771749 0.019119540733634959 0.011006641503586627 0.014540882203443607 0.0083193476631865729 -0.016409417365947192 -0.038512754903773261 0.0050096978368877601 -0.011547546048679748 0.018853273278848955 0.034707260569131745 0.013881049262579355 -0.015261111895213316 0.044532789457250206 -0.0029151751113717871 0.021684400666126716 0.014759491793048415 0.0066914618812345273
leaf_weight=350.78450103104115 279.26473399996758 4392.8983350843191 2086.6832724958658 4570.8812792897224 39.761124223470688 6172.6012373417616 238.85403913259506 17883.63275487721 69.660124152898788 63.907041221857071 133.88054829835892 366.17348442971706 118.7540474832058 215.94496858119965 5086.1460096389055 4212.4428273588419 264.25700457394123 642.13998007774353 30.938969284296036 1780.3185845762491 151.58954399824142 2062.0489800423384 213.89278063178062 1216.5103911161423 24.088375747203827 132.42639148235321 156.89380723237991 175.28612667322159 784.28863024711609 178.47959581017494
leaf_count=1093 822 11731 5973 14048 150 23882 794 47590 170 222 311 1509 447 556 14095 10663 806 3068 131 5248 529 5025 446 3099 76 252 463 423 1973 527
internal_value=0.00894042 0.00817296 0.00864534 0.00639593 0.0046327 0.00172426 0.0103625 0.0108725 -0.00380838 0.0157846 0.00419602 -0.00503335 0.00530742 0.00481383 0.0107264 0.0114275 -0.00784758 -0.0115215 -0.00471277 0.00654633 0.0010597 0.0167185 0.0181262 0.0145824 0.0295942 0.0205275 0.0119594 0.0316395 0.011434 -0.000245595
internal_weight=54095.4 48643.5 46798.9 20262.3 15869.4 10743.5 26536.6 24301.5 1844.6 5451.91 407.206 1774.94 2205.44 2235.12 5125.91 22096.1 1424.16 1008.31 273.326 1996.26 415.847 5044.7 3981.15 1611.39 237.981 2369.76 1373.4 307.713 1063.55 242.387
internal_count=156122 142352 135177 63906 52175 37930 71271 64673 7175 13770 1191 7005 6420 6598 14245 58253 5912 4577 880 5804 1335 12579 9784 4084 522 5700 3562 675 2795 749
is_linear=0
shrinkage=0.03


Tree=38
num_leaves=31
num_cat=0
split_feature=32 7 13 13 13 13 1 18 18 0 1 7 32 38 2 13 38 13 13 34 2 1 39 38 38 7 1 34 2 25
split_gain=296.938 296.033 295.737 470.723 313.477 93.8482 81.7001 79.2001 86.8584 75.562 75.1559 69.4861 67.4694 65.5882 60.6751 51.4439 49.0019 47.5617 45.9333 45.8152 44.114 53.6765 43.7893 80.355 50.9663 41.6414 36.5462 47.4907 40.9063 68.7052
threshold=14.500000000000002 0.0036878566024824981 -7.9095599651336661 0.26420179009437567 -1.2792892423564917e-13 14.42193651199341 0.23815064877271655 4290.4055175781259 -8996.0292968749982 -0.0026009379653260107 0.16162642836570743 0.072311177849769606 2.5000000000000004 0.27354964613914495 0.48750357329845434 -44.999517440795891 0.38996547460556036 -49.38110160827636 1.4283199906349184 1.5000000000000002 0.0072633591480553159 -0.12380305305123328 -0.65085834264755238 0.21416392177343371 -0.25075136125087732 0.038758918642997749 -0.44150067865848536 5.0000000000000009 0.13045988231897357 0.0066336917225271472
decision_type=2 2 2 2 2 2 2 2 2 2 2 2 2 2 2 2 2 2 2 2 2 2 2 2 2 2 2 2 2 2
left_child=1 2 15 4 6 18 -4 8 11 -6 12 -3 25 -12 17 -1 -14 -2 -5 -7 -17 -22 23 -10 -24 -9 27 -19 -28 -30
right_child=14 7 3 5 9 19 -8 10 22 -11 13 -13 16 -15 -16 20 -18 26 -20 -21 21 -23 24 -25 -26 -27 28 -29 29 -31
leaf_value=0.013233156664488039 0.010312972571045628 0.0074552425234585707 0.0056862057242285024 0.015399806806689629 -0.0036641015078787559 0.0065065205078578747 -0.015233305335993303 0.007176341065603436 0.0087579162548537173 -0.012373217129631197 0.025711257172369585 -0.0069244137110541686 0.032066305955804862 -0.038011959264620414 -0.0017773223401185559 0.0035030549581366857 -0.045898219456272163 0.027090330497859041 0.0024439558683558922 0.012164528762294406 0.017074987587982947 0.0074368414596735228 0.022131728885607983 0.019428239404058231 0.012125333596518906 0.00062012451134894398 0.013889634977718711 -0.013621633457132017 -0.017244879003599889 0.021729312434995696
leaf_weight=3272.0445038378239 1098.1827406734228 1894.4056716114283 2715.6975176930428 268.15582078695297 1528.4169652462006 2088.4383857399225 178.07874937355518 1967.0693674236536 7450.2622214853764 2175.9488499164581 238.74017694592476 358.83545707166195 111.78940710425377 14.572102785110472 180.40851563215256 1262.9993101358414 6.8616244196891776 481.15647350251675 2925.5192858278751 3391.3796995133162 753.68563163280487 1690.8137073963881 478.39463792741299 694.96805429458618 11636.110726356506 1567.6695305407047 2335.6382542550564 26.561952650547028 41.241231694817543 1290.6272716224194
leaf_count=8620 2903 5307 8862 830 6557 6020 757 5521 20082 10277 570 1245 254 57 574 3813 28 1066 9559 9265 1950 4920 1132 1717 30189 4820 5943 83 138 3063
internal_value=0.00866746 0.00792319 0.00537307 0.00303431 -0.00300388 0.00762787 0.004393 0.0100706 0.0107551 -0.00878261 0.00612311 0.00516185 0.00502278 0.0218986 0.0153062 0.0104888 0.0271866 0.0158914 0.00353721 0.0100103 0.00806306 0.0104155 0.0113768 0.00967097 0.0125225 0.00427048 0.0173552 0.0249319 0.0162989 0.0205082
internal_weight=54124.7 48670.9 22251.2 15271.6 6598.14 8673.49 2893.78 26419.7 22513 3704.37 3906.7 2253.24 3653.39 253.312 5453.82 6979.54 118.651 5273.41 3193.68 5479.82 3707.5 2444.5 20259.7 8145.23 12114.5 3534.74 4175.23 507.718 3667.51 1331.87
internal_count=156122 142352 71430 52127 26453 25674 9619 70922 59672 16834 11250 6552 10623 627 13770 19303 282 13196 10389 15285 10683 6870 53120 21799 31321 10341 10293 1149 9144 3201
is_linear=0
shrinkage=0.03


Tree=39
num_leaves=31
num_cat=0
split_feature=32 22 7 13 13 13 10 13 25 25 25 3 34 34 34 38 32 13 22 1 1 12 37 3 18 4 25 18 25 1
split_gain=279.371 279.201 188.19 223.186 269.433 201.332 83.9931 71.4513 61.4045 67.7027 69.375 60.7123 121.802 78.9176 67.3454 101.09 65.236 55.7074 52.5153 51.4337 80.6012 50.0722 49.5542 49.4245 43.5372 43.1739 41.8961 41.9589 41.7053 40.3118
threshold=14.500000000000002 0.052060112357139594 0.0036878566024824981 -24.068349838256832 14.42193651199341 -2.5585784847129834e-13 0.1154172644019127 162.99695587158206 0.0031858241418376569 0.011491175740957262 0.0077161986846476802 0.062197241932153709 3.5000000000000004 5.0000000000000009 1.5000000000000002 0.21416392177343371 34.500000000000007 -4.713247299194335 0.058220172300934799 -0.44150067865848536 -0.10664429143071173 0.047782126814126975 1.0000000180025095e-35 0.030139030888676647 -27900.602539062496 15.325000286102297 0.010983423329889776 1440.0567016601565 0.041977742686867721 0.21843396127223971
decision_type=2 2 2 2 2 2 2 2 2 2 2 2 2 2 2 2 2 2 2 2 2 2 2 2 2 2 2 2 2 2
left_child=1 7 3 -3 5 -5 25 8 17 10 -10 13 14 19 15 -13 23 -1 -6 -2 21 -21 -17 -15 -22 -4 -14 -28 -11 -16
right_child=11 2 6 4 18 -7 -8 -9 9 28 -12 12 26 16 29 22 -18 -19 -20 20 24 -23 -24 -25 -26 -27 27 -29 -30 -31
leaf_value=0.011656917727775258 0.025414141147498265 0.011899109155829375 0.011981855263189827 0.0063515353164257989 -0.023397350258437442 -0.0018569142715094903 0.0075643160358711591 0.025727805518563934 -0.0035051271051797922 -0.011716121122007483 0.027399105666735951 0.015857011137242572 -0.020822641608294966 -0.037563588342164424 -0.00083947427370257893 -0.037430029841532986 0.018715385418336776 -0.024003853596208678 0.010200580273296206 0.013820649393816964 -0.028369206996770906 0.0005120048777532165 0.037561398794512625 0.052595270503484982 0.020985943021429063 0.0084249492032257012 0.029774128694603649 0.00072399438433906518 -0.00059769225250999602 -0.041457822680724975
leaf_weight=46.805479273200035 631.26236352324486 4514.5205995291471 12573.278381615877 4722.1371389776468 41.243206515908241 6243.546276807785 9439.6420152634382 69.997449070215225 135.68722450733185 541.45761682093143 124.53678885102272 548.72177767753601 17.231880471110344 54.774412646889687 544.64888507127762 48.706926122307777 43.715140447020531 229.46679978072643 5227.3655685037374 1142.8999933302402 15.368220970034598 327.9217664450407 8.5616319924592954 5.1670379638671866 1652.146234691143 4089.2348208427429 340.67565935850143 51.793989688158035 691.28982302546501 21.927565574645996
leaf_count=154 1426 12033 32383 14439 155 24136 26529 170 525 2230 377 1396 57 212 1571 187 114 1200 14449 2887 54 926 17 8 3939 11053 741 144 2519 91
internal_value=0.00840409 0.00768234 0.00813247 0.00599901 0.00435746 0.00167786 0.00982798 -0.00378048 -0.0049635 -0.00255144 0.0113217 0.0148425 0.00987556 0.0168677 0.00494303 0.0118874 -0.00886584 -0.0179312 0.00993261 0.0175783 0.0159936 0.0108579 -0.0257151 -0.029007 0.0205125 0.0111097 0.0239388 0.0259596 -0.00548919 -0.00248704
internal_weight=54145.7 48690.2 46851 20748.8 16234.3 10965.7 26102.2 1839.24 1769.24 1492.97 260.224 5455.52 1582.27 3873.26 1172.57 605.99 103.657 276.272 5268.61 3769.6 3138.34 1470.82 57.2686 59.9415 1667.51 16662.5 409.702 392.47 1232.75 566.576
internal_count=156122 142352 135177 65212 53179 38575 69965 7175 7005 5651 902 13770 4204 9566 3262 1600 334 1354 14604 9232 7806 3813 204 220 3993 43436 942 885 4749 1662
is_linear=0
shrinkage=0.03


Tree=40
num_leaves=31
num_cat=0
split_feature=32 22 24 4 1 13 39 34 13 18 18 13 22 3 25 25 25 13 34 2 39 2 22 38 21 13 37 2 25 22
split_gain=263.089 262.344 174.987 139.109 188.172 154.597 92.688 79.8131 84.1189 73.3345 73.7151 67.1888 63.0072 58.614 58.5911 63.6651 64.6216 53.2405 48.1085 47.1484 42.5523 39.3021 38.776 37.831 37.4824 34.4239 40.1087 70.1404 49.4984 44.7354
threshold=14.500000000000002 0.052060112357139594 1.0000000180025095e-35 0.72499999403953563 0.32956103980541235 -14.044625759124754 -1.2734763026237486 3.5000000000000004 -1.0000000180025095e-35 12210.582519531252 -16560.822265624996 162.99695587158206 0.15079185366630557 0.30824710428714758 0.0031858241418376569 0.011491175740957262 0.0077161986846476802 -4.713247299194335 3.5000000000000004 0.0064991791732609281 0.61281740665435802 0.79851639270782482 0.59500816464424144 -0.0025044389767572279 0.62500000000000011 -9.6263103485107404 1.0000000180025095e-35 0.12388594448566438 0.029543699696660045 0.03792735934257508
decision_type=2 2 2 2 2 2 2 2 2 2 2 2 2 2 2 2 2 2 2 2 2 2 2 2 2 2 2 2 2 2
left_child=1 11 6 4 5 -4 19 22 -9 10 -5 14 -11 25 17 16 -16 24 23 -3 -17 -6 -8 -15 -1 26 29 28 -28 -2
right_child=13 2 3 9 21 -7 7 8 -10 12 -12 -13 -14 18 15 20 -18 -19 -20 -21 -22 -23 -24 -25 -26 -27 27 -29 -30 -31
leaf_value=0.02592750281222711 -0.045353035383113388 -0.041760840429127088 0.011028551417345418 0.0029870765166665966 -0.0075461038388101353 0.0050331231392510885 -0.032715991352712012 0.045020793133795693 -0.017095907631754705 0.020230498638384345 0.010287293436461694 0.024895861313512055 0.0017145423533626613 -0.023563829465584 -0.0034048428828743929 0.00068352152114990337 0.026367573117428 -0.023573251945595692 0.018520875304232295 0.029634665553515443 -0.010497848192165687 -0.034951487460827629 0.021333877402490941 0.0024935149003764323 -0.0354492597349041 0.016922960625872362 -0.015765287320631836 0.020450524580813329 0.0056833173095791048 0.016675964827648469
leaf_weight=36.14584119617939 9.6347654312849027 8.8143234997987729 5350.4337250888348 1317.179634898901 597.81453642249107 14020.485375627875 202.14523330330849 29.290217369794846 54.691823124885559 183.4041491150856 23381.412458717823 70.196726232767105 1613.6972868144512 67.302134275436401 135.52512410283089 568.1565358042717 125.54980809986591 226.7089713960886 119.88411650061607 56.10427300632 662.18341435492039 50.356380790472031 11.96112075448036 187.49136379361153 10.826249346137045 3477.1192547380924 128.50801295042038 221.53611953556538 382.78976905345917 861.69054968655109
leaf_count=107 37 40 14390 3940 2249 45677 1085 66 248 466 61742 170 4875 243 525 2079 377 1200 284 140 2670 210 49 577 47 8539 407 529 1056 2098
internal_value=0.00814839 0.00744828 0.00788392 0.00804596 0.0061575 0.00668976 -0.0128365 -0.0199105 0.00480793 0.0094724 0.00989823 -0.0036756 0.00361607 0.0143963 -0.00482702 -0.00247787 0.0109471 -0.0175621 0.00292651 0.019409 -0.00533562 -0.00973041 -0.0295974 -0.00444286 0.0112746 0.0152407 0.0115841 0.0063917 0.000266384 0.0159354
internal_weight=54169 48713.1 46877.8 46514.8 20019.1 19370.9 363.007 298.088 83.982 26495.7 24698.6 1835.29 1797.1 5455.96 1765.1 1491.41 261.075 273.681 374.678 64.9186 1230.34 648.171 214.106 254.793 46.9721 5081.28 1604.16 732.834 511.298 871.325
internal_count=156122 142352 135177 133549 62526 60067 1628 1448 314 71023 65682 7175 5341 13770 7005 5651 902 1354 1104 180 4749 2459 1134 820 154 12666 4127 1992 1463 2135
is_linear=0
shrinkage=0.03


Tree=41
num_leaves=31
num_cat=0
split_feature=22 15 14 25 0 13 38 1 13 34 0 1 3 18 0 38 0 34 7 38 7 25 25 34 8 7 25 1 2 18
split_gain=211.16 116.048 116.801 89.0292 94.3432 81.4991 91.7245 86.7072 115.892 91.9991 79.6015 89.9896 72.9912 58.9079 51.4694 51.3666 48.855 48.7542 44.9419 41.1828 33.9582 33.1782 38.093 34.2458 31.7613 31.5573 30.5649 39.9516 30.3979 34.712
threshold=0.076957043260335936 -0.75102069973945607 1.0000000180025095e-35 0.0066336917225271472 0.7145574986934663 7.4298641681671151 -0.15008940547704694 -0.031382622197270386 -76.561855316162095 1.0000000180025095e-35 0.010514716617763044 -0.22079053521156308 0.19774176180362704 -21597.621093749996 -0.016564826481044289 -1.0000000180025095e-35 -0.0012397387181408701 5.0000000000000009 0.0084834275767207163 -0.080120008438825593 0.014787902124226095 0.13341311365365985 0.049196451902389533 5.0000000000000009 0.0024275528267025952 0.029070380143821243 0.45911245048046118 -1.0210809707641599 -0.30543532967567438 -2393.323608398437
decision_type=2 2 2 2 2 2 2 2 2 2 2 2 2 2 2 2 2 2 2 2 2 2 2 2 2 2 2 2 2 2
left_child=5 13 3 10 12 6 -1 9 16 14 11 -3 -5 17 -8 -11 -9 -2 -15 -10 26 22 -7 -23 -24 -6 27 -4 29 -20
right_child=1 2 20 4 25 21 7 8 19 15 -12 -13 -14 18 -16 -17 -18 -19 28 -21 -22 23 24 -25 -26 -27 -28 -29 -30 -31
leaf_value=0.014804202513480509 0.0048715998430261297 0.0044137372217406511 -0.003088381387681726 0.0070273547311989404 -0.022710882687157867 0.0059452061083598686 0.03281108289098706 -0.026486542719292887 0.0039250776486288727 -0.0068523992912661756 0.0086768152002408838 -0.010064120985096722 0.010821119782608012 0.0078989145771012886 -0.00010088260140819733 0.0059762437963882375 0.027362527971414235 -0.029294152850869531 -0.0078465079038654469 -0.0093216092141084912 0.0092204368893915867 0.001429843445058274 0.023113712363189952 -0.048919347167731296 0.0062326728354771569 0.0017148694856977385 0.025936555265716858 0.014176483576315449 0.013531991596377083 0.011857159857550155
leaf_weight=331.8906037658453 639.01742899417877 807.30323033034801 126.00887213647366 25986.930100739002 119.20076206326485 626.53220631182194 139.66961129009724 16.442221015691757 241.61848039925098 464.41616863012314 908.50292173027992 739.09595935046673 5546.4698645472527 1885.9843420982361 61.174470812082291 707.39727422595024 121.51514698565006 38.926855102181435 129.6361445337534 1635.5559699982405 2207.7654947191477 267.02953292429447 297.25034689903259 11.73389559984207 153.40314866602421 78.242396682500839 187.06523366272449 2538.0054399371147 6973.0513039976358 208.41314733028412
leaf_count=1038 1846 2548 376 75738 434 1828 369 60 871 1742 2675 2692 15427 5014 199 2436 290 166 397 6642 5964 807 764 48 418 230 437 6659 17475 532
internal_value=0.00789997 0.00850194 0.0077698 0.00713958 0.00756544 0.00207327 -0.000221715 -0.00169857 -0.0056592 0.00411353 0.00163313 -0.002506 0.00769506 0.0114102 0.0228208 0.000887897 0.0207786 0.00286516 0.0120393 -0.0076138 0.0120258 0.00836666 0.0107522 -0.000846049 0.0174005 -0.0130565 0.014193 0.0133579 0.0131058 0.00429143
internal_weight=54195.2 49119.6 39244.6 34185.7 31730.8 5075.63 3719.68 3387.79 2015.13 1372.66 2454.9 1546.4 31533.4 9875.03 200.844 1171.81 137.957 677.944 9197.08 1877.17 5058.85 1355.95 1077.19 278.763 450.653 197.443 2851.08 2664.01 7311.1 338.049
internal_count=156122 138610 113180 99744 91829 17512 13647 12609 7863 4746 7915 5240 91165 25430 568 4178 350 2012 23418 7513 13436 3865 3010 855 1182 664 7472 7035 18404 929
is_linear=0
shrinkage=0.03


Tree=42
num_leaves=31
num_cat=0
split_feature=32 22 24 4 13 13 10 13 3 34 34 34 0 32 25 25 25 2 13 34 13 22 3 2 34 25 2 3 2 34
split_gain=249.708 238.067 163.358 126.85 170.676 243.124 69.7273 62.063 56.7109 112.63 72.2363 63.3946 64.8246 61.4765 55.1187 59.7279 60.0415 51.1438 48.5993 70.2946 47.7629 47.7503 47.5998 52.4485 55.2918 46.8294 46.7478 46.4519 44.1462 40.4608
threshold=14.500000000000002 0.052060112357139594 1.0000000180025095e-35 0.72499999403953563 -14.044625759124754 14.42193651199341 0.1154172644019127 162.99695587158206 0.062197241932153709 3.5000000000000004 5.0000000000000009 1.5000000000000002 -0.12732703238725659 34.500000000000007 0.0031858241418376569 0.011491175740957262 0.0077161986846476802 0.00077229688758961867 -2.5585784847129834e-13 3.5000000000000004 6.8576989173889169 0.5314958691596986 -0.81467494368553151 0.12388594448566438 3.5000000000000004 0.0066336917225271472 0.25759549438953405 0.030139030888676647 0.022083601914346222 1.0000000180025095e-35
decision_type=2 2 2 2 2 2 2 2 2 2 2 2 2 2 2 2 2 2 2 2 2 2 2 2 2 2 2 2 2 2
left_child=1 7 18 4 -4 -6 28 14 10 11 22 12 -10 27 17 16 -16 -1 19 21 -20 -3 -2 24 -24 -25 -22 -12 -5 -17
right_child=8 2 3 6 5 -7 -8 -9 9 -11 13 -13 -14 -15 15 29 -18 -19 20 -21 26 -23 23 25 -26 -27 -28 -29 -30 -31
leaf_value=-0.0012684479122681729 0.028155207398981356 -0.019907697813381652 0.010255607621553265 0.0075701372729531369 0.0011751390496809973 0.0092750862213994995 0.0068389246414551517 0.023779169908366527 -0.031058609614714117 0.022474101256684031 -0.036897391659894377 -0.0030036463061472846 0.013215131742193013 0.017781207619357503 -0.0033693928445400947 0.0054752782520495489 0.025279852506399546 -0.027852653315606157 -0.024953502323016484 0.043207021348351908 -0.026330514618256595 0.060543414814251691 0.015680884199787991 -0.01309741104665013 0.0052011194376147922 0.024177194697360283 0.036260279136447297 0.050461124088524406 0.010994486587873577 -0.0080082537790928665
leaf_weight=109.31891697645187 286.67382392287254 61.52803248167038 5487.0787847042084 4690.3749966025352 9408.2452932447195 5166.7145367264748 9451.0109543204308 70.430417150259018 30.414028078317642 409.44875809550285 54.510013848543167 566.58961014449596 575.76923340559006 43.806869372725487 135.35006742179394 250.83044822514057 126.52149531245232 161.39273773133755 220.92869602143764 29.521150693297386 17.743266522884369 6.4405723810195914 2179.5675769746304 31.004046902060509 574.7759987860918 698.16974933445454 24.198754414916039 5.1803791522979727 12377.769122704864 977.22864636778831
leaf_count=483 621 226 14782 12726 33458 14286 26487 170 107 942 212 1662 1493 114 525 857 377 871 1206 66 67 11 5378 101 1549 1583 52 8 31810 3892
internal_value=0.00765819 0.00697691 0.0073909 0.00754668 0.00574578 0.00404716 0.0089087 -0.00363261 0.0137454 0.00894571 0.0157023 0.00420487 0.0109414 -0.00893407 -0.00474373 -0.00247346 0.0105044 -0.0171726 -0.0127028 0.00532458 -0.0193947 -0.0114735 0.0163816 0.0154041 0.0134977 0.0225724 0.00971529 -0.0285598 0.0100541 -0.00524959
internal_weight=54228.5 48772.6 46941.6 46581.2 20062 14575 26519.2 1831.07 5455.91 1582.22 3873.69 1172.77 606.183 103.497 1760.64 1489.93 261.872 270.712 360.36 97.4898 262.871 67.9686 3770.19 3483.52 2754.34 729.174 41.942 59.6904 17068.1 1228.06
internal_count=156122 142352 135177 133549 62526 47744 71023 7175 13770 4204 9566 3262 1600 334 7005 5651 902 1354 1628 303 1325 237 9232 8611 6927 1684 119 220 44536 4749
is_linear=0
shrinkage=0.03


Tree=43
num_leaves=31
num_cat=0
split_feature=22 15 14 25 0 0 2 13 38 39 0 34 13 3 22 39 0 2 9 34 39 22 22 13 3 25 25 34 3 38
split_gain=188.956 105.297 108.839 81.6019 88.7773 74.4541 87.3159 73.8464 85.7805 79.1444 76.5349 136.665 104.401 68.4234 55.5255 50.9158 44.8915 41.9662 50.3425 33.4855 61.0546 57.8661 33.7702 31.7853 39.4921 31.1247 35.5661 32.6877 30.8115 37.023
threshold=0.076957043260335936 -0.75102069973945607 1.0000000180025095e-35 0.0066336917225271472 0.7145574986934663 0.010514716617763044 0.069315105676651015 7.4298641681671151 -0.17337249219417569 2.1470853090286259 -0.017996257171034809 1.0000000180025095e-35 -76.561855316162095 0.19774176180362704 0.075792770832777037 3.6321082115173344 -0.00058302262914367009 -0.3451762050390243 1.0000000180025095e-35 1.0000000180025095e-35 0.93426933884620678 0.31104663014411932 0.10165798291563989 -18.690364837646481 -0.015641820617020127 0.13341311365365985 0.049196451902389533 5.0000000000000009 -0.54288989305496205 0.098358791321516051
decision_type=2 2 2 2 2 2 2 2 2 2 2 2 2 2 2 2 2 2 2 2 2 2 2 2 2 2 2 2 2 2
left_child=7 17 3 5 13 6 -3 8 9 23 11 -10 16 -5 -13 -14 -12 18 -2 20 21 -4 -22 -1 -25 26 -9 -27 -19 -30
right_child=1 2 19 4 -6 -7 -8 25 10 -11 12 14 15 -15 -16 -17 -18 28 -20 -21 22 -23 -24 24 -26 27 -28 -29 29 -31
leaf_value=0.022454851316049136 0.0087985868934021844 0.00088646481673395358 0.017773020711213446 0.0065772168413877966 -0.012921272220242912 0.0082236585404963057 -0.017202282415033944 0.0055609114632676898 0.031235869082108087 0.034122823692061544 -0.013979015326134332 0.0020919203581163384 -0.0078588132106373037 0.010247600230609838 -0.036700780577228601 0.0086425866449119353 0.0258011631446021 0.016632108528386477 -0.01446219083781836 0.012521123609565579 0.013047926890037172 0.0013271820916892687 -0.025914293277092368 0.011324376594674179 -0.028379648928380581 0.0011929199917582029 0.01661884655145441 -0.048112812148357935 0.011440765394625785 0.0059423166400698882
leaf_weight=39.102123409509659 244.07556596398354 1249.1565310060978 357.15718959271908 26022.847835406661 197.14788410067558 909.81627404689789 296.24015630781651 627.24051412940025 151.58054496347904 120.04567392170429 30.724915400147438 980.00702513754368 1955.1086012274027 5554.5895644873381 33.367980524897575 183.14170537889004 133.57374085485935 845.37902700901031 126.18422882258892 4188.6989700347185 26.363925039768219 417.75609621405602 75.015513435006142 41.808289647102356 46.735910937190056 267.23596774041653 451.75672011077404 11.670722365379332 7356.8175824284554 1303.3849652409554
leaf_count=98 645 4074 899 75738 664 2675 1166 1828 397 310 103 3476 7796 15427 154 647 318 2097 425 10991 72 1205 269 133 215 807 1182 48 18778 3485
internal_value=0.00742639 0.00799514 0.00729852 0.00669058 0.00709776 0.00141895 -0.00258794 0.00191275 -0.000275216 0.0167434 -0.00149624 0.00476591 -0.00466652 0.00722325 0.000776692 -0.00644068 0.0183043 0.0107656 0.000845651 0.0114043 0.00605437 0.00892407 -0.0157243 0.000237364 -0.00968182 0.00789699 0.0102045 -0.00102406 0.0111516 0.0106144
internal_weight=54243.7 49170.6 39294.8 34229.8 31774.6 2455.21 1545.4 5073.1 3715.2 247.692 3467.5 1164.96 2302.55 31577.4 1013.38 2138.25 164.299 9875.84 370.26 5064.99 876.293 774.913 101.379 127.646 88.5442 1357.9 1079 278.907 9505.58 8660.2
internal_count=156122 138610 113180 99744 91829 7915 5240 17512 13647 756 12891 4027 8864 91165 3630 8443 421 25430 1070 13436 2445 2104 341 446 348 3865 3010 855 24360 22263
is_linear=0
shrinkage=0.03


Tree=44
num_leaves=31
num_cat=0
split_feature=22 1 15 7 3 38 38 37 37 37 2 38 3 18 25 1 2 2 0 22 25 0 0 7 0 39 38 25 34 9
split_gain=180.763 122.448 97.3807 87.0884 81.6574 145.464 143.101 313.434 113.574 92.4679 56.6152 63.0743 56.436 51.5284 51.2032 55.3547 107.598 49.4066 88.1011 58.1667 52.9598 51.9794 47.8892 46.4213 46.193 43.3033 49.5649 42.211 42.1677 39.7337
threshold=0.053916210308671005 0.40576252341270452 -0.76984199881553639 0.020161182619631294 0.19774176180362704 0.28561809659004217 0.21416392177343371 1.0000000180025095e-35 1.0000000180025095e-35 1.0000000180025095e-35 0.0091508775949478167 -0.30205127596855158 0.33221402764320379 -21597.621093749996 0.34735971689224249 0.16162642836570743 0.10272953659296037 -0.043819831684231751 -0.084412269294261918 0.044494656845927245 0.12166391685605051 -0.14568119496107099 -0.062380714341998093 0.0083142193034291285 -0.056957658380269997 2.8389308452606206 0.18958308547735217 0.038081597536802299 5.0000000000000009 0.40803587436676031
decision_type=2 2 2 2 2 2 2 2 2 2 2 2 2 2 2 2 2 2 2 2 2 2 2 2 2 2 2 2 2 2
left_child=10 2 13 12 6 8 9 -8 -6 -4 17 -12 -3 28 15 16 -13 18 19 21 22 -1 -20 -15 -19 27 -27 -26 -2 -7
right_child=1 3 4 -5 5 29 7 -9 -10 -11 11 14 -14 23 -16 -17 -18 24 20 -21 -22 -23 -24 -25 25 26 -28 -29 -30 -31
leaf_value=-0.011015031964934285 0.0040711278594866571 0.016025496815882213 0.0077061443347910125 0.010128067894929118 0.014075418799793439 -0.019418572759244135 -0.0069784639929677652 0.021059448390281447 0.0058468220745938344 0.0045151637947843078 0.030270490333175838 -0.0092065822179768792 -0.021083762205353924 0.0068286644485860909 0.030631206150341879 -0.02711620174667885 0.016091089327461713 0.037512312632869534 -0.036977052177820165 -0.019137456916645691 0.036472371117156822 0.026489171238168394 0.0024997077431490738 0.012032656535573586 -0.00066586500622098561 0.05375956799678934 -0.042122337521993312 0.016121833965652844 -0.028350926019365133 0.016425582433582261
leaf_weight=44.736480042338371 602.40821509063244 41.517121613025665 15466.606618538499 169.62083928287029 3968.0993920117617 183.79797779023647 471.10659250617027 1497.2820394337177 2442.3754865676165 17361.453852787614 43.045079842209816 953.4084060639143 284.46061387658119 1960.7660168111324 32.025580406188965 113.38661424815655 178.81843549013138 46.964835301041603 106.24436800181866 53.866084828972816 12.064621374011038 122.56100779771805 36.916486114263535 7373.6585974693298 397.79634742438793 29.606492713093758 4.9610076248645774 202.58774717152119 37.39154089987278 31.890370592474937
leaf_count=183 1732 140 44561 449 10472 645 1519 3744 7152 51717 106 3773 1139 5230 88 536 543 118 495 219 30 370 140 18583 1499 68 21 609 160 81
internal_value=0.00719986 0.00757057 0.00771373 -0.00725569 0.00707234 0.0101261 0.00649046 0.0143473 0.0109422 0.00601884 -0.000884895 -0.00502708 -0.0163137 0.0103761 -0.00624139 -0.00721563 -0.00519787 0.00428127 -0.0044306 0.00771163 -0.0216885 0.0164366 -0.0268298 0.0109407 0.0090937 0.00693129 0.0391172 0.00501121 0.00213033 -0.0140537
internal_weight=54271.4 51892.4 51396.8 495.599 41422.6 6626.16 34796.4 1968.39 6410.47 32828.1 2378.99 1320.68 325.978 9974.22 1277.64 1245.61 1132.23 1058.31 376.389 221.164 155.225 167.297 143.161 9334.42 681.916 634.952 34.5675 600.384 639.8 215.688
internal_count=156122 147324 145596 1728 119891 18350 101541 5263 17624 96278 8798 5046 1279 25705 4940 4852 4316 3752 1437 772 665 553 635 23813 2315 2197 89 2108 1892 726
is_linear=0
shrinkage=0.03


Tree=45
num_leaves=31
num_cat=0
split_feature=32 7 13 13 13 0 18 18 34 13 22 22 18 3 22 3 34 11 32 22 22 34 25 0 32 38 13 38 1 22
split_gain=237.368 211.368 233.57 395.353 258.129 70.3616 68.95 69.9491 69.267 68.6553 68.4642 60.1129 59.3934 60.7604 57.8831 55.6929 58.2172 53.1622 45.8332 45.764 45.3429 42.1852 41.273 38.5028 36.6952 36.1778 34.4885 35.7973 55.1984 38.364
threshold=14.500000000000002 0.0036878566024824981 -7.1858413219451895 0.26420179009437567 -1.2792892423564917e-13 -0.58575236797332753 12210.582519531252 -6884.7631835937491 5.0000000000000009 14.42193651199341 0.39866936206817633 0.13887352496385577 -195.12712097167966 0.13670884072780612 0.15079185366630557 0.29302789270877844 3.5000000000000004 0.70293444395065319 2.5000000000000004 0.10165798291563989 0.03792735934257508 1.5000000000000002 2.3127774000167851 0.096775669604539885 2.5000000000000004 -0.0025044389767572279 -49.38110160827636 0.00096289673820137988 -0.53762453794479359 0.016061432659626011
decision_type=2 2 2 2 2 2 2 2 2 2 2 2 2 2 2 2 2 2 2 2 2 2 2 2 2 2 2 2 2 2
left_child=1 2 19 4 10 -6 7 8 11 20 -4 -3 18 -14 23 26 25 -16 -9 -1 -5 -11 -21 -8 -19 -17 -2 -28 -29 -30
right_child=15 6 3 9 5 -7 14 12 -10 21 -12 -13 13 -15 17 16 -18 24 -20 22 -22 -23 -24 -25 -26 -27 27 28 29 -31
leaf_value=0.0035583070358538764 0.0089601970233029737 0.021919566985703097 0.0011827450551745698 -0.016603485240100212 0.023882549455985606 -0.0092644733088347586 0.0073747972463721464 0.011356590274120488 -0.016181545644637751 0.0049202049261315032 0.01356913887973565 0.0039560757149017037 0.0066626091927242974 0.011510584465779593 -0.015107637160274868 -0.023200722719694474 0.018426254297958956 0.001690286763861928 -0.0015743878025395893 0.0099677557885437928 0.0034059186006708108 0.010331052417678952 -0.024803352883887433 0.035528510581727665 0.029955572924929581 0.0010634008288825591 0.017416857829429484 0.034638740558332083 -0.039404630148009948 0.010696878980893552
leaf_weight=1303.1955855935812 1064.4172272533178 179.01630467176437 2311.4758733063936 104.35714186728001 57.585496336221695 3637.7078833431005 114.05384913086891 8724.7055805176497 143.07442678511143 2101.1980309635401 485.33076864480972 2480.1161150038242 9854.9851535558701 3052.5802409499884 171.16014316678047 75.504159241914749 133.25267069041729 1410.9726414680481 253.21958474814892 5798.0705985575914 3107.475704267621 3411.3899927139282 29.918108358979225 70.977527916431427 41.612775340676308 198.52996650338173 2369.2177223563194 87.70608526468277 12.899010613560675 1511.602421015501
leaf_count=4036 2795 427 7893 414 196 16638 318 22321 528 6020 1372 7044 26725 7808 585 270 311 4203 717 15517 9975 9265 104 151 95 610 5700 175 49 3860
internal_value=0.00698048 0.00631735 0.00416789 0.00206777 -0.00353735 -0.00874079 0.00812991 0.0085442 0.00407748 0.00623898 0.00333731 0.00517431 0.00911576 0.00781017 0.0024721 0.0129174 0.00223128 0.000653761 0.0109914 0.00864778 0.00274988 0.00827044 0.00978452 0.0183235 0.00252213 -0.00567119 0.0137788 0.0150636 0.011595 0.0102454
internal_weight=54297.3 48844.2 22347.7 15216.5 6492.1 3695.29 26496.5 24687.7 2802.21 8724.42 2796.81 2659.13 21885.5 12907.6 1808.78 5453.13 407.287 1623.75 8977.93 7131.18 3211.83 5512.59 5827.99 185.031 1452.59 274.034 5045.84 3981.43 1612.21 1524.5
internal_count=156122 142352 71430 51773 26099 16834 70922 65570 7999 25674 9265 7471 57571 34533 5352 13770 1191 4883 23038 19657 10389 15285 15621 469 4298 880 12579 9784 4084 3909
is_linear=0
shrinkage=0.03


Tree=46
num_leaves=31
num_cat=0
split_feature=32 7 13 13 13 13 2 38 37 38 38 1 38 22 2 13 4 13 13 38 2 0 24 0 32 1 34 0 1 34
split_gain=223.591 198.709 221.348 270.643 202.357 215.602 58.587 85.1374 59.7783 80.3621 67.8181 66.3766 62.8927 56.559 51.3491 48.5695 41.3328 40.4418 40.3773 40.0217 41.6078 39.5473 38.2053 34.3769 34.2067 40.9499 39.1216 33.9394 32.4748 38.8294
threshold=14.500000000000002 0.0036878566024824981 -24.068349838256832 14.42193651199341 -3.5089076826436135e-12 1.8275560508288979e-13 0.021023187786340717 -0.30205127596855158 1.0000000180025095e-35 -0.15008940547704694 -0.16974265873432157 -0.081088017672300325 -0.17874462902545926 0.10165798291563989 0.48750357329845434 909.35595703125011 14.025000095367433 -49.38110160827636 292.39723205566412 -0.17874462902545926 0.11671401187777521 -0.24191039055585858 2.5000000000000004 0.41971938312053686 39.000000000000007 1.0000000180025095e-35 5.0000000000000009 0.7145574986934663 -0.44150067865848536 5.0000000000000009
decision_type=2 2 2 2 2 2 2 2 2 2 2 2 2 2 2 2 2 2 2 2 2 2 2 2 2 2 2 2 2 2
left_child=1 2 27 4 13 -6 7 -3 10 12 18 -11 -10 -4 17 21 -12 24 -8 22 -21 -9 -5 28 25 26 -2 -1 29 -19
right_child=14 6 3 19 5 -7 8 15 9 11 16 -13 -14 -15 -16 -17 -18 23 -20 20 -22 -23 -24 -25 -26 -27 -28 -29 -30 -31
leaf_value=0.010030698713882595 0.0044703328490590657 -0.0096441637404817305 -0.00071403772990115703 0.00095363523760281306 -0.0081267987212724404 0.0021058623607549142 0.020510908895833731 0.0096488579554932282 0.0021232711995951624 0.010467356013964762 0.010655078708782123 0.0051731584141299072 -0.018986529711996263 0.0067769230583204039 -0.0031448603605432075 -0.0055480307432997237 0.0058419761832776652 0.023296886263036463 0.0086215622275655473 0.0097321655997496294 0.0043145712331791874 0.0049499327827784287 0.024936686809810558 0.046141580499525318 0.018513132613775074 0.022282603964566695 -0.024589039249051488 -0.025163692556347414 0.013184672438665428 -0.013520413173393902
leaf_weight=4653.964473336935 725.64881794154644 314.27393905818462 1221.1331043690443 81.856060013175011 3764.5620847791433 3647.6592833846807 867.22002297639847 2675.3280967324972 632.92821027338505 4376.8214873969555 6411.8398932218552 4167.3916733115911 157.82066732645035 3516.9186971783638 181.07701197266579 297.74656198918819 2152.4147831052542 478.55709663033485 369.80195584893227 2959.1370615512133 2251.7934349030256 4077.521253824234 224.1859777122736 29.810559198260307 219.41358695924282 110.35422201454639 43.221395462751389 23.82258577644825 3636.7835543453693 26.514877587556839
leaf_count=12405 1960 1069 4138 238 17323 12037 2039 7157 1827 11479 16471 11368 516 10157 574 921 5832 1066 986 8126 6405 11257 516 54 530 250 163 85 9090 83
internal_value=0.00677105 0.00612757 0.00404319 0.00250627 3.83699e-06 -0.00309115 0.00788472 0.00560842 0.0087603 0.00703961 0.0103979 0.0078864 -0.00210477 0.00484591 0.0125342 0.00628999 0.0094466 0.0130739 0.0169689 0.00801595 0.00739292 0.00681314 0.0185558 0.0144243 0.00793516 0.00527395 0.00280307 0.00984548 0.0141842 0.0213353
internal_weight=54297.5 48846.1 22345 17667.2 12150.3 7412.22 26501.1 7364.87 19136.2 9334.96 9801.28 8544.21 790.749 4738.05 5451.38 7050.6 8564.25 5270.3 1237.02 5516.97 5210.93 6752.85 306.042 4171.67 1098.64 879.224 768.87 4677.79 4141.86 505.072
internal_count=156122 142352 71430 58940 43655 29360 70922 20404 50518 25190 25328 22847 2343 14295 13770 19335 22303 13196 3025 15285 14531 18414 754 10293 2903 2373 2123 12490 10239 1149
is_linear=0
shrinkage=0.03


Tree=47
num_leaves=31
num_cat=0
split_feature=22 1 15 7 24 39 3 38 38 3 2 38 34 18 7 2 0 22 0 13 7 0 39 38 13 13 3 0 1 1
split_gain=157.742 112.03 85.8136 80.3017 75.0093 81.9935 71.6237 135.094 131.271 53.5436 53.3434 58.0077 49.4046 46.4203 54.7589 45.5893 82.9577 54.7156 48.3701 44.9198 44.2396 42.6254 40.1709 46.5581 39.4467 38.7391 38.6497 43.6042 37.7795 36.3729
threshold=0.053916210308671005 0.40576252341270452 -0.76984199881553639 0.020161182619631294 1.0000000180025095e-35 -1.2734763026237486 0.19774176180362704 0.28561809659004217 0.21416392177343371 0.33221402764320379 0.0091508775949478167 -0.30205127596855158 3.5000000000000004 -6404.6569824218741 0.0083142193034291285 -0.043819831684231751 -0.084412269294261918 0.044494656845927245 -0.14568119496107099 -80.418350219726548 0.072311177849769606 -0.056957658380269997 2.8389308452606206 0.18958308547735217 154.50493621826175 221.72094726562503 0.11362256109714509 -0.062380714341998093 -0.15994215011596677 -0.036042669788002961
decision_type=2 2 2 2 2 2 2 2 2 2 2 2 2 2 2 2 2 2 2 2 2 2 2 2 2 2 2 2 2 2
left_child=10 2 13 9 5 -4 8 -8 -6 -3 15 -12 -7 20 -15 16 17 18 -1 -13 -2 -17 24 -24 -23 29 27 -18 -19 -21
right_child=1 3 4 -5 6 12 7 -9 -10 -11 11 19 -14 14 -16 21 26 28 -20 25 -22 22 23 -25 -26 -27 -28 -29 -30 -31
leaf_value=-0.010821090903625343 0.0070504515584176751 0.015399170609368738 0.022401477176842734 0.0093796560164236403 0.0055739079304603836 -0.019136681327655034 0.010232727654287933 -0.013926272943135002 0.013567181786247244 -0.020711662046374334 0.028796906804461703 0.020465707554427389 0.0061181890722559074 0.0060873327712471625 0.011900491194836689 0.035803939603046848 -0.033759916342929859 0.020635703459885371 0.025406604243326459 0.021433328848597839 -0.0067160418405570682 0.0030422980793576087 0.051432634167390606 -0.041610670847241002 0.040774204617249059 0.021604999311155563 0.049560827982339933 0.0034943876184044893 -0.034288894887465109 -0.0092913641901752209
leaf_weight=44.456060394644737 1615.1261827200651 41.6556396484375 73.757856488227844 169.72062261402607 32485.2461630404 252.89863179624081 6377.9203169047832 214.40687797963619 1960.9857887029648 282.56172350049019 43.106857150793076 53.453119829297066 95.326468467712402 1914.7286837697029 6199.3322989046574 47.386763870716095 110.29705494642258 14.919887542724608 123.33050267398357 34.781620100140572 240.45557014644146 575.14561782777309 29.937145158648491 4.92447705566883 25.103011533617973 39.146391004323959 5.7202992439270011 37.482304617762566 38.532172188162804 1145.0462281405926
leaf_count=183 4313 140 194 449 94711 1218 17482 720 5223 1139 106 135 343 5106 15494 118 512 42 370 109 792 2058 68 21 50 94 12 141 177 4602
internal_value=0.00656804 0.0069137 0.00705033 -0.00729156 0.00644885 -0.00612022 0.00657831 0.00944454 0.00602942 -0.0160298 -0.000994691 -0.00502645 -0.0122169 0.00955048 0.01053 0.00401926 -0.00437514 0.00736567 0.0157828 -0.00619637 0.00526225 0.00863242 0.00654728 0.0374121 0.00469047 -0.0073838 -0.0212547 -0.0243307 -0.0188055 -0.00836567
internal_weight=54296.9 51924.1 51430.2 493.938 41460.5 421.983 41038.6 6592.33 34446.2 324.217 2372.77 1315.53 348.225 9969.64 8114.06 1057.24 374.738 221.239 167.787 1272.43 1855.58 682.497 635.11 34.8616 600.249 1218.97 153.5 147.779 53.4521 1179.83
internal_count=156122 147324 145596 1728 119891 1755 118136 18202 99934 1279 8798 5046 1561 25705 20600 3752 1437 772 553 4940 5105 2315 2197 89 2108 4805 665 653 219 4711
is_linear=0
shrinkage=0.03


Tree=48
num_leaves=31
num_cat=0
split_feature=32 22 24 13 13 13 13 14 7 18 37 38 38 22 13 34 0 25 22 20 0 25 0 38 37 38 37 13 13 37
split_gain=211.81 181.134 150.847 128.48 113.15 85.2865 212.258 96.0117 84.1779 65.2174 63.4147 100.816 92.5895 60.9209 47.0536 43.8171 82.1507 60.4578 52.2949 62.5064 51.51 41.9268 57.2677 41.1965 103.819 38.5161 47.745 47.6398 36.3508 40.4574
threshold=14.500000000000002 0.091962940990924849 1.0000000180025095e-35 4.0227215290069589 -0.39554665982723231 -16.770277023315426 14.42193651199341 1.0000000180025095e-35 0.054469127207994468 2520.7758789062505 1.0000000180025095e-35 -0.0012146715889684854 -0.039388116449117654 1.4390209317207339 -431.91746520996088 3.5000000000000004 0.085054349154233946 0.17858509719371798 0.59500816464424144 -1.0000000180025095e-35 0.0039897924289107331 0.0031858241418376569 -0.086589634418487535 -0.080120008438825593 1.0000000180025095e-35 0.038658749312162406 1.0000000180025095e-35 199.93012237548831 -9.6263103485107404 1.0000000180025095e-35
decision_type=2 2 2 2 2 2 2 2 2 2 2 2 2 2 2 2 2 2 2 2 2 2 2 2 2 2 2 2 2 2
left_child=1 3 15 4 10 8 7 -7 9 -4 12 -12 -1 -8 -10 18 17 -17 19 -3 -20 22 -6 24 -5 27 -27 -25 29 -2
right_child=28 2 5 23 21 6 13 -9 14 -11 11 -13 -14 -15 -16 16 -18 -19 20 -21 -22 -23 -24 25 -26 26 -28 -29 -30 -31
leaf_value=0.019100050216682422 0.012580206021855906 -0.002713061720458489 0.0097901848967054186 0.021203619144312867 0.019746504629213936 0.0012704383731565658 0.0080482258369187921 0.010696901196410308 -0.003524165317518581 0.0037130881838436424 -0.01368877723978937 0.0052056420424355021 0.001263686710462186 -0.0039091345325940113 0.0069998694868240573 0.043054170342024682 -0.04483858657728413 -0.038577797807966434 0.078708605144855504 -0.036248415550590211 -0.031516583950624774 -0.0057030440944805518 -0.022888495958325619 -0.0016347733887372526 -0.010543960362239009 0.00066156630249985572 0.017764520231404183 0.015269060301145916 0.013645789109844793 0.0033283767445893221
leaf_weight=389.21375189721584 932.18747739493847 77.616999417543411 12677.594960600138 411.60673528909683 31.043791308999062 9433.1651359945536 15330.517286285758 1083.4715316146612 780.88553828001022 1820.9166317284107 449.94552655518055 581.28328463435173 798.49736116826534 392.41353240609169 747.04075439274311 39.627774879336357 19.123054832220078 9.349592596292494 8.1466139405965787 141.62762324512005 5.7628183364868155 1569.3467289656401 254.75223936140537 914.23370300233364 118.75603820383549 253.92712333798409 349.02542768418789 178.44984696805477 3730.1653144806623 785.48078681528568
leaf_count=1044 2314 293 33080 1033 115 31289 41069 2958 2497 5141 1570 1798 2473 1174 2028 108 87 48 17 818 36 6848 1428 2867 391 774 918 450 9292 2164
internal_value=0.00636889 0.00574304 0.0064457 0.000994665 -0.00217152 0.00659664 0.00554266 0.00224281 0.00832163 0.00902746 0.00239857 -0.00304074 0.00712235 0.00774937 0.00162054 -0.0146727 0.0063913 0.0269508 -0.020839 -0.0244561 0.0337891 -0.00763777 -0.0181942 0.00678921 0.0140828 0.00449921 0.0105798 0.00113454 0.0119802 0.00835554
internal_weight=54315.2 48867.3 42567.3 6300.08 4074.08 42266 26239.6 10516.6 16026.4 14498.5 2218.94 1031.23 1187.71 15722.9 1527.93 301.254 68.1004 48.9774 233.154 219.245 13.9094 1855.14 285.796 2226 530.363 1695.64 602.953 1092.68 5447.83 1717.67
internal_count=156122 142352 120643 21709 15276 119236 76490 34247 42746 38221 6885 3368 3517 42243 4525 1407 243 156 1164 1111 53 8391 1543 6433 1424 5009 1692 3317 13770 4478
is_linear=0
shrinkage=0.03


Tree=49
num_leaves=31
num_cat=0
split_feature=32 22 24 7 13 14 10 7 13 2 25 25 25 2 4 13 34 22 13 2 0 13 25 38 22 18 0 32 34 38
split_gain=199.52 171.461 131.377 97.0368 139.519 145.764 73.5606 50.5267 49.4423 47.7943 46.0419 54.4569 54.2846 49.3043 42.3496 41.4907 63.0382 44.0972 41.2835 42.3747 37.1122 36.969 36.1332 33.6564 49.6669 63.5706 45.0553 33.0073 49.9926 32.7058
threshold=14.500000000000002 0.052060112357139594 1.0000000180025095e-35 0.0058453066740185031 -44.999517440795891 1.0000000180025095e-35 0.018320652656257156 0.054469127207994468 162.99695587158206 0.48750357329845434 0.0031858241418376569 0.011491175740957262 0.0077161986846476802 0.00077229688758961867 18.97500038146973 -2.5585784847129834e-13 3.5000000000000004 0.5314958691596986 6.8576989173889169 0.25759549438953405 -0.056957658380269997 -49.38110160827636 0.041977742686867721 0.00096289673820137988 0.41785717010498052 179.8093185424805 0.29532547295093542 34.500000000000007 5.0000000000000009 0.33548377454280859
decision_type=2 2 2 2 2 2 2 2 2 2 2 2 2 2 2 2 2 2 2 2 2 2 2 2 2 2 2 2 2 2
left_child=1 8 15 4 -4 -6 14 -8 10 21 13 12 -12 20 -5 16 17 -3 -17 -20 -1 27 -13 -23 26 -26 -25 28 -2 -29
right_child=9 2 3 6 5 -7 7 -9 -10 -11 11 22 -14 -15 -16 18 -18 -19 19 -21 -22 23 -24 24 25 -27 -28 29 -30 -31
leaf_value=-0.018980296257347606 0.0050324045085147276 -0.019890830389395295 0.01003926814464978 0.0096526154844535084 0.002553714172798096 0.010957707196679631 0.0064455475929783967 0.0010372267724014046 0.0209194273127827 -0.0034889333537525867 -0.0033119769985036902 -0.010948018439955453 0.0239212219536519 -0.02682480222408299 0.0052839153923198929 -0.023984384214874373 0.039938205642312985 0.056906628855701899 -0.026126500740093411 0.03347542319078136 0.016055007450599134 0.015620674612513557 -0.0005365212853082772 0.0092157302320479625 0.035505929625446478 -0.01215329031557769 -0.023889562763577753 0.015075278413834539 -0.03228113453870151 -0.047605901989652193
leaf_weight=50.270728319883347 653.3793925344944 61.234431281685829 3537.0303008705378 10907.138260826468 16061.66732634604 2099.9612317085266 9793.7774981409311 1850.1193729490042 70.79821452498436 181.32828299701214 134.54106947779655 532.52715119719505 127.36666704714298 154.80999495089054 2453.9191828519106 213.12340341508389 29.80157183110714 6.558935120701789 17.642885655164719 24.340973079204559 56.979025736451149 2522.1767915338278 687.11939723789692 1450.8758219778538 125.96549443900585 30.780853927135468 36.985978171229362 405.02491672337055 32.987523689866066 6.6619340032339087
leaf_count=246 1743 226 9241 27871 51845 5658 26714 5635 170 574 525 2230 377 871 6585 1206 66 11 67 52 237 6106 2519 3720 247 92 128 1002 131 27
internal_value=0.00617757 0.00557026 0.00591922 0.00605711 0.00458839 0.00352615 0.00733127 0.00558663 -0.00347654 0.0116246 -0.00448026 -0.00242249 0.00996083 -0.016049 0.00885093 -0.0122956 0.00428438 -0.0116979 -0.0186422 0.00833398 -0.000362864 0.0121463 -0.00509014 0.0134383 0.0100822 0.0261102 0.00837528 0.0072327 0.00319036 0.0139408
internal_weight=54316.9 48870.7 47056.3 46703.6 21698.7 18161.6 25005 11643.9 1814.41 5446.17 1743.61 1481.55 261.908 262.06 13361.1 352.702 97.5949 67.7934 255.107 41.9839 107.25 5264.84 1219.65 4166.78 1644.61 156.746 1487.86 1098.05 686.367 411.687
internal_count=156122 142352 135177 133549 66744 57503 66805 32349 7175 13770 7005 5651 902 1354 34456 1628 303 237 1325 119 483 13196 4749 10293 4187 339 3848 2903 1874 1029
is_linear=0
shrinkage=0.03


Tree=50
num_leaves=31
num_cat=0
split_feature=32 22 24 13 13 39 38 37 39 38 7 13 39 37 34 2 3 34 34 38 34 39 32 37 12 18 7 34 39 34
split_gain=188.074 162.857 135.37 118.836 104.37 84.0375 407.986 212.342 107.663 181.946 102.144 95.833 62.6482 82.5228 60.8862 56.7341 51.5894 101.181 61.9276 90.4851 61.1121 57.6109 55.5084 49.8307 45.2432 42.8663 42.8429 50.2436 42.3512 68.9878
threshold=14.500000000000002 0.091962940990924849 1.0000000180025095e-35 4.0227215290069589 -2.0756864547729488 2.0029824972152714 -0.025485199876129624 1.0000000180025095e-35 -0.79906469583511341 0.21416392177343371 0.015286705922335388 -18.690364837646481 2.1470853090286259 1.0000000180025095e-35 1.5000000000000002 0.421768069267273 0.062197241932153709 3.5000000000000004 1.5000000000000002 0.22577808797359469 5.0000000000000009 -2.526973962783813 34.500000000000007 1.0000000180025095e-35 0.44234342873096472 -8634.8535156249982 0.048362217843532569 3.5000000000000004 -1.2734763026237486 3.5000000000000004
decision_type=2 2 2 2 2 2 2 2 2 2 2 2 2 2 2 2 2 2 2 2 2 2 2 2 2 2 2 2 2 2
left_child=1 3 28 4 15 8 7 -7 9 -4 -8 -10 14 -14 -6 23 20 18 19 25 24 -21 -22 -1 26 -18 27 -2 -3 -30
right_child=16 2 5 -5 12 6 10 -9 11 -11 -12 -13 13 -15 -16 -17 17 -19 -20 21 22 -23 -24 -25 -26 -27 -28 -29 29 -31
leaf_value=0.0078267687548799515 0.016372120385482612 0.010031166907624775 0.0038058284786743569 0.0064661472004730056 -0.0019696274549468474 0.015765727835048739 -0.010966015391394626 -0.020401767323103222 0.010359863658363121 0.015401616837898138 0.0061213444111411002 0.0063579151591079651 0.0064233944840238234 -0.022944794671789316 -0.014988293617564463 -0.027835411569220262 -0.032546042715393089 0.019565693006713493 -0.0048988070929660366 0.042081283287725917 -0.028328306771340864 -0.042430019482589537 0.015758316466747194 -0.0016491904046917927 0.006799806511568059 0.013952689632869971 0.029322421640337479 0.0063525141118592207 -0.029291330744552074 0.0062147188038261299
leaf_weight=1070.2723514735699 2324.684896543622 52.875011309981346 14848.610114395618 2227.3306410461664 499.09544497728348 1583.4091595113277 1560.5967817902565 160.01081278920174 9028.1836490184069 1326.0729209333658 393.4249240309 13386.364196792245 484.56185103952885 103.66533154249191 921.76553811132908 52.692624896764755 17.494911760091782 407.38010427355766 566.8387077152729 7.8110841065645209 59.171525299549103 43.347663447260857 43.922724515199661 934.34802787005901 687.82783487439156 536.93653102219105 185.53028738498688 562.13210119307041 175.34804654121399 67.731028288602829
leaf_count=3125 5574 158 42700 6433 2109 4304 5493 613 23387 3422 1046 38271 1901 544 4379 210 63 942 1662 14 220 172 114 3008 1785 1351 404 1469 1006 243
internal_value=0.00599195 0.00540253 0.00606828 0.000897408 -0.00215292 0.00620995 0.00188765 0.0124348 0.00662396 0.00475758 -0.00752272 0.00797035 -0.00701524 0.00121249 -0.010422 0.00259508 0.0112821 0.00670438 0.00222008 0.00888546 0.0131511 -0.0289096 -0.00954568 0.00340993 0.0137766 0.0124241 0.0153348 0.014425 -0.0141163 -0.0194008
internal_weight=54319.4 48876.4 42582.6 6293.73 4066.4 42286.7 3697.44 1743.42 38589.2 16174.7 1954.02 22414.5 2009.09 588.227 1420.86 2057.31 5443.08 1579.81 1172.43 605.59 3863.27 51.1587 103.094 2004.62 3760.18 554.431 3072.35 2886.82 295.954 243.079
internal_count=156122 142352 120643 21709 15276 119236 11456 4917 107780 46122 6539 61658 8933 2445 6488 6343 13770 4204 3262 1600 9566 186 334 6133 9232 1414 7447 7043 1407 1249
is_linear=0
shrinkage=0.03


Tree=51
num_leaves=31
num_cat=0
split_feature=32 22 24 1 1 7 14 39 13 13 0 2 13 2 13 13 0 32 1 1 2 1 39 2 1 37 10 0 22 0
split_gain=177.376 154.586 116.722 105.965 135.908 105.2 86.055 74.7418 49.7397 45.7574 45.5368 44.5502 44.3266 41.0137 34.3549 34.2574 32.5886 30.7895 42.4091 30.4745 47.2261 30.0485 31.6628 30.0198 29.3242 27.1467 23.8241 22.8634 22.7285 21.8639
threshold=14.500000000000002 0.052060112357139594 1.0000000180025095e-35 0.32956103980541235 0.16162642836570743 0.023130468092858795 1.0000000180025095e-35 -1.2734763026237486 -2.5585784847129834e-13 162.99695587158206 0.34655277431011206 0.48750357329845434 -10.408123493194578 0.0064991791732609281 51.828136444091804 -49.38110160827636 0.41971938312053686 34.500000000000007 0.0041858486365526923 0.16162642836570743 0.10272953659296037 -0.44150067865848536 -4.3183376789093009 0.53864380717277538 -0.12586073577404019 1.0000000180025095e-35 0.63743132352828991 0.31427079439163214 0.061728257685899741 -0.0099840196780860407
decision_type=2 2 2 2 2 2 2 2 2 2 2 2 2 2 2 2 2 2 2 2 2 2 2 2 2 2 2 2 2 2
left_child=1 9 7 4 6 14 -4 13 24 12 -6 15 -1 -3 -5 17 21 18 25 20 -14 -17 -23 -21 -9 -2 -19 -15 -10 -11
right_child=11 2 3 5 10 -7 -8 8 28 29 -12 -13 19 27 -16 16 -18 26 -20 23 -22 22 -24 -25 -26 -27 -28 -29 -30 -31
leaf_value=0.0056804284066918169 0.0051841434234808099 -0.040795177230368566 0.0050714325083655847 -0.012280859060976845 0.019092441817658099 0.010918383622958728 0.0089340944026222932 0.022624139361108936 0.025923232171271581 0.03972344694033747 0.009267744552028969 -0.0036384284274287326 -0.0068318007283836206 0.040970694157950398 0.0029527341568361871 0.019366297145942579 0.043647757386900778 0.014650324557523966 0.022312242809964595 -0.027318406278849943 0.018121481302377757 0.035435159369052442 0.011173379118877828 0.055320161996117362 -0.015669896118200109 -0.0078241959240806843 -0.022247346055905001 0.0016543761953763819 -0.027449210689606901 0.005881229906665046
leaf_weight=322.67779770493507 358.98913073539734 8.5891337245702726 37856.543403863907 643.86319103837013 860.512535572052 330.40138578414917 6020.6542094796896 34.874645039439201 6.6292100697755805 28.910863533616066 847.84638564288616 181.33471524715424 1255.7586122751236 35.098523989319801 167.13155511021614 501.76714533567429 29.637275576591492 395.93126092851162 86.621157914400101 84.503137826919556 71.175870776176453 48.426162257790565 3581.2129790186882 3.2147895991802207 35.091100215911865 240.06735448539257 15.475571125745772 21.48485703766346 205.20281571149826 41.953662812709808
leaf_count=991 949 40 109273 2456 2226 856 15975 89 27 57 2292 574 5322 76 471 1149 54 978 194 454 232 95 8995 6 138 731 51 64 1194 113
internal_value=0.00581186 0.00523968 0.00557036 0.00569921 0.00592531 -0.00332517 0.00560171 -0.0117402 -0.0184345 -0.00336571 0.0142265 0.0109513 -0.0043352 0.0170009 -0.00913802 0.0114556 0.0127005 0.0067242 0.00281806 -0.00662425 -0.00547843 0.0124672 0.0115076 -0.0236665 0.00342544 -2.82022e-05 0.0132045 0.0263823 -0.0256509 0.0200903
internal_weight=54321.6 48882.1 47073.9 46727 45585.6 1141.4 43877.2 346.97 281.798 1808.19 1708.36 5439.46 1737.33 65.1725 810.995 5258.13 4161.04 1097.08 685.678 1414.65 1326.93 4131.41 3629.64 87.7179 69.9657 599.056 411.407 56.5834 211.832 70.8645
internal_count=156122 142352 135177 133549 129766 3783 125248 1628 1448 7175 4518 13770 7005 180 2927 13196 10293 2903 1874 6014 5554 10239 9090 460 227 1680 1029 140 1221 170
is_linear=0
shrinkage=0.03


Tree=52
num_leaves=31
num_cat=0
split_feature=32 7 13 13 13 0 18 18 34 13 22 22 0 22 14 7 2 34 18 32 22 25 10 13 37 2 25 22 2 34
split_gain=167.342 150.074 179.42 303.253 223.299 65.8564 64.6543 70.32 62.9253 59.886 57.9619 57.256 54.9264 61.5192 51.7133 45.6948 41.9594 38.5469 37.7088 41.2877 37.0752 35.8163 32.8807 32.6281 33.3435 55.6112 46.8743 39.4263 31.9995 30.5921
threshold=14.500000000000002 0.0043386188335716733 -7.9095599651336661 0.26420179009437567 -1.2792892423564917e-13 -0.58575236797332753 4290.4055175781259 -6884.7631835937491 5.0000000000000009 32.133190155029304 0.17249879240989688 0.13887352496385577 0.076645404100418105 0.14964646100997928 1.0000000180025095e-35 0.036802729591727264 0.48750357329845434 1.5000000000000002 -195.12712097167966 2.5000000000000004 0.1005675680935383 2.3127774000167851 0.74672389030456554 -9.6263103485107404 1.0000000180025095e-35 0.12388594448566438 0.029543699696660045 0.03792735934257508 0.79851639270782482 1.0000000180025095e-35
decision_type=2 2 2 2 2 2 2 2 2 2 2 2 2 2 2 2 2 2 2 2 2 2 2 2 2 2 2 2 2 2
left_child=1 2 20 4 10 -6 7 8 11 14 -4 -3 22 -14 -5 -15 23 -11 19 -9 29 28 -8 24 27 26 -26 -2 -22 -1
right_child=16 6 3 9 5 -7 12 18 -10 17 -12 -13 13 15 -16 -17 -18 -19 -20 -21 21 -23 -24 -25 25 -27 -28 -29 -30 -31
leaf_value=0.011053663868483433 -0.046136295397559493 0.020213275614961154 -0.0013237334543350194 0.0016675461432055848 0.023147127855725511 -0.0088496227309014033 -0.00080400853420462383 0.0096928824608271055 -0.016494246740248936 0.0040391589764504797 0.0071002663106015419 0.0026738370457743636 0.022530984943976023 0.010892591733027101 0.010658138887201482 -0.00057030259598362244 -0.003531625419943485 0.010137086937986777 0.0066868323069659997 -0.0026646784961210992 0.0085677408663464311 -0.023635800520257343 0.010649677371676597 0.012712456150278693 -0.018109727122493417 0.016096108390483716 0.0027313671620841184 0.012009873313519314 -0.018290271563911192 2.4183533894002073e-05
leaf_weight=293.3040370196104 9.6351993530988675 178.74556729197502 1514.264912173152 4271.9439845532179 57.85805706679821 3603.3230725079775 2224.2041940540075 8601.829280897975 143.08174659311771 1505.4678295254707 1426.2741206884384 2486.0025846064091 213.68641684949398 621.50980986654758 664.8921073526144 628.32202862203121 181.2456740885973 2469.9271519035101 10595.194643884897 249.6306616216898 5842.0375007390976 30.625113442540169 250.00442285835743 3618.2297890633345 128.86732929944992 199.67811430990696 383.93162886798382 914.30332688987255 39.227117985486984 982.32838897407055
leaf_count=840 37 425 5386 13486 196 16641 6581 22018 528 4239 4280 7041 500 1615 1839 1849 574 6526 28091 706 15552 105 687 8946 409 478 1064 2262 132 3089
internal_value=0.00563676 0.00508129 0.00329552 0.00147974 -0.00339304 -0.00833697 0.00662877 0.00725587 0.0028149 0.00508955 0.00276223 0.00385861 0.00308297 0.00768781 0.00288092 0.00513166 0.0106306 0.00783017 0.00789675 0.00934377 0.00721362 0.00821466 0.000355943 0.0111202 0.00759225 0.00270459 -0.00252525 0.011351 0.00838501 0.0025692
internal_weight=54329.6 48893.7 22701.5 15514 6601.72 3661.18 26192.2 22254.5 2807.83 8912.23 2940.54 2664.75 3937.73 1463.52 4936.84 1249.83 5435.89 3975.39 19446.7 8851.46 7187.52 5911.89 2474.21 5254.65 1636.42 712.477 512.799 923.939 5881.26 1275.63
internal_count=156122 142352 72311 52593 26503 16837 70041 58809 7994 26090 9666 7466 11232 3964 15325 3464 13770 10765 50815 22724 19718 15789 7268 13196 4250 1951 1473 2299 15684 3929
is_linear=0
shrinkage=0.03


Tree=53
num_leaves=31
num_cat=0
split_feature=32 7 13 13 13 13 3 18 18 1 32 7 38 3 34 34 38 34 32 37 38 12 2 34 3 32 18 25 18 38
split_gain=157.693 141.125 170.784 215.481 163.501 173.388 64.5151 60.8502 66.1744 64.7204 59.918 59.74 58.0546 48.0633 94.5439 58.6352 85.7896 56.3456 51.6748 46.8113 45.9586 42.718 41.4882 43.4107 41.0409 40.436 40.2217 39.9928 40.1083 39.5552
threshold=14.500000000000002 0.0043386188335716733 -24.068349838256832 14.42193651199341 -3.5089076826436135e-12 1.8275560508288979e-13 -0.25022707879543299 4290.4055175781259 -6884.7631835937491 0.16162642836570743 2.5000000000000004 0.072311177849769606 0.27354964613914495 0.062197241932153709 3.5000000000000004 1.5000000000000002 0.22577808797359469 5.0000000000000009 34.500000000000007 1.0000000180025095e-35 0.38996547460556036 0.44234342873096472 0.1323753893375397 3.5000000000000004 0.030139030888676647 39.000000000000007 -8634.8535156249982 0.0071966559626162061 1440.0567016601565 -0.17874462902545926
decision_type=2 2 2 2 2 2 2 2 2 2 2 2 2 2 2 2 2 2 2 2 2 2 2 2 2 2 2 2 2 2
left_child=1 2 -1 4 6 -6 -4 8 11 10 -9 -3 -11 17 15 16 26 21 24 -18 -12 22 23 -2 -19 -23 -15 -16 -29 -5
right_child=13 7 3 29 5 -7 -8 9 -10 12 20 -13 -14 14 27 -17 19 18 -20 -21 -22 25 -24 -25 -26 -27 -28 28 -30 -31
leaf_value=0.0082111717954282994 0.014638418436713768 0.0045451932673753791 0.011652039425609497 0.01702306888568543 -0.0077465206950685962 0.001424724420458566 0.0023527006576976217 0.0012697943869468932 0.0076604576738247407 0.021156844372381609 0.027484079191251554 -0.0078131501871025796 -0.038645964440023731 -0.032082905440992932 -0.042556137204070608 -0.0053613840980035517 -0.041607291439634826 -0.035784210790972361 0.014689666081187706 0.032331266905979622 -0.047598664429538043 0.0021752869295893242 0.021830477786849718 0.0049402509799937244 0.046595047332951244 0.020032344965209153 0.012986998738272889 0.023468062306099664 -0.0046544188587468605 0.0060724895100774832
leaf_weight=4816.4331005215645 2001.5403345525265 2396.2008263170719 806.89855055510998 314.11025886237621 3730.3298038095236 3688.511549025774 3989.6419321298599 3563.3723423033953 19445.196780726314 240.34616768360138 112.81608918309212 411.55195319652557 14.615098148584364 17.465631380677223 8.5455405414104444 566.58331272006035 42.484203308820724 53.768153995275497 43.976145774126053 8.5407849252223951 6.9194840639829627 542.87357933819294 536.96605096757412 527.09492759406567 5.1525082588195792 143.79271338880062 536.2297627478838 345.36278674006462 52.026327386498451 5348.1640341281891
leaf_count=12840 4842 6602 2186 771 17324 12114 12220 10323 50815 570 254 1392 57 63 33 1662 169 212 114 17 28 1453 1213 1392 8 332 1351 763 146 14856
internal_value=0.00546888 0.00492972 0.0031976 0.00184634 -0.00039593 -0.00318676 0.00391981 0.00643028 0.00703871 0.00299052 0.00197529 0.00273054 0.0175795 0.0103183 0.0058972 0.00156508 0.00805781 0.0121243 -0.00968725 -0.0287899 0.0227619 0.0127256 0.0142415 0.0126208 -0.0278728 0.00594274 0.0115046 0.0183554 0.0197763 0.00668339
internal_weight=54317.5 48885.1 22694.1 17877.7 12215.4 7418.84 4796.54 26191 22252.9 3938.07 3683.11 2807.75 254.961 5432.4 1577.24 1171.3 604.72 3855.16 102.897 51.025 119.736 3752.27 3065.6 2528.64 58.9207 686.666 553.695 405.935 397.389 5662.27
internal_count=156122 142352 72311 59471 43844 29438 14406 70041 58809 11232 10605 7994 627 13770 4204 3262 1600 9566 334 186 282 9232 7447 6234 220 1785 1414 942 909 15627
is_linear=0
shrinkage=0.03


Tree=54
num_leaves=31
num_cat=0
split_feature=32 22 24 13 13 39 2 34 39 13 34 0 39 2 34 3 1 13 22 34 0 39 2 24 13 22 2 10 32 3
split_gain=148.747 136.303 115.84 101.078 86.0801 75.7516 116.199 134.759 101.572 81.9453 79.1598 73.9961 52.7754 73.2909 53.4807 46.4508 79.1193 42.6494 39.9118 50.0546 76.2759 61.1868 46.3681 38.8894 47.3293 37.4585 33.7796 29.3454 28.9975 42.2881
threshold=14.500000000000002 0.091962940990924849 1.0000000180025095e-35 4.0227215290069589 -5.6043238639831534 2.0029824972152714 0.025264197029173378 3.5000000000000004 -1.1990115642547605 -18.690364837646481 3.5000000000000004 -0.035209236666560166 2.1470853090286259 0.37207536399364477 1.5000000000000002 0.34599128365516668 0.050315041095018394 -148.03972625732419 0.59500816464424144 3.5000000000000004 0.085054349154233946 -1.2734763026237486 0.008194657042622568 2.5000000000000004 456.97966003417974 0.016061432659626011 0.421768069267273 0.42875939607620245 36.000000000000007 -0.56221109628677357
decision_type=2 2 2 2 2 2 2 2 2 2 2 2 2 2 2 2 2 2 2 2 2 2 2 2 2 2 2 2 2 2
left_child=1 3 18 4 17 8 11 -8 10 -10 -4 -7 14 -14 -6 28 -17 -1 19 21 -21 -3 -20 24 25 -5 -19 -18 -2 -30
right_child=15 2 5 23 12 6 7 -9 9 -11 -12 -13 13 -15 -16 16 27 26 22 20 -22 -23 -24 -25 -26 -27 -28 -29 29 -31
leaf_value=0.015089234763047151 0.0096275092767954366 0.0052527610889794088 0.0051806042524052669 0.037221437485410812 -0.0015298271413640174 -0.0039569028271059115 -0.00014300791351949885 0.013892154717855792 0.0092221670876303351 0.0056652890832912927 -6.3351417963617514e-07 -0.026459237299391689 0.0041460382069770001 -0.031790474573322777 -0.01288741659472456 -0.026690229827701827 0.010979719739832772 0.0018235525408757316 0.082295633148588065 0.026149834917849109 -0.043768011018598188 -0.032426763103856247 -0.022520572375481825 0.010295443402166439 0.023587614844323455 -6.9500625671321524e-05 -0.024682624793014436 -0.034764789826135824 0.034594061679199317 0.01331946469981099
leaf_weight=222.34513646364212 4230.1169527471066 50.829744040966034 10817.672176405787 23.761414766311646 577.83120284974575 729.44026739895344 1896.8203059583902 910.28242295980453 9760.9565736651421 14515.321762755513 3514.9463263899088 159.73365187644958 610.08661958575249 54.729803517460823 1057.1596227139235 80.774149432778358 196.83529369533062 1485.6633502393961 7.2459027767181379 48.591782227158546 18.59105558693409 157.67302069067955 6.3448251783847809 970.47009909152985 86.51045535504818 1150.7206219136715 43.560971811413765 12.490509778261183 93.690487921237946 813.51840509474277
leaf_count=566 10722 154 30577 50 2389 2421 5987 2445 25369 41472 10362 603 2453 257 4890 282 540 4548 14 156 87 957 39 2649 199 3535 173 46 188 1992
internal_value=0.00530607 0.00478256 0.005391 0.000656952 -0.00216646 0.00552053 0.00141621 0.00441055 0.00591334 0.00709588 0.00390983 -0.00802784 -0.00598205 0.00113982 -0.00887869 0.0100183 -0.00164682 0.00284225 -0.0134956 -0.0160133 0.00639978 -0.0232455 0.0349669 0.00578307 0.00230253 0.000713418 0.00105091 0.00808356 0.0106778 0.0155555
internal_weight=54304.7 48877.3 42594.4 6282.84 4051.38 42305.2 3696.28 2807.1 38608.9 24276.3 14332.6 889.174 2299.81 664.816 1634.99 5427.43 290.1 1751.57 289.276 275.686 67.1828 208.503 13.5907 2231.46 1260.99 1174.48 1529.22 209.326 5137.33 907.209
internal_count=156122 142352 120643 21709 15276 119236 11456 8432 107780 66841 40939 3024 9989 2710 7279 13770 868 5287 1407 1354 243 1111 53 6433 3784 3585 4721 586 12902 2180
is_linear=0
shrinkage=0.03


Tree=55
num_leaves=31
num_cat=0
split_feature=25 1 7 15 14 0 37 24 22 25 21 0 39 38 39 0 1 37 38 38 25 1 0 11 22 7 18 1 18 18
split_gain=110.96 94.6275 74.6438 70.7184 79.1974 63.9343 106.099 66.2817 57.3318 58.7707 57.1063 62.2378 56.0793 51.6308 39.2985 61.4525 100.812 41.1544 74.0919 59.4715 38.0692 36.6127 48.3092 35.8749 35.5798 33.2575 42.8397 44.1905 32.1086 28.7107
threshold=0.0066336917225271472 0.40576252341270452 0.013094579800963404 -0.76984199881553639 1.0000000180025095e-35 0.18364139646291736 1.0000000180025095e-35 2.5000000000000004 0.26124501228332525 0.0025209209416061644 0.97499999403953563 -0.051666272804141038 -3.4169602394103999 -0.080120008438825593 2.3337563276290898 0.040160244330763824 0.047360574826598174 1.0000000180025095e-35 -0.094179868698120103 -0.017580904066562649 0.0053368019871413716 -0.07444364950060843 0.67382130026817333 0.17546302825212481 0.098054315894842162 0.00603781407698989 -6404.6569824218741 -0.55511116981506337 -359.85437011718744 1890.8955078125002
decision_type=2 2 2 2 2 2 2 2 2 2 2 2 2 2 2 2 2 2 2 2 2 2 2 2 2 2 2 2 2 2
left_child=8 3 -3 25 5 7 -7 -5 10 13 14 23 -13 -10 17 24 -17 18 -1 -19 -14 22 -15 -12 -16 -2 27 -27 -28 -6
right_child=1 2 -4 4 29 6 -8 -9 9 -11 11 12 20 21 15 16 -18 19 -20 -21 -22 -23 -24 -25 -26 26 28 -29 -30 -31
leaf_value=0.026971322639683069 0.0035907077182640119 -0.017461454878900069 0.0068336292389761218 0.0019301230246886673 0.0097993305313330802 0.010929467425004499 0.0024509499465098787 0.0050094953686200599 -0.009921529014952888 0.018108801703317155 0.011289714844268222 0.031685961541244284 -0.0040605100440653779 0.0052328240295651807 -0.0090514535351518526 0.032865582183158888 -0.043819795546269906 -0.011797478694579982 0.0029751946191069619 0.0040947362059033984 -0.02475816284316578 -0.0066725806352615595 0.026600255754455179 -0.033651574311693522 -0.037078093193689189 -0.0073295102282575136 0.010955749132673092 0.0064655614831898578 0.0057318370394372322 0.0041117438761106052
leaf_weight=141.63056553900242 1323.199478417635 284.84705825150013 188.17912270128727 9091.2517927736044 3988.7896720021963 3354.4017435461283 2201.7638268470764 20462.466706186533 245.01938451826572 258.19230084121227 17.93238477408886 34.327453643083572 539.05549117922783 787.19717346131802 102.45014657080173 55.234399735927582 20.284953624010086 343.19984030723572 619.72839677333832 550.24790617823601 93.184040278196335 188.75827851891518 107.62195037305355 115.07061512768269 68.158809751272202 242.41874381899834 5052.3633610457182 1474.787206158042 1347.8528137505054 1003.8802572190762
leaf_count=344 3574 1172 501 28874 10499 9062 6585 58418 781 642 45 77 2073 2363 381 136 105 1229 1911 1789 381 606 240 490 280 766 12549 3937 3547 2765
internal_value=0.00514694 0.00554398 -0.00779604 0.00567156 0.00512115 0.00461798 0.00757124 0.00406242 0.000514185 0.00503875 -0.00214417 -0.00886563 -0.00510112 0.00248482 0.000684603 -0.010473 0.0119247 0.00235127 0.00747249 -0.00201295 -0.0071501 0.00529948 0.00783291 -0.0275309 -0.0204165 0.0080085 0.00872774 0.00451323 0.00985716 0.00865738
internal_weight=54303.5 50016.2 473.026 49543.2 40102.6 35109.9 5556.17 29553.7 4287.29 1586.79 2700.51 799.57 666.567 1328.6 1900.94 246.128 75.5194 1654.81 761.359 893.448 632.24 1083.58 894.819 133.003 170.609 9440.62 8117.42 1717.21 6400.22 4992.67
internal_count=156122 142249 1673 140576 116203 102939 15647 87292 13873 4632 9241 3066 2531 3990 6175 902 241 5273 2255 3018 2454 3209 2603 535 661 24373 20799 4703 16096 13264
is_linear=0
shrinkage=0.03


Tree=56
num_leaves=31
num_cat=0
split_feature=32 22 24 7 24 21 0 39 10 7 3 20 22 25 4 3 39 12 32 0 10 0 3 3 25 38 39 38 3 39
split_gain=141.2 127.691 98.1881 70.048 77.0363 110.557 87.2641 66.7709 62.8964 45.7637 44.5822 49.961 54.5356 52.8877 40.3816 38.9524 93.0295 38.5166 40.5125 36.3631 35.443 36.9946 42.6831 55.0163 39.0668 34.503 40.8393 32.5674 33.7513 31.7831
threshold=14.500000000000002 0.052060112357139594 1.0000000180025095e-35 0.0067723488900810489 2.5000000000000004 1.0000000180025095e-35 -0.1606313809752464 -1.2734763026237486 0.018320652656257156 0.054469127207994468 0.062197241932153709 -1.0000000180025095e-35 0.25714872777462011 0.26702308654785162 18.97500038146973 -0.013767917174845932 0.038747722283005721 0.44234342873096472 39.000000000000007 0.0030492824735119943 0.42455464601516729 -0.0076015901286154977 -0.11236597970128058 -0.039502570405602448 0.20945603400468829 0.38996547460556036 3.7446330785751347 0.21416392177343371 0.12953545153141025 1.3899670839309695
decision_type=2 2 2 2 2 2 2 2 2 2 2 2 2 2 2 2 2 2 2 2 2 2 2 2 2 2 2 2 2 2
left_child=1 20 7 4 6 -6 -4 19 14 -10 17 12 -12 27 -5 16 -9 25 -19 -3 21 24 -23 -24 -1 26 -2 28 -13 -17
right_child=10 2 3 8 5 -7 -8 15 9 -11 11 13 -14 -15 -16 29 -18 18 -20 -21 -22 22 23 -25 -26 -27 -28 -29 -30 -31
leaf_value=-0.00054781883881755745 0.011847486182728474 -0.030626828300049119 0.0079694279338272788 0.0082565531929427432 0.00038176409586965763 0.0063925219865550945 -0.00039589226243439969 0.022074193048848993 0.0052233691245882315 8.0801577593309323e-05 0.016038237946941088 -0.0099005718903242678 -0.0043900691033752657 0.014358185873828998 0.0039748339669926072 -0.03739450989918415 -0.029013551027594175 0.0011466147587612047 0.018817698529278427 0.026194690947312985 0.026149045495893836 -0.033606438919923876 0.020793187527417233 -0.007965007300729323 0.027797075149263453 0.036692997804104087 0.037876863528850668 -0.030370943924595033 0.0038763197437111465 -0.0069670116709985574
leaf_weight=669.6987357288599 3044.3436191380024 11.510778814554213 1379.9550493061543 10475.448200523853 3647.7052048295736 11255.681382670999 5988.9315409362316 58.528218075633049 9690.1375772804022 1857.0721918046474 525.29357987642288 265.80750447511673 150.71124212443829 197.49470184743404 2452.3634338974953 102.20881439745426 68.566463246941566 548.0609719902277 147.5777173936367 53.746024280786514 34.899244621396065 52.752295419573784 62.968241319060326 933.75308603048325 45.808379709720612 52.580967634916306 54.57825081050396 36.539308696985245 398.70134034752846 45.233911707997322
leaf_count=2543 7539 51 4111 26796 11566 32363 20120 194 26374 5635 1284 782 455 482 6584 630 366 1478 343 129 80 218 184 4032 118 100 106 130 1071 258
internal_value=0.00499204 0.00448233 0.00478213 0.00489905 0.00368103 0.00492167 0.00117112 -0.0112619 0.00600713 0.00439666 0.0095858 0.00532484 0.0114797 0.000683395 0.00744493 -0.0177431 -0.00547511 0.0113271 0.00492142 0.0158156 -0.00335735 -0.00395696 -0.00754101 -0.00612617 0.00129896 0.0127381 0.012319 -0.00317967 -0.00163661 -0.0281897
internal_weight=54308.7 48887 47087.1 46747.3 22272.3 14903.4 7368.89 339.794 24475 11547.2 5421.69 1574.55 676.005 898.543 12927.8 274.537 127.095 3847.14 695.639 65.2568 1799.88 1764.98 1049.47 996.721 715.507 3151.5 3098.92 701.048 664.509 147.443
internal_count=156122 142352 135177 133549 68160 43929 24231 1628 65389 32009 13770 4204 1739 2465 33380 1448 560 9566 1821 180 7175 7095 4434 4216 2661 7745 7645 1983 1853 888
is_linear=0
shrinkage=0.03


Tree=57
num_leaves=31
num_cat=0
split_feature=32 22 1 3 39 37 38 38 7 38 7 3 3 13 13 38 38 1 0 39 38 22 18 2 22 1 3 0 2 39
split_gain=133.175 120.104 89.1499 145.904 128.449 344.729 179.223 107.002 91.7127 72.5303 66.1619 43.9425 40.0475 39.7324 39.8943 37.2466 52.1946 64.2347 36.9042 44.7288 42.4452 33.455 33.1385 32.6311 43.0631 31.7648 43.9376 60.9089 41.4044 61.3698
threshold=14.500000000000002 0.052060112357139594 0.32956103980541235 0.19189573079347613 0.90526300668716442 1.0000000180025095e-35 0.21416392177343371 -0.16308423876762387 0.023130468092858795 0.10419692471623422 0.022560727782547477 0.29302789270877844 0.37571817636489874 162.99695587158206 -83.851692199707017 0.10206544399261476 0.060062913224101074 0.036827724426984794 -0.0076015901286154977 0.61281740665435802 0.0019192339968867602 0.27522766590118414 720.32608032226574 0.79851639270782482 0.083503041416406645 0.072829477488994612 -0.027225206606090065 -0.39264848828315729 0.13045988231897357 -1.7889418601989744
decision_type=2 2 2 2 2 2 2 2 2 2 2 2 2 2 2 2 2 2 2 2 2 2 2 2 2 2 2 2 2 2
left_child=1 13 3 4 6 -6 -3 10 23 -9 -5 25 -10 14 -1 16 17 -13 19 -16 -20 -19 -17 24 -4 26 28 -28 29 -2
right_child=11 2 8 7 5 -7 -8 9 12 -11 -12 15 -14 -15 18 22 -18 21 20 -21 -22 -23 -24 -25 -26 -27 27 -29 -30 -31
leaf_value=0.0162720979755255 0.0028805173099785467 0.0044098343892240684 -0.018155945944312267 0.026138386404869551 0.0047340724451370728 -0.0096887452186506622 0.01451389461198576 0.0086653865632164619 0.029964795903192024 -0.00060663469707684893 0.010482738580061809 -0.021482665378110766 0.0042512377649009253 0.018590550250993456 0.0081408901599463752 -0.039638434776500413 0.041281933726407802 0.014022268836117142 -0.0039188759323306871 -0.0073514251350406228 -0.016772551172467048 -0.011471967722086305 0.029315803743215806 -0.02585313857192827 -0.0020870411978994169 0.018914515642999868 0.04956345676190483 0.0054656867361517446 0.020773152402794089 0.013665885531911526
leaf_weight=80.833979412913322 686.47404445707798 29990.317853048444 213.7776158452034 468.97602753341198 5080.2348914891481 2110.1524566859007 1667.4043552279472 5239.1221532821655 68.110595569014549 887.12122030556202 509.53107921779156 93.59752631187439 262.2398988455534 70.876722484827042 327.90942467749119 33.136894673109055 28.258586883544922 183.05266188085079 598.79312218725681 341.23100812733173 377.389713332057 60.941050991415977 6.8647385239601126 91.936235591769218 501.25113932788372 341.56367914378643 27.6316097676754 1999.2354999929667 407.66926430165768 1549.3116487264633
leaf_count=212 1845 85255 930 1070 15472 7365 4280 14062 145 2587 1303 317 711 170 1169 135 54 465 2573 1371 1680 205 15 343 1654 793 45 5226 919 3751
internal_value=0.00484264 0.00434779 0.0046383 0.00484369 0.00412044 0.000500253 0.00494255 0.00879683 -0.00365489 0.00732237 0.0180082 0.00930577 0.00963626 -0.00326162 -0.00417086 -0.000181092 0.00284284 -0.000478326 -0.00518631 0.000236861 -0.00890322 0.00762162 -0.0273055 -0.00910485 -0.00691412 0.0100745 0.0094234 0.00609248 0.011973 0.0103585
internal_weight=54304.9 48887.2 47090.2 45952.9 38848.1 7190.39 31657.7 7104.75 1137.32 6126.24 978.507 5417.74 330.35 1797.03 1726.16 405.851 365.85 337.591 1645.32 669.14 976.183 243.994 40.0016 806.965 715.029 5011.89 4670.32 2026.87 2643.45 2235.79
internal_count=156122 142352 135177 131394 112372 22837 89535 19022 3783 16649 2373 13770 856 7175 7005 1191 1041 987 6793 2540 4253 670 150 2927 2584 12579 11786 5271 6515 5596
is_linear=0
shrinkage=0.03


Tree=58
num_leaves=31
num_cat=0
split_feature=32 22 1 3 38 38 37 7 13 38 7 3 1 3 13 25 25 21 2 0 25 2 22 10 25 1 22 37 22 1
split_gain=125.693 112.965 83.862 137.323 100.823 94.5886 235.997 86.5034 77.821 68.2243 62.7432 41.6344 70.6288 37.7792 37.437 39.3089 51.1093 51.9276 47.5572 35.2108 33.3403 30.9026 40.9626 28.7394 40.4242 34.4299 30.8437 60.2074 86.9568 44.6168
threshold=14.500000000000002 0.052060112357139594 0.32956103980541235 0.19189573079347613 -0.16308423876762387 0.21416392177343371 1.0000000180025095e-35 0.023130468092858795 -16.770277023315426 0.10419692471623422 0.012138100340962412 0.34599128365516668 0.050315041095018394 0.37571817636489874 162.99695587158206 0.0031858241418376569 0.011491175740957262 0.57500001788139354 0.00077229688758961867 -0.056957658380269997 0.041977742686867721 0.79851639270782482 0.083503041416406645 0.0090293916873633879 0.027898835949599746 -0.38897126913070673 0.23720799386501315 1.0000000180025095e-35 0.17973219603300097 0.12621468305587771
decision_type=2 2 2 2 2 2 2 2 2 2 2 2 2 2 2 2 2 2 2 2 2 2 2 2 2 2 2 2 2 2
left_child=1 14 3 5 10 8 -7 21 -3 -6 -5 23 -13 -9 15 18 17 -17 19 -1 -18 22 -4 26 25 -25 27 28 -2 -29
right_child=11 2 7 4 9 6 -8 13 -10 -11 -12 12 -14 -15 -16 16 20 -19 -20 -21 -22 -23 -24 24 -26 -27 -28 29 -30 -31
leaf_value=-0.017944152452295203 0.016671897467243655 0.0054528084100822268 -0.017735755182507328 0.028611792136605713 0.0084040036580059017 -0.0050978136652701433 0.016914904562850382 0.029109606776340245 0.0025909839300009975 -0.00058847203023060571 0.012253624058611348 -0.025742891761713668 0.0071706713314723652 0.0041241034284150713 0.018041370635130345 0.018695723236487917 -0.010435658999154636 -0.010237563240935653 -0.025829961874112326 0.016518282793477921 -0.00038532250782854517 -0.025190491562041849 -0.0020252951296888498 0.021062496242275894 0.0077608673400073932 -0.014858358378698951 0.01458621735387842 0.0049497611820964122 -0.0054772447284762186 -0.037634579596122333
leaf_weight=48.867572039365768 1103.1152199357748 13537.353708922863 212.32308608293533 310.66354949772358 5240.0249121040106 628.63404147326946 1442.6456575840712 68.03863063454628 23247.947395950556 887.09767855703831 667.45937749743462 80.406562894582748 209.06987057626247 262.24502521753311 70.873641565442085 181.24641917645931 525.90434385836124 79.574380606412888 148.28050401806831 56.379631757736206 682.69054646790028 91.556112393736839 501.07032468914986 28.373265087604523 1097.8690831065178 131.10684615373611 1360.9745774567127 1194.6277570724487 185.74827821552753 21.556694969534874
leaf_count=246 2603 36568 930 706 14062 1926 3631 145 70247 2587 1667 282 586 711 170 567 2230 335 871 237 2519 343 1654 68 2850 404 3258 3120 521 78
internal_value=0.00469754 0.00421702 0.00449848 0.00469748 0.00853253 0.00399593 0.0102334 -0.00355251 0.00364436 0.00710168 0.0174762 0.00903566 -0.0020184 0.00935252 -0.00316964 -0.00405386 -0.00216448 0.00985156 -0.0149411 0.000470428 -0.00476609 -0.00885641 -0.00672359 0.00966109 0.00570904 -0.00835753 0.0109438 0.00895872 0.0134757 0.0041622
internal_weight=54303.7 48890.9 47097.1 45961.8 7105.25 38856.6 2071.28 1135.23 36785.3 6127.12 978.123 5412.85 289.476 330.284 1793.82 1722.94 1469.42 260.821 253.528 105.247 1208.59 804.95 713.393 5123.37 1257.35 159.48 3866.02 2505.05 1288.86 1216.18
internal_count=156122 142352 135177 131394 19022 112372 5557 3783 106815 16649 2373 13770 868 856 7175 7005 5651 902 1354 483 4749 2927 2584 12902 3322 472 9580 6322 3124 3198
is_linear=0
shrinkage=0.03


Tree=59
num_leaves=31
num_cat=0
split_feature=32 7 13 13 3 24 37 18 18 15 7 18 39 18 22 3 34 39 7 34 39 22 0 3 38 1 0 38 22 1
split_gain=118.574 107.546 143.239 187.638 150.14 95.4912 90.2485 59.2876 56.8831 54.3023 53.8643 42.2961 49.1213 41.2538 41.1648 39.4071 43.4727 39.5764 37.218 36.337 87.65 35.4551 33.3671 42.8239 47.1639 36.482 32.2558 30.688 31.6056 30.3634
threshold=14.500000000000002 0.0058453066740185031 -24.068349838256832 14.42193651199341 -0.030777338892221447 1.5000000000000002 1.0000000180025095e-35 12210.582519531252 -9449.0605468749982 0.54058828949928295 0.072311177849769606 -195.12712097167966 -0.65085834264755238 -2731.875854492187 0.14703321456909182 0.29302789270877844 3.5000000000000004 2.2321773767471318 0.039847407490015037 1.5000000000000002 0.38106186687946325 0.13887352496385577 0.7145574986934663 0.17632378637790683 0.28561809659004217 0.022249031811952594 -0.71387699246406544 -0.0025044389767572279 0.66846764087677013 0.072829477488994612
decision_type=2 2 2 2 2 2 2 2 2 2 2 2 2 2 2 2 2 2 2 2 2 2 2 2 2 2 2 2 2 2
left_child=1 2 22 4 5 -4 -6 8 10 -9 21 13 -13 -10 -11 29 17 27 -16 20 -5 -3 23 25 -25 -1 -21 -17 -29 -2
right_child=15 7 3 19 6 -7 -8 9 11 14 -12 12 -14 -15 18 16 -18 -19 -20 26 -22 -23 -24 24 -26 -27 -28 28 -30 -31
leaf_value=0.0068706708232456814 0.0088642410751937368 0.0182183365668739 -0.0055743924169013052 0.0059319722347591503 -0.00013960361101384984 0.0048865693276995944 -0.0069523071144183008 -0.010152216395118664 0.0048614043955932428 0.017933062440751928 -0.0095039545323131799 0.0028788586699116129 0.0067561870957206826 0.0092173905031231514 0.0064680881035903311 -0.020582706708644465 0.013940151813676077 -0.038598343971846853 -0.003641491098625084 0.024019954417581497 -0.0080464148159177535 0.0021280418418328133 -0.02696822460208333 0.014497774171553283 -0.041353494393509257 -0.0031454046802825838 0.0070865826637024351 0.0076569970289696709 -0.033811577080267122 0.018154773967274752
leaf_weight=3936.4582971334457 4662.4142460823059 132.06370313465595 952.25443786382675 1782.4719730168581 3435.998558267951 4455.0267530828714 3567.5499829053879 361.97377118468285 2846.6226863116026 144.91069489717484 351.56714287400246 4999.6493209451437 7160.2032968401909 6312.6393155157566 619.90762570500374 63.886873587965965 130.83576227724552 30.617991656064987 692.88752596080303 103.52298086881638 520.77347479760647 1692.5674906522036 24.802334859967232 798.81779941916466 12.877219334244726 355.95804071426392 3632.2607120275497 162.41658799350262 17.397812947630882 340.62398862838745
leaf_count=10524 11786 317 3684 4905 12641 14152 13876 1161 7545 356 1215 13678 18803 16052 1690 222 311 131 2137 239 1631 4750 89 1973 49 1040 9845 456 71 793
internal_value=0.00455675 0.00409024 0.00263194 0.00139872 -0.000711547 0.00304309 -0.00361086 0.00544824 0.00585227 0.00022955 0.00122975 0.0063239 0.0051626 0.00786459 0.00281477 0.00877225 -0.000218926 -0.00700906 0.0011313 0.00573543 0.00276798 0.00330361 0.00706641 0.00723763 0.0135582 0.00603883 0.00756293 -0.00288648 0.00346334 0.00950087
internal_weight=54302 48893.8 23578.8 18449.9 12410.8 5407.28 7003.55 25315 23495.3 1819.68 2176.2 21319.1 12159.9 9159.26 1457.71 5408.19 405.155 274.319 1312.8 6039.03 2303.25 1824.63 5128.91 5104.11 811.695 4292.42 3735.78 243.701 179.814 5003.04
internal_count=156122 142352 74648 60973 44353 17836 26517 67704 62360 5344 6282 56078 32481 23597 4183 13770 1191 880 3827 16620 6536 5067 13675 13586 2022 11564 10084 749 527 12579
is_linear=0
shrinkage=0.03


Tree=60
num_leaves=31
num_cat=0
split_feature=32 7 13 13 13 0 18 18 34 38 37 13 15 18 3 3 34 34 38 34 32 37 3 2 34 3 21 7 18 18
split_gain=111.805 101.231 134.97 249.697 181.901 60.519 55.7879 53.6699 56.401 52.1239 513.347 59.3798 51.156 46.8704 45.6182 38.6156 84.5319 54.3619 76.8429 54.1558 47.8425 42.8047 41.2648 46.3389 46.7128 38.3914 38.3455 37.8827 37.6395 36.5965
threshold=14.500000000000002 0.0058453066740185031 -7.1858413219451895 0.26420179009437567 -1.2792892423564917e-13 -0.58575236797332753 12210.582519531252 -6884.7631835937491 5.0000000000000009 -0.07886019721627234 1.0000000180025095e-35 65.37793350219728 0.54058828949928295 -195.12712097167966 0.13670884072780612 0.062197241932153709 3.5000000000000004 1.5000000000000002 0.22577808797359469 5.0000000000000009 34.500000000000007 1.0000000180025095e-35 -0.81467494368553151 0.12388594448566438 3.5000000000000004 0.030139030888676647 0.97499999403953563 0.039847407490015037 3604.2727050781255 -8634.8535156249982
decision_type=2 2 2 2 2 2 2 2 2 2 2 2 2 2 2 2 2 2 2 2 2 2 2 2 2 2 2 2 2 2
left_child=1 2 -1 4 26 -6 7 8 -3 10 -5 -11 -8 -9 -15 19 17 18 29 22 25 -20 -2 24 -24 -21 -4 -14 -18 -17
right_child=15 6 3 9 5 -7 12 13 -10 11 -12 -13 27 14 -16 16 28 -19 21 20 -22 -23 23 -25 -26 -27 -28 -29 -30 -31
leaf_value=0.0058129158160816867 0.021812159620463397 0.0027678922697637171 -0.00049554803801381568 0.021374622299953065 0.022043221806295178 -0.0084986271844844901 -0.0098615194204036295 0.0079111807456004758 -0.016526289684407086 0.0013203268882133964 -0.013254325779799327 0.0070452081359305566 0.0077434337517682259 0.0039743439134715813 0.0082798609560956089 -0.031681256856946664 0.019109465934078567 -0.0062209111262270219 -0.040729324154885609 -0.036293836421026911 0.012250861687380085 0.030211258774525202 0.010054743219988256 0.016608143487025332 0.00040658667628278993 0.043854653971341979 0.0067339148790720917 -0.0019277635689586184 -0.014141623876387623 0.011398990543370322
leaf_weight=7698.3626631647348 279.97258616983891 2658.2476228177547 1832.3110265284777 1068.9882507622242 58.377264633774757 3576.3509575128555 361.50140728056431 8530.7329510450363 142.7042153775692 5365.8501555174589 601.1235022097826 2342.9920603334904 702.13784736394882 9242.400431856513 2916.8194705098867 17.378667324781418 369.9447752982378 565.36715941131115 41.930379793047905 53.861524164676666 43.97322604060173 8.499821722507475 2159.8575500249863 718.87650112807751 571.91387459635735 5.086432456970214 1030.6174057722092 755.518379971385 32.579934313893318 534.11263509094715
leaf_count=21112 621 7441 6223 2684 196 16644 1161 21910 528 16374 1978 6248 1887 25006 7475 63 844 1662 169 212 114 17 5378 1684 1549 8 3189 2296 98 1351
internal_value=0.00442113 0.00396823 0.00255328 0.000972274 -0.00354725 -0.00800134 0.0052859 0.00567784 0.00177827 0.00410373 0.00890835 0.0030614 0.000222782 0.0062055 0.00500802 0.00851652 0.00454562 0.00045078 0.0067222 0.0101402 -0.0112321 -0.0283593 0.0107335 0.00982766 0.00803683 -0.0287119 0.00210736 0.00273081 0.0163823 0.00998112
internal_weight=54288.4 48885 23575 15876.6 6497.66 3634.73 25310.1 23490.9 2800.95 9378.95 1670.11 7708.84 1819.16 20690 12159.2 5403.36 1569.81 1167.29 601.922 3833.54 102.921 50.4302 3730.62 3450.65 2731.77 58.948 2862.93 1457.66 402.525 551.491
internal_count=156122 142352 74648 53536 26252 16840 67704 62360 7969 27284 4662 22622 5344 54391 32481 13770 4204 3262 1600 9566 334 186 9232 8611 6927 220 9412 4183 942 1414
is_linear=0
shrinkage=0.03


Tree=61
num_leaves=31
num_cat=0
split_feature=32 22 14 13 13 13 39 34 38 13 39 38 1 2 2 0 25 2 13 39 25 38 8 2 39 13 1 32 34 38
split_gain=105.51 101.111 79.8615 128.934 182.293 185.352 105.494 72.8287 71.4571 57.7846 46.8489 43.9054 42.7241 42.875 37.6283 37.0311 56.4467 34.5666 41.3199 64.5469 39.6801 34.2511 33.67 33.6181 32.1616 28.7742 33.97 36.2699 35.1719 30.7386
threshold=14.500000000000002 0.03792735934257508 1.0000000180025095e-35 -42.796157836914055 6.8576989173889169 -2.5585784847129834e-13 -0.79906469583511341 5.0000000000000009 0.25897155702114111 -688.99362182617176 2.1470853090286259 0.061397297307848937 -1.0210809707641599 -0.25548933446407313 0.048509530723094947 0.11324507743120195 0.037536654621362693 0.016620120033621791 32.133190155029304 1.6113039255142214 0.46991825103759771 0.37146696448326116 0.0016045998199842872 0.48750357329845434 -4.1591346263885489 -9.6263103485107404 0.011404134798794987 39.000000000000007 5.0000000000000009 0.00096289673820137988
decision_type=2 2 2 2 2 2 2 2 2 2 2 2 2 2 2 2 2 2 2 2 2 2 2 2 2 2 2 2 2 2
left_child=1 10 3 6 5 -5 7 -3 -6 -8 17 15 24 22 -15 16 -12 18 19 -1 21 -19 -14 25 -4 26 27 28 -2 -27
right_child=23 2 12 4 8 -7 9 -9 -10 -11 11 -13 13 14 -16 -17 -18 20 -20 -21 -22 -23 -24 -25 -26 29 -28 -29 -30 -31
leaf_value=-0.0030793279856692795 0.0026915835037594946 0.0032531406942101037 -0.029146911592791567 0.0028740775743043732 0.0043148298728119131 -0.0041373941420548436 0.0032586389802427415 -0.015818290382614765 0.014422557645883228 0.0095015629919358684 0.0029395946695173081 -0.019369925300722624 0.040324377922793565 0.0048839510903798504 0.0097266510341218766 -0.025649160344053831 0.036520091889342618 -0.025373499077467953 0.023851851298201721 -0.035803860609634572 0.039566763661889076 0.05587650915046697 0.0089674976816439527 -0.0044057370492391716 0.00025332604644138742 0.01247391365798328 0.018080315835069725 0.013410966058943206 -0.022021099651106608 0.0067888122815541784
leaf_weight=321.59962898492813 1114.2455580383539 4410.679681673646 36.181452840566635 8287.9431867152452 14373.212971657515 5744.2878216952085 1696.4860686510801 186.85859143733978 657.8553696423769 6302.5657907575369 135.96634316444397 56.222646281123161 63.485219150781631 2758.6252892464399 3046.884713768959 22.522847473621368 66.691401705145836 192.72685234248638 37.792622283101082 64.381918787956238 8.4920412153005582 3.8498777002096167 61.00717356801033 181.07015770673752 334.99214686453342 2160.5691284239292 169.2197235673666 288.46062123775482 53.345987170934677 1430.2014077454805
leaf_count=1387 2963 12145 128 24119 39403 22932 4707 664 1645 16111 546 251 129 7507 7876 120 186 927 92 348 17 8 158 574 946 5273 389 701 197 3673
internal_value=0.00429009 0.00385024 0.0040383 0.00356189 0.00246282 3.53059e-06 0.00609707 0.00247409 0.00475834 0.00817847 -0.00604888 0.00410754 0.00718646 0.00780458 0.00742728 0.0100423 0.0141302 -0.0105979 -0.00567134 -0.00862396 -0.0206871 -0.0234923 0.0251758 0.00827101 -0.00267512 0.0087124 0.00539122 0.00390306 0.00154204 0.0102129
internal_weight=54268.4 48871.3 47961.1 41659.9 29063.3 14032.2 12596.6 4597.54 15031.1 7999.05 910.246 281.403 6301.18 5930 5805.51 225.181 202.658 628.843 423.774 385.982 205.069 196.577 124.492 5397.11 371.174 5216.04 1625.27 1456.05 1167.59 3590.77
internal_count=156122 142352 138470 121726 88099 47051 33627 12809 41048 20818 3882 1103 16744 15670 15383 852 732 2779 1827 1735 952 935 287 13770 1074 13196 4250 3861 3160 8946
is_linear=0
shrinkage=0.03


Tree=62
num_leaves=31
num_cat=0
split_feature=32 24 39 1 3 39 37 39 18 8 3 0 3 20 25 3 1 1 11 18 13 13 25 25 1 39 2 4 32 3
split_gain=99.5034 95.2211 97.0399 75.3385 131.837 132.425 301.164 75.8941 68.0922 63.5802 45.5854 45.1618 36.5506 44.7957 49.6277 43.1665 39.4455 54.9201 41.7195 41.4347 33.4757 32.0918 34.2663 68.5086 54.6205 31.7266 31.3928 31.4662 30.9411 30.852
threshold=14.500000000000002 1.0000000180025095e-35 -1.2734763026237486 0.32956103980541235 0.19774176180362704 0.81932663917541515 1.0000000180025095e-35 -1.6091020107269285 1890.8955078125002 1.0000000180025095e-35 0.37571817636489874 0.47271709144115454 0.062197241932153709 -1.0000000180025095e-35 0.26702308654785162 0.23337615281343463 -0.10664429143071173 -0.42336371541023249 0.5242326855659486 -27900.602539062496 -1.3180819153785703 -2.5585784847129834e-13 0.069860659539699568 0.17858509719371798 -0.14389445632696149 3.8675899505615239 -0.53318867087364186 5.3250000476837167 39.000000000000007 0.12953545153141025
decision_type=2 2 2 2 2 2 2 2 2 2 2 2 2 2 2 2 2 2 2 2 2 2 2 2 2 2 2 2 2 2
left_child=1 2 -1 4 5 8 -7 11 -3 -5 -11 -6 16 15 29 -14 17 26 -19 -18 -9 22 24 -24 -4 -21 27 -2 -20 -15
right_child=12 3 21 9 7 6 -8 20 -10 10 -12 -13 13 14 -16 -17 19 18 28 25 -22 -23 23 -25 -26 -27 -28 -29 -30 -31
leaf_value=0.015608994796603029 0.0086315742897850704 0.0048353933330152034 0.026826734020276664 -0.0098625368584580701 -0.00060228617989764143 0.0036560676086770704 -0.0090056462969359662 0.010895136467793205 0.00089740564476714971 0.023761707068407863 0.00011831441146361945 -0.029603411771501963 0.016808797971670241 -0.011761197683366283 0.013045817884225755 0.0014999701421974021 -0.034385262842586042 0.0062038509694750457 -0.010660518848884699 0.012888797144828726 0.0066028428778590227 -0.020824756805868545 0.060964586732988858 -0.027514880535511845 -0.041325939803932149 0.040131049229065692 0.0157932045408372 -0.028722037643911895 0.013302971656560839 0.0011122109187173908
leaf_weight=107.4937356710434 65.993364349007607 27451.144193738699 16.046999976038933 653.13122770190239 175.63085544109344 5859.7170619368553 2375.1333911716938 2914.9351468235254 4619.1438029408455 88.303640112280846 413.43174706399441 65.811190903186798 372.88235272467136 276.11173836886883 196.55764438211918 299.02347421646118 15.427513375878332 1095.2054554075003 256.68144778907299 1608.5009232908487 3757.1335230469704 306.23485113680363 18.146042197942737 12.549960896372793 27.145233318209648 38.792227625846863 657.77833393216133 28.105161517858505 58.736845970153809 422.45413683354855
leaf_count=318 166 77913 37 2540 521 18191 8306 7400 13123 197 1148 237 876 821 482 863 54 2806 755 3902 10356 1855 33 50 127 71 1554 116 142 1162
internal_value=0.00416259 0.00373553 -0.00944098 0.00386861 0.00405381 0.00339699 3.10362e-06 0.00788149 0.00426834 -0.00369796 0.00432442 -0.00860916 0.00803042 0.00416424 -0.000228645 0.0100126 0.00961195 0.00693223 0.00343459 0.0130891 0.00847989 -0.016555 0.00114293 0.0249686 -0.0159035 0.0135561 0.013477 -0.00267829 -0.00616064 -0.00398132
internal_weight=54253.4 48861.1 487.617 48373.5 47218.6 40305.1 8234.85 6913.51 32070.3 1154.87 501.735 241.442 5392.25 1567.03 895.124 671.906 3825.22 2162.5 1410.62 1662.72 6672.07 380.123 73.8882 30.696 43.1922 1647.29 751.877 94.0985 315.418 698.566
internal_count=156122 142352 2420 139932 136047 117533 26497 18514 91036 3885 1345 758 13770 4204 2465 1739 9566 5539 3703 4027 17756 2102 247 83 164 3973 1836 282 897 1983
is_linear=0
shrinkage=0.03


Tree=63
num_leaves=31
num_cat=0
split_feature=32 24 39 7 1 0 39 34 34 0 18 18 7 1 32 38 38 18 2 2 3 1 10 38 2 18 25 7 34 18
split_gain=93.9067 89.9216 92.1032 72.0873 106.309 102.369 104.247 83.0535 65.8007 58.8622 53.366 61.15 58.8393 54.8934 54.7685 52.8815 48.5034 47.5449 39.9339 38.5372 34.9475 65.1687 27.4766 26.7727 26.8257 26.4733 30.7015 28.0474 54.321 38.6848
threshold=14.500000000000002 1.0000000180025095e-35 -1.2734763026237486 0.0067723488900810489 0.32956103980541235 0.19813038408756259 0.57339236140251171 1.5000000000000002 3.5000000000000004 0.085054349154233946 4290.4055175781259 -3704.613403320312 0.060216123238205917 0.16162642836570743 2.5000000000000004 0.27354964613914495 -0.021013591438531872 -195.12712097167966 0.79851639270782482 0.74404877424240123 0.34599128365516668 0.050315041095018394 0.42875939607620245 0.10206544399261476 0.48750357329845434 389.65116882324224 0.5919993817806245 0.053818043321371085 5.0000000000000009 -7199.4863281249991
decision_type=2 2 2 2 2 2 2 2 2 2 2 2 2 2 2 2 2 2 2 2 2 2 2 2 2 2 2 2 2 2
left_child=1 2 -1 4 5 6 -3 -7 -4 16 11 12 -5 14 -12 -15 -10 -13 19 -6 25 -22 23 24 -23 26 27 29 -29 -2
right_child=20 3 8 10 18 7 -8 -9 9 -11 13 17 -14 15 -16 -17 -18 -19 -20 -21 21 22 -24 -25 -26 -27 -28 28 -30 -31
leaf_value=0.015108895380676593 -0.0033793351459655359 0.003672954355356636 -0.024019281088626568 0.0039979657136291428 -0.0092410671238442581 0.0016559125856546106 -0.00092647031742999373 0.012903407177003433 -0.022460200783638456 -0.043065612543317457 5.9988014984570377e-05 0.008226014166475476 -0.0049656373209567188 0.018612504634153156 0.020678945605321138 -0.038509985592551574 0.027782991411412803 0.0049600601701308188 -0.033244005424622185 0.016574423755812834 -0.025215736001525425 0.021197090704412828 -0.035001941036478162 -0.03967340359121542 -0.0017765539014135731 0.0039763341049543124 0.024954556960107822 0.025643010127714545 -0.021426807175717641 0.0091906154427308494
leaf_weight=107.74930177628994 234.05536380410194 13971.617172032595 271.14107418805361 3425.496181383729 570.13423170149326 953.83276265859604 6495.5360369384289 1555.9680825769901 22.700160548090935 18.624334752559662 3544.5158127099276 6859.5992788225412 814.89862391352654 238.14685018360615 118.87386447191238 14.58139047026634 63.617476046085358 9702.050112247467 55.654913768172264 56.271754309535027 79.909941837191582 110.17264880239964 12.460101827979086 8.5826503038406354 77.095015808939934 996.81837868690491 111.1801084280014 177.82332643866539 24.333693474531174 3554.5712640732527
leaf_count=318 655 42051 1677 9225 2221 2876 21993 4238 114 89 10242 17502 2558 567 280 57 222 25717 236 169 282 254 46 42 244 2616 242 390 95 8904
internal_value=0.00403813 0.00362342 -0.0092315 0.00375224 0.0025681 0.0029148 0.00221314 0.00863243 -0.0162346 0.00388725 0.00488537 0.00549024 0.00227391 0.00167103 0.000735335 0.0151662 0.0144296 0.00631337 -0.00909447 -0.00689449 0.00779763 -0.00235016 0.00648554 0.00930464 0.0117641 0.00837219 0.00943847 0.00899931 0.0198849 0.00841259
internal_weight=54248 48861 483.832 48377.2 23659 22977 20467.2 2509.8 376.083 104.942 24718.2 20802 4240.39 3916.12 3663.39 252.728 86.3176 16561.6 682.061 626.406 5387 288.22 208.31 195.85 187.268 5098.78 4101.96 3990.78 202.157 3788.63
internal_count=156122 142352 2420 139932 73784 71158 64044 7114 2102 425 66148 55002 11783 11146 10522 624 336 43219 2626 2390 13770 868 586 540 498 12902 10286 10044 485 9559
is_linear=0
shrinkage=0.03


Tree=64
num_leaves=31
num_cat=0
split_feature=25 1 7 38 37 38 4 38 4 37 4 38 7 3 38 0 1 38 22 3 0 21 24 25 38 25 0 3 22 1
split_gain=92.7092 73.5574 59.3888 55.4134 324.303 685.477 368.21 315.871 294.55 207.539 277.751 241.659 194.713 173.233 102.179 80.5406 72.4724 59.5519 48.0987 67.71 100.159 55.0992 60.1389 53.7956 49.3962 48.3312 49.1408 46.0854 37.6651 36.8495
threshold=0.0066336917225271472 0.40576252341270452 0.020161182619631294 1.0000000180025095e-35 1.0000000180025095e-35 -0.010448761284351347 1.0000000180025095e-35 -0.035726148635148995 1.0000000180025095e-35 1.0000000180025095e-35 0.72499999403953563 0.09988033771514894 0.0045466115698218354 -0.044075772166252129 0.25004103779792791 0.0049427095800638208 -1.1076859831809995 0.09988033771514894 0.26124501228332525 0.048803051933646209 0.045222543179988868 0.97499999403953563 2.5000000000000004 0.0025209209416061644 -0.080120008438825593 0.0053368019871413716 0.031274657696485526 0.27733705937862402 0.16076081246137622 -0.0026287225773558016
decision_type=2 2 2 2 2 2 2 2 2 2 2 2 2 2 2 2 2 2 2 2 2 2 2 2 2 2 2 2 2 2
left_child=18 3 27 4 7 6 -6 8 -2 10 14 13 -13 -11 -5 -7 -9 -12 19 20 25 22 -21 24 -20 26 -1 -3 -22 -23
right_child=1 2 -4 9 5 15 -8 16 -10 11 17 12 -14 -15 -16 -17 -18 -19 23 21 28 29 -24 -25 -26 -27 -28 -29 -30 -31
leaf_value=0.0001411516165203835 0.019823074435212008 0.020657150055662276 0.0072661499344891531 -0.005301193156898816 -0.012268801295360393 0.011025217997702334 0.00098706773922818095 -0.0038199801781286327 0.0077614256391244189 0.0069432730455427577 0.0071588839450187989 0.020334025262086396 0.0065941398086135873 -0.0044244467685080058 -0.026676794580946156 0.0049626225669847784 0.0051278328523265667 0.00036498291115731076 -0.010765445111577381 -0.019375974309732757 0.020347501514417533 -0.033748257390195033 0.0029221120894816605 0.016326972216305424 0.0041343080274920431 -0.013804472412477809 -0.032983506869554195 -0.018954717685819529 -0.0042173825179429867 0.014148921049389139
leaf_weight=1430.7566708475351 3029.8433357030153 28.295498296618462 159.29963181912899 3452.4034349620342 3080.192304238677 4382.6390329301357 4860.2293859571218 909.24654845893383 4578.3288732916117 2643.4454768449068 2865.2531728297472 1483.3583745211363 2484.6312802731991 2217.614289239049 212.92402829229832 3594.6817188709974 7749.0335418730974 1953.7695020586252 244.68762128055096 188.981529712677 255.40164861083031 123.1483481824398 253.97949375212193 258.09345303475857 1081.0190979242325 310.30516527593136 40.470735669136047 279.25969609618187 71.301935791969299 15.71055832505226
leaf_count=4872 8288 96 418 11356 10730 11666 13675 2648 11791 7358 7436 3900 6578 7128 830 10131 21678 5383 781 815 650 567 780 642 3209 1103 178 1159 216 60
internal_value=0.00391761 0.00428035 -0.00755859 0.00439223 0.00512863 0.00208392 -0.00415557 0.00810757 0.0125672 0.00302293 -0.000327427 0.0062425 0.0117351 0.00175686 -0.00655069 0.00829468 0.0041875 0.00440571 -0.000322497 -0.00276483 -0.000261209 -0.0118156 -0.00660643 0.00382299 0.00137594 -0.00306483 -0.000789793 -0.0152455 0.0149806 -0.0282453
internal_weight=54238.3 49964.4 466.855 49497.6 32184.2 15917.7 7940.42 16266.5 7608.17 17313.4 8484.35 8829.05 3967.99 4861.06 3665.33 7977.32 8658.28 4819.02 4273.86 2690.06 2108.24 581.82 442.961 1583.8 1325.71 1781.53 1471.23 307.555 326.704 138.859
internal_count=156122 142249 1673 140576 90607 46202 24405 44405 20079 49969 25005 24964 10478 14486 12186 21797 24326 12819 13873 9241 7019 2222 1595 4632 3990 6153 5050 1255 866 627
is_linear=0
shrinkage=0.03


Tree=65
num_leaves=31
num_cat=0
split_feature=32 22 24 14 13 13 39 39 34 0 39 38 1 39 22 0 25 3 34 34 38 39 34 32 3 1 1 18 25 18
split_gain=89.0452 90.5117 83.9875 69.4501 103.531 138.567 96.0179 69.0293 62.1197 63.5075 44.3237 40.7329 39.53 38.2161 35.2032 34.9649 51.5513 33.2958 77.3136 51.3547 70.4445 47.9598 47.6929 44.521 38.6803 50.1702 42.2838 38.8999 36.0373 35.5306
threshold=14.500000000000002 0.03792735934257508 1.0000000180025095e-35 1.0000000180025095e-35 -40.841295242309563 6.8576989173889169 -0.79906469583511341 -1.2734763026237486 3.5000000000000004 0.085054349154233946 2.1470853090286259 0.061397297307848937 -1.0210809707641599 1.8444985747337344 0.59500816464424144 0.11324507743120195 0.037536654621362693 0.062197241932153709 3.5000000000000004 1.5000000000000002 0.22577808797359469 -2.8811511993408199 5.0000000000000009 34.500000000000007 -0.81467494368553151 -0.10664429143071173 -0.42336371541023249 -27900.602539062496 0.010983423329889776 1440.0567016601565
decision_type=2 2 2 2 2 2 2 2 2 2 2 2 2 2 2 2 2 2 2 2 2 2 2 2 2 2 2 2 2 2
left_child=1 10 7 4 6 -6 -4 -3 14 -10 -1 15 -5 -14 -9 16 -12 22 19 20 -19 -22 24 -24 -2 26 -26 -27 -20 -30
right_child=17 2 3 12 5 -7 -8 8 9 -11 11 -13 13 -15 -16 -17 -18 18 28 -21 21 -23 23 -25 25 27 -28 -29 29 -31
leaf_value=-0.010433960581845713 0.020310108171208461 0.016137215701398918 0.0020512701237304022 -0.0028659958630815954 3.6559047723776117e-05 0.004221797367332897 0.0074636685282105531 -0.028125591607439916 0.019410300759397158 -0.042485174400958968 0.002770871369184556 -0.018873345674473723 0.0078740058722866057 -0.0015824706270521846 0.024832367998661137 -0.025313025182312116 0.034736726254631339 0.0090850610273481222 -0.026374426758937364 -0.0066269987880405289 0.04285053509206193 -0.039346132946720805 -0.028164599113758997 0.011508954615313739 0.013230814442750318 -0.033536315359694271 0.0025341049161870699 0.012899369533782346 0.020645708406003431 -0.0060641816484920353
leaf_weight=625.26074073463678 277.29266905784607 69.23960268497467 4650.2713623791933 371.09706375002861 13565.003745302558 14986.920055046678 8080.0385342687368 206.00903937220573 63.917277172207832 18.369429752230644 136.07851456105709 55.658816277980804 5513.539804905653 412.56827935576439 11.142993956804274 22.293926373124123 67.469607591629028 549.65850515663624 17.078074276447296 564.69144974648952 6.5857016593217841 43.30075803399086 58.237234205007553 43.752952501177788 441.10089164972305 15.43757379055023 1350.0356986224651 1628.8247359097004 331.52021069824696 51.159136265516281
leaf_count=2779 621 186 12958 1074 44937 40926 21061 1302 227 89 546 251 14450 1211 49 120 186 1414 57 1662 11 175 220 114 1057 54 3563 3937 741 144
internal_value=0.00380029 0.0033967 0.00357434 0.003685 0.00323706 0.00223357 0.00548712 -0.010669 -0.0169105 0.00521272 -0.00598739 0.00388054 0.00662008 0.007215 -0.025293 0.00955994 0.0134992 0.00746425 0.00377122 -0.00013824 0.00596917 -0.0278072 0.00897619 -0.0111693 0.00953327 0.00865688 0.00517596 0.0124415 0.0151364 0.0170606
internal_weight=54233.6 48854.9 47948.1 47579.4 41282.2 28551.9 12730.3 368.678 299.439 82.2867 906.762 281.501 6297.21 5926.11 217.152 225.842 203.548 5378.68 1563.99 1164.24 599.545 49.8865 3814.68 101.99 3712.69 3435.4 1791.14 1644.26 399.757 382.679
internal_count=156122 142352 138470 136617 119882 85863 34019 1853 1667 316 3882 1103 16735 15661 1351 852 732 13770 4204 3262 1600 186 9566 334 9232 8611 4620 3991 942 885
is_linear=0
shrinkage=0.03


Tree=66
num_leaves=31
num_cat=0
split_feature=25 32 11 14 13 13 39 22 2 2 34 34 22 3 0 2 25 39 3 22 22 7 7 34 1 2 2 2 3 7
split_gain=85.4123 75.8119 80.8381 74.4986 81.0491 231.911 61.2159 49.7215 48.4177 72.3618 83.071 53.5008 44.7307 63.7276 93.5258 51.3661 50.404 50.2194 55.6985 46.7643 41.5716 40.1653 40.9167 33.8361 32.4462 68.4923 31.8833 30.7124 29.992 29.6676
threshold=0.0066336917225271472 1.5000000000000002 0.33367912471294409 1.0000000180025095e-35 -1.713565945625305 0.26420179009437567 -0.79906469583511341 0.016061432659626011 0.48750357329845434 0.13045988231897357 5.0000000000000009 3.5000000000000004 0.26124501228332525 0.048803051933646209 0.045222543179988868 0.14732565730810168 0.0025209209416061644 2.3337563276290898 0.042027136310935027 0.042702540755271919 0.21183607727289203 0.095929488539695754 0.00603781407698989 2.5000000000000004 -0.067151043564081178 0.76552462577819835 0.14518128335475924 0.008194657042622568 0.02176175452768803 0.042492398992180831
decision_type=2 2 2 2 2 2 2 2 2 2 2 2 2 2 2 2 2 2 2 2 2 2 2 2 2 2 2 2 2 2
left_child=12 2 21 4 6 -6 -4 -3 9 10 -9 -11 13 14 17 20 24 28 -19 -15 -16 22 -2 -24 25 -14 -23 -18 -1 -5
right_child=1 7 3 29 5 -7 -8 8 -10 11 -12 -13 16 19 15 -17 27 18 -20 -21 -22 26 23 -25 -26 -27 -28 -29 -30 -31
leaf_value=-0.0022519997229534022 0.00093232042966607555 -0.041373403930198456 0.0012814004060812852 0.0075068302950044661 -0.0056990926473047708 0.0028722425512385367 0.0056384794578514374 0.0060901786869330633 -0.0070668344591074206 0.0093303526647043229 -0.020227159325041856 0.020158156325854798 0.000497514608268416 -0.038780344054433591 0.025404576459212905 -0.0023592354197044026 0.004030111275085642 -0.01984783540360862 0.038041282255036564 -0.0088523469968980993 -0.041028516538742725 -0.010797847547200748 0.0052260174362768015 0.008841572898629569 -0.009878695561479859 0.023329465391947846 0.0081411800361471595 0.024909164570270089 0.013606208554980577 -0.00062273044120698311
leaf_weight=1430.3987575098872 1211.0219407528639 17.9894168227911 4521.392078563571 3658.6490992754698 3713.5003180354834 12078.473249137402 8116.1289202868938 3899.3450634628534 204.78910876810551 1538.368449613452 110.01373068988323 562.68745082616806 992.41169890761375 50.837972737848759 209.80351015925407 109.12919834256172 114.38569736480713 218.86858827620745 15.104955106973646 528.47343013435602 7.9265304058790198 227.93965719640255 5400.5767154246569 4115.6676944792271 199.35596423596144 133.30000372231007 121.92041011154652 143.65510286390781 115.01141120493412 453.22064410150051
leaf_count=4869 3321 72 12892 9720 15975 34419 22166 10290 660 3950 389 1315 3034 314 516 319 308 889 38 1908 31 757 14173 10527 653 303 328 334 357 1295
internal_value=0.00368715 0.00403522 0.00358958 0.00283574 0.00228952 0.00085626 0.00408009 0.0071029 0.00724799 0.00772932 0.00536244 0.0122398 -0.000385271 -0.00274343 -0.000316521 0.0144065 0.00361237 -0.00302929 -0.0159518 -0.0115462 0.0227958 0.00580344 0.00612984 0.00679078 0.00124287 0.00322211 -0.00418497 0.0157167 -0.00106184 0.00661011
internal_weight=54220.3 49951.7 43618.5 32541.4 28429.5 15792 12637.5 6333.19 6315.2 6110.41 4009.36 2101.06 4268.66 2685.55 2106.24 326.859 1583.11 1779.38 233.974 579.311 217.73 11077.1 10727.3 9516.24 1325.07 1125.71 349.86 258.041 1545.41 4111.87
internal_count=156122 142249 125573 96467 85452 50394 35058 16676 16604 15944 10679 5265 13873 9241 7019 866 4632 6153 927 2222 547 29106 28021 24700 3990 3337 1085 642 5226 11015
is_linear=0
shrinkage=0.03


Tree=67
num_leaves=31
num_cat=0
split_feature=32 22 13 13 13 13 39 22 22 34 38 39 13 13 39 39 1 38 25 2 13 39 25 3 34 34 3 39 25 39
split_gain=80.5674 82.9567 64.4935 165.177 160.091 131.823 86.9828 94.9243 57.6461 54.2853 54.0241 56.6978 54.4633 53.2385 52.7803 41.9019 38.6152 45.9731 34.2969 33.8551 38.2082 62.2512 36.5145 32.7416 75.5355 48.867 69.8085 66.3558 63.5728 56.1138
threshold=14.500000000000002 0.03792735934257508 -35.450157165527337 6.8576989173889169 -1.0234313938851934e-12 0.26420179009437567 -0.79906469583511341 0.1374437287449837 0.14964646100997928 1.5000000000000002 0.25004103779792791 1.3611495494842532 3130.7785644531255 -688.99362182617176 -3.6499024629592891 2.1470853090286259 -0.11426400393247603 0.057440318167209632 0.037536654621362693 0.016620120033621791 32.133190155029304 1.6113039255142214 0.46991825103759771 -0.027225206606090065 3.5000000000000004 3.5000000000000004 1.0000000180025095e-35 1.6347051262855532 0.010983423329889776 -2.8811511993408199
decision_type=2 2 2 2 2 2 2 2 2 2 2 2 2 2 2 2 2 2 2 2 2 2 2 2 2 2 2 2 2 2
left_child=1 15 6 4 8 -6 7 14 -4 -9 12 -12 -5 -8 -3 19 -17 18 -18 20 21 -1 -21 24 -2 29 27 -27 -28 -25
right_child=23 2 3 10 5 -7 13 9 -10 -11 11 -13 -14 -15 -16 16 17 -19 -20 22 -22 -23 -24 25 -26 26 28 -29 -30 -31
leaf_value=-0.0027032035836624213 0.012195924523611115 -0.026187356663933774 -0.00041950634682099216 0.0044755215856137863 -0.0070089284901130562 0.0017903034776168012 0.0021590575712724254 0.0047665219542293268 0.0048240785397838321 -0.0019399343800314301 0.014652181388790198 -0.0072977025352895276 -0.003682986784541627 0.0079758392642263008 0.015110123868075163 0.055243593271482518 -0.0020152256595280561 -0.022649641923378504 0.022418405741457793 -0.022939203212102955 0.023089422967995477 -0.035201530063116049 0.037474702844095403 0.025773835384184103 0.00012099305774356445 -0.032231099678643751 -0.024538790809341689 0.01832685950383213 0.018428981638945512 0.001426898610633426
leaf_weight=319.13536840677261 2044.1958115845919 28.319234311580658 2903.7578793615103 17380.305212110281 3689.77459590137 2618.7410445809364 1762.153370603919 1720.3574972897768 5381.3965181410313 2942.7872887253761 776.32639354467392 121.80257940292358 767.87354065477848 7261.5378887653351 578.63726110756397 11.544996902346609 129.14290510118008 55.689278572797775 84.845222294330597 193.7780689895153 37.862556412816048 62.739906147122383 8.5264229327440244 88.072749629616737 604.61761227250099 56.57273930311203 32.017873182892799 38.395095109939575 527.36730349063873 1975.7953616380692
leaf_count=1387 4939 100 8901 47074 16718 8175 4897 4660 14824 8458 1913 365 2268 18684 1433 25 547 260 271 935 92 348 17 189 1664 192 106 90 1203 5387
internal_value=0.00357758 0.00319393 0.00336373 0.0026461 0.000244287 -0.00335608 0.00505214 0.00198853 0.00298613 0.000534103 0.00448615 0.0116672 0.00412998 0.00684063 0.0131384 -0.00580758 0.00378526 0.00137527 0.00771785 -0.0101484 -0.005257 -0.00812832 -0.0202064 0.00706686 0.00944192 0.00474873 0.0118873 -0.0117815 0.0159249 0.0024793
internal_weight=54204.1 48837 47933.8 33640 14593.7 6308.52 14293.8 5270.1 8285.15 4663.14 19046.3 898.129 18148.2 9023.69 606.956 903.265 281.222 269.677 213.988 622.042 419.738 381.875 202.304 5367.03 2648.81 2718.22 654.353 94.9678 559.385 2063.87
internal_count=156122 142352 138470 100238 48618 24893 38232 14651 23725 13118 51620 2278 49342 23581 1533 3882 1103 1078 818 2779 1827 1735 952 13770 6603 7167 1591 282 1309 5576
is_linear=0
shrinkage=0.03


Tree=68
num_leaves=31
num_cat=0
split_feature=25 32 11 14 13 13 39 18 7 2 34 2 32 2 34 18 38 1 21 0 0 0 32 34 39 21 1 0 39 0
split_gain=78.103 67.9398 74.2295 68.8387 72.3906 203.94 55.5784 48.7604 54.662 44.3774 76.0242 72.6001 72.213 65.0303 49.1565 51.7212 44.3518 39.5814 39.0668 34.7799 68.85 53.4163 48.9874 45.7502 40.1736 44.3792 56.1912 42.7891 40.138 39.9566
threshold=0.0066336917225271472 1.5000000000000002 0.33367912471294409 1.0000000180025095e-35 -1.713565945625305 0.26420179009437567 -0.79906469583511341 -6884.7631835937491 0.0084834275767207163 0.13045988231897357 5.0000000000000009 0.48750357329845434 34.500000000000007 -0.058863492682576173 3.5000000000000004 1079.5408325195315 0.55029287934303295 -0.55511116981506337 1.0000000180025095e-35 0.043206188827753074 -0.026255664415657517 0.05923168174922467 8.5000000000000018 2.5000000000000004 2.3337563276290898 0.87500000000000011 -0.17989400029182431 -0.02930007595568895 -2.9396328926086421 -1.0000000180025095e-35
decision_type=2 2 2 2 2 2 2 2 2 2 2 2 2 2 2 2 2 2 2 2 2 2 2 2 2 2 2 2 2 2
left_child=19 2 7 4 6 -6 -4 17 -9 10 13 14 -12 -3 16 -16 -11 -2 -15 20 24 23 28 -21 27 -26 -27 -1 -22 -24
right_child=1 9 3 -5 5 -7 -8 8 -10 11 12 -13 -14 18 15 -17 -18 -19 -20 21 22 -23 29 -25 25 26 -28 -29 -30 -31
leaf_value=0.0017786764124177411 -0.0083673147102743001 0.013631438543566616 0.0011602170939520135 0.0062884835335106767 -0.0053880832689678663 0.0026655692547654566 0.0053116192514683185 0.001861418808600598 0.0077411773037784574 0.009414570733060533 -0.037667856808553363 -0.0069856421338202381 0.012684551465570947 -0.0082589258219156504 0.023164120774294795 -0.002155443553219726 -0.042394042405319701 0.0031734765646705227 0.0045811055916318375 0.039318062599492241 0.00786384343458367 0.0020833387866524976 -0.014767718977268363 -0.0098736019126389827 -0.019988143764736427 0.02991322298557372 -0.033382933461124781 0.033204912872784834 -0.014218365278417345 0.013395246758697148
leaf_weight=1766.1633815616369 306.9514726549387 721.22394602000713 4521.9978989809752 4111.5040321797132 3694.1209153532982 12082.16197501123 8116.5429471880198 1792.705678910017 6940.5032113939524 1522.0816885083914 70.550839379429817 204.60378992557526 39.201628133654594 228.74325305223465 475.02860882878304 85.237075328826904 14.02780246734619 2030.1332906335592 2962.1705716252327 63.576606795191765 81.794371068477631 1158.5892211273313 65.574411943554878 22.512945428490639 150.10236997902393 40.511308878660202 17.164369955658913 38.895386278629303 716.3699267655611 141.05625402927399
leaf_count=5333 990 1785 12892 11015 15975 34419 22166 4850 17661 3895 287 660 102 701 1082 233 55 5605 7876 135 232 3564 211 73 598 113 68 89 3087 370
internal_value=0.00347171 0.00380453 0.00338277 0.00266026 0.00213497 0.000779341 0.00382672 0.00550489 0.00653491 0.00671117 0.00480672 0.0100351 -0.0197036 0.00549996 0.0117003 0.0193098 0.00891223 0.0016535 0.00365742 -0.000425561 -0.00216654 0.00379126 -0.00857632 0.026454 0.00103436 -0.0114231 0.0107772 0.00247552 -0.0119447 0.00441518
internal_weight=54181.8 49919.5 43596.6 32526.3 28414.8 15776.3 12638.5 11070.3 8733.21 6322.87 4021.89 2300.98 109.752 3912.14 2096.38 560.266 1536.11 2337.08 3190.91 4262.31 3017.63 1244.68 1004.79 86.0896 2012.84 207.778 57.6757 1805.06 798.164 206.631
internal_count=156122 142249 125573 96467 85452 50394 35058 29106 22511 16676 10751 5925 389 10362 5265 1315 3950 6595 8577 13873 10101 3772 3900 208 6201 779 181 5422 3319 581
is_linear=0
shrinkage=0.03


Tree=69
num_leaves=31
num_cat=0
split_feature=25 1 32 3 38 39 37 38 0 7 7 3 22 3 0 21 22 2 25 38 25 39 32 22 37 22 1 1 3 2
split_gain=73.4884 67.1096 64.9826 65.8061 110.937 96.1999 233.72 148.7 65.0974 54.6291 47.7749 46.8407 40.38 60.1075 84.6021 51.6925 51.8969 47.7882 46.8538 46.8874 45.4099 53.4582 50.2893 40.1462 39.1298 39.0175 35.3601 32.1492 59.8818 28.8644
threshold=0.0066336917225271472 0.40576252341270452 14.500000000000002 0.19189573079347613 -0.16308423876762387 0.81932663917541515 1.0000000180025095e-35 -0.14435492455959317 0.34655277431011206 0.013094579800963404 0.012138100340962412 0.33221402764320379 0.26124501228332525 0.048803051933646209 0.045222543179988868 0.97499999403953563 0.044494656845927245 0.14732565730810168 0.0025209209416061644 -0.080120008438825593 0.0053368019871413716 2.3337563276290898 8.5000000000000018 0.016061432659626011 1.0000000180025095e-35 0.21183607727289203 -0.0026287225773558016 -0.07444364950060843 0.28459081053733831 0.008194657042622568
decision_type=2 2 2 2 2 2 2 2 2 2 2 2 2 2 2 2 2 2 2 2 2 2 2 2 2 2 2 2 2 2
left_child=12 2 3 5 10 7 -7 -2 -6 11 -5 -3 13 14 20 16 -15 25 19 -14 22 -22 -1 -4 -18 -16 -17 28 -21 -20
right_child=1 9 23 4 8 6 -8 -9 -10 -11 -12 -13 18 15 17 26 24 -19 29 27 21 -23 -24 -25 -26 -27 -28 -29 -30 -31
leaf_value=-0.0030096330560643518 -0.0031346759424386731 0.014201722464367605 -0.040156603480435489 0.024560517312497678 0.0065689595582984275 0.0032252716975640764 -0.0086016730008406008 0.0043424660978284837 -6.5352078206595585e-05 0.0048363272635175425 0.010640345755913116 -0.021045935806603938 -0.010737983767366979 -0.034454502611558184 0.024300443099709322 -0.032793253182334746 0.0085290123758894054 -0.0024814193888687544 0.0037234662151542394 0.0029247000545610407 -0.007691222098250323 -0.041159274309255825 0.012570667626533926 0.0072462056942548415 -0.010639734001090596 -0.040134023583170572 0.014165803954718399 -0.0074708740956263703 0.02485066057786935 0.023965605073893368
leaf_weight=1247.3009570613503 2623.145921304822 38.707833617925644 15.13663102686405 334.44991526007652 4404.247241422534 5287.7139777839184 2100.28631465137 27246.435943678021 1906.1821709424257 187.57894566655159 669.40302614867687 238.54508559405804 244.35816778242588 50.637046314775944 210.05149914324284 120.7632172331214 166.64645344018936 109.09032982587814 114.3329264819622 761.4917780905962 257.70350089669228 50.83467373251915 218.17050704360008 4852.6140782982111 222.64783379435539 7.9005104750394812 15.709934532642363 187.44629237800837 130.6404323130846 143.6587976962328
leaf_count=4483 7859 135 56 788 11858 16328 7354 76582 5698 501 1676 1037 781 306 516 567 482 319 308 2300 871 232 567 12377 807 31 60 606 303 334
internal_value=0.00336867 0.00369151 0.00379827 0.00343856 0.00604056 0.00292752 -0.000137236 0.00368564 0.00456477 -0.00764117 0.0153009 -0.0160808 -0.000413045 -0.00265859 -0.00030103 -0.0112315 -0.00618877 0.0136941 0.00338498 0.00109885 -0.00288902 -0.0133303 -0.000681096 0.00708997 -0.00242559 0.0217784 -0.0273021 0.0037883 0.00616304 0.0150556
internal_weight=54163.8 49904.4 49439.6 44571.9 7314.28 37257.6 7388 29869.6 6310.43 464.832 1003.85 277.253 4259.38 2677.46 2101.05 576.404 439.931 327.042 1581.93 1323.94 1774.01 308.538 1465.47 4867.75 389.294 217.952 136.473 1079.58 892.132 257.992
internal_count=156122 142249 140576 128143 20020 108123 23682 84441 17556 1673 2464 1172 13873 9241 7019 2222 1595 866 4632 3990 6153 1103 5050 12433 1289 547 627 3209 2603 642
is_linear=0
shrinkage=0.03


Tree=70
num_leaves=31
num_cat=0
split_feature=25 32 11 14 13 13 39 18 8 22 8 2 2 34 34 22 3 21 24 39 22 3 25 38 37 22 4 2 38 32
split_gain=69.1386 60.7545 69.8025 64.5545 67.8764 189.722 52.3302 46.0158 44.5359 43.7392 42.2077 42.1036 64.136 72.9982 46.6055 38.0622 56.8826 49.3625 54.9953 45.3903 70.6856 47.9927 44.1167 44.1514 42.4782 36.0374 35.5939 35.3645 34.4665 33.4528
threshold=0.0066336917225271472 1.5000000000000002 0.33367912471294409 1.0000000180025095e-35 -1.713565945625305 0.26420179009437567 -0.79906469583511341 -6884.7631835937491 0.015223956666886808 0.016061432659626011 0.080791965126991286 0.48750357329845434 0.13045988231897357 5.0000000000000009 3.5000000000000004 0.26124501228332525 0.048803051933646209 0.97499999403953563 2.5000000000000004 0.19177916646003726 0.19758535921573642 0.036991326138377197 0.0025209209416061644 -0.080120008438825593 1.0000000180025095e-35 0.14835633337497714 27.175000190734867 0.10722925141453744 -0.12834093719720838 2.5000000000000004
decision_type=2 2 2 2 2 2 2 2 2 2 2 2 2 2 2 2 2 2 2 2 2 2 2 2 2 2 2 2 2 2
left_child=15 2 7 4 6 -6 -4 10 -9 -3 25 12 13 -11 -14 16 19 18 29 20 27 24 23 -17 -21 -2 -10 -1 -20 -18
right_child=1 9 3 -5 5 -7 -8 8 26 11 -12 -13 14 -15 -16 22 17 -19 28 21 -22 -23 -24 -25 -26 -27 -28 -29 -30 -31
leaf_value=0.0047983049612133691 0.014061742422086829 -0.039278874817733657 0.0010241176577617671 0.0059954463488918718 -0.0052945334247165117 0.0024780350520117382 0.0050521001360979822 0.004183126233421092 0.0096573161834669751 0.0053701210458342733 -0.016103184382506481 -0.0068912690515320948 0.0084598363340611417 -0.019375204515672713 0.018598307596047095 -0.010425142818161636 -0.024271380279892226 -0.026732707890935754 0.02779302442351933 -0.0020810364167909495 -0.011833688843580048 0.0215856256003422 0.014610566485907419 0.0036752619451638569 -0.015929065596013085 0.001166639426748475 0.0019797247513965357 0.02142959558879956 -0.0018516603542096644 0.0088059945556260913
leaf_weight=820.95067935436964 215.19460426270962 17.867368966341019 4522.8882804512978 4111.3080358952284 3688.0047207176685 12084.913051322103 8116.4987642616034 4543.2095561176538 3538.8676695674658 3889.8828829079866 115.45803710818291 204.42755861580372 1533.7940224260092 109.32406876981258 558.33030727505684 244.17305283248425 152.70799994468689 135.23163810372353 41.296481981873512 566.70629988610744 215.67617130279541 55.391441836953163 257.93794173002243 1079.5676110759377 307.37320098280907 2006.2389387786388 643.93466264009476 133.25921379029751 211.94375722110271 32.826099082827568
leaf_count=2733 529 72 12892 11015 15975 34419 22166 11938 8838 10290 424 660 3950 389 1315 781 721 627 104 1920 696 156 642 3209 1190 5642 1735 324 676 94
internal_value=0.00326805 0.00358106 0.00318238 0.00248188 0.00197317 0.000660252 0.00361116 0.00524109 0.00624239 0.00633195 0.00149984 0.00646809 0.00691799 0.00468825 0.0111745 -0.000402028 -0.0025848 -0.010945 -0.0060226 -0.000293406 0.00363572 -0.00524065 0.00328471 0.00106617 -0.00696681 0.00242293 0.00847684 0.00714407 0.00306107 -0.0183872
internal_weight=54155.2 49900.1 43586.5 32523.6 28412.3 15772.9 12639.4 11062.9 8726.01 6313.63 2336.89 6295.76 6091.33 3999.21 2092.12 4255.04 2673.36 574.006 438.774 2099.36 1169.89 929.471 1581.68 1323.74 874.08 2221.43 4182.8 954.21 253.24 185.534
internal_count=156122 142249 125573 96467 85452 50394 35058 29106 22511 16676 6595 16604 15944 10679 5265 13873 9241 2222 1595 7019 3753 3266 4632 3990 3110 6171 10573 3057 780 815
is_linear=0
shrinkage=0.03


Tree=71
num_leaves=31
num_cat=0
split_feature=32 22 24 39 1 3 39 39 7 39 3 3 2 1 37 21 3 20 25 22 11 32 1 2 37 2 13 25 2 13
split_gain=65.2191 72.4972 72.2763 63.3524 58.2871 101.015 93.5118 69.3721 64.1849 39.864 39.065 79.6454 38.156 35.8966 39.7753 54.749 32.8825 40.9596 45.7559 40.9063 36.4148 38.3224 34.2114 33.098 42.9399 45.3568 43.0102 34.1403 32.4748 35.2783
threshold=14.500000000000002 0.03792735934257508 1.0000000180025095e-35 -1.2734763026237486 0.32956103980541235 0.19774176180362704 0.23166371881961825 -1.6091020107269285 0.032066030427813537 2.1470853090286259 -0.013767917174845932 -0.028903223574161526 0.0064991791732609281 -0.11426400393247603 1.0000000180025095e-35 0.92499998211860668 0.062197241932153709 -1.0000000180025095e-35 0.26702308654785162 0.25714872777462011 0.72312039136886608 39.000000000000007 -0.26214693486690516 0.1323753893375397 1.0000000180025095e-35 -0.062673475593328462 -2.5585784847129834e-13 0.0066336917225271472 0.016620120033621791 32.133190155029304
decision_type=2 2 2 2 2 2 2 2 2 2 2 2 2 2 2 2 2 2 2 2 2 2 2 2 2 2 2 2 2 2
left_child=1 9 3 12 5 6 -4 -7 -6 28 11 -5 -3 -11 15 -15 20 19 -19 -18 23 -22 -21 24 25 -2 -26 -25 29 -1
right_child=16 2 4 10 8 7 -8 -9 -10 13 -12 -13 -14 14 -16 -17 17 18 -20 22 21 -23 -24 27 26 -27 -28 -29 -30 -31
leaf_value=-0.0078556052678204688 0.023429834838348523 -0.040981302245529608 0.0034829290254177877 -0.016152967322990663 -0.0074063035821618078 -0.0092176564504859379 5.6584239865885461e-05 0.0071796057628043071 0.0097388461674527381 0.053039214803947375 -0.02579514203376362 0.041517864658242538 0.023746272977078282 0.00088311236085861634 -0.023171054055048056 0.044495199432971859 0.012272367662674515 -0.0051772341823059127 0.011232918702494734 0.023590869426739783 -0.002121860325429499 0.015205029358212227 -0.012468666376264061 -0.017493186999450305 -0.0023783714962201138 0.0089538609209417266 0.0086123951480420718 0.017722697154547398 -0.019789560796534919 0.022125214497670589
leaf_weight=379.44781885296106 241.1694899648428 8.4954740554094297 30101.081051416695 98.063204139471054 887.48820434510708 239.64384011924267 9412.125213265419 6638.5240098685026 251.2730498611927 11.700134515762327 168.79129385948181 26.540560618042946 60.747074589133263 192.27618673443794 47.616599552333355 28.976642102003098 515.21834821999073 694.7401502430439 194.95709580183029 28.364455968141556 540.05729296803474 144.81395474076271 121.25451594591141 25.189471080899239 552.89527145028114 1021.3892582654953 758.94862905144691 506.91674260795116 199.95924463123083 37.932467818260193
leaf_count=1735 523 40 84998 488 3200 754 29357 17665 643 25 1104 75 146 733 259 86 1284 1983 482 64 1474 341 391 81 1548 2539 1900 1160 952 92
internal_value=0.00317108 0.00282619 0.00298461 -0.0103383 0.00308653 0.00325118 0.00266686 0.00660661 -0.00361529 -0.00561408 -0.0164287 -0.00361247 0.0152917 0.00374546 0.00140069 0.00678282 0.00631715 0.00263753 -0.00156938 0.00826569 0.00782398 0.00155431 -0.00550142 0.0092043 0.00778866 0.0117377 0.00397961 0.0160203 -0.00987185 -0.00507734
internal_weight=54136.6 48790.7 47892.8 362.638 47530.1 46391.4 39513.2 6878.17 1138.76 897.909 293.395 124.604 69.2425 280.57 268.869 221.253 5345.91 1554.53 889.697 664.837 3791.38 684.871 149.619 3106.51 2574.4 1262.56 1311.84 532.106 617.34 417.38
internal_count=156122 142352 138470 1853 136617 132774 114355 18419 3843 3882 1667 563 186 1103 1078 819 13770 4204 2465 1739 9566 1815 455 7751 6510 3062 3448 1241 2779 1827
is_linear=0
shrinkage=0.03


Tree=72
num_leaves=31
num_cat=0
split_feature=25 32 2 5 22 38 37 0 22 39 39 22 21 0 11 39 25 38 25 39 0 2 22 37 38 38 2 22 21 0
split_gain=63.7311 56.9106 54.3902 55.1781 50.0571 87.0523 317.912 75.6063 68.8797 53.4133 49.1335 35.1094 46.2086 48.4463 55.0414 50.3757 41.3836 41.4827 33.3045 32.9447 46.6083 91.4949 32.8637 30.5229 62.136 54.2308 27.221 28.6949 26.8276 24.3088
threshold=0.0066336917225271472 36.000000000000007 0.79851639270782482 11.825000286102297 0.096913304179906859 -0.080120008438825593 1.0000000180025095e-35 0.45538336038589483 0.11463504657149316 2.5919841527938847 -1.0000000180025095e-35 0.26124501228332525 0.92499998211860668 -0.051666272804141038 0.17546302825212481 -3.4169602394103999 0.0025209209416061644 -0.080120008438825593 0.0053368019871413716 2.3337563276290898 0.040160244330763824 0.15127024799585345 0.098054315894842162 1.0000000180025095e-35 -0.011387459002435206 -0.017580904066562649 0.008194657042622568 0.71461024880409252 0.77500000596046459 -0.13054118305444715
decision_type=2 2 2 2 2 2 2 2 2 2 2 2 2 2 2 2 2 2 2 2 2 2 2 2 2 2 2 2 2 2
left_child=11 2 4 -4 5 6 -2 -7 10 -10 -6 12 19 14 -14 -15 17 28 -17 23 22 -22 -21 24 -1 -25 27 -18 -13 -30
right_child=1 -3 3 -5 8 7 -8 -9 9 -11 -12 16 13 15 -16 18 26 -19 -20 20 21 -23 -24 25 -26 -27 -28 -29 29 -31
leaf_value=0.017301403095708576 0.016628537419990045 0.01101033676450908 -0.021162088256018917 0.0065764129759567237 0.01437805449173497 -0.00036531493449942673 -0.013805232207054353 -0.027765991156898873 0.0036321138357042655 -0.0018125585722150092 0.0054952449628441966 -0.023548711521148753 0.012768824935217122 0.027960090319474763 -0.032148184026340627 -0.0040421517451480109 0.0088414060492276215 0.0034717507408920231 -0.022924196453560166 -0.0079467772025673157 0.030760408722418413 -0.042350557855342086 -0.035417416737221999 -0.011766271690673649 -0.00068276381520017231 0.0038236606206306619 0.022719773638984826 -0.035358187543455016 0.017695065226127626 -0.0094671999912550736
leaf_weight=279.77083085477352 1019.6073097139597 863.33171166479588 162.16126349568367 105.93435852229595 853.21431545913219 5267.9002660959959 442.02283862233162 91.225344315171242 37735.849821001291 1693.1031580269337 1641.8637643903494 86.313227623701096 29.817794159054756 38.586887329816818 124.82350774109364 563.86954799294472 100.02807545661926 1079.0693698450923 98.114020004868507 98.292593367397785 52.046682476997375 20.723111316561699 65.49676750600338 323.99876201152802 449.08947346359491 524.32858218252659 143.53856147825718 14.203409001231192 38.335192814469337 119.27632963657379
leaf_count=751 2777 2122 583 283 2212 17356 1589 449 104818 5318 4742 299 74 88 536 2184 257 3209 405 372 130 107 276 1176 1418 1724 334 51 97 385
internal_value=0.00307661 0.0033771 0.00324236 -0.0102067 0.0033166 0.000932405 0.00741963 -0.000837394 0.00370439 0.0033982 0.00853855 -0.000449307 -0.00254813 -0.00829238 -0.0234417 -0.00491546 0.00309182 0.000942585 -0.00687558 0.000161803 -0.010252 0.00960761 -0.0190983 0.00173115 0.00623054 -0.00213386 0.0140648 0.00306049 -0.0102021 -0.00277181
internal_weight=54125.9 49876.2 49012.9 268.096 48744.8 6820.76 1461.63 5359.13 41924 39429 2495.08 4249.72 2668.96 855.212 154.641 700.57 1580.76 1322.99 661.984 1813.75 236.559 72.7698 163.789 1577.19 728.86 848.327 257.77 114.231 243.925 157.612
internal_count=156122 142249 140127 866 139261 22171 4366 17805 117090 110136 6954 13873 9241 3287 610 2677 4632 3990 2589 5954 885 237 648 5069 2169 2900 642 308 781 482
is_linear=0
shrinkage=0.03


Tree=73
num_leaves=31
num_cat=0
split_feature=14 13 13 3 34 39 39 22 2 37 38 34 38 38 37 39 18 13 39 0 3 3 22 39 18 34 39 22 0 2
split_gain=59.3281 67.2364 109.523 97.3005 107.864 143.141 83.6528 89.173 83.3195 74.9168 67.6685 66.5646 55.9736 69.7591 101.706 51.2024 51.1989 50.7584 50.4715 50.4681 61.9928 53.2404 40.5399 39.8134 55.4305 35.5125 44.077 81.8543 44.8076 43.841
threshold=1.0000000180025095e-35 -29.284611701965328 6.8576989173889169 -0.15080530196428296 3.5000000000000004 1.7090833187103274 -0.79906469583511341 0.12778121232986453 -0.022548045031726357 1.0000000180025095e-35 0.038658749312162406 5.0000000000000009 0.25004103779792791 1.0000000180025095e-35 1.0000000180025095e-35 2.0327552556991582 12210.582519531252 -688.99362182617176 1.1070075631141665 -0.1606313809752464 0.11034229770302774 -1.8088188171386717 0.41785717010498052 1.3611495494842532 630.05102539062511 1.0000000180025095e-35 0.90526300668716442 0.2631614357233048 0.045222543179988868 0.051080279052257545
decision_type=2 2 2 2 2 2 2 2 2 2 2 2 2 2 2 2 2 2 2 2 2 2 2 2 2 2 2 2 2 2
left_child=1 6 3 8 18 -6 7 9 22 -1 -10 16 13 14 -4 -15 -9 -8 -5 21 -21 -19 -3 24 -14 26 27 -2 -28 -27
right_child=25 2 12 4 5 -7 17 11 10 -11 -12 -13 23 15 -16 -17 -18 19 -20 20 -22 -23 -24 -25 -26 29 28 -29 -30 -31
leaf_value=0.020247798970344861 0.013192973081811618 -0.0046111268655260199 0.0070180761957068238 -0.0011935464892616639 -0.0013369038029115684 0.012967084817916679 0.0014248686569317687 0.0014796930041004251 0.0047491435114488346 -0.0015589987075959157 0.016926267048095769 -0.016211248609915269 0.021071877052786264 0.0012332386823527808 0.0011475412118288799 -0.0086391531373087894 -0.012098987909603658 -0.004495053066679475 -0.0058439469190430197 0.0033173699429683294 0.0094772961643350712 0.013323462140815128 0.0055940498421185826 -0.0059499995809193353 0.0040521609590340986 0.0039815058077861667 -0.0012181730321735691 -0.0037647832515234339 -0.031953692334331374 0.0092741960675653615
leaf_weight=380.82506524026394 439.99886846542358 938.84392493963242 6121.2509337961674 5953.5209291726351 1689.4687506854534 1002.2519742771983 1836.1860420256853 4460.175943210721 1278.215519785881 224.93734702467918 605.8040911257267 217.68969878554344 401.0652342736721 4548.0027941018343 4694.4778233319521 526.63896542787552 263.7201416939497 166.74698206782341 3246.9025316312909 3791.3769789934158 2405.211788803339 1523.6675416082144 557.43219655752182 105.24189676344395 303.14765287935734 2858.8773611932993 116.03825350105762 610.10517880320549 66.810409784317017 2786.0898764133453
leaf_count=884 1100 3079 16051 20526 5700 3096 5102 12263 3765 659 1592 790 916 12601 13095 1646 855 475 12083 10144 6053 3719 1643 313 815 7729 340 1740 239 7109
internal_value=0.0029845 0.00260528 0.00182286 -1.3032e-05 -0.00128993 0.00399086 0.00424303 0.00130236 0.00447736 0.0121561 0.00867318 -2.97229e-05 0.00350192 0.00310919 0.00447064 0.000206605 0.000718603 0.00592015 -0.00283549 0.00696601 0.00570998 0.0115624 -0.000806025 0.0111944 0.0137657 0.00558804 0.000971708 0.00334354 -0.0125776 0.00659544
internal_weight=54120.7 47242.8 31972.3 15272.4 11892.1 2691.72 15270.5 5547.35 3380.3 605.762 1884.02 4941.59 16699.8 15890.4 10815.7 5074.64 4723.9 9723.19 9200.42 7887 6196.59 1690.41 1496.28 809.455 704.213 6877.92 1232.95 1050.1 182.849 5644.97
internal_count=156122 137865 96921 51484 41405 8796 40944 15451 10079 1543 5357 13908 45437 43393 29146 14247 13118 25493 32609 20391 16197 4194 4722 2044 1731 18257 3419 2840 579 14838
is_linear=0
shrinkage=0.03


Tree=74
num_leaves=31
num_cat=0
split_feature=32 22 24 39 34 0 1 3 38 39 7 39 2 38 22 0 25 3 25 25 1 2 25 38 3 3 10 25 1 1
split_gain=61.1567 65.5395 67.2003 58.9934 58.8378 61.031 52.3451 93.3522 84.5265 84.0479 59.0359 37.7331 35.9056 35.597 33.9054 32.9933 39.8661 31.7541 31.9314 48.161 31.9824 31.3044 34.2593 32.3527 30.6413 28.1817 27.9551 33.9738 33.7216 28.8791
threshold=14.500000000000002 0.03792735934257508 1.0000000180025095e-35 -1.2734763026237486 3.5000000000000004 0.085054349154233946 0.32956103980541235 0.19774176180362704 0.10419692471623422 0.23166371881961825 0.032066030427813537 2.1470853090286259 0.0064991791732609281 0.064100429415702834 0.5314958691596986 0.074234966188669219 0.037536654621362693 0.29302789270877844 0.034840974956750877 0.06172554753720761 0.35020874440670019 0.016620120033621791 0.46991825103759771 0.37146696448326116 0.39195969700813299 0.19774176180362704 0.0090293916873633879 0.027898835949599746 -0.38897126913070673 0.072829477488994612
decision_type=2 2 2 2 2 2 2 2 2 2 2 2 2 2 2 2 2 2 2 2 2 2 2 2 2 2 2 2 2 2
left_child=1 11 3 12 14 -6 7 9 -9 -4 -8 21 -3 15 -5 16 -13 26 20 -20 -19 -1 23 -23 -12 -14 29 28 -28 -2
right_child=17 2 6 4 5 -7 10 8 -10 -11 24 13 25 -15 -16 -17 -18 18 19 -21 -22 22 -24 -25 -26 -27 27 -29 -30 -31
leaf_value=-0.0049276637900259202 0.0071511938758305367 -0.040482929829383646 0.003178176711743082 -0.028891238710837319 0.019362745944585143 -0.041844714725819888 -0.0071924687637554864 0.0074488756199573725 -0.0026155340175459357 -6.978680825136735e-05 0.025448794700147288 0.0045097832490864674 0.038775593597571163 -0.018850987391465557 0.0083993542818556807 -0.012992253610643866 0.034329300974381922 -0.033256829353740969 0.029401108539653879 -0.0031796282438358112 0.023641219900252145 -0.024018538207738686 0.036400009263707879 0.054895427091469405 0.002466926329111655 -0.0026469409458100956 0.019161474003157746 0.0045745435590446373 -0.016856268154645016 0.017374366793144733
leaf_weight=415.76422654092312 3454.9719111025333 8.3566244989633542 30099.487050645053 184.62314768880606 63.356449753046036 17.986049100756645 884.96031585335732 6015.9630282521248 857.16078770160675 9410.3217114061117 73.27946525812149 120.76989029347897 36.912248730659485 50.80098020285368 24.304562263190746 48.841534540057182 60.0996473133564 46.598115012049675 46.319273576140404 296.60806161165237 10.110326454043387 186.01153498142958 8.5322825759649259 3.8555191159248343 177.81475266814232 23.818614140152931 27.610773950815201 1055.5032150745392 128.37565463781357 268.18946601450443
leaf_count=1827 8723 40 84998 1222 227 89 3200 15919 2500 29357 159 474 76 236 129 234 159 175 105 884 27 927 17 8 484 70 66 2770 398 622
internal_value=0.00289571 0.00256195 0.00271236 -0.0101929 -0.0161214 0.00544861 0.00281023 0.00296611 0.00619309 0.00240453 -0.00354846 -0.00547775 0.0145474 0.00362191 -0.0245196 0.00866499 0.014569 0.00594578 -0.0021774 0.00128503 -0.0228268 -0.00963792 -0.0194194 -0.0221211 0.00926021 0.0227014 0.00660455 0.00263957 -0.0103803 0.00789287
internal_weight=54107.3 48773 47878.3 359.358 290.27 81.3425 47519 46382.9 6873.12 39509.8 1136.05 894.676 69.0875 280.512 208.928 229.711 180.87 5334.29 399.636 342.927 56.7084 614.164 198.399 189.867 251.094 60.7309 4934.65 1211.49 155.986 3723.16
internal_count=156122 142352 138470 1853 1667 316 136617 132774 18419 114355 3843 3882 186 1103 1351 867 633 13770 1191 989 202 2779 952 935 643 146 12579 3234 464 9345
is_linear=0
shrinkage=0.03


Tree=75
num_leaves=31
num_cat=0
split_feature=32 13 13 3 37 38 38 39 22 25 34 37 38 37 13 38 13 34 0 38 0 38 3 0 25 13 34 38 25 39
split_gain=57.6854 62.033 186.646 107.224 94.5618 555.343 522.638 66.3876 72.7088 59.1357 55.4152 53.1679 51.4053 81.1791 51.2139 50.6113 50.5411 49.4458 47.6996 45.7882 44.9822 43.7136 45.3647 55.7677 38.8368 37.3122 35.8324 34.7057 34.4517 33.95
threshold=14.500000000000002 -16.770277023315426 6.8576989173889169 -0.15450781583786008 1.0000000180025095e-35 -0.0047625824809074393 -0.020158102735877034 -0.79906469583511341 0.12778121232986453 0.53328675031661998 5.0000000000000009 1.0000000180025095e-35 0.25004103779792791 1.0000000180025095e-35 4975.4560546875009 0.10925983637571336 -21.880207061767575 1.5000000000000002 0.150687150657177 -0.01442230027168989 -0.14200279861688611 0.22119005024433139 0.17632378637790683 -0.037787185981869691 0.13957870006561282 90.076374053955092 1.5000000000000002 -0.24041680246591565 0.49459667503833776 0.99240326881408703
decision_type=2 2 2 2 2 2 2 2 2 2 2 2 2 2 2 2 2 2 2 2 2 2 2 2 2 2 2 2 2 2
left_child=1 7 3 9 6 -6 -5 8 11 19 26 16 14 25 17 -16 -1 -4 -15 -3 -13 22 23 -9 -23 -14 -10 -12 -24 -11
right_child=-2 2 12 4 5 -7 -8 21 10 29 27 20 13 18 15 -17 -18 -19 -20 -21 -22 24 28 -25 -26 -27 -28 -29 -30 -31
leaf_value=0.020179184793806322 0.0057731845438993594 0 0.0013507985686405063 0.0129076896829828 -0.020124887923183277 0.0014147360125034013 -0.0076430982584056572 0.0069487780202898758 0.0039849224369463785 -0.018047128236450476 -0.034091500426570928 0.034399428269924814 -0.021610325308762706 0.019253372347574092 -0.0032360562576223065 -0.035159115925549864 -0.022289165181635612 0.0046330076415070642 0.0010686281839921261 0.008375830254849349 -0.0029285176553371156 0.0026583761621653233 0.0099932426679586479 0.0019105033381928416 -0.015869074562639654 0.0056889347447780349 -0.0010320274846728577 -0.0070200786334510519 -0.0082512367435686653 0.011245742789000604
leaf_weight=387.92556539177895 5329.3255931735039 928.00304493308067 6480.8862427175045 1824.3137310519814 1595.5936791226268 3310.9587022140622 2855.9501656740904 4314.0795296728611 2097.2524935305119 157.60203422605991 58.889598876237869 31.451974093914032 86.352055907249451 554.02034817636013 386.19939075410366 49.642961263656616 26.095898926258087 11410.877068832517 170.07959647476673 1601.3635745048523 276.20801006257534 289.02270986139774 2389.4117432683706 3655.1681001037359 155.86067070066929 92.135573297739029 3288.4164146780968 151.91636148095131 96.028028577566147 45.040274113416672
leaf_count=903 13770 2929 17961 5781 6627 12014 10930 11255 5674 597 270 69 285 1296 1140 180 87 30684 468 4749 823 789 5992 9983 488 245 9259 469 278 127
internal_value=0.00280944 0.00248538 0.00169469 -0.00118807 -0.00268237 -0.00559194 0.000367771 0.00393385 0.00148614 0.0040535 0.000329147 0.0104414 0.00354151 0.0105291 0.00319667 -0.00695116 0.0174479 0.00344441 0.0149936 0.00530469 0.00097687 0.00535218 0.00574424 0.00463883 -0.00384684 -0.00754851 0.000921461 -0.014722 0.0092841 -0.0114984
internal_weight=54096.1 48766.7 31549 12318.8 9586.82 4906.55 4680.26 17217.7 6318.16 2732.01 5596.47 721.681 19230.2 902.588 18327.6 435.842 414.021 17891.8 724.1 2529.37 307.66 10899.6 10454.7 7969.25 444.883 178.488 5385.67 210.806 2485.44 202.642
internal_count=156122 142352 96013 43754 35352 18641 16711 46339 17554 8402 15672 1882 52259 2294 49965 1320 990 48645 1764 7678 892 28785 27508 21238 1277 530 14933 739 6270 724
is_linear=0
shrinkage=0.03


Tree=76
num_leaves=31
num_cat=0
split_feature=25 2 32 4 2 34 37 38 38 0 38 22 25 38 37 38 38 38 2 2 0 2 13 2 18 2 2 22 7 34
split_gain=56.8399 51.9271 51.053 51.0114 46.4365 95.4657 91.8636 490.67 454.576 85.053 56.8208 31.2099 38.5797 38.7596 36.8232 109.44 77.0684 48.0027 47.5491 39.5289 53.296 37.4613 33.6494 30.1918 27.5642 30.0874 25.7675 27.042 24.9252 23.7272
threshold=0.0066336917225271472 0.79851639270782482 36.000000000000007 11.924999713897707 0.026335185393691066 3.5000000000000004 1.0000000180025095e-35 -0.0034019033191725607 -0.010448761284351347 -0.0099840196780860407 -1.0000000180025095e-35 0.26124501228332525 0.0025209209416061644 -0.080120008438825593 1.0000000180025095e-35 -0.12108700349926947 -0.010448761284351347 0.097228281199932112 0.17924229800701144 0.0091508775949478167 -0.051666272804141038 0.0072633591480553159 -378.90570068359369 0.069315105676651015 -30.993432044982907 -0.022548045031726357 0.008194657042622568 0.71461024880409252 0.041291480883955962 1.0000000180025095e-35
decision_type=2 2 2 2 2 2 2 2 2 2 2 2 2 2 2 2 2 2 2 2 2 2 2 2 2 2 2 2 2 2
left_child=11 2 4 -3 5 9 7 -6 -8 -2 -7 14 13 28 15 18 24 22 23 21 -21 -18 -17 -1 -16 -26 27 -14 -13 -15
right_child=1 3 -4 -5 6 10 8 -9 -10 -11 -12 12 26 29 16 17 19 -19 -20 20 -22 -23 -24 -25 25 -27 -28 -29 -30 -31
leaf_value=0.012606595170627052 0.0037541075657719896 -0.020463531907050709 0.010333219562989718 0.0062121284764821861 0.010845983585651342 -0.0070144313395114326 -0.0063441067284872718 0.00058562127490899285 0.005030890294552272 -0.005290027799944216 0.00040254703652758007 -0.0050503475435225622 0.008246915956808919 -0.016094943344844601 -0.0033422610672457203 0.031206237978997835 0.0053643459648047591 -0.015640315931391695 -0.023770418225120705 -0.033565851867200187 -0.0025258375864555429 0.06528952776054954 -0.00060969643723237255 0.039063836653977058 -0.0076514928615753113 -0.025627741075014313 0.021762538222748231 -0.034675655920661796 -0.028398303243223327 0.0041311580031615268
leaf_weight=69.787352904677391 10701.01710036397 164.7445742636919 858.03037862479687 104.79384504258633 7525.726207524538 1505.4100188463926 4328.7863422036171 9477.4721060842276 11720.346201166511 1024.3751013278961 2425.6814912706614 191.75211898982525 99.881843790411949 53.974706754088402 129.52285942435265 29.953977257013321 351.88993114978075 202.56201415508986 17.03268975019455 55.198707967996597 441.04103759676218 8.6719509661197645 890.54382179677486 91.78284464776516 129.65253348648548 244.93981535732746 143.30786672234535 14.194327890872954 51.804712817072868 1024.3587965220213
leaf_count=201 30657 593 2115 280 19741 4781 13471 27394 32801 3437 6979 596 257 233 376 62 1154 730 65 232 1635 18 3017 199 466 1086 334 51 185 2976
internal_value=0.00272595 0.00300971 0.00308125 -0.0100966 0.00295323 0.00160687 0.00359082 0.00512747 0.00196242 0.00296334 -0.00243808 -0.00060707 0.00273223 0.000656952 -0.00258914 0.00101623 -0.00603795 -0.00245662 0.0227624 -0.000554185 -0.00604513 0.00699051 0.000455114 0.0278024 -0.0153328 -0.0194508 0.0133352 0.00262514 -0.0101246 0.00310201
internal_weight=54078.2 49836.4 49566.8 269.538 48708.8 15656.5 33052.3 17003.2 16049.1 11725.4 3931.09 4241.85 1579.27 1321.89 2662.58 1301.66 1360.92 1123.06 178.603 856.802 496.24 360.562 920.498 161.57 504.115 374.592 257.384 114.076 243.557 1078.33
internal_count=156122 142249 141376 873 139261 45854 93407 47135 46272 34094 11760 13873 4632 3990 9241 4274 4967 3809 465 3039 1867 1172 3079 400 1928 1552 642 308 781 3209
is_linear=0
shrinkage=0.03


Tree=77
num_leaves=31
num_cat=0
split_feature=14 1 3 25 13 13 3 3 38 37 38 37 11 39 38 3 1 0 7 2 4 38 20 3 7 1 25 3 14 2
split_gain=55.5025 66.3261 69.1878 60.1159 61.1259 64.9629 64.7416 52.1628 84.8748 84.9183 48.476 186.506 49.5676 45.3592 42.1681 35.8591 34.8339 40.6372 37.4872 36.4911 49.1504 47.4645 41.4396 35.4859 34.4989 34.4137 34.1693 32.8969 31.234 26.8133
threshold=1.0000000180025095e-35 0.40576252341270452 0.27733705937862402 0.021911201067268852 -35.450157165527337 29.017581939697269 -0.030777338892221447 0.19774176180362704 0.10206544399261476 1.0000000180025095e-35 0.18958308547735217 1.0000000180025095e-35 0.2107290402054787 -0.40174834430217737 0.10925983637571336 0.44137898087501531 -1.0210809707641599 -0.37554858624935145 0.012138100340962412 0.048509530723094947 3.9250000715255742 -0.12834093719720838 1.0000000180025095e-35 -0.030777338892221447 0.013094579800963404 0.077165883034467711 0.023568180389702324 0.036991326138377197 -1.0000000180025095e-35 -0.049873696640133851
decision_type=2 2 2 2 2 2 2 2 2 2 2 2 2 2 2 2 2 2 2 2 2 2 2 2 2 2 2 2 2 2
left_child=1 3 -3 4 13 6 -6 10 9 -9 12 -12 -5 27 -10 -15 -2 18 29 21 23 -19 -23 -21 26 -7 -4 -1 -28 -18
right_child=16 2 24 7 5 25 -8 8 14 -11 11 -13 -14 15 -16 -17 17 19 -20 20 -22 22 -24 -25 -26 -27 28 -29 -30 -31
leaf_value=0.0021224309832108272 -0.0034914243385523311 0.026053984559622226 0.005594722788355295 0.0044250927311977597 0.0005678864316466147 0.0052316805977204268 -0.0061515185859129726 0.0093881075258497731 -0.033292000655819408 0.0018520763613062837 -0.0073440612789308392 0.012515084384208374 0.0014235652878100253 0.0088570501188847423 -0.0022430101557322666 -0.026068574329230751 0.030654695199640262 -0.0084939736914856848 0.0054886942439423443 0.01704857983053552 0.0040129218725737702 0.0021510763508413525 0.01186686786993855 0.007486672283495012 -0.0019579433804695965 -0.0078212850585541883 0.01229202865300009 -0.012147575572307407 -0.028709829118213862 -0.002426333902504017
leaf_weight=885.28868456184864 393.44512332975864 43.684904560446739 38.149439737200737 6355.6866465359926 2503.4676720798016 1585.3847480416298 2660.5927439630032 3648.799017444253 40.602047085762024 2134.4110943675041 595.49153298139572 1484.8745899200439 22441.074867546558 1278.6720756590366 745.80191516876221 26.031225919723511 144.88868191838264 305.33358405530453 162.07353056967258 595.36188679933548 1818.7291560918093 2083.7153968811035 487.12723337113857 854.9848305284977 149.5003202855587 204.24700978398323 17.690560802817345 172.91869565844536 187.59703181684017 25.617605835199356
leaf_count=2446 1132 124 158 16746 7940 4233 10103 9448 145 6157 1831 3792 66652 3294 2227 85 309 912 425 1414 4808 5683 1255 2247 422 596 55 531 880 72
internal_value=0.00264448 0.00227755 -0.00934656 0.00238634 0.000229504 -0.00118674 -0.00289398 0.00292286 0.00535057 0.0066081 0.00240607 0.00682829 0.00208626 0.00439731 -0.00389012 0.00813849 0.00516385 0.00569047 0.0158962 0.00513516 0.00730382 0.00266752 0.0039971 0.0114229 -0.013346 0.00373676 -0.0202908 -0.000215825 -0.0251195 0.0256818
internal_weight=54071.2 47200 436.622 46763.3 9316.6 6953.69 5164.06 37446.7 6569.61 5783.21 30877.1 2080.37 28796.8 2362.91 786.404 1304.7 6871.28 6477.83 332.58 6145.25 3269.08 2876.18 2570.84 1450.35 392.937 1789.63 243.437 1058.21 205.288 170.506
internal_count=156122 137865 1639 136226 29228 22872 18043 106998 17977 15605 89021 5623 83398 6356 2372 3379 18257 17125 806 16319 8469 7850 6938 3661 1515 4829 1093 2977 935 381
is_linear=0
shrinkage=0.03


Tree=78
num_leaves=31
num_cat=0
split_feature=32 13 13 3 2 25 39 37 39 22 37 13 1 2 2 37 3 2 13 22 3 25 3 39 25 13 34 22 8 3
split_gain=54.0874 58.7582 167.439 100.766 155.926 122.76 73.7105 61.764 60.3716 64.1108 54.5904 54.2396 51.6203 50.9299 48.9049 72.4137 47.3413 44.4583 40.508 53.054 50.7222 41.9967 40.4734 54.6217 38.8056 32.6459 32.6451 32.4186 31.6149 31.4543
threshold=14.500000000000002 -16.770277023315426 6.8576989173889169 -0.030777338892221447 0.034024320542812354 0.054835252463817603 1.0503855347633364 1.0000000180025095e-35 -1.1990115642547605 0.12778121232986453 1.0000000180025095e-35 -21.880207061767575 -1.5289440751075742 -0.076589565724134431 0.031976373866200454 1.0000000180025095e-35 -0.51205098628997792 -0.13840462267398831 -688.99362182617176 0.10325482860207559 -0.35528780519962305 0.51175868511199962 -0.54288989305496205 -3.4595007896423335 0.56018424034118663 6852.1987304687509 1.5000000000000002 0.36336274445056921 0.047568485140800483 0.062197241932153709
decision_type=2 2 2 2 2 2 2 2 2 2 2 2 2 2 2 2 2 2 2 2 2 2 2 2 2 2 2 2 2 2
left_child=1 8 3 4 6 13 -3 -7 9 10 11 -1 -4 -5 15 -11 -16 -12 26 20 -20 -21 23 -14 -6 -24 27 -10 -28 -2
right_child=29 2 12 5 24 7 -8 -9 18 14 17 -13 22 -15 16 -17 -18 -19 19 21 -22 -23 25 -25 -26 -27 28 -29 -30 -31
leaf_value=0.020628747112916998 0.006916197990907539 0.00051709650654471306 -0.0058948153163331674 0.011125056550182984 0.009203710343394806 0.0039999936969444937 -0.009526429423306457 -0.0037555666496029241 0.011153061156958249 -0.010817619221675434 0.053166643585726883 -0.02518151547495516 0.019715996313848603 -0.0087505742613854919 0.012006181695248032 0.00049953323398530306 0.00094851738366602079 -0.0023695319813338603 0.030913656411095749 0.0070886053977771372 -0.0013178921609613727 -0.0016794522676515085 0.0032862245914367155 0.0051771929075272293 -0.017476352111435427 -0.0067943295910735738 -0.00028206567606245728 -0.0016961131392113863 -0.015657060312317398 0.0018334421940415632
leaf_weight=342.70782126486301 3771.5960781127214 2592.1018316447735 540.91767807304859 119.66080713272095 1925.2913975268602 1813.3321985900402 879.98377585411072 1882.6231400072575 441.36113081872463 766.26657293736935 12.600199177861212 24.060721769928932 304.42081715166569 3050.5186007618904 413.09862944483757 1509.2087090164423 2205.118523389101 280.18619260191917 44.630242452025414 7901.0088634639978 1186.0189852416515 523.31477332115173 17098.936823561788 984.56699346005917 49.378183096647263 293.01759883761406 1129.7805635929108 293.2872072905302 133.78538648784161 1548.1367778778076
leaf_count=790 9566 8459 1597 400 5768 6042 3364 6930 1123 2306 23 82 713 12613 1049 4348 6054 831 95 20265 3482 1442 46434 2631 178 884 3168 840 441 4204
internal_value=0.00256566 0.00225197 0.00148232 -0.00124876 0.00179778 -0.00366586 -0.00202953 4.8755e-05 0.00366219 0.00108704 0.00985988 0.017555 0.00323189 -0.00799614 -9.64949e-05 -0.00331328 0.00269824 0.000183117 0.0048889 0.00569356 -0.000122409 0.00654345 0.00349662 0.00862578 0.00852653 0.00311584 0.000998512 0.00602399 -0.00192342 0.00543821
internal_weight=54060.9 48741.2 31534.7 12312.9 5446.76 6866.13 3472.09 3695.96 17206.4 5553.25 659.555 366.769 19221.9 3170.18 4893.69 2275.48 2618.22 292.786 11653.2 9654.97 1230.65 8424.32 18680.9 1288.99 1974.67 17392 1998.21 734.648 1263.57 5319.73
internal_count=156122 142352 96013 43754 17769 25985 11823 12972 46339 15483 1726 872 52259 13013 13757 6654 7103 854 30856 25284 3577 21707 50662 3344 5946 47318 5572 1963 3609 13770
is_linear=0
shrinkage=0.03


Tree=79
num_leaves=31
num_cat=0
split_feature=3 32 24 39 22 3 38 39 39 21 1 8 23 22 1 10 3 1 38 3 2 38 13 1 1 7 2 21 39 38
split_gain=52.4425 50.849 58.2387 72.6101 56.0243 48.8836 84.7513 76.8887 39.3796 40.7611 32.9422 30.48 29.6217 46.9817 32.4082 29.0906 28.8339 39.8196 47.4233 38.3253 30.8862 40.1754 27.4882 19.7091 45.2782 37.0267 27.2936 24.0849 16.9388 23.6327
threshold=0.50219044089317333 14.500000000000002 1.0000000180025095e-35 -1.2734763026237486 0.03792735934257508 0.19774176180362704 -0.16974265873432157 0.23166371881961825 2.1470853090286259 0.97499999403953563 -0.0020698119187727566 0.067886281758546843 1.0000000180025095e-35 0.62548643350601207 -0.0043663785327225915 0.0032154673244804148 0.062197241932153709 0.077165883034467711 0.079582933336496367 0.35433165729045873 0.13757120072841647 0.22577808797359469 -3.6551121016577948e-13 -0.42336371541023249 -0.20418395847082135 0.043228397145867355 -0.53318867087364186 1.0000000180025095e-35 2.8389308452606206 -0.15239354968070981
decision_type=2 2 2 2 2 2 2 2 2 2 2 2 2 2 2 2 2 2 2 2 2 2 2 2 2 2 2 2 2 2
left_child=1 2 3 -1 8 7 -7 -6 10 -10 -4 28 14 -14 -5 16 20 19 -19 -18 21 -3 -22 26 27 -26 -17 -25 29 -2
right_child=11 15 4 12 5 6 -8 -9 9 -11 -12 -13 13 -15 -16 23 17 18 -20 -21 22 -23 -24 24 25 -27 -28 -29 -30 -31
leaf_value=0.013294477901057358 0.0059018315399186234 0.0061718138257692888 -0.0059763389391900672 -0.016172462746392571 0.0028108205653331083 0.013389416400705225 0.0035434894339634758 -0.00029621320629557527 -0.0004115535270031842 0.036733614450453117 -0.023418503415262141 0.020759407228018997 -0.032225520086891002 0.068932271696269851 0.0071713182092179948 -0.018886289569880213 0.00037847436295518154 0.015019833281950902 -0.017432870846260259 -0.028338339817765557 0.025471276408627525 0.026593456959121072 0.0096745336221177192 -0.043684228767381927 0.00040312331591066749 0.017236641200533795 0.012952184701035614 -0.0082878209778720884 -0.0262060824628127 -0.013559573721492631
leaf_weight=106.73642960190773 76.431468710303307 2320.137202128768 382.23777604103088 177.5594689771533 30123.789256811142 890.63523165881634 6729.9749789685011 9404.1017384976149 238.67121439427137 28.897651523351669 130.70259587466717 27.927878454327583 100.17331784963608 3.3743543326854697 75.547077372670174 26.402725279331207 723.06608662009239 311.79985889792442 45.623291611671448 43.382952213287354 161.19913643598557 89.296976387500763 263.25052401423454 17.717027813196182 674.8655878007412 141.5342503041029 210.76007182896137 255.4742556065321 56.658341437578201 204.04308420419693
leaf_count=318 198 5889 1573 1010 85112 2198 18894 29357 945 89 708 64 622 6 464 107 1947 770 155 158 341 188 647 65 1816 333 515 743 202 688
internal_value=0.00248959 0.00256676 0.00226144 -0.00831053 0.00236389 0.00249593 0.0046962 0.00207156 -0.00560201 0.00371082 -0.0104635 -0.00882581 -0.0148038 -0.0282725 -0.00919222 0.00536123 0.00664996 0.00257694 0.010832 -0.00127787 0.00826272 0.00694063 0.0157267 0.00151251 -0.000193457 0.00334263 0.00933068 -0.0107452 -0.0113396 -0.00824341
internal_weight=54042 53676.9 48392.4 463.391 47929 47148.5 7620.61 39527.9 780.509 267.569 512.94 365.061 356.654 103.548 253.107 5284.51 3957.76 1123.87 357.423 766.449 2833.88 2409.43 424.45 1326.75 1089.59 816.4 237.163 273.191 337.133 280.475
internal_count=156122 154970 141296 2420 138876 135561 21092 114469 3315 1034 2281 1152 2102 628 1474 13674 10095 3030 925 2105 7065 6077 988 3579 2957 2149 622 808 1088 886
is_linear=0
shrinkage=0.03


Tree=80
num_leaves=31
num_cat=0
split_feature=14 1 3 11 32 13 13 39 13 13 34 39 22 0 2 39 0 8 39 7 37 7 13 4 7 0 22 1 2 39
split_gain=51.612 61.7663 65.056 55.9955 59.0234 64.5519 255.722 48.7343 46.2634 34.1975 32.6059 40.7638 76.3615 42.3389 37.9161 59.8372 49.6769 51.9962 41.193 37.4336 37.3346 34.7028 34.3145 32.5813 32.3133 31.3481 30.6706 30.55 29.3289 27.9011
threshold=1.0000000180025095e-35 0.40576252341270452 0.27733705937862402 0.033578522503376014 1.5000000000000002 -3.5089076826436135e-12 1.8275560508288979e-13 -0.79906469583511341 -59.075443267822259 -133.29634094238278 1.0000000180025095e-35 0.90526300668716442 0.2631614357233048 0.045222543179988868 0.051080279052257545 -0.5658757984638213 -0.37554858624935145 0.011649167630821468 1.8444985747337344 0.017212409526109699 1.0000000180025095e-35 0.011647848412394525 350.21835327148443 3.9250000715255742 0.013094579800963404 -0.0044237142428755752 0.093368913978338255 -0.10182456672191618 0.48750357329845434 -3.8778389692306514
decision_type=2 2 2 2 2 2 2 2 2 2 2 2 2 2 2 2 2 2 2 2 2 2 2 2 2 2 2 2 2 2
left_child=1 3 -3 9 5 7 -7 -5 27 -1 11 12 23 26 15 16 17 -12 21 -16 -18 -17 -14 -2 -4 -20 -13 -6 -10 -11
right_child=10 2 24 4 8 6 -8 -9 28 29 14 13 22 -15 19 18 20 -19 25 -21 -22 -23 -24 -25 -26 -27 -28 -29 -30 -31
leaf_value=0.0081269564594605315 0.018017581273713584 0.025091280245334763 -0.019848856285595403 0.00047906589957751104 -0.00527915166922011 -0.0074450810591250409 0.0017408984901419241 0.0038906676592062677 0.0064363619925916953 0.013220282515624519 0.03220181992244299 0.014654180536555948 -0.00066596770889337158 -0.031484295540700986 0.011958049277250634 0.013575531623223364 -0.0097195756097796099 -0.0068146468568365164 -0.0012247109137172995 0.0049770480106564674 0.001329009167782592 0.0041758848281588535 -0.01866184331119403 0.00069231558342455724 -0.0020750219143228247 -0.038283564975495475 -0.015988218943280549 0.0057177436459186475 -0.0095969966599277964 0.00293631648217502
leaf_weight=1820.9864460527897 291.8601182103157 43.793765634298325 241.42127154022455 5975.0995256453753 613.46943102777004 3356.4023081213236 14535.627462282777 10214.334185704589 4138.36779050529 247.7553436756134 73.903755858540535 54.449110209941864 492.19873878359795 66.638874426484108 1324.0251615047455 722.80218699574471 496.77421410381794 51.451554238796234 178.13016772270203 1455.1182380318642 614.40904849767685 695.77235671877861 117.42023050785065 147.26234628260136 149.47902677953243 22.263326600193977 61.539633378386497 359.77294732630253 104.29372778534889 5365.1614725291729
leaf_count=4614 704 124 1093 17109 1780 16022 41549 28093 11051 603 158 142 1365 239 3293 1801 1465 151 529 3816 1707 1829 375 396 422 89 198 926 350 14129
internal_value=0.00241536 0.00206141 -0.00918098 0.00216624 0.00171437 0.00125933 1.71944e-05 0.00263183 0.00468628 0.004554 0.00484575 0.000420315 0.00270341 -0.0126174 0.00581208 0.0033807 -0.00158595 0.0162367 0.00717462 0.00830708 -0.00361206 0.00897356 -0.004162 0.012229 -0.0130825 -0.00552642 -0.00157567 -0.00120922 0.00603935 0.00339306
internal_weight=54032 47166 434.694 46731.3 39297.4 34081.5 17892 16189.4 5215.9 7433.9 6866.02 1231.37 1048.74 182.628 5634.65 2855.51 1236.54 125.355 1618.97 2779.14 1111.18 1418.57 609.619 439.122 390.9 200.393 115.989 973.242 4242.66 5612.92
internal_count=156122 137865 1639 136226 116880 102773 57571 45202 14107 19346 18257 3419 2840 579 14838 7729 3481 309 4248 7109 3172 3630 1740 1100 1515 618 340 2706 11401 14732
is_linear=0
shrinkage=0.03


Tree=81
num_leaves=31
num_cat=0
split_feature=1 32 2 37 38 38 7 8 7 3 0 34 38 21 3 3 13 7 4 3 14 7 38 3 24 1 9 9 0 38
split_gain=49.243 47.4184 47.8629 125.436 489.524 450.542 283.498 198.468 156.057 129.372 96.4438 83.8511 91.338 53.8046 41.5262 36.6198 48.73 32.0181 30.8096 27.6884 27.5978 22.2082 31.021 26.2207 20.3564 19.4286 15.8508 15.2957 15.0138 14.4029
threshold=0.42717382311820989 36.000000000000007 0.026335185393691066 1.0000000180025095e-35 -0.0034019033191725607 -0.010448761284351347 0.0039075426757335672 1.0000000180025095e-35 0.00028219720115885144 -0.028903223574161526 -0.0087345754727721197 3.5000000000000004 -0.14435492455959317 0.17500000447034839 -0.56221109628677357 -0.37416936457157129 -6.8516483306884757 0.020522492937743667 2.2250000238418584 0.33221402764320379 -1.0000000180025095e-35 0.018106864765286449 -0.041742460802197449 0.35433165729045873 2.5000000000000004 -0.22079053521156308 1.0000000180025095e-35 0.54437410831451427 -1.6531083583831785 0.035344662144780166
decision_type=2 2 2 2 2 2 2 2 2 2 2 2 2 2 2 2 2 2 2 2 2 2 2 2 2 2 2 2 2 2
left_child=1 2 10 4 7 6 -5 -4 -6 -7 11 12 -1 -13 28 18 -17 19 -12 24 -21 25 26 -24 -2 -16 -23 -27 -3 -22
right_child=17 14 3 5 8 9 -8 -9 -10 -11 15 13 -14 -15 21 16 -18 -19 -20 20 29 22 23 -25 -26 27 -28 -29 -30 -31
leaf_value=-0.0050435298875541905 -0.009330920262710032 -0.01727280316239159 0.016389095471528076 -0.015238284288442566 -0.0042474570768363225 0.0081160236755220931 -0.00044936361400440216 0.0065506320007183766 0.0034152530488423291 0.0018091757636423556 -0.034533472608649793 -0.0060955067751576877 0.0037828332981065813 0.00096234027224587418 0.020201826314160204 0.0029534837229777235 -0.0089225597544138578 0.0027568853764463851 0.0062316865332704974 0.0088215397021301021 -0.029690757851297024 -0.006100095965058114 0.007153156676086769 -0.04369508230911702 0.041158493902118752 0.005740479245175489 -0.042977788188334191 0.02783689288220258 0.031553249186942876 -0.0038033814119111777
leaf_weight=1166.311428040266 17.506317690014839 5.375188320875167 2998.7767008244991 2024.6756550967693 4042.8656663745642 4583.4260637164116 2751.939628213644 4805.9056350290775 5854.5531452745199 8104.7818088829517 68.053412884473801 1713.4026290029287 10972.190495699644 2243.3407919406891 130.69709783792496 460.19197531044483 953.22421917319298 123.3285019993782 21.485675841569901 23.461988195776939 127.30662870407104 22.523479148745537 166.79180742800236 8.6491095721721631 10.798859521746637 452.71569684147835 19.681814432144165 29.281260475516319 84.490917563438416 23.473290704190731
leaf_count=3569 85 18 8262 7345 13293 12140 7682 12300 15454 23739 242 5338 31689 6472 293 1306 3752 332 57 73 572 63 419 34 22 1162 72 60 170 107
internal_value=0.00234379 0.00241448 0.00229654 0.00293575 0.00471539 0.00113159 -0.00672049 0.0103328 0.000284798 0.00408813 0.00101894 0.00169785 0.00293417 -0.00209395 0.00916371 -0.00624588 -0.00505438 -0.00926379 -0.0247576 -0.0165754 -0.0210384 0.00704197 -0.00117419 0.00439593 0.0105764 0.00996262 -0.0239636 0.0071439 0.0284418 -0.025732
internal_weight=54011.2 53685.3 52765.1 35166.9 17702.1 17464.8 4776.62 7804.68 9897.42 12688.2 17598.2 16095.2 12138.5 3956.74 920.206 1502.96 1413.42 325.876 89.5391 202.547 174.242 830.34 217.646 175.441 28.3052 612.694 42.2053 481.997 89.8661 150.78
internal_count=156122 154931 152640 100215 49309 50906 15027 20562 28747 35879 52425 47068 35258 11810 2291 5357 5058 1191 299 859 752 2103 588 453 107 1515 135 1222 188 679
is_linear=0
shrinkage=0.03


Tree=82
num_leaves=31
num_cat=0
split_feature=14 1 3 15 32 13 13 39 1 38 1 0 7 7 25 14 7 0 21 3 3 8 39 0 7 13 13 22 38 0
split_gain=48.2199 55.7835 60.2785 52.4219 63.364 67.3752 260.392 45.4953 32.1889 85.2814 31.3823 37.3806 34.2986 29.7594 32.933 29.4348 27.0649 28.0207 41.2288 32.7985 26.2948 24.1278 29.2746 24.0297 23.8336 23.6733 23.6188 23.5977 30.525 21.6666
threshold=1.0000000180025095e-35 0.40576252341270452 0.27733705937862402 -0.76984199881553639 1.5000000000000002 -2.5585784847129834e-13 2.2844450635361224e-14 -0.79906469583511341 0.072829477488994612 0.029842199757695202 -1.0210809707641599 -0.37554858624935145 0.012138100340962412 0.013094579800963404 0.023568180389702324 -1.0000000180025095e-35 0.070649895817041411 0.0049427095800638208 0.075000001117587103 0.011635920964181425 -0.0075978669337928286 0.015223956666886808 -2.048406600952148 0.00051779780187644075 0.091650698333978667 -1297.5875244140623 -59.075443267822259 0.22801489382982257 -0.11895769834518431 0.56968316435813915
decision_type=2 2 2 2 2 2 2 2 2 2 2 2 2 2 2 2 2 2 2 2 2 2 2 2 2 2 2 2 2 2
left_child=1 3 29 21 5 7 -7 -5 26 -10 -2 12 27 14 -4 -16 17 18 -13 -19 -18 22 23 -1 -23 -26 -6 -12 -29 -3
right_child=10 2 13 4 8 6 -8 -9 9 -11 11 16 -14 -15 15 -17 20 19 -20 -21 -22 24 -24 -25 25 -27 -28 28 -30 -31
leaf_value=-0.0069562314526924775 -0.0035935342389825892 0.043550120886181501 0.0064016415598844552 0.00036423304842403355 -0.00065587710542720844 -0.0089970410159088479 0.0013284195460942555 0.00369921888197731 0.017576812697078337 -0.0099982592907926857 0.053158534685608293 -0.0053864595207315557 0.0049658260996342145 -0.0020313942957888784 0.0123284687213705 -0.027509062390268419 0.00266353581389322 0.01170991737315656 0.0044847416346569064 0.0044162269825841483 -0.019962005012010609 0.006242240013924049 0.0037758445633932079 0.003241404200258347 -0.027705069537389403 0.00025434450792844241 0.0048692480742019689 -0.026303829154538754 0.023644403694527326 0.0015101206919383545
leaf_weight=474.15136767923832 393.18681794404984 23.063288047909737 37.681974232196808 5800.2781370580196 858.92693188786507 2587.5639067739248 14571.414253130555 10088.248903989792 445.56445853412151 129.55291371047497 21.654473021626472 430.2226452678442 161.86002093553543 149.4593785405159 17.68251796066761 183.15223169326782 113.02400232851505 979.44438517093658 3249.4003341794014 1287.6870266646147 76.770999506115913 4194.3210555166006 3252.5421634912491 368.57134516537189 29.511517256498337 253.35810346901417 3651.7172205895185 11.092174753546713 137.27616621553898 20.795318782329559
leaf_count=1361 1132 43 158 16704 2368 12799 42437 28087 1105 410 37 1260 425 422 55 880 310 2434 8647 3422 246 10779 8512 963 133 706 9862 37 307 81
internal_value=0.00227392 0.0019317 -0.00878781 0.00203106 0.00155433 0.0010744 -0.000228913 0.00248203 0.00467151 0.0113534 0.00462383 0.00512427 0.0149224 -0.0125729 -0.0191298 -0.023943 0.00459153 0.004948 0.00332863 0.00757234 -0.0065293 0.00415096 0.00248459 -0.0024941 0.00567362 -0.00273939 0.00381656 0.0242989 0.019739 0.024162
internal_weight=53999.2 47137.6 431.835 46705.7 38133.3 33047.5 17159 15888.5 5085.76 575.117 6861.62 6468.43 331.883 387.976 238.517 200.835 6136.55 5946.75 3679.62 2267.13 189.795 8572.46 4095.26 842.723 4477.19 282.87 4510.64 170.023 148.368 43.8586
internal_count=156122 137865 1639 136226 113772 100027 55236 44791 13745 1515 18257 17125 806 1515 1093 935 16319 15763 9907 5856 556 22454 10836 2324 11618 839 12230 381 344 124
is_linear=0
shrinkage=0.03


Tree=83
num_leaves=31
num_cat=0
split_feature=25 0 18 21 13 38 21 24 39 1 39 32 7 39 38 37 38 39 38 2 7 13 13 1 25 24 7 20 7 13
split_gain=46.7198 47.0253 46.0001 45.6015 70.3449 89.8265 67.7251 78.7886 52.9901 40.5292 36.5617 28.4101 33.9546 27.475 57.5799 32.1809 87.5246 58.4727 52.0858 46.0364 37.5299 30.406 30.1442 34.0574 27.797 26.5833 30.461 26.2964 25.8348 24.2619
threshold=0.0066336917225271472 0.7145574986934663 12210.582519531252 1.0000000180025095e-35 -56.402889251708977 -0.21000730246305463 0.67499998211860668 2.5000000000000004 -2.7127021551132198 -0.16263142228126523 -3.1289612054824825 34.500000000000007 0.038076454773545272 2.3337563276290898 -0.10696457698941229 1.0000000180025095e-35 -0.060675319284200661 1.4433854818344118 -0.084903590381145463 0.021023187786340717 0.002113014343194664 12.859220981597902 -24.068349838256832 -0.0389922447502613 0.0053368019871413716 2.5000000000000004 0.0084834275767207163 -1.0000000180025095e-35 0.030757934786379341 -171.55731201171872
decision_type=2 2 2 2 2 2 2 2 2 2 2 2 2 2 2 2 2 2 2 2 2 2 2 2 2 2 2 2 2 2
left_child=13 2 3 4 10 -6 8 -8 -5 -4 -2 12 -11 15 -15 18 20 19 25 -18 -17 -19 27 -24 29 -1 -27 -20 -22 -16
right_child=1 -3 9 6 5 -7 7 -9 -10 11 -12 -13 -14 14 24 16 17 21 22 -21 28 -23 23 -25 -26 26 -28 -29 -30 -31
leaf_value=0.0023331293645952999 -0.0051227052329945984 -0.0090707638832868438 -0.0074322028961233983 -0.00071746945177103691 0.012866824725516654 -0.00089756114345530607 -0.00045098729971987172 0.0033589348092027569 0.0059156229124136582 0.0079399941530915695 0.0072023763509584228 -0.023244985240720981 -0.0025650768799271384 0.013847311977538983 0.029651889360913522 -0.02154226076811374 0.0090053184739715235 -0.025819952051858171 0.017036939803177307 -0.0011650596560289748 0.00086932473946047895 0.0068263583035910874 0.0021400802158807234 -0.011159208180093021 -0.030888711104433333 0.037752466953390761 0.0099355413166223438 0.00043593352644143808 -0.015088641263482661 -0.011170143818886409
leaf_weight=73.328290097415447 242.78021329641342 315.01908427476883 754.47092673182487 1216.6460505723953 448.89721016585827 8276.411591231823 6577.4225937202573 18968.264772593975 9862.4334226697683 525.19375298917294 1942.3981006443501 39.238255634903908 583.17136126756668 86.478593178093433 12.784615606069563 228.95146961510181 645.6458040997386 101.79288636893034 167.1147249341011 1050.9798964112997 209.35601823031902 33.569498673081398 546.56590043753386 252.44526975601912 65.397788017988205 74.794696480035782 69.013602465391159 176.43750417232513 160.33325645327568 271.54719679057598
leaf_count=236 734 1010 2334 3512 1206 26150 20156 52089 26842 1365 5021 125 1705 267 28 979 2027 465 405 3336 584 88 1739 1014 285 165 173 483 518 1081
internal_value=0.00220655 0.00246381 0.00253755 0.00272064 0.00101769 -0.000187678 0.00322782 0.00237787 0.00518694 -0.00203545 0.00582993 0.00151331 0.00241267 -0.000820873 -0.00794187 0 -0.00206676 0.00118741 0.00369484 0.0027065 -0.0120157 -0.0177111 0.00112639 -0.00206674 -0.0133624 0.0171291 0.0245846 0.00854591 -0.00606554 -0.00922663
internal_weight=53978.9 49752.3 49437.3 47535.3 10910.5 8725.31 36624.8 25545.7 11079.1 1902.07 2185.18 1147.6 1108.37 4226.54 436.208 3790.33 2430.63 1831.99 1359.7 1696.63 598.641 135.362 1142.56 799.011 349.73 217.137 143.808 343.552 369.689 284.332
internal_count=156122 142249 141239 135710 33111 27356 102599 72245 30354 5529 5755 3195 3070 13873 1661 12212 7997 5916 4215 5363 2081 553 3641 2753 1394 574 338 888 1102 1109
is_linear=0
shrinkage=0.03


Tree=84
num_leaves=31
num_cat=0
split_feature=3 22 2 2 0 25 22 14 37 38 38 7 5 5 3 25 1 2 38 34 22 3 0 2 38 37 2 25 0 8
split_gain=47.5744 44.7291 57.3037 43.9232 91.0056 51.6907 46.1363 42.6857 49.4811 614.33 571.68 309.729 214.232 178.345 130.871 38.5709 37.5223 67.5525 50.0909 33.6541 41.4148 37.9902 37.4056 44.3689 35.7191 34.0716 28.7617 44.7873 38.0344 28.4522
threshold=0.50219044089317333 0.052060112357139594 0.0091508775949478167 -0.043819831684231751 -0.084412269294261918 0.12166391685605051 0.044494656845927245 1.0000000180025095e-35 1.0000000180025095e-35 -0.0047625824809074393 -0.0047625824809074393 0.0015935409464873376 0.97499999403953563 1.0000000180025095e-35 -1.0000000180025095e-35 0.34735971689224249 0.16162642836570743 0.10272953659296037 -0.30205127596855158 1.0000000180025095e-35 0.09930948913097383 -0.11804576963186263 0.014207940082997085 0.20406255871057513 -0.071098934859037385 1.0000000180025095e-35 0.0072633591480553159 0.024693678133189682 -0.03647984750568866 0.067886281758546843
decision_type=2 2 2 2 2 2 2 2 2 2 2 2 2 2 2 2 2 2 2 2 2 2 2 2 2 2 2 2 2 2
left_child=1 2 3 4 6 -6 -1 8 9 13 11 -10 -11 -3 -12 16 17 -4 -18 20 25 -22 24 -24 -21 -9 28 -28 -5 -2
right_child=29 7 15 26 5 -7 -8 19 10 12 14 -13 -14 -15 -16 -17 18 -19 -20 22 21 -23 23 -25 -26 -27 27 -29 -30 -31
leaf_value=0.01448006933356012 -0.011103452580733779 0.01461584076001364 -0.0087792644957317353 0.018230340993479414 -0.030587917260203414 0.032760261986088855 -0.018816247972970126 0.023594331508624517 -0.01290399977549947 -0.0049764665493937654 0.0069877260412243005 -0.00060975991912941806 0.0026504991592519586 0.0057265652999280549 0.0014668385967346971 0.025826903028527044 0.03502198212964789 0.013453163531226421 -0.032680026120976591 -0.0019822470767347851 0.0020501030284857907 -0.010047740366907089 0.013661370952479105 0.0041759740924310349 0.0053699920649483302 -0.01029772286918499 0.067376830609177152 0.0046093760231998415 0.0013462286976527536 0.019951222279973448
leaf_weight=164.97149048745632 335.30659408867359 3512.1795914247632 898.56087010353804 170.88868506252766 120.1324854940176 11.958501219749449 47.378687486052513 106.52793750166893 3115.4988744854927 6217.6727800890803 8239.9143994450569 4519.3118260353804 7096.1331621557474 4825.0790104568005 7280.4535374566913 31.295726701617241 10.214101932942866 141.47986032068729 86.499347813427448 742.6549646705389 691.84034475684166 351.3295172303915 941.53617399930954 843.35113859176636 2964.4528360962868 34.727220118045807 17.362592563033104 23.718235179781914 400.46286850422621 27.856635451316833
leaf_count=553 1088 9840 3678 505 596 30 203 245 11031 20028 22515 12794 18886 12458 21557 88 24 409 484 2096 1884 1047 2297 2223 7793 110 43 67 1486 64
internal_value=0.00214066 0.00221408 -0.00204985 0.00338928 -0.00516642 -0.0246273 0.0069837 0.00239016 0.0020565 0.00308755 0.00109221 -0.00562803 -0.000911247 0.00947295 0.00439839 -0.00650727 -0.00742201 -0.00574202 -0.0252139 0.0046283 3.91584e-05 -0.00202718 0.00561728 0.00918609 0.00389615 0.0152272 0.00820661 0.0321797 0.00642446 -0.0086649
internal_weight=53970.7 53607.6 2124.92 956.874 344.441 132.091 212.35 51482.7 44806.2 21651.1 23155.2 7634.81 13313.8 8337.26 15520.4 1168.05 1136.75 1040.04 96.7134 6676.42 1184.43 1043.17 5492 1784.89 3707.11 141.255 612.432 41.0808 571.352 363.163
internal_count=156122 154970 8166 3483 1382 626 756 146804 129109 61212 67897 23825 38914 22298 44072 4683 4595 4087 508 17695 3286 2931 14409 4520 9889 355 2101 110 1991 1152
is_linear=0
shrinkage=0.03


Tree=85
num_leaves=31
num_cat=0
split_feature=3 32 3 39 37 38 38 38 38 8 34 39 38 10 37 9 10 3 34 34 2 38 37 8 13 34 0 3 39 38
split_gain=44.7741 43.8098 49.8787 92.5409 232.771 411.311 250.557 137.295 117.077 91.3203 82.4683 69.1017 59.6719 59.4292 37.9191 36.6425 27.1821 27.0151 60.9778 68.5329 28.931 37.8294 26.8443 26.8347 26.5755 18.9247 35.3359 27.0787 15.7589 20.9387
threshold=0.50219044089317333 14.500000000000002 0.19189573079347613 0.81932663917541515 1.0000000180025095e-35 -0.018688526935875412 0.093282263725996031 0.21416392177343371 -0.15008940547704694 0.00033006414014380431 3.5000000000000004 -2.311330914497375 0.10419692471623422 0.14120970666408542 1.0000000180025095e-35 1.0000000180025095e-35 0.0032154673244804148 0.062197241932153709 3.5000000000000004 1.5000000000000002 0.13757120072841647 0.22577808797359469 1.0000000180025095e-35 0.067886281758546843 -3.6551121016577948e-13 5.0000000000000009 -0.37554858624935145 -0.81467494368553151 2.8389308452606206 -0.15239354968070981
decision_type=2 2 2 2 2 2 2 2 2 2 2 2 2 2 2 2 2 2 2 2 2 2 2 2 2 2 2 2 2 2
left_child=1 2 3 7 5 -5 -6 8 -1 -9 11 -4 -13 14 -12 -15 17 20 19 -19 21 -3 -20 28 -22 26 -18 -28 29 -2
right_child=23 16 10 4 6 -7 -8 9 -10 -11 13 12 -14 15 -16 -17 25 18 22 -21 24 -23 -24 -25 -26 -27 27 -29 -30 -31
leaf_value=-0.0042796473823004388 0.0055323936271740133 0.0055371248896575916 -0.029743715503295722 0.010381464653863413 -0.013785950078882796 -0.0055001080773881134 0.011320153162869814 0.022999745277393235 0.0022872591774684178 0.0065834795518999022 0.015277006476288817 0.0040650131175485864 -0.0045642449536446141 0.011111165360565358 -0.011205831646489778 -0.011856577790027275 0.021732941285812265 0.0059822046683295649 0.020349767473677061 -0.011300364344905302 0.024450684472612946 0.025444266385363287 0.0011569610347192509 0.019404131176396677 0.0088554748202713616 -0.020141289940737973 0.0176617969539903 -0.00075792225087156014 -0.025167524492155806 -0.012814565827413128
leaf_weight=2677.4989784583449 76.291290566325188 2310.9898268580437 57.64809662103653 2723.2821020111442 1973.0377887636423 3180.668065302074 436.01903087645769 401.41182525455952 27813.66911329329 1269.6044859588146 1012.8087808489799 5655.7930807620287 825.44535653293133 107.44956001639366 50.289696618914604 146.51331675052643 73.184162139892578 439.75829304009676 191.95140305161476 387.44228838384151 159.54369929432869 88.437732383608818 100.06984531879425 27.811654284596443 261.42859260737896 35.945860907435417 75.655329778790474 1138.3270290493965 56.248902976512909 202.6190107613802
leaf_count=8140 198 5889 248 7891 7459 10660 1257 1008 79670 3311 2512 15777 2503 265 159 436 163 1164 430 1172 341 188 264 64 647 144 174 3098 202 688
internal_value=0.002077 0.00214823 0.00186501 0.00144024 -0.00138096 0.00182551 -0.0092379 0.00216955 0.00171038 0.0105402 0.00405267 0.00267167 0.002965 0.0108995 0.0140121 -0.00212189 0.00474774 0.00599713 0.00204747 -0.00211281 0.00756213 0.0062824 0.0138094 -0.00840845 0.0148169 0.00102367 0.00163223 0.000401117 -0.0107761 -0.00778351
internal_weight=53956.8 53593.9 48331.1 40475.2 8313.01 5903.95 2409.06 32162.2 30491.2 1671.02 7855.95 6538.89 6481.24 1317.06 1063.1 253.963 5262.73 3939.62 1119.22 827.201 2820.4 2399.43 292.021 362.971 420.972 1323.11 1287.17 1213.98 335.159 278.91
internal_count=156122 154970 141296 119396 27267 18551 8716 92129 87810 4319 21900 18528 18280 3372 2671 701 13674 10095 3030 2336 7065 6077 694 1152 988 3579 3435 3272 1088 886
is_linear=0
shrinkage=0.03


Tree=86
num_leaves=31
num_cat=0
split_feature=14 15 32 13 13 2 34 13 38 0 18 7 7 10 18 18 3 39 0 0 2 13 39 22 37 22 22 13 39 22
split_gain=42.851 50.7079 61.1378 62.761 213.934 85.6195 60.5111 37.0765 47.4509 34.0972 31.3558 37.341 32.1647 30.3715 30.2682 30.9529 28.1731 27.2248 31.9702 26.3947 25.8822 24.792 24.6273 42.5634 30.6876 29.317 27.7944 23.6675 28.2572 23.5528
threshold=1.0000000180025095e-35 -0.70291373133659352 1.5000000000000002 -3.5089076826436135e-12 0.26420179009437567 0.16585285216569903 1.5000000000000002 -1053.7983398437498 -0.14435492455959317 0.7145574986934663 -21597.621093749996 0.072311177849769606 0.014787902124226095 0.21081851422786715 -3966.052368164062 1890.8955078125002 -2.0780316591262813 -2.048406600952148 0.00051779780187644075 -0.053298875689506524 0.00077229688758961867 -47.133462905883782 1.8444985747337344 0.035274069756269462 1.0000000180025095e-35 0.30893827974796301 0.072561614215374007 -6002.4047851562491 -0.11186686158180235 1.4390209317207339
decision_type=2 2 2 2 2 2 2 2 2 2 2 2 2 2 2 2 2 2 2 2 2 2 2 2 2 2 2 2 2 2
left_child=1 10 3 7 5 -5 -6 8 -3 -9 11 27 17 16 19 22 20 18 -12 -2 -4 -19 23 -16 25 -24 -26 28 -1 -15
right_child=14 2 13 4 6 -7 -8 9 -10 -11 12 -13 -14 29 15 -17 -18 21 -20 -21 -22 -23 24 -25 26 -27 -28 -29 -30 -31
leaf_value=0.032387691563894885 -0.0098721552803111429 -0.014007027783894699 -7.2233343841563997e-05 -0.0042670321543942166 -0.0014308204760123541 -0.014842300772155849 0.0027289982098573132 0.0027462048063247538 8.681206528652927e-05 -0.015002243744874006 -0.0091201456775327101 -0.016944080240263299 0.005660892907104394 -0.0016204789048556774 -0.028194626237219817 0.00019897208650163512 0.005604786724381936 0.0072368261005699369 0.0038691432709681592 0.0031241690015343343 -0.048633955287238205 0.0010503295625008148 0.0060244782475451465 0.0066626510510834763 0.0042029591006068632 -0.017094084486600079 -0.033480732375235328 -0.0014782906462668514 -0.0070110553306557133 0.026847943476964554
leaf_weight=41.780569314956665 242.00582115352154 258.04568074643612 25.311808124184608 2881.53062171489 4878.5642023682594 905.79896717518568 8861.2887866348028 13816.997923597693 1261.8156711906195 97.081430286169052 388.19762364029884 129.73333543539047 5197.334180355072 860.58289448916912 30.742007479071617 1075.645075827837 4124.0357049033046 912.24672931432724 302.37423586845398 332.59585909545422 15.334037870168684 1617.2555552572012 324.87935790419579 4718.7818063646555 28.555737383663654 57.158486768603325 43.624819189310074 463.26181681454182 25.883794099092484 25.968813940882683
leaf_count=91 723 875 68 13487 14290 4426 24825 38470 3577 325 1134 483 13352 2376 117 2967 11150 2310 786 889 58 4340 888 12242 90 182 159 1308 77 57
internal_value=0.0020152 0.00169245 0.00121118 0.000740011 -0.000488268 -0.00680031 0.00125177 0.00213501 -0.00231174 0.00262109 0.00370697 -0.00258047 0.00420105 0.00428435 0.00423166 0.00483486 0.0053575 0.00184285 -0.00343094 -0.00235194 -0.0191925 0.00328461 0.00579232 0.00643051 -0.000873785 0.00252217 -0.0186778 0.00094894 0.0173901 -0.000753894
internal_weight=53944.4 47090.4 38012.4 32961.1 17527.2 3787.33 13739.9 15433.9 1519.86 13914.1 9078.07 660.66 8417.41 5051.23 6853.99 6279.39 4164.68 3220.07 690.572 574.602 40.6458 2529.5 5203.74 4749.52 454.218 382.038 72.1806 530.926 67.6644 886.552
internal_count=156122 137865 113984 100275 57028 17913 39115 43247 4452 38795 23881 1959 21922 13709 18257 16645 11276 8570 1920 1612 126 6650 13678 12359 1319 1070 249 1476 168 2433
is_linear=0
shrinkage=0.03


Tree=87
num_leaves=31
num_cat=0
split_feature=3 32 2 39 3 38 34 38 39 3 18 38 38 3 3 3 32 8 39 7 38 3 1 38 39 38 34 4 24 22
split_gain=41.9621 41.2865 42.6757 97.007 115.16 107.404 83.6147 72.3551 113.475 96.156 80.3359 73.1448 66.8828 41.5099 40.0633 35.6522 28.6512 25.2976 22.9895 19.4658 29.4292 23.2961 19.504 15.6049 14.8906 19.6216 21.8505 24.2964 15.0683 18.8695
threshold=0.50219044089317333 36.000000000000007 0.026335185393691066 1.3346902132034304 -0.25927506387233729 -0.25075136125087732 3.5000000000000004 -0.21000730246305463 1.6600050926208498 -0.028903223574161526 7759.9912109375009 1.0000000180025095e-35 -0.083034612238407121 0.036991326138377197 -0.56221109628677357 0.32360135018825537 23.000000000000004 0.067886281758546843 3.1158808469772343 0.018106864765286449 -0.041742460802197449 0.35433165729045873 -0.22079053521156308 -0.0047625824809074393 2.8389308452606206 -0.15239354968070981 1.5000000000000002 17.07499980926514 1.5000000000000002 0.12210090830922128
decision_type=2 2 2 2 2 2 2 2 2 2 2 2 2 2 2 2 2 2 2 2 2 2 2 2 2 2 2 2 2 2
left_child=1 2 3 5 18 16 -7 8 13 10 -9 -11 -6 -4 -3 -10 -1 24 -5 22 -21 -22 -16 -24 25 26 27 -2 -27 -30
right_child=17 14 7 4 12 6 -8 9 15 11 -12 -13 -14 -15 19 -17 -18 -19 -20 20 21 -23 23 -25 -26 28 -28 -29 29 -31
leaf_value=-0.012098437913744927 0.012440150097858324 0.027381052862112849 -0.0019559269655366179 0.015160950640419954 0.0026681441544688508 0.0035340638286351345 -0.0017847774966658289 0.0049725569173023213 0.021095692606175501 0.0022494892280294199 -0.0045407340600461376 -0.001471328318288642 -0.0092875638554361338 0.0086230529129542426 0.019283083219190464 0.0057425299502701201 0.0094915248403253296 0.018826430315248107 -0.037906865262978949 -0.023641653456875914 0.0065737938125358377 -0.042022508998615628 0.011582678232902516 0.00077166867658810139 -0.02451201319824306 -0.032923855377846013 0.014699421112394801 -0.051908673474212567 0.01908916332507405 -0.01248366239426069
leaf_weight=603.53018909692764 9.4546847343444842 88.85063810646534 750.37029281258583 270.72318634390831 541.37442819774151 10673.266418866813 3541.4554208666086 11274.79443141818 559.84372986108065 13501.201103180647 858.72093968093395 7337.9734077826142 1883.2641413137317 599.42601267248392 129.86939299106598 181.75587710738182 60.000688135623932 27.753763750195503 6.5910535752773276 42.19126558303833 166.10294784605503 8.3724714964628202 239.63839854300022 241.58772157132626 56.120177358388901 27.204244360327721 56.783976286649704 9.9844483286142331 18.13238899409771 156.8818312138319
leaf_count=2021 23 188 2198 686 1725 30757 10361 30540 1344 39327 2514 22273 6675 1568 293 483 168 64 32 135 419 33 584 646 202 125 136 39 49 514
internal_value=0.00195542 0.00202435 0.00191427 0.000707682 -0.00452034 0.00165755 0.00220868 0.0025191 0.00792955 0.00217561 0.00429871 0.000939148 -0.00661685 0.00274274 0.00833438 0.0173497 -0.0101303 -0.00820459 0.0137572 0.00625575 -0.00145391 0.00399854 0.00899206 0.00617435 -0.0105053 -0.00759391 0.00529972 -0.0213869 -0.0124709 -0.00910564
internal_weight=53923.2 53560.9 52644.3 17580.2 2701.95 14878.3 14214.7 35064.1 2091.4 32972.7 12133.5 20839.2 2424.64 1349.8 916.613 741.6 663.531 362.316 277.314 827.762 216.667 174.475 611.096 481.226 334.562 278.442 76.2231 19.4391 202.218 175.014
internal_count=156122 154970 152672 52425 9118 43307 41118 100247 5593 94654 33054 61600 8400 3766 2298 1827 2189 1152 718 2110 587 452 1523 1230 1088 886 198 62 688 563
is_linear=0
shrinkage=0.03


Tree=88
num_leaves=31
num_cat=0
split_feature=25 0 18 32 22 0 22 1 3 38 7 7 14 38 22 3 0 22 25 2 38 22 2 3 7 8 2 2 18 22
split_gain=41.5762 42.3175 42.3228 42.0231 39.1906 70.7555 67.7621 37.7096 36.0774 34.4077 38.1038 28.5521 27.5749 27.1389 23.7041 51.6559 43.999 41.6532 40.9167 38.3675 35.1879 34.6204 30.7463 29.1455 22.8987 22.2243 23.0515 21.6485 20.1689 19.4293
threshold=0.0066336917225271472 0.7145574986934663 12210.582519531252 36.000000000000007 0.098054315894842162 0.45538336038589483 0.1117418445646763 0.13320091366767886 -0.56221109628677357 -0.10696457698941229 0.038758918642997749 0.16734264791011813 -1.0000000180025095e-35 0.27354964613914495 0.26124501228332525 0.048803051933646209 0.048988554626703269 0.25025337934494024 0.0025209209416061644 0.14732565730810168 -0.080120008438825593 0.042702540755271919 0.008194657042622568 -1.8088188171386717 0.044456539675593383 0.0079001039266586321 0.76552462577819835 -0.0094512579962611181 -506.20278930664057 0.032162964344024665
decision_type=2 2 2 2 2 2 2 2 2 2 2 2 2 2 2 2 2 2 2 2 2 2 2 2 2 2 2 2 2 2
left_child=12 2 3 4 5 -2 -6 9 -5 11 -11 -4 29 -9 15 16 17 -14 20 -18 24 -17 23 -20 -16 26 -3 -23 -24 -1
right_child=1 25 7 8 6 -7 -8 13 -10 10 -12 -13 14 -15 18 21 19 -19 22 -21 -22 27 28 -25 -26 -27 -28 -29 -30 -31
leaf_value=-0.037504935343982707 0.00054486702878701746 0.018354581926642542 -0.013945969329129389 0.028557624289704216 0.0082097902828464787 -0.025696208237888468 0.0023565298253406522 0.015667847463331133 0.0070816021278402941 0.0037330519479715526 -0.0060895379984774577 0.026850888884760737 -0.0023787148827117467 -0.03981844123830932 -0.0076677045041240064 -0.037455579222570458 0.018432756852303486 -0.033120848614293347 -0.047088563428951853 -0.0052410409600422564 0.0014307662119197396 0.014402946611666211 -0.0093592445202761842 0.0055966596223805121 -0.034492574030899566 -0.0018345934051693881 -0.022052065845243718 -0.011383403555199107 0.026293291043019515 0.007214396137983109
leaf_weight=7.9321796745061866 6867.779880695045 13.333051368594168 320.78798700869083 77.311051920056343 1867.6318281143904 92.738645061850548 37849.416171893477 136.58465997874737 726.60174027085304 686.43945141136646 734.66926223039627 15.265057221055029 1616.5994399115443 7.4485754519700995 162.72203762829304 43.456439085304737 171.19399884343147 39.695359982550144 9.4967919588088971 95.112653568387032 935.71470007300377 30.510955139994621 15.576238602399824 93.703764498233795 34.182841449975967 179.03326034545898 121.99333773553371 427.8424154073 118.57710817456245 416.00022550672293
leaf_count=40 22177 53 1025 161 5190 456 105892 330 1834 1857 2244 44 5693 29 520 302 444 151 37 284 2853 86 45 246 128 507 450 1655 265 1124
internal_value=0.00189701 0.00213974 0.0022097 0.00238548 0.00226814 0.000191172 0.00263205 -0.00217765 0.00918356 -0.00339079 -0.00134353 -0.0120097 -0.000961763 0.012523 -0.00177357 -0.00355584 -0.00131441 -0.00313684 0.00137857 0.00997835 -0.00099566 -0.0121179 0.0126773 0.000314258 -0.0124904 -0.00881364 -0.0179436 -0.00963275 0.0220929 0.0062843
internal_weight=53915.4 49697 49382.7 47481.5 46677.6 6960.52 39717 1901.19 803.913 1757.16 1421.11 336.053 4218.32 144.033 3794.38 2424.41 1922.6 1656.29 1369.97 266.307 1132.62 501.81 237.354 103.201 196.905 314.36 135.326 458.353 134.153 423.932
internal_count=156122 142249 141239 135710 133715 22633 111082 5529 1995 5170 4101 1069 13873 359 12709 8615 6572 5844 4094 728 3501 2043 593 283 648 1010 503 1741 310 1164
is_linear=0
shrinkage=0.03


Tree=89
num_leaves=31
num_cat=0
split_feature=14 11 25 25 1 3 39 38 38 1 3 3 1 38 32 13 18 13 13 39 18 34 39 25 25 0 38 37 2 13
split_gain=40.2573 47.443 48.064 48.6421 51.5439 50.7352 45.9108 156.455 59.041 45.8165 40.2942 55.2875 44.1811 32.2961 32.3902 31.5836 34.7854 29.2353 28.7959 27.5544 31.5664 26.8228 44.4573 57.41 45.418 31.4523 37.9865 40.8544 37.8373 27.4109
threshold=1.0000000180025095e-35 0.033578522503376014 0.56018424034118663 0.021911201067268852 0.40576252341270452 0.27733705937862402 1.5629685521125796 -0.10537589341402052 0.25004103779792791 0.14142790436744693 -0.20669730007648465 -0.088734172284603105 -0.66720768809318531 -0.0090529145672917349 8.5000000000000018 -133.29634094238278 -2680.3471679687495 -133.29634094238278 -335.12727355957026 -3.8778389692306514 -359.85437011718744 1.0000000180025095e-35 -1.9611074328422544 0.1593694090843201 0.034305082634091384 0.017881057225167755 -0.090625945478677736 1.0000000180025095e-35 0.20406255871057513 830.05889892578136
decision_type=2 2 2 2 2 2 2 2 2 2 2 2 2 2 2 2 2 2 2 2 2 2 2 2 2 2 2 2 2 2
left_child=1 15 3 6 9 -6 8 -8 -3 -5 13 18 -13 -4 -15 16 -1 -2 -12 -17 -21 22 23 24 -19 26 -23 -28 29 -27
right_child=17 2 10 4 5 -7 7 -9 -10 -11 11 12 -14 14 -16 19 -18 21 -20 20 -22 25 -24 -25 -26 28 27 -29 -30 -31
leaf_value=0.0031341225750821087 -0.0026841495389820494 -3.5948684538096822e-05 0.007022251498658834 0.0016485276640062281 0.023046093092669112 -0.014150499566235821 0.011481729462738998 -0.0094408409565652687 0.017074471460828779 0.0060484131451433902 0.0026919684121560314 0.041160796086312949 -0.0088065272789916559 -0.0069835969392683956 0.012239784778479462 0.012396670049335732 0.011431844213982212 -0.0001586903282499188 -0.036896945122629504 0.0035153151273422467 -0.0017274403942265238 -0.0032841514316622362 -0.0035377829462858463 -0.0078229828646765587 0.028096804916512581 0.015376372056643509 0.0018602123983499593 0.008905966834791626 0.0042034338069462419 -0.00070565615712741365
leaf_weight=941.79875870049 542.74560496211052 5893.3651513233781 270.403170093894 27664.385814413428 36.243608027696609 291.01312163472176 410.57845809310675 1471.1460307836533 186.25574958324432 2307.6438509076834 19.558062046766281 17.347548261284828 119.47546215355396 731.37641578912735 87.389806821942329 246.69790042936802 882.38641938567162 78.311246022582054 97.251480728387833 3992.6577197909355 1392.9492810368538 559.87439298629761 787.78326420485973 113.91012044250965 145.68739619851112 739.81737542152405 1552.7985872924328 1418.6665465086699 799.71286803483963 108.97804553806782
leaf_count=2500 1522 18512 764 80664 107 1214 1211 5560 474 6608 52 43 362 2204 211 603 2145 215 394 10395 3842 1594 2257 336 313 1772 4207 3634 2105 302
internal_value=0.00184023 0.00152733 0.00111385 0.00130974 0.00185807 -0.00996419 -0.000776689 -0.00487042 0.000490476 0.00198758 -0.00446234 -0.0152086 -0.00219681 -0.00194547 -0.00491573 0.00372259 0.00715357 0.00398947 -0.0302763 0.00260977 0.00215869 0.00456471 0.000364232 0.00945364 0.0182484 0.00547673 0.00387616 0.00522694 0.00889915 0.0133096
internal_weight=53908.2 47059.9 39603.4 38260.6 30299.3 327.257 7961.35 1881.72 6079.62 29972 1342.8 253.633 136.823 1089.17 818.766 7456.49 1824.19 6848.29 116.81 5632.3 5385.61 6305.54 1125.69 337.909 223.999 5179.85 3531.34 2971.47 1648.51 848.795
internal_count=156122 137865 118380 114350 88593 1321 25757 6771 18986 87272 4030 851 405 3179 2415 19485 4645 18257 446 14840 14237 16735 3121 864 528 13614 9435 7841 4179 2074
is_linear=0
shrinkage=0.03


Tree=90
num_leaves=31
num_cat=0
split_feature=3 1 39 38 37 38 38 4 39 4 8 38 2 2 0 20 34 38 2 18 38 8 37 0 24 2 0 22 2 39
split_gain=39.043 38.2913 56.7097 60.5304 51.3604 644.708 572.895 336.217 222.828 208.812 171.16 49.4343 37.1442 28.3945 60.7659 31.8853 27.9004 28.0877 26.834 26.4611 25.0741 23.8704 19.7318 19.2155 18.7202 15.2787 18.8515 16.0834 20.5616 14.6449
threshold=0.50219044089317333 -2.0966380834579463 -4.3183376789093009 -0.0034019033191725607 1.0000000180025095e-35 -0.010448761284351347 -0.0047625824809074393 1.0000000180025095e-35 1.5875407457351687 0.82500001788139354 1.0000000180025095e-35 0.043043255805969245 0.23287998139858249 -0.3451762050390243 -0.54509741067886341 1.0000000180025095e-35 1.0000000180025095e-35 -0.33175294101238245 0.073623970150947585 2781.6638183593755 -0.25993609428405756 0.067886281758546843 1.0000000180025095e-35 -0.21976081281900403 2.5000000000000004 0.098040524870157256 0.12540468573570254 0.230882503092289 0.81139597296714794 -4.647941827774047
decision_type=2 2 2 2 2 2 2 2 2 2 2 2 2 2 2 2 2 2 2 2 2 2 2 2 2 2 2 2 2 2
left_child=1 11 3 16 6 7 10 -6 -7 -8 -4 13 19 15 24 20 18 -18 -3 -5 -1 25 -17 -16 -15 -2 -27 -28 -29 -14
right_child=21 2 4 12 5 8 9 -9 -10 -11 -12 -13 29 14 23 22 17 -19 -20 -21 -22 -23 -24 -25 -26 26 27 28 -30 -31
leaf_value=-0.018289076525019789 0.039135306121607691 -0.0041907110360084807 0.012806121164061671 0.021498123387019851 -0.01363053239503818 0.0048764436747211707 -0.0046523516236871166 -0.0012079061463389378 -0.010211337670220087 0.0023174772633035566 0.0049095610086338825 -0.027103216484789187 -0.034287231458164369 -0.012354652919956084 -0.0094889774086171913 -0.010807706530432417 -0.0093731483409753222 0.0098851738672489208 -0.04256377878956611 -0.013452814443767993 0.016324742535872631 0.018254958591322035 0.004629043994254717 0.0084219611213172396 -0.049272601962080456 -0.035317227843483616 -0.01674010489975539 0.00018191358203064578 -0.038693198456752523 0.0026696021616208522
leaf_weight=20.436093628406525 4.5630974918603888 100.02942907810211 4385.1852757260203 394.62144955992699 3217.0921706259251 16875.57714741677 7044.2671397253871 5020.9140956103802 928.45234963297844 8578.4571118205786 5665.1492387205362 77.965638071298599 13.405572339892386 19.820731997489929 138.81298498809338 160.68170975148678 85.141851902008057 325.44184470176697 18.748273700475693 19.752798825502396 158.68578810989857 27.692984968423843 137.1236487030983 86.665598422288895 37.460885390639305 25.746359705924988 131.91274993121624 159.11169746518135 12.251969814300535 28.462681040167809
leaf_count=74 9 298 12487 942 11756 47437 23086 14221 3324 22859 14696 265 48 61 417 484 276 867 78 60 392 64 388 228 151 90 479 453 57 75
internal_value=0.00178537 0.00185181 0.00195302 0.00907885 0.00181699 0.000878063 0.00276921 -0.0060606 0.00408894 -0.000825115 0.00835624 -0.00450739 0.0170755 -0.00215188 -0.00966896 0.00230946 0.00216186 0.00587126 -0.0105775 0.0197964 0.0122794 -0.00802893 -0.00369815 -0.00258464 -0.0369808 -0.0102679 -0.0110787 -0.0089018 -0.00278849 -0.00961722
internal_weight=53899.6 53538.4 52700.7 985.604 51715.1 26042 25673.1 8238.01 17804 15622.7 10050.3 837.653 456.243 759.687 282.76 476.927 529.361 410.584 118.778 414.374 179.122 361.279 297.805 225.479 57.2816 333.586 329.023 303.276 171.364 41.8683
internal_count=156122 154970 152510 2644 149866 76738 73128 25977 50761 45945 27183 2460 1125 2195 857 1338 1519 1143 376 1002 466 1152 872 645 212 1088 1079 989 510 123
is_linear=0
shrinkage=0.03


Tree=91
num_leaves=31
num_cat=0
split_feature=32 24 39 22 1 38 39 3 39 39 21 24 1 38 3 3 25 25 1 18 25 1 38 3 38 2 32 39 13 38
split_gain=37.8945 47.4916 64.2898 41.8448 40.5852 47.4038 40.0022 50.7006 45.2235 37.7151 38.7901 39.276 30.7573 38.5011 34.2744 27.7205 28.7135 45.399 29.6919 26.9864 29.1661 27.4571 29.4046 26.003 25.5181 24.8711 43.1666 32.4339 24.3877 32.1999
threshold=14.500000000000002 1.0000000180025095e-35 -1.2734763026237486 0.03792735934257508 -2.0966380834579463 0.052494386211037643 -4.3183376789093009 -0.32560589909553522 -1.3688838481903074 2.1470853090286259 0.97499999403953563 1.5000000000000002 -0.0020698119187727566 0.37146696448326116 0.080815773457288756 0.29302789270877844 0.034840974956750877 0.06172554753720761 0.35020874440670019 389.65116882324224 0.5919993817806245 0.072829477488994612 0.11551258713006975 0.062197241932153709 0.46719513833522802 0.12173714861273767 29.000000000000004 -1.2484915256500242 -2.5585784847129834e-13 -0.022278045304119583
decision_type=2 2 2 2 2 2 2 2 2 2 2 2 2 2 2 2 2 2 2 2 2 2 2 2 2 2 2 2 2 2
left_child=1 2 -1 9 5 -5 7 -6 -8 12 11 -11 14 -14 -3 19 18 -18 -17 20 21 23 -23 -2 25 27 -27 -21 29 -4
right_child=15 3 28 4 6 -7 8 -9 -10 10 -12 -13 13 -15 -16 16 17 -19 -20 24 -22 22 -24 -25 -26 26 -28 -29 -30 -31
leaf_value=0.012162381793169247 0.0060167850500907035 -0.0084959124435942807 -0.04405191600349289 -0.0026985734513163876 0.011074655081462494 -0.02783975068541698 0.00020131353793074793 -0.009902613077065487 0.0022739914048527832 0.012025797667371973 0.035909799550454542 -0.012306029443668714 -0.025757383512501647 0.065297923774749508 0.024312540971472524 -0.033173451367158789 0.027308027139205316 -0.0045079114715783804 0.02191013551731507 -0.015388482567027009 0.021366593951039851 0.019103926900935819 -0.0099286203294512102 -0.00043500586636386333 -0.04886452675218312 0.01542365666318499 -0.003758380481108724 0.0010787852467990444 -0.018355467071812653 0.009851279192137085
leaf_weight=106.59234103560448 2863.7617051750422 349.76817051321268 10.87936758995056 701.66383539140224 746.94612450897694 73.780045703053474 13405.570501558483 119.43951934576035 32333.927042283118 116.97005818039179 29.0177291482687 119.87974818795919 124.26623550057411 3.3728325963020316 30.20618624985218 46.30323389172554 45.75422015786171 294.30096826702356 10.016098484396933 149.27432003617287 105.58376164734364 217.71974627673626 35.875553160905838 698.2752193659544 8.426802068948744 217.71357154846191 203.13879258930683 378.08244128525257 278.50343649834394 61.107354000210762
leaf_count=318 7296 1486 51 2037 1947 254 38912 400 93067 436 89 509 702 6 87 175 105 884 27 456 238 497 105 1886 32 511 556 1002 1855 196
internal_value=0.00173206 0.00146986 -0.00814331 0.00156134 0.00167442 -0.00512728 0.00178776 0.0081712 0.0016666 -0.00535497 0.00378115 -0.000276921 -0.010144 -0.022839 -0.00582295 0.00414745 -0.00347096 -0.000150782 -0.0231134 0.00476773 0.00586966 0.00543457 0.0149621 0.00475141 0.000246388 0.00073702 0.00617072 -0.00359709 -0.0143443 0.00117183
internal_weight=53886.1 48611.9 457.082 48154.8 47381.3 775.444 46605.9 866.386 45739.5 773.481 265.868 236.85 507.613 127.639 379.974 5274.23 396.375 340.055 56.3193 4877.85 3921.22 3815.63 253.595 3562.04 956.636 948.209 420.852 527.357 350.49 71.9867
internal_count=156122 142352 2420 139932 136617 2291 134326 2347 131979 3315 1034 945 2281 708 1573 13770 1191 989 202 12579 10022 9784 602 9182 2557 2525 1067 1458 2102 247
is_linear=0
shrinkage=0.03


Tree=92
num_leaves=31
num_cat=0
split_feature=14 13 32 13 13 14 39 34 34 3 23 4 1 3 18 3 1 1 13 39 34 18 18 32 38 2 34 2 38 25
split_gain=37.9315 45.7707 83.4003 104.344 109.169 89.6323 60.7244 61.7621 60.5959 59.8385 59.1501 46.6728 46.4949 65.4392 46.3527 54.3679 50.1248 45.2637 34.0335 28.0417 41.6807 27.9603 28.4322 27.0132 26.3416 25.6594 62.728 61.1413 25.2604 25.1795
threshold=1.0000000180025095e-35 -32.313379287719719 1.5000000000000002 6.8576989173889169 -2.5585784847129834e-13 -1.0000000180025095e-35 -0.79906469583511341 5.0000000000000009 1.5000000000000002 0.47106264531612402 1.0000000180025095e-35 3.1250000000000004 -0.17467510700225827 -1.8088188171386717 1350.237487792969 -0.54288989305496205 -0.11054352670907973 0.13320091366767886 -688.99362182617176 -4.2316870689392081 3.5000000000000004 -3966.052368164062 1890.8955078125002 29.000000000000004 0.19434894621372226 0.13045988231897357 3.5000000000000004 0.11489166319370271 0.28561809659004217 1.2339034080505373
decision_type=2 2 2 2 2 2 2 2 2 2 2 2 2 2 2 2 2 2 2 2 2 2 2 2 2 2 2 2 2 2
left_child=1 6 3 4 10 -6 7 14 9 -5 -3 12 13 -8 15 -1 -16 -10 -13 20 -4 -2 29 -22 -9 27 -27 -21 -14 -23
right_child=21 2 19 8 5 -7 11 24 17 -11 -12 18 28 -15 16 -17 -18 -19 -20 25 23 22 -24 -25 -26 26 -28 -29 -30 -31
leaf_value=0.010514258767015569 -0.002562720728122476 0.0030849144904033015 0.026989111522993239 -0.00024081404254434113 0.010681119174861056 -0.0058162286724346987 -0.0045817779307765908 -0.019046205445310622 0.0026851352181291319 -0.020759692249951316 -0.0023800119960172184 -0.0010530141541394223 0.0042096976215066622 0.01316222724678935 -0.008623364172772284 0.00089858666852786961 0.004853596237846535 0.010586268507110412 0.0040072666933414188 0.003389586743099561 -0.052843314510674304 0.0049995930660631958 -9.0839420836610665e-05 0.0094691052379655173 0.014707097759460502 0.0035553450526301551 0.016822284074210544 -0.01660813394698752 -0.027749811218263282 0.021723803623032133
leaf_weight=625.84385441243649 574.05423648655415 3955.1435332819819 100.31824028491974 5042.9246053546667 312.43644368648529 5445.6894187107682 215.83779607713223 193.34335601329803 8832.4627988785505 130.2544562369585 3242.8643398806453 1674.3181068897247 1963.6927451640368 1369.6835476607084 794.9464054107666 3405.5901206284761 359.95929034054279 704.16590315103531 4177.3636266887188 2626.3124606907368 9.5973323732614535 5112.3089875876904 1074.7383952736855 14.553076446056364 22.46481166779995 1213.2635544762015 435.8554160669446 144.18018245697021 21.504568055272102 81.544539481401443
leaf_count=1622 1612 11254 219 14106 935 22995 612 728 24040 434 10102 4712 5221 3307 2430 9295 957 1788 10899 7162 40 13495 2967 36 60 3334 1052 450 75 183
internal_value=0.00168036 0.00137659 0.000741528 0.000122683 -0.00184025 -0.00491886 0.00275608 0.000219636 0.00185181 -0.000761947 0.000622437 0.00420981 0.00691292 0.0107435 0.000875811 0.00239431 -0.00441972 0.0032699 0.00255894 0.00450776 0.0185047 0.00376747 0.00434796 -0.016291 -0.0154671 0.00410879 0.00707163 0.00234218 0.00384819 0.00526688
internal_weight=53877.2 47034.6 32210 27665.9 12956.1 5758.13 14824.5 5402.15 14709.8 5173.18 7198.01 9422.4 3570.72 1585.52 5186.34 4031.43 1154.91 9536.63 5851.68 4544.08 124.469 6842.65 6268.59 24.1504 215.808 4419.61 1649.12 2770.49 1985.2 5193.85
internal_count=156122 137865 97947 85654 45286 23930 39918 15092 40368 14540 21356 24826 9215 3919 14304 10917 3387 25828 15611 12293 295 18257 16645 76 788 11998 4386 7612 5296 13678
is_linear=0
shrinkage=0.03


Tree=93
num_leaves=31
num_cat=0
split_feature=13 3 32 3 34 38 39 38 10 21 3 21 38 11 0 0 7 22 7 7 1 21 38 38 24 22 0 10 34 39
split_gain=37.0388 40.3168 36.4596 37.9761 93.7666 72.6599 174.987 71.7127 53.7029 48.0108 34.7334 23.4055 20.374 26.4064 23.7545 18.2925 17.5507 17.1356 15.7668 28.0836 17.8973 15.2797 19.0227 17.0709 14.8296 16.8561 14.0576 13.8634 13.382 13.3464
threshold=6852.1987304687509 0.50219044089317333 36.000000000000007 0.19189573079347613 3.5000000000000004 0.21416392177343371 1.6113039255142214 0.10419692471623422 0.14120970666408542 1.0000000180025095e-35 -0.56221109628677357 0.87500000000000011 -0.15646011382341382 0.40239138901233679 0.24353902786970141 0.056827731430530555 0.022560727782547477 0.2200136333703995 0.018106864765286449 0.04491128213703633 -0.22079053521156308 0.62500000000000011 0.25004103779792791 0.10419692471623422 1.5000000000000002 0.12210090830922128 -1.6531083583831785 0.31589473783969885 1.5000000000000002 -0.86470669507980336
decision_type=2 2 2 2 2 2 2 2 2 2 2 2 2 2 2 2 2 2 2 2 2 2 2 2 2 2 2 2 2 2
left_child=1 2 3 5 7 9 -7 -5 -6 -1 26 21 13 16 -15 17 -3 -13 20 -20 -12 22 23 29 -14 -26 -4 -19 -16 -2
right_child=11 12 10 4 8 6 -8 -9 -10 -11 18 15 24 14 28 -17 -18 27 19 -21 -22 -23 -24 -25 25 -27 -28 -29 -30 -31
leaf_value=-0.0010093101791362241 -0.027762227339014612 0.0017824474004388821 -0.018472856860780623 0.0032350271467040813 0.013253641115074676 0.0098614391795623733 -0.013850846049980515 -0.0059143028347577046 -0.0016453710212209465 0.0015309774442962974 0.01816595735092005 0.028363950154948383 -0.030132552401042446 -0.039658744054634286 -0.0022776284442279377 -0.0084799676907178576 -0.057085364813598695 -0.020252034171549405 -0.0081907440989270643 0.016056537021186167 0.0055444715039972975 -0.023660061667840283 0.026691575479101615 -0.04424479736228739 0.016178434687316518 -0.012865904225162905 0.028822707372044284 0.015337105280414895 0.023065294656749204 -0.0017880522822619485
leaf_weight=8383.3347971886396 21.560431450605392 8.0707701593637484 5.3320302218198767 6009.2823052331805 1169.8967905938625 1972.7980261147022 325.42091085016727 883.34417966753244 266.79028227925301 33232.119578130543 128.26915030181408 31.813146278262138 39.285336703062057 7.1707947403192511 28.625904679298401 78.431087821722031 9.0311474204063398 17.442977651953697 150.18234516680241 59.052076175808907 479.15118117630482 88.031918913125992 12.273115605115889 11.642695546150206 19.056369781494141 177.47666774690151 81.325293660163879 20.123798474669456 51.400704368948936 86.681572943925858
leaf_count=26302 79 21 18 16874 2929 5098 1115 2715 730 95876 292 71 178 26 85 234 37 58 429 137 1230 294 28 46 55 581 169 51 113 251
internal_value=0.00163065 0.00169602 0.00176202 0.00165853 0.00351586 0.0013061 0.00649798 0.00206135 0.0104856 0.00101916 0.00773547 -0.00784035 -0.00858363 0.00241838 0.00919661 0.00137495 -0.0305749 0.0125203 0.00579635 -0.00128936 0.00824016 -0.0140183 -0.0074438 -0.0111551 -0.013452 -0.00996685 0.0257008 -0.00120648 0.0140468 -0.00719601
internal_weight=53854.4 53486.4 53146.3 52243 8329.31 43913.7 2298.22 6892.63 1436.69 41615.5 903.312 368.001 340.118 104.299 87.1974 147.811 17.1019 69.3799 816.655 209.234 607.42 220.19 132.158 119.885 235.818 196.533 86.6573 37.5668 80.0266 108.242
internal_count=156122 155010 153914 151639 23248 128391 6213 19589 3659 122178 2275 1112 1096 282 224 414 58 180 2088 566 1522 698 404 376 814 636 187 109 198 330
is_linear=0
shrinkage=0.03


Tree=94
num_leaves=31
num_cat=0
split_feature=14 13 32 13 13 13 39 22 39 34 23 22 22 34 4 1 18 22 0 13 7 1 2 34 34 25 39 34 32 22
split_gain=35.7853 43.1033 77.5021 97.9698 76.2079 94.2383 57.2954 67.0726 64.2271 55.6884 55.009 51.137 50.6768 49.6934 43.9077 44.2777 43.8341 38.3158 31.9695 31.9645 27.4932 26.5714 42.358 28.8718 31.5741 27.2404 26.1889 39.5247 25.4773 25.1083
threshold=1.0000000180025095e-35 -32.313379287719719 1.5000000000000002 14.42193651199341 -2.5585784847129834e-13 2.2844450635361224e-14 -0.79906469583511341 0.130843460559845 -3.5501939058303829 1.5000000000000002 1.0000000180025095e-35 0.14041840285062793 0.64647549390792858 5.0000000000000009 3.1250000000000004 -0.17467510700225827 1350.237487792969 0.3277933150529862 -0.088859338313341127 -688.99362182617176 0.070649895817041411 -1.0210809707641599 -0.25548933446407313 5.0000000000000009 3.5000000000000004 0.089807983487844481 -4.2316870689392081 3.5000000000000004 29.000000000000004 0.29102280735969549
decision_type=2 2 2 2 2 2 2 2 2 2 2 2 2 2 2 2 2 2 2 2 2 2 2 2 2 2 2 2 2 2
left_child=1 6 3 4 10 -6 7 8 -1 12 -3 -11 -5 16 15 17 -9 -8 -17 -16 21 25 -23 24 -24 -2 27 -4 -29 -21
right_child=20 2 26 9 5 -7 14 13 -10 11 -12 -13 -14 -15 19 18 -18 -19 -20 29 -22 22 23 -25 -26 -27 -28 28 -30 -31
leaf_value=-0.026914127254249829 -0.017661167289629923 0.0029370259430998844 0.026171850994929125 0.00038698580561909716 -0.008351065766850907 -0.0012402513757801257 0.016322477291982055 0.0012635342629087772 0.012204886961496962 0.0075300010355749706 -0.0023333164215759736 0.0020819814913363706 -0.0096953415326981197 -0.015184098472762943 -0.0010631892545319023 -0.013913308882329795 -0.0056456966779076228 0.0067069600931621174 0.0044941140863847991 0.0020782460163538499 -0.0062124872389169167 0.02200797264752976 0.004971196491141236 0.019982789788828066 -0.00026622428615173817 0.001026233393521922 0.0039180787363343617 -0.051601472361998878 0.0090052429648068682 0.0069163591872865625
leaf_weight=39.512900650501251 94.868085086345673 3955.8820388689637 99.660891443490982 4078.7462214976549 2612.9616394937038 4686.2001788169146 606.97925925254822 3506.1189612746239 562.54353287816048 2033.1431337893009 3241.9581368267536 6540.9455102235079 503.0660540163517 212.12015299499035 1674.2140891104937 87.867588862776756 1080.1012994796038 976.33756908774376 1896.291938751936 2654.9694029390812 246.14200510084629 120.15037217736244 4689.0296841412783 100.23642612993717 1328.1469280719757 260.91933090984821 4415.5669464096427 9.5637507438659686 14.514148414134977 1519.6807367652655
leaf_count=140 299 11254 219 11263 13101 15365 1431 9561 1402 5343 10102 17703 1523 779 4712 266 3210 2488 5030 7030 721 273 12371 231 3638 724 11998 40 36 3869
internal_value=0.00158185 0.00128671 0.00067025 7.36954e-05 -0.00162719 -0.00378699 0.00262574 0.000161694 0.00959216 0.00194818 0.000562815 0.00337493 -0.000721236 -0.00102269 0.00403842 0.00666164 -0.000363882 0.010403 0.00367084 0.00243702 0.0036095 0.00397751 0.00443267 0.00408344 0.00381481 -0.00398375 0.00430291 0.01787 -0.0160459 0.0038414
internal_weight=53848.4 47008.9 32192.2 27652.9 14497 7299.16 14816.7 5400.4 602.056 13155.9 7197.84 8574.09 4581.81 4798.34 9416.34 3567.48 4586.22 1583.32 1984.16 5848.86 6839.49 6593.35 6237.56 6117.41 6017.18 355.787 4539.31 123.739 24.0779 4174.65
internal_count=156122 137865 97947 85654 49822 28466 39918 15092 1542 35832 21356 23046 12786 13550 24826 9215 12771 3919 5296 15611 18257 17536 16513 16240 16009 1023 12293 295 76 10899
is_linear=0
shrinkage=0.03


Tree=95
num_leaves=31
num_cat=0
split_feature=1 38 37 38 7 38 4 37 38 7 4 3 3 38 1 0 38 2 7 0 1 1 13 38 38 13 18 38 38 2
split_gain=35.4007 36.5875 251.147 508.339 280.732 263.717 268.049 160.24 206.559 194.31 193.726 159.236 122.193 91.4571 88.9271 86.4984 83.9699 77.4481 74.7794 62.7824 61.1904 57.7824 61.6396 57.7473 67.809 56.4617 55.9117 51.2641 46.7216 46.1635
threshold=0.42717382311820989 1.0000000180025095e-35 1.0000000180025095e-35 -1.0000000180025095e-35 0.0015935409464873376 -0.041742460802197449 1.0000000180025095e-35 1.0000000180025095e-35 0.09988033771514894 0.0045466115698218354 0.72499999403953563 -0.33288638293743128 -0.14463371038436887 0.25004103779792791 -0.31187541782855982 -0.030643821693956848 0.25897155702114111 0.47378152608871466 0.0030154680134728555 -0.96524667739868153 -0.37320226430892939 -1.1076859831809995 27.66340255737305 0.09988033771514894 0.044121520593762405 -0.8562975525856017 5461.8395996093759 -0.15008940547704694 0.10652909427881242 0.072318587452173247
decision_type=2 2 2 2 2 2 2 2 2 2 2 2 2 2 2 2 2 2 2 2 2 2 2 2 2 2 2 2 2 2
left_child=1 2 5 4 11 6 20 10 12 16 13 -4 18 14 -3 17 -10 -5 -9 -11 -1 -7 -23 24 -12 -17 -8 -6 -25 -14
right_child=-2 7 3 15 27 21 26 8 9 19 23 -13 29 -15 -16 25 -18 -19 -20 -21 -22 22 -24 28 -26 -27 -28 -29 -30 -31
leaf_value=-0.00068810859846755513 -0.0084008892399883503 -0.018229149531256598 0.0045701585828031984 0.0092729121808446061 -0.0047380245914103985 -0.0056011303718166081 0.0055880899313943818 0.012535393648267334 0.012759963372974567 -0.019896342010192546 -0.00053875880662906928 -0.013588862668127089 -1.0822967673753607e-05 -0.025459805261434498 -0.0043693748797199857 0.0063917329034594485 0.029597628673952627 -0.044071433874676845 0.00046949690228442645 0.0039989392161935014 0.016702116759122719 0.00042344965081987787 0.0058314402544321717 -0.021543800883309296 0.0084900211067137962 -0.0002845422830285143 -0.0038751164623231473 0.0013307109748710204 -0.001222272348186179 -0.0068959584309107175
leaf_weight=193.65902492403984 319.73425737023354 475.35726152360439 497.78682878613472 3320.4606916606426 1905.2332773059607 947.67286078631878 3834.9459850937128 789.65796785056591 1320.0087354034185 101.96958300471306 1413.6815144866705 3387.6935371235013 1541.8012791201472 232.22965812683105 3347.2841844633222 1983.2838820815086 334.94134950637817 23.686055317521095 1114.5717364549637 2529.4566725641489 2946.4965635612607 5777.4964880570769 2824.1320083141327 106.49047756195068 1588.6994373649359 2677.5411778986454 657.23522125184536 3652.2767985314131 1946.97227409482 2032.5356533527374
leaf_count=608 1191 1662 1411 8767 5715 2768 9839 2132 3711 340 3845 12444 4903 940 11161 5172 766 95 3040 6694 8048 17177 7333 337 4019 8326 1856 9976 5370 6476
internal_value=0.00153505 0.00159464 0.00217384 -0.000361269 -0.00507585 0.00474829 0.00890533 0.000531812 0.0032017 0.00813377 -0.0023295 -0.0112611 -0.000657335 -0.00721361 -0.00609798 0.00519981 0.0161853 0.00888112 0.00547859 0.00306463 0.0156288 0.00142486 0.00219985 0.00158769 0.00423903 0.00255648 0.00420234 -0.00074972 -0.00228756 -0.00392771
internal_weight=53825 53505.3 34629.6 17448 9442.99 17181.6 7632.34 18875.7 9764.94 4286.38 9110.71 3885.48 5478.57 4054.87 3822.64 8004.97 1654.95 3344.15 1904.23 2631.43 3140.16 9549.3 8601.63 5055.84 3002.38 4660.83 4492.18 5557.51 2053.46 3574.34
internal_count=156122 154931 99535 51906 29546 47629 20351 55396 28062 11511 27334 13855 16551 13763 12823 22360 4477 8862 5172 7034 8656 27278 24510 13571 7864 13498 11695 15691 5707 11379
is_linear=0
shrinkage=0.03


Tree=96
num_leaves=31
num_cat=0
split_feature=25 18 1 1 1 3 25 39 38 38 39 22 10 38 37 38 39 0 38 34 22 0 0 0 34 39 22 0 22 2
split_gain=34.4755 38.3542 47.3201 47.0264 51.0358 43.4783 64.8594 49.5366 42.3072 40.1613 47.4006 38.3701 37.9392 37.4177 286.736 53.4182 35.4974 33.5404 30.9684 30.2727 26.3783 25.8208 54.4206 46.9724 40.7705 35.3117 35.459 32.6811 35.9151 52.1936
threshold=0.0066336917225271472 4290.4055175781259 0.18607878684997561 0.30807675421237951 0.16162642836570743 0.37571817636489874 0.064187813550233855 2.9948836565017705 0.27354964613914495 -0.21000730246305463 4.6300053596496591 0.09930948913097383 0.74672389030456554 0.25004103779792791 1.0000000180025095e-35 1.0000000180025095e-35 -1.3688838481903074 0.49977520108222967 -0.10696457698941229 3.5000000000000004 0.16827058047056201 0.043206188827753074 -0.026255664415657517 0.05923168174922467 2.5000000000000004 -3.5501939058303829 0.021967606619000438 -0.02930007595568895 0.26124501228332525 0.063736636191606535
decision_type=2 2 2 2 2 2 2 2 2 2 2 2 2 2 2 2 2 2 2 2 2 2 2 2 2 2 2 2 2 2
left_child=21 3 12 4 13 6 11 20 -4 -6 -11 -5 18 15 -15 -2 -8 -9 -3 -20 -7 22 27 24 -23 -24 -27 28 29 -1
right_child=1 2 8 5 9 7 16 17 -10 10 -12 -13 -14 14 -16 -17 -18 -19 19 -21 -22 23 25 -25 -26 26 -28 -29 -30 -31
leaf_value=-0.0021353123411875369 0.0025232986772866606 -0.0086261377481409926 0.01602026060264224 -0.034741472163577355 0.021363999017519415 0.00062800182658209042 -0.041277590718161832 -0.034982025798388099 -0.037852530418227157 0.0065294251438414892 -0.037168754579928576 0.0012655181921390859 0.0072958281599226557 -0.0093016861119334573 0.016976290314156414 0.00022853229951828023 0.017169376930168397 0.0011251871137346328 0.00058796492456333405 -0.0060997779002996428 -0.010208967215031662 0.035921038263895727 0.019619925065017786 0.00091943811568458568 -0.010700968676537503 0.00503229207509531 -0.011871372106291495 0.025737411424921215 0.0045408831978243688 -0.029178003418995589
leaf_weight=1089.6284373700619 27437.366529844701 659.21109656989574 202.78612279891968 43.873486816883087 167.19276764988899 431.03858050704002 8.8135248944163305 85.127840541303158 13.054748609662054 1331.5062728449702 21.721168249845505 64.995926216244698 371.85955958068371 620.67265709489584 936.00061808526516 13686.998877502978 216.28172224760056 31.366016417741776 2024.0604231357574 869.94769302010536 378.69936580955982 63.532874226570129 37.886151865124702 1142.2566244080663 22.217357531189919 128.57632991671562 814.32243049889803 43.157348081469536 795.52764052152634 67.309103071689606
leaf_count=3567 77836 2003 484 190 383 1492 45 404 51 3628 106 204 998 1923 2233 40108 603 108 5633 2562 1255 135 96 3564 73 581 3223 106 2236 292
internal_value=0.0014894 0.00171051 -0.00105289 0.0019623 0.00212528 -0.00374919 0.0055142 -0.0070948 0.0125885 0.00752537 0.00579887 -0.0134018 -0.00180681 0.00193268 0.00649763 0.00175965 0.0146952 -0.0253078 -0.00276207 -0.00142277 -0.00444289 -0.00111825 -0.00262863 0.00253928 0.0238229 -0.0084112 -0.00956027 0.000214602 -0.000360906 -0.00373505
internal_weight=53807 49602.6 4140.92 45461.7 44201.5 1260.2 333.965 926.232 215.841 1520.42 1353.23 108.869 3925.08 42681 1556.67 41124.4 225.095 116.494 3553.22 2894.01 809.738 4204.41 2976.41 1228.01 85.7502 980.785 942.899 1995.62 1952.47 1156.94
internal_count=156122 142249 11731 130518 126217 4301 1042 3259 535 4117 3734 394 11196 122100 4156 117944 648 512 10198 8195 2747 13873 10101 3772 208 3900 3804 6201 6095 3859
is_linear=0
shrinkage=0.03


Tree=97
num_leaves=31
num_cat=0
split_feature=13 3 11 32 14 37 2 2 2 9 3 34 39 38 38 11 0 0 1 4 7 10 9 7 14 2 38 24 9 38
split_gain=34.6711 37.7275 34.6348 40.153 42.7856 51.056 33.2635 44.3559 30.929 35.0236 30.5309 25.0896 23.6936 20.0654 18.3285 24.9528 22.2057 17.3352 20.8998 16.8616 25.8033 21.7305 16.6426 16.5599 16.3831 14.6801 17.5518 14.2427 13.6189 13.4195
threshold=6852.1987304687509 0.50219044089317333 0.12383136898279191 1.5000000000000002 1.0000000180025095e-35 1.0000000180025095e-35 0.49629384279251104 0.13045988231897357 -0.3451762050390243 0.0091012632474303263 -0.54288989305496205 5.0000000000000009 -1.5460734367370603 0.0030930732609704141 -0.15646011382341382 0.40239138901233679 0.24353902786970141 0.056827731430530555 -0.09106170758605002 37.074998855590827 0.040181756019592292 0.33021733164787298 0.16675695776939395 0.022560727782547477 1.0000000180025095e-35 0.19377242773771289 -1.0000000180025095e-35 1.5000000000000002 0.45942394435405737 0.37146696448326116
decision_type=2 2 2 2 2 2 2 2 2 2 2 2 2 2 2 2 2 2 2 2 2 2 2 2 2 2 2 2 2 2
left_child=1 2 8 4 5 -4 7 -5 9 24 13 -6 -12 -10 15 23 -17 18 28 20 -19 -21 -8 -3 -1 26 -22 -16 -2 -27
right_child=17 14 3 6 11 -7 22 -9 10 -11 12 -13 -14 -15 27 16 -18 19 -20 21 25 -23 -24 -25 -26 29 -28 -29 -30 -31
leaf_value=0.0044735038133773917 -0.012936820731506815 0.0014478616436312114 0.001676754788910029 0.0020816216376979219 0.0031420245836721174 -0.00069397333998041629 -0.015335017509814801 0.0078928814363613646 0.0063487168548120041 -0.018663849656163606 0.00040742773586912342 0.016552199866106215 0.0038978145491289622 0.017342986551266992 -0.029518785424500728 -0.038533330098716283 0.01333251044756972 -0.0053359001562915996 0.01866495021938068 -0.009466544656826708 -0.046574005905386448 0.049552104945105306 0.0066162769551853717 -0.055785018302643589 -0.017045130430916853 -0.038742601988536511 0.0080753304840182286 -0.0096696691421398924 0.016144686067217699 -0.0051624663057745811
leaf_weight=204.19977974891663 70.434267148375511 8.0491367131471652 15953.017328098416 3595.6540810540318 4624.319293640554 16766.206424728036 120.95730555802584 1762.4421109482646 628.67537985742092 119.57427372038364 2395.7707709521055 128.26456671953201 6518.9681975543499 196.79657883942127 38.869165509939194 7.1926931738853446 79.683490782976151 116.3088550567627 40.734927237033844 15.003158941864969 6.1253572553396252 7.6924357414245597 40.853998228907585 9.0391353815793973 36.674784973263741 61.064268961548805 19.528021886944771 196.23958110809326 17.195374071598053 13.608410254120825
leaf_count=538 230 21 47544 9856 12482 52039 431 4574 1625 410 6440 306 16987 459 178 26 198 334 99 47 25 14 110 37 113 227 52 636 43 41
internal_value=0.00144487 0.00150815 0.00157197 0.00120041 0.000848361 0.000461854 0.00358912 0.0039948 0.0031529 -0.00546299 0.00347258 0.00350798 0.00296029 0.00899125 -0.00845124 0.00200154 0.00861464 -0.00772221 0.00114874 -0.0124776 -0.0150618 0.0116576 -0.00976775 -0.0300709 0.00112782 -0.0261436 -0.00611877 -0.013075 -0.0070786 -0.0328117
internal_weight=53799.1 53431.4 53092.4 42991.7 37471.8 32719.2 5519.91 5358.1 10100.7 360.449 9740.21 4752.58 8914.74 825.472 339.073 103.964 86.8762 367.695 128.365 239.331 216.635 22.6956 161.811 17.0883 240.875 100.326 25.6534 235.109 87.6296 74.6727
internal_count=156122 155010 153914 127342 112371 99583 14971 14430 26572 1061 25511 12788 23427 2084 1096 282 224 1112 372 740 679 61 541 58 651 345 77 814 273 268
is_linear=0
shrinkage=0.03


Tree=98
num_leaves=31
num_cat=0
split_feature=18 18 32 13 13 3 34 18 18 8 38 38 11 25 10 22 34 38 18 39 2 34 25 7 34 7 38 12 13 37
split_gain=32.861 43.7784 50.3607 52.0927 126.921 68.3656 48.5441 38.8207 35.9811 38.1346 37.6708 42.8496 37.7463 32.8902 32.1861 31.2792 30.643 26.3787 38.5022 48.092 31.8901 56.3591 53.6743 24.0175 24.0048 21.2337 20.3984 21.493 30.8648 20.2647
threshold=-21597.621093749996 -195.12712097167966 1.5000000000000002 -7.1858413219451895 4.0227215290069589 -0.030777338892221447 1.5000000000000002 2520.7758789062505 -2957.880493164062 0.0098178396001458185 -0.15239354968070981 -0.11895769834518431 0.40687033534049993 2.3127774000167851 0.75414416193962108 0.11008667945861818 5.0000000000000009 0.46719513833522802 90.231960296630874 2.5128192901611333 0.1323753893375397 3.5000000000000004 0.0053368019871413716 0.040908208116889007 2.5000000000000004 0.095929488539695754 -0.46407985687255854 -0.4900756031274795 6852.1987304687509 1.0000000180025095e-35
decision_type=2 2 2 2 2 2 2 2 2 2 2 2 2 2 2 2 2 2 2 2 2 2 2 2 2 2 2 2 2 2
left_child=16 8 3 7 5 -5 -6 13 10 29 12 23 25 -3 -9 -13 24 20 19 -19 21 -4 -22 -12 26 -2 -1 28 -28 -10
right_child=1 2 17 4 6 -7 -8 14 9 -11 11 15 -14 -15 -16 -17 -18 18 -20 -21 22 -23 -24 -25 -26 -27 27 -29 -30 -31
leaf_value=0.021166897938473733 -0.0033875664620184182 0.0030175075892335435 0.0043004620653126248 0 -0.00088396249465135142 -0.005666042068848764 0.0027379144296604215 -0.0024980265436562827 0.0038869897818919175 0.006021583602769531 0.0082728552146527582 0.013309357897321664 -0.043468162811145947 -0.024502266155827991 0.0098191988842701965 0.00051235326193462688 -0.023290737485778801 0.036185232249073211 -0.054969456699446896 -0.044380721750057153 -0.020074238819125886 -0.0051917426681627622 0.0082898951478925075 0.031200183588633048 0.0024832805058690489 -0.030347764834773534 -0.0079653767608545492 0.0049478649445251757 -0.035949679634382184 -0.00078867893762869464
leaf_weight=22.068226620554924 471.03846706449986 10532.255877479911 2652.708366908133 3281.7131721526384 5223.9122496247292 4606.9993723556399 9181.0732907056808 2099.1514606177807 1898.713896214962 4654.1231261789799 128.04073318839073 180.13819549977779 23.008188009262085 38.219496980309486 208.97908079624176 3390.0127590745687 66.175689801573753 15.28777362406254 15.855027735233305 10.286728240549563 61.270761936903 713.38111925125122 1687.2189890816808 60.766897186636925 492.15834024548531 26.925161182880402 426.15720266103745 99.889317631721497 37.939368724822998 1485.343766450882
leaf_count=57 1361 28599 7134 11586 14935 19200 25210 6044 4941 11886 325 433 88 127 554 9144 290 30 62 49 216 2070 4413 130 1371 116 1288 277 141 4045
internal_value=0.00140167 0.00151106 0.00103278 0.000626729 -0.000250673 -0.00330935 0.00142428 0.0021457 0.00307643 0.00425953 0.000853269 0.00190212 -0.00669791 0.00291541 -0.00137775 0.00116243 -0.00362478 0.0038015 -0.0197515 0.003216 0.00399669 0.00228693 0.00728334 0.0157932 -0.00239453 -0.00490923 -0.00649319 -0.00761637 -0.0103319 0.00183421
internal_weight=53790.8 52646.4 40328.3 35172.3 22293.7 7888.71 14405 12878.6 12318.1 8038.18 4279.93 3758.96 520.972 10570.5 2308.13 3570.15 1144.39 5156.01 41.4295 25.5745 5114.58 3366.09 1748.49 188.808 1078.21 497.964 586.054 563.986 464.097 3384.06
internal_count=156122 152698 120229 106255 70931 30786 40145 35324 32469 20872 11597 10032 1565 28726 6598 9577 3424 13974 141 79 13833 9204 4629 455 3134 1477 1763 1706 1429 8986
is_linear=0
shrinkage=0.03


Tree=99
num_leaves=31
num_cat=0
split_feature=3 13 22 2 2 34 3 3 1 1 39 38 38 37 39 2 21 2 11 8 20 38 10 10 4 9 24 20 38 4
split_gain=31.9536 35.4201 33.471 56.2693 40.2377 68.8621 37.738 59.6661 40.0141 33.1494 47.6971 50.4812 42.9611 42.9235 28.3844 27.006 22.9058 25.0189 25.3267 22.5321 16.3808 16.1037 16.0081 14.2014 17.3598 22.6187 14.0304 13.6072 11.8514 10.9817
threshold=0.50219044089317333 6852.1987304687509 0.052060112357139594 0.0091508775949478167 -0.043819831684231751 1.5000000000000002 -0.12112311646342276 -0.052152438089251511 -0.031382622197270386 -2.0966380834579463 -4.3183376789093009 -0.0034019033191725607 0.052494386211037643 1.0000000180025095e-35 2.8389308452606206 -0.3451762050390243 0.87500000000000011 0.15321649610996249 0.83084043860435497 0.067886281758546843 -1.0000000180025095e-35 -0.13348228484392163 0.49181815981864935 0.35899110138416296 36.175001144409187 0.15631429851055148 1.5000000000000002 -1.0000000180025095e-35 -1.0000000180025095e-35 37.074998855590827
decision_type=2 2 2 2 2 2 2 2 2 2 2 2 2 2 2 2 2 2 2 2 2 2 2 2 2 2 2 2 2 2
left_child=1 2 3 4 5 -1 8 -8 -5 12 11 -11 15 -12 -6 -4 21 18 -18 23 -19 -3 -22 24 25 26 -2 -14 -21 -23
right_child=19 16 9 6 14 -7 7 -9 -10 10 13 -13 27 -15 -16 -17 17 20 -20 28 22 29 -24 -25 -26 -27 -28 -29 -30 -31
leaf_value=0.020398425425272829 -0.025051446908601064 -0.034162346556305116 0.002230407633529895 0.014360275002862528 0.0061735278370179045 -0.012144715145802287 0.021303108553531572 -0.0071584908453536872 -0.041094501299579866 0.0019332513329527142 0.0025040682327029809 0.015732888524532907 0.011215512579187901 0.00073075157373281524 0.033916905373271279 -0.0094528193588762233 0.024666510088069492 -0.026891102191366027 -0.022926729351357571 0.030990387636151927 -0.0093832404628416567 -0.013150120185881718 0.02704883457314141 -0.029428716832611737 -0.035915690323278758 0.0097742226931180117 -0.0064372729971660962 -0.029862419156405345 -0.0097974224965502697 0.013680158362921071
leaf_weight=73.836785927414894 45.71828281879425 31.332930028438568 477.17324680089951 14.493933916091917 575.69482599198818 267.30567266047001 69.87418320775032 1022.9362423196435 50.655687972903252 513.8988031744957 24243.707651570439 445.77024674415588 7.477017104625701 24917.936553180218 34.373526841402054 282.56242474913597 49.794971495866776 30.291573137044907 11.646660551428793 18.81092989444733 39.145717114210129 156.47273789346218 13.873644948005674 29.202605172991753 17.544355005025864 63.588210374116898 175.34501214325428 68.302209421992302 8.7569782286882383 14.128084391355513
leaf_count=226 202 117 1341 44 2014 1156 184 4239 216 1472 68104 1100 19 72614 87 858 115 104 39 38 118 495 31 99 64 160 563 240 26 37
internal_value=0.00136002 0.00142008 0.00148263 -0.00221935 0.00318318 -0.00505329 -0.00665878 -0.0053181 -0.0286815 0.00163596 0.00173482 0.00835607 -0.00428612 0.00160534 0.00779455 -0.00211761 -0.00812301 0.000968361 0.0153742 -0.00754722 -0.00967665 -0.0146274 0.000418699 -0.00973259 -0.00772859 -0.00586113 -0.0103959 -0.025677 0.0180397 -0.010844
internal_weight=53771.7 53412.7 53066 2109.17 951.211 341.142 1157.96 1092.81 65.1496 50956.8 50121.3 959.669 835.515 49161.6 610.068 759.736 346.686 144.753 61.4416 358.966 83.3109 201.934 53.0194 331.398 302.196 284.652 221.063 75.7792 27.5679 170.601
internal_count=156122 154970 153914 8166 3483 1382 4683 4423 260 145748 143290 2572 2458 140718 2101 2199 1056 407 154 1152 253 649 149 1088 989 925 765 259 64 532
is_linear=0
shrinkage=0.03


Tree=100
num_leaves=31
num_cat=0
split_feature=32 3 24 2 13 13 32 21 13 10 22 37 39 38 3 38 37 39 20 5 10 22 2 3 10 9 39 38 3 39
split_gain=32.2537 34.9744 33.3056 64.4938 66.406 69.3608 75.0577 51.4617 58.5889 52.6683 59.5614 46.769 79.227 70.3195 51.4833 45.1124 157.416 51.3788 41.506 40.5231 40.0823 37.6023 29.6609 28.5987 28.0556 27.2672 25.992 25.7786 27.0224 23.9413
threshold=36.000000000000007 -0.56221109628677357 2.5000000000000004 -0.081538569182157503 -20.768368721008297 29.017581939697269 14.500000000000002 1.0000000180025095e-35 -91.373523712158189 0.20840908586978915 0.050007151439785964 1.0000000180025095e-35 -0.79906469583511341 -1.0000000180025095e-35 -0.81467494368553151 -0.050404325127601617 1.0000000180025095e-35 2.0327552556991582 1.0000000180025095e-35 15.325000286102297 0.27657626569271093 0.042702540755271919 -0.63216698169708241 0.091406542807817473 0.76911386847496044 0.018933420069515709 4.1420598030090341 0.0738789737224579 -0.26456046104431147 2.6844990253448491
decision_type=2 2 2 2 2 2 2 2 2 2 2 2 2 2 2 2 2 2 2 2 2 2 2 2 2 2 2 2 2 2
left_child=2 -2 3 11 25 6 -6 8 27 10 23 12 18 22 -14 16 -10 -17 -1 -12 -11 -15 -13 -9 -22 29 -7 -4 -29 -5
right_child=1 -3 7 4 5 26 -8 9 15 20 19 13 14 21 -16 17 -18 -19 -20 -21 24 -23 -24 -25 -26 -27 -28 28 -30 -31
leaf_value=-0.00055802337789353281 0.025001994378497715 0.0049930773812116467 0.0066842519436069482 0.0051183498622417731 -0.0048686503191534263 0.0018572264999129179 0.0045192048999857844 -0.0071307787113848338 0.010217179036681822 -0.0059126416979438101 0.0035091274703647748 0.03195099160203041 -0.0070341295603159925 0.045499385841654166 0.010277628169027308 -0.0021945217616733924 -0.010467599677059384 -0.012331189280271547 -0.030618417774811835 -0.00015443477813093073 -5.8992004662720338e-05 0.012172867462989496 -0.0041457527347262364 -0.034381691688189255 0.0069404928206116146 -0.0011973401225147968 -0.039301382042033033 -0.017149719089831615 0.0040254604015964521 -0.0093969162821586748
leaf_weight=69.242981284856796 86.173801258206367 824.24836714565754 1193.2489776164293 2424.2590418756008 5932.3530436754227 3217.5998578369617 879.06491564959288 197.72279054671526 917.75315511226654 959.65364874899387 20739.612890169024 20.722158566117287 237.752995043993 30.883150547742844 437.46484938263893 3946.5823214948177 516.65510940551758 507.31717891991138 102.487738057971 3125.0901734828949 4169.426820769906 829.76864510774612 357.54567489027977 41.406921163201332 586.94294303655624 1072.698590606451 12.864153504371641 88.807429447770119 135.84838743507862 105.73546795547009
leaf_count=203 188 2122 3145 6435 22641 8748 2308 705 2449 2797 57107 53 706 79 1284 11950 1736 1821 393 8615 11591 2182 1168 184 1543 2955 48 287 356 323
internal_value=0.00131927 0.00691562 0.00122269 6.55727e-05 -0.0006854 -0.00193913 -0.00365615 0.00171287 -0.000543215 0.00226574 0.0028797 0.00497743 -0.000452703 0.00868936 0.00417611 -0.00186198 0.0027626 -0.00335231 -0.0185886 0.00302927 -0.000322792 0.0134236 -0.00208137 -0.0119855 0.000805401 0.00280789 0.00168029 0.00492871 -0.00437079 0.00450706
internal_weight=53766.9 910.422 52856.5 15730.4 13644.6 10041.9 6811.42 37126.1 7306.21 29819.9 24103.8 2085.87 846.949 1238.92 675.218 5888.31 1434.41 4453.9 171.731 23864.7 5716.02 860.652 378.268 239.13 4756.37 3602.69 3230.46 1417.9 224.656 2529.99
internal_count=156122 2310 153812 49526 43458 33745 24949 104286 21744 82542 66611 6068 2586 3482 1990 17956 4185 13771 596 65722 15931 2261 1221 889 13134 9713 8796 3788 643 6758
is_linear=0
shrinkage=0.03


Tree=101
num_leaves=31
num_cat=0
split_feature=25 0 18 11 32 7 1 22 22 0 1 0 0 0 34 32 0 22 2 25 34 22 39 0 1 22 37 11 22 10
split_gain=31.2872 36.4667 35.8015 35.7786 33.157 33.1288 42.2364 30.3397 63.3487 61.9025 26.4386 24.8898 50.3192 44.0401 38.5214 33.4746 35.9186 42.0757 36.5758 32.2853 31.7316 31.3183 30.8388 29.6341 27.9394 27.5118 24.6147 24.2943 23.4946 23.4134
threshold=0.0066336917225271472 0.7145574986934663 12210.582519531252 0.76283863186836254 36.000000000000007 0.039847407490015037 0.23815064877271655 0.098054315894842162 0.1117418445646763 0.45538336038589483 -0.33905775845050806 0.043206188827753074 -0.026255664415657517 0.05923168174922467 2.5000000000000004 8.5000000000000018 -1.0000000180025095e-35 0.032162964344024665 0.0053402655757963666 0.0053368019871413716 1.0000000180025095e-35 0.92969441413879406 -2.9396328926086421 -0.027635214850306507 -0.1996788755059242 0.042702540755271919 1.0000000180025095e-35 0.90652883052825939 0.34970207512378698 0.016506221145391468
decision_type=2 2 2 2 2 2 2 2 2 2 2 2 2 2 2 2 2 2 2 2 2 2 2 2 2 2 2 2 2 2
left_child=11 2 4 10 7 -5 -7 9 -9 -2 -4 12 19 14 29 22 17 -17 -18 23 26 25 -14 24 -1 -15 -21 -27 -22 -13
right_child=1 -3 3 5 -6 6 -8 8 -10 -11 -12 13 15 21 -16 16 18 -19 -20 20 28 -23 -24 -25 -26 27 -28 -29 -30 -31
leaf_value=0.0041499140453897954 0.00011126331207983835 -0.0086977693349455827 -0.025758092816987346 0.0039990714763144504 0.0077913748855602538 -0.0064971771716966073 0.02573765196928952 0.0073347279839455935 0.0016677643524787556 -0.024751764763275109 -0.006509677446447577 0.041953565266463162 0.0062183775298098832 -0.025567251347065036 -0.010579232384204598 0.029792498440345025 0.030055530004610892 -0.028077214580301116 -0.0012006948318435836 0.030899249303004788 -0.01861350389749539 0.015616140771116708 -0.013178814765369485 0.041324542967104291 -0.003669701115616777 -0.002060267424891815 -0.013376473452261041 0.010221269328273814 0.012686699317871383 -0.0095943673404723599
leaf_weight=1055.9466096460819 6849.7182009145617 313.0976824015379 81.421762526035309 761.45086959004402 794.69813911616802 718.34150329232216 37.537215009331703 1862.4818049371243 37743.581372059882 90.323821522295475 299.97023186087608 54.745320349931717 81.757476270198822 37.983474299311638 22.179144293069839 13.484003797173498 54.372550196945667 51.514665737748146 85.440248019993305 26.250488013029099 182.47441054880619 114.68552519381046 691.03048335015774 15.655211508274077 671.89632959663868 812.69768080860376 18.430892989039421 175.37201528251171 23.635881349444389 8.7529421150684339
leaf_count=3031 22177 1010 293 2044 1995 2203 82 5190 105892 456 907 109 232 239 73 32 122 179 248 60 659 276 3087 32 2303 2606 58 443 58 26
internal_value=0.00128004 0.00149074 0.00155576 -0.00248193 0.00171782 -0.00041278 -0.00486053 0.00161389 0.00193451 -0.000215413 -0.0106834 -0.00120596 -0.00269007 0.00238721 0.023004 -0.00826182 0.00249992 -0.0157571 0.0110605 4.24637e-05 -0.00999815 0.000817326 -0.0111174 0.00149337 0.00110705 -0.000847463 0.012677 0.000124674 -0.0149657 0.0347628
internal_weight=53750.9 49552.6 49239.5 1898.72 47340.8 1517.33 755.879 46546.1 39606.1 6940.04 381.392 4198.31 2971.89 1226.42 85.6774 977.599 204.811 64.9987 139.813 1994.29 250.792 1140.74 772.788 1743.5 1727.84 1026.05 44.6814 988.07 206.11 63.4983
internal_count=156122 142249 141239 5529 135710 4329 2285 133715 111082 22633 1200 13873 10101 3772 208 3900 581 211 370 6201 835 3564 3319 5366 5334 3288 118 3049 717 135
is_linear=0
shrinkage=0.03


Tree=102
num_leaves=31
num_cat=0
split_feature=14 25 37 38 38 7 39 4 7 3 38 2 38 38 34 32 3 3 22 0 39 7 7 4 2 25 25 21 22 0
split_gain=31.21 39.6817 41.9128 525.168 464.719 275.462 188.306 172.528 148.845 124.207 123.699 122.91 116.208 49.3322 45.5554 40.9439 40.6591 42.9006 40.3978 40.363 36.0012 34.8577 33.3145 26.0433 30.0073 38.1653 40.6261 41.7522 36.8911 51.2882
threshold=1.0000000180025095e-35 0.56018424034118663 1.0000000180025095e-35 -0.010448761284351347 -0.0047625824809074393 0.0015935409464873376 2.0029824972152714 0.97499999403953563 0.0052917052526026973 -0.30555824935436243 -0.049635699018836014 0.11018319800496103 0.097228281199932112 0.09988033771514894 5.0000000000000009 23.000000000000004 -0.20669730007648465 -0.088734172284603105 0.14835633337497714 0.26051557064056402 0.45856675505638128 0.0039075426757335672 0.043613215908408172 3.1250000000000004 0.056497318670153625 0.1466949284076691 0.022510830312967304 0.075000001117587103 0.28616109490394598 -0.23445756733417508
decision_type=2 2 2 2 2 2 2 2 2 2 2 2 2 2 2 2 2 2 2 2 2 2 2 2 2 2 2 2 2 2
left_child=1 2 4 5 8 9 11 12 10 -4 -1 -5 -6 -9 -7 -10 20 21 -8 -19 -3 -18 -21 24 25 26 -2 -28 -27 -30
right_child=23 16 3 6 7 14 18 13 15 -11 -12 -13 -14 -15 -16 -17 17 19 -20 22 -22 -23 -24 -25 -26 28 27 -29 29 -31
leaf_value=0.0146888818525265 0.0067737671231839136 -0.003887343498737194 0.0013256878469210043 0.0063847692072453574 -0.0031235122981229245 -0.00069024940391605835 -0.0081169831074238835 0.0033010974353680912 0.0040907924323089232 -0.015558949455218114 0.0041184225471732547 0.0010351208574309674 -0.013543731145557276 -0.0027322767940049213 -0.014725304962020782 -0.0089941713099944125 -0.04134119951399174 0.0046351727844546522 -0.025612931539388647 -0.051256447565676627 0.0083652414350773394 -0.010584122496235391 0.0082861673201233242 0.0013295115820569701 0.0085887729696285334 0.018367040104881268 -0.014664338315630989 4.8251562096229123e-05 0.011741776197205553 -0.012690311320469924
leaf_weight=3022.1146605983377 530.89954771101475 1054.734577819705 458.73185928165913 8317.1844588145614 5141.3093727752566 4089.872616648674 328.1505588889122 5042.766159132123 4075.1058268249035 2679.853966601193 1489.0411139577627 7224.1695706546307 1185.0079569965601 1607.3578534573317 218.35560937225819 226.16196925938129 66.967787891626358 128.10161148011684 187.22137907147408 23.507259145379066 270.2185682952404 67.211931228637695 12.413447231054304 3500.9338617324829 1302.8848736286163 236.3291884958744 230.45881116390228 692.79879919439554 211.57445332407951 120.50448949635029
leaf_count=8289 1423 3091 1350 23541 16734 11455 1226 13258 10611 10225 4522 20847 4320 4484 802 646 297 352 769 97 718 198 33 9411 3334 558 715 1924 529 363
internal_value=0.00124186 0.000965957 0.0011312 0.000252351 0.00207902 -0.00633187 0.00330638 -0.00153132 0.00739522 -0.0130905 0.0112021 0.00389848 -0.00507767 0.00184217 -0.00140554 0.00340015 -0.00364105 -0.013631 -0.0145159 -0.00327592 -0.00138179 -0.0261491 -0.0309314 0.00313722 0.00503844 0.00274681 0.000166477 -0.00363288 0.00933093 0.00285539
internal_weight=53741.9 46915.6 45292.4 23503.5 21788.9 7446.81 16056.7 12976.4 8812.42 3138.59 4511.16 15541.4 6326.32 6650.12 4308.23 4301.27 1623.16 298.202 515.372 164.022 1324.95 134.18 35.9207 6826.38 3325.45 2022.57 1454.16 923.258 568.408 332.079
internal_count=156122 137865 133079 70215 62864 23832 46383 38796 24068 11575 12811 44388 21054 17742 12257 11257 4786 977 1995 482 3809 495 130 18257 8846 5512 4062 2639 1450 892
is_linear=0
shrinkage=0.03


Tree=103
num_leaves=31
num_cat=0
split_feature=18 18 24 2 37 39 2 21 38 3 1 0 38 18 38 18 8 38 38 11 2 34 37 4 38 7 34 38 7 7
split_gain=30.5703 39.3871 37.6592 76.6053 55.843 82.1449 67.012 54.4227 50.448 51.2041 49.2809 48.2838 52.9193 47.6468 46.8621 33.6444 36.831 34.773 40.7094 35.4938 32.8567 28.5887 24.7871 34.2484 23.919 22.9028 22.192 21.5602 19.9341 19.8931
threshold=-21597.621093749996 -195.12712097167966 2.5000000000000004 -0.081538569182157503 1.0000000180025095e-35 -0.79906469583511341 -0.63216698169708241 1.0000000180025095e-35 -0.16974265873432157 0.099415037781000151 0.16162642836570743 0.1887280344963074 0.1135409213602543 1890.8955078125002 0.33548377454280859 -2957.880493164062 0.015060928650200369 -0.15239354968070981 -0.11895769834518431 0.40687033534049993 0.49629384279251104 5.0000000000000009 1.0000000180025095e-35 6.5250000953674325 0.32185205817222601 0.040908208116889007 2.5000000000000004 -0.19330486655235288 0.095929488539695754 0.072311177849769606
decision_type=2 2 2 2 2 2 2 2 2 2 2 2 2 2 2 2 2 2 2 2 2 2 2 2 2 2 2 2 2 2
left_child=21 15 3 4 5 -3 -6 8 9 -4 13 12 -5 -9 -13 17 22 19 25 28 -10 26 27 -24 -12 -19 -1 -17 -2 -28
right_child=1 2 7 11 6 -7 -8 10 20 -11 24 14 -14 -15 -16 16 -18 18 -20 -21 -22 -23 23 -25 -26 -27 29 -29 -30 -31
leaf_value=-0.0064041585721880019 -0.0034105830560967258 -0.021691417257049827 -0.0029322436266218731 -0.0030911661133176194 0.028459878175953093 0.0039602304238786079 0.0066807704267774007 0.0027683734988342883 -0.0010794740684106992 0.018648870680358386 0.016165520949681596 0.003537371841080494 0.0039761814477707116 -0.00066009813944976361 -0.028170962128296249 0.016207139433069288 0.0062924931220266897 0.0078539379851689708 0.00093273058564641526 -0.042322139078881028 -0.0088225486767697509 -0.022740447050673511 0.0026309798089118493 -0.0054545453406005754 -0.018163707437076678 0.030252245377810922 0.0046829356740788726 0.0035211693433958324 -0.029665970414556115 -0.012531871480326712
leaf_weight=585.74369688332081 470.80006596446037 139.18663883209229 175.97939114272594 8252.1793644204736 147.74342329800129 564.71436204016209 890.56173314154148 16496.4705709517 4770.0736211687326 223.72852590680122 291.29423978179693 1959.5826475769281 1076.8952914923429 4681.8299003094435 41.856414392590523 126.17750936746597 3432.4450113177299 127.86260783672333 3566.6435317844152 22.941668674349785 549.39299166202545 65.518151372671127 1309.7738974243402 735.28799563646317 18.593000635504723 60.706141427159309 422.68732683360577 2421.7911061942577 26.631202757358551 69.422976389527321
leaf_count=1763 1361 505 559 27750 324 1699 2593 46396 14569 535 739 6140 3307 13076 180 292 8741 325 9577 88 1794 290 3458 2075 63 130 1136 6306 116 235
internal_value=0.00120486 0.00131045 0.000856559 -0.000466584 0.0053878 -0.00113135 0.00980707 0.00149241 -0.00110786 0.00915626 0.00218464 -0.00136743 -0.00227469 0.00201031 0.00285902 0.00279629 0.00394142 0.000645701 0.00165392 -0.00661347 -0.00188125 -0.00364539 0.00218278 -0.000275894 0.0140443 0.015202 -0.0024619 0.00415668 -0.00487895 0.00222784
internal_weight=53724.5 52581.1 40280.1 13072.7 1742.21 703.901 1038.31 27207.4 5719.17 399.708 21488.2 11330.5 9329.07 21178.3 2001.44 12301.1 8025.48 4275.59 3755.21 520.373 5319.47 1143.37 4593.03 2045.06 309.887 188.569 1077.85 2547.97 497.431 492.11
internal_count=156122 152698 120229 42498 5121 2204 2917 77731 17457 1094 60274 37377 31057 59472 6320 32469 20872 11597 10032 1565 16363 3424 12131 5533 802 455 3134 6598 1477 1371
is_linear=0
shrinkage=0.03


Tree=104
num_leaves=31
num_cat=0
split_feature=3 13 25 18 1 38 8 1 18 10 3 3 1 22 0 25 25 22 25 21 2 11 38 1 0 0 20 38 10 0
split_gain=30.2753 32.3078 30.9028 27.6193 44.7983 37.5459 31.9622 37.1092 34.9391 31.1034 27.359 53.9613 49.0302 40.4543 37.9879 24.9245 29.5391 26.3906 28.2118 21.5171 23.3379 23.9431 20.6724 18.7974 17.7454 17.3891 15.5165 15.1892 15.0953 13.2825
threshold=0.50219044089317333 6852.1987304687509 0.0066336917225271472 4290.4055175781259 0.18607878684997561 0.25897155702114111 0.015223956666886808 0.32956103980541235 -6884.7631835937491 0.73028481006622326 0.28459081053733831 0.048803051933646209 -0.07444364950060843 0.042702540755271919 0.045222543179988868 0.18320684880018237 0.21237712353467944 0.17850334197282794 0.23051296919584277 0.87500000000000011 0.15321649610996249 0.83084043860435497 -0.17337249219417569 0.38577878475189215 0.67382130026817333 0.69770869612693798 -1.0000000180025095e-35 -0.13348228484392163 0.49181815981864935 1.0000000180025095e-35
decision_type=2 2 2 2 2 2 2 2 2 2 2 2 2 2 2 2 2 2 2 2 2 2 2 2 2 2 2 2 2 2
left_child=1 2 10 6 9 -6 7 -4 -8 -5 11 14 24 -13 -1 29 23 -18 -19 27 21 -21 -20 -17 -12 -14 -22 -3 -28 -2
right_child=15 19 3 4 5 -7 8 -9 -10 -11 12 13 25 -15 -16 16 17 18 22 20 26 -23 -24 -25 -26 -27 28 -29 -30 -31
leaf_value=-0.0015013578130864797 0.01476939540274971 -0.033242103079268552 0.0014074072892770106 -0.0025847136062334968 0.017265148511041908 -0.036206782367457765 -0.00077595918092580787 -0.0053992418698494311 0.0038855356664774781 0.0062621237184459083 0.0065454193842419085 -0.036843746762993956 0.0004788622660791234 -0.0071195159722553022 0.0078379377169533453 0.0068543540571240459 -0.027952176417485642 -0.047223562935055627 0.01985455768409702 0.023862451900051887 -0.026140216215760043 -0.022422913463129718 -0.0049767493308655987 0.051526277677864961 0.026510389117094118 -0.023178180363805694 -0.0090650882508505667 -0.010535318614689379 0.026321467382504266 -0.019683665569484598
leaf_weight=2524.7891241237521 10.074966266751288 31.142976462841034 33458.726962953806 3321.9674453735352 169.42209258675575 11.740398839116095 1722.2644572108984 735.60941316187382 9013.5332330316305 399.68836084008217 68.742010354995728 42.638941071927547 156.90692569315434 788.35735616087914 462.97567496448755 24.305465400218964 37.953815624117851 9.5519483983516675 45.525494903326035 49.803201705217361 30.24266342818737 11.635276883840559 84.74590028822422 12.503101855516432 99.635315135121346 32.959527492523193 39.136896342039108 170.40755903720856 13.864671453833578 133.25032964348793
leaf_count=8536 25 117 97914 9513 398 46 4956 2718 23476 1077 196 312 479 2680 1291 63 151 39 104 115 104 39 275 24 214 108 118 532 31 471
internal_value=0.00116891 0.00122735 0.00128712 0.00149899 -0.000921069 0.0136036 0.00170929 0.00126074 0.00313744 -0.00163237 -0.00118892 -0.00193367 0.00672487 -0.00869074 -5.10247e-05 -0.00751409 -0.00101083 -0.00611452 -9.18405e-06 -0.00789279 0.000917712 0.0148301 0.00376325 0.0230693 0.0184639 -0.00371204 -0.00936889 -0.0142055 0.000452125 -0.0171555
internal_weight=53714.1 53356.2 53010 48833 3902.82 181.162 44930.1 34194.3 10735.8 3721.66 4177 3818.76 358.244 830.996 2987.76 357.911 214.586 177.777 139.823 346.233 144.683 61.4385 130.271 36.8086 168.377 189.866 83.2442 201.551 53.0016 143.325
internal_count=156122 154970 153914 140098 11034 444 129064 100632 28432 10590 13816 12819 997 2992 9827 1152 656 569 418 1056 407 154 379 87 410 587 253 649 149 496
is_linear=0
shrinkage=0.03


Tree=105
num_leaves=31
num_cat=0
split_feature=32 3 2 37 38 38 7 8 3 7 38 2 0 38 38 34 38 37 37 34 20 22 38 21 3 9 38 25 4 22
split_gain=29.3993 33.4391 28.5922 93.2617 353.029 328.732 216.9 152.809 124.395 110.165 107.344 102.684 81.5756 80.29 80.1108 76.7606 73.0986 95.7715 78.2781 56.7805 48.9582 83.7707 42.6556 42.2104 36.1896 41.9176 35.7058 35.1888 28.2372 27.2429
threshold=36.000000000000007 -0.56221109628677357 0.026335185393691066 1.0000000180025095e-35 -0.0034019033191725607 -0.010448761284351347 0.0039075426757335672 1.0000000180025095e-35 -0.33288638293743128 0.00028219720115885144 0.10206544399261476 0.11018319800496103 -0.0087345754727721197 0.15216305851936343 -0.050404325127601617 3.5000000000000004 -0.14435492455959317 1.0000000180025095e-35 1.0000000180025095e-35 5.0000000000000009 -1.0000000180025095e-35 0.14703321456909182 -0.031786151230335229 1.0000000180025095e-35 -0.37416936457157129 0.13905514031648639 -0.031786151230335229 0.18095290660858157 2.2250000238418584 0.24023970961570743
decision_type=2 2 2 2 2 2 2 2 2 2 2 2 2 2 2 2 2 2 2 2 2 2 2 2 2 2 2 2 2 2
left_child=2 -2 12 4 7 6 8 14 -5 10 -6 13 15 -7 -4 16 18 -18 -1 -13 21 -17 -8 -22 28 27 -9 -26 -14 -27
right_child=1 -3 3 5 9 11 22 26 -10 -11 -12 19 24 -15 -16 20 17 -19 -20 -21 23 -23 -24 -25 25 29 -28 -29 -30 -31
leaf_value=0.011985584043100126 0.024264418277097622 0.0046102170672427546 0.016338420344997634 0.0061185874723181577 -0.0021275344549028154 0.0044848859053344152 0.00018086149083290277 0.0033754376754467474 -0.016980593176054888 0.0019442702298946627 -0.014582960600156738 0.00073578020680707375 -0.034428525897566266 0.015870914442742069 0.0056787057370656065 0.0036218271749211338 -2.614235282044332e-05 0.0055986499279918698 -0.0087888317998079911 -0.026211341782277898 -0.0053847653058472543 -0.016657485288496914 -0.010604798861576484 0.0016728408489581118 -0.0048835300943252374 0.00060965739671560817 0.010482916024216391 -0.018657128058102272 0.0047065352344954773 0.031057211718335531
leaf_weight=195.33469596505165 85.312577649950981 821.82493415474892 2109.0741745531559 237.36693960428238 3277.9799276813865 3887.9232235774398 2403.2720351964235 4019.8479815721512 1766.6033597961068 5837.8320638090372 768.18942079693079 8197.1939545050263 67.96325458586216 650.42594727873802 910.8931283056736 281.30923362076283 5786.5523161590099 5145.4010544940829 967.0948174521327 69.980225518345833 1305.4906696528196 522.55042131245136 381.44147065281868 1830.6707473546267 1092.5296396538615 70.988105729222298 756.0150032043457 196.68016993999481 21.389651075005531 41.389566838741302
leaf_count=545 188 2122 5608 648 10605 11011 6676 10481 6760 15504 2840 23696 242 1605 2726 856 16919 14770 3024 238 4065 1668 1128 5221 4040 194 1861 737 57 87
internal_value=0.00113393 0.0064866 0.00104179 0.00153386 0.00307262 -1.23144e-05 -0.00671743 0.00784556 -0.0142414 -0.000692052 -0.00449603 0.00249519 5.11679e-05 0.0061205 0.0131271 0.000675614 0.00186049 0.0026213 -0.00528802 0.000504172 -0.0029603 -0.00956137 -0.00129872 -0.00126485 -0.00665842 -0.00546493 0.00450313 -0.00699997 -0.0250786 0.0120252
internal_weight=53706.5 907.138 52799.4 35274 17679.8 17594.2 4788.68 7795.83 2003.97 9884 4046.17 12805.5 17525.3 4538.35 3019.97 16034.4 12094.4 10932 1162.43 8267.17 3940.02 803.86 2784.71 3136.16 1490.94 1401.59 4775.86 1289.21 89.3529 112.378
internal_count=156122 2310 153812 101387 49625 51762 15212 20676 7408 28949 13445 36550 52425 12616 8334 47068 35258 31689 3569 23934 11810 2524 7804 9286 5357 5058 12342 4777 299 281
is_linear=0
shrinkage=0.03


Tree=106
num_leaves=31
num_cat=0
split_feature=14 25 1 25 39 38 38 37 39 1 37 7 38 34 1 13 34 4 14 13 38 34 39 25 25 34 0 2 12 32
split_gain=28.8852 37.2438 38.9651 37.7548 48.697 128.386 49.5366 42.1296 38.9548 38.6799 38.4192 34.4962 34.1468 31.1607 29.5571 60.1864 55.6523 29.1272 26.8217 25.8945 24.2859 24.0731 42.1881 52.5602 42.7343 30.7099 40.0508 47.301 24.5595 23.4291
threshold=1.0000000180025095e-35 0.56018424034118663 -0.082889650017023073 0.021911201067268852 1.5391374230384829 -0.10537589341402052 0.25897155702114111 1.0000000180025095e-35 -0.89276888966560353 0.40576252341270452 1.0000000180025095e-35 0.023130468092858795 -0.0090529145672917349 1.5000000000000002 0.14142790436744693 0.26420179009437567 5.0000000000000009 17.274999618530277 -1.0000000180025095e-35 -133.29634094238278 -0.3176251351833343 1.0000000180025095e-35 -1.9611074328422544 0.1593694090843201 0.034305082634091384 2.5000000000000004 -0.33300346136093134 -0.017294949851930138 -0.17425273358821866 8.5000000000000018
decision_type=2 2 2 2 2 2 2 2 2 2 2 2 2 2 2 2 2 2 2 2 2 2 2 2 2 2 2 2 2 2
left_child=1 3 12 4 6 10 8 -7 -1 14 -6 18 20 -4 16 -16 -5 29 -11 -2 -3 22 23 24 -21 -23 28 -28 -27 -14
right_child=19 2 13 9 5 7 -8 -9 -10 11 -12 -13 17 -15 15 -17 -18 -19 -20 21 -22 25 -24 -25 -26 26 27 -29 -30 -31
leaf_value=-0.0023478047997713752 -0.0033648848411053068 -0.017530380800195026 -0.027308127633860091 0.0015201330162012267 0.01314094169888118 -0.0056295485547291938 0.015270450284595047 -0.016354829125236149 0.0021573564346567525 0.01575777129005659 -0.010426719870712182 0.0056373128355717318 -0.0075795897500977576 0.0016803970908466823 -0.00011525336410647119 0.0089765467543880019 -0.0053263851605495904 0.011188575214025007 -0.017508020825141524 -0.001054194928922137 0.0089409049726017469 0.00661652339565572 -0.0043170028860071786 -0.0081913284455454038 0.02640527550839792 -0.00061884988501563259 -0.0077962181130545359 0.0029621246264882263 0.021521640322147002 0.0074514930040573335
leaf_weight=3233.2905139774084 541.14877489209175 33.756450369954109 103.20028510689735 31877.168967343867 386.44828875362873 1236.0111750215292 197.1607543900609 450.34982776641846 3706.3158402070403 23.226406380534172 73.249988287687302 110.49123127758503 934.85594406723976 48.656842052936554 1262.5881844684482 1359.9157307893038 1104.4489012360573 94.968872502446175 229.52486378699541 78.051227658987045 303.37401187419891 2614.7589379623532 786.16171808540821 113.44613534212112 144.70512373745441 65.316098153591156 456.27870470285416 1877.8699294626713 142.38608111441135 102.67026107013226
leaf_count=10000 1522 127 381 91364 1066 4400 498 1822 11326 69 276 292 2820 133 3934 3536 3419 244 1077 215 822 6779 2257 336 313 178 1339 4990 328 259
internal_value=0.00110018 0.000834623 -0.00363094 0.000994784 -0.000710676 -0.00467212 0.000480616 -0.00850355 5.78507e-05 0.00143504 0.00936459 -0.00829055 -0.00212771 -0.01805 0.00153457 0.00459984 0.00129062 -0.00462389 -0.0143892 0.00292439 0.00623749 0.00346736 -0.000511496 0.00836466 0.0168087 0.00433389 0.00198292 0.000855364 0.0145751 -0.00608353
internal_weight=53691.8 46871.7 1621.48 45250.2 9282.83 2146.06 7136.77 1686.36 6939.61 35967.4 459.698 363.243 1469.63 151.857 35604.1 2622.5 32981.6 1132.5 252.751 6820.12 337.13 6278.97 1122.36 336.202 222.756 5156.61 2541.85 2334.15 207.702 1037.53
internal_count=156122 137865 4786 133079 29388 7564 21824 6222 21326 103691 1342 1438 4272 514 102253 7470 94783 3323 1146 18257 949 16735 3121 864 528 13614 6835 6329 506 3079
is_linear=0
shrinkage=0.03


Tree=107
num_leaves=31
num_cat=0
split_feature=3 13 1 3 9 37 37 38 38 38 1 21 38 38 0 37 38 11 34 13 4 38 24 22 3 13 9 20 4 11
split_gain=28.9252 30.5686 28.7721 48.5248 60.3322 71.8381 49.7107 533.719 484.431 40.1628 34.0976 20.3204 18.3623 50.1563 16.4588 16.8234 14.9883 20.875 20.1506 22.7428 15.7469 14.4607 13.7234 14.3194 12.2604 11.8709 11.7483 10.9167 11.9338 10.9984
threshold=0.50219044089317333 6852.1987304687509 -2.0966380834579463 -0.54288989305496205 0.0034536976600065832 1.0000000180025095e-35 1.0000000180025095e-35 -0.010448761284351347 -0.0047625824809074393 0.043043255805969245 -0.59454768896102894 0.87500000000000011 -0.46407985687255854 -0.25993609428405756 0.056827731430530555 1.0000000180025095e-35 -0.15646011382341382 0.36512395739555364 1.5000000000000002 209.966911315918 17.07499980926514 -0.13348228484392163 1.5000000000000002 0.12210090830922128 -1.8088188171386717 -95.470958709716783 0.11378260701894762 1.0000000180025095e-35 39.024999618530281 0.83344167470932018
decision_type=2 2 2 2 2 2 2 2 2 2 2 2 2 2 2 2 2 2 2 2 2 2 2 2 2 2 2 2 2 2
left_child=1 2 9 4 5 -4 8 -8 -5 12 -6 21 -1 -14 15 -13 17 20 19 -19 -2 -3 26 -24 25 -11 -18 28 -23 -29
right_child=16 11 3 6 10 -7 7 -9 -10 24 -12 14 13 -15 -16 -17 22 18 -20 -21 -22 27 23 -25 -26 -27 -28 29 -30 -31
leaf_value=0.020424470410931442 0.0010170845755291156 -0.032510956914467364 0.002032851668189662 0.0070779364552964819 -0.004630599836770324 0.011636788800197634 -0.0064579640128427755 0.003081213587144476 -0.0016494796992766849 0.01387505151739137 0.0046826902782455557 -0.012421314143426704 -0.048106402490598298 -0.0017932201625125062 -0.0088186557947594283 0.020213225398521429 -0.034361841067091066 0.0042313588842149289 0.016898755432055296 -0.047653344877374652 -0.052790024485608607 -0.016139729519775006 0.01565105931920617 -0.01108857812120055 -0.033086838913081798 -0.025673212880319131 0.013546428071768155 -0.0081578345226197037 0.012892738864069329 0.031361184439927532
leaf_weight=29.904043823480606 9.1404393613338488 31.008919209241867 1383.3522039800882 9799.4616723135114 824.96718806028366 1422.9449535012245 7739.5049763321877 16597.27528514713 13760.030363015831 11.910498276352884 617.79085806012154 18.733695760369301 20.704854965209961 706.78697893023491 75.327988028526306 50.567442998290062 33.057044722139835 25.086602255702019 63.556538820266724 9.7724098116159421 9.1932059079408628 132.66473269462585 19.011304438114166 183.55992050468922 51.804537728428841 13.529072299599646 4.6843961775302878 14.77228866517544 13.228499680757521 9.6220552027225477
leaf_count=88 24 117 3772 26561 2490 3598 24686 47687 41021 31 1641 58 88 2018 227 122 167 71 148 38 38 429 55 600 186 47 11 46 35 22
internal_value=0.00106734 0.00112443 0.00118258 0.00127111 0.00434352 0.00690605 0.000998396 4.73309e-05 0.00198067 -0.00433939 -0.000640078 -0.00775077 -0.00221805 -0.00317967 0.000811072 0.0112975 -0.00742997 0.00136035 0.0069201 -0.0111537 -0.0271437 -0.0138908 -0.0117009 -0.00849977 -0.0248071 -0.00721926 -0.0281419 -0.0103126 -0.013417 0.00793297
internal_weight=53683 53325.9 52980 52145.3 4249.06 2806.3 47896.3 24336.8 23559.5 834.64 1442.76 345.926 757.396 727.492 144.629 69.3011 357.062 116.749 98.4156 34.859 18.3336 201.296 240.313 202.571 77.2441 25.4396 37.7414 170.288 145.893 24.3943
internal_count=156122 154970 153914 151456 11501 7370 139955 72373 67582 2458 4131 1056 2194 2106 407 180 1152 319 257 109 62 649 833 655 264 78 178 532 464 68
is_linear=0
shrinkage=0.03


Tree=108
num_leaves=31
num_cat=0
split_feature=32 3 11 18 38 37 10 7 39 38 38 38 7 18 0 13 7 38 3 22 34 3 4 34 39 22 4 4 7 25
split_gain=27.8486 31.4802 27.8646 31.0877 34.2503 211.041 78.4157 75.6215 72.4711 214.428 70.1305 33.4397 22.8199 27.9299 26.9055 21.4748 18.3025 26.6166 23.6277 16.9482 34.6919 21.3044 15.9107 15.3535 14.9409 14.8833 16.8172 14.6819 14.6754 14.2123
threshold=36.000000000000007 -0.56221109628677357 0.12383136898279191 -10433.292968749998 -0.21000730246305463 1.0000000180025095e-35 0.19897893071174624 0.012294857297092678 2.0029824972152714 -0.0090529145672917349 0.22119005024433139 -0.30205127596855158 0.0083142193034291285 -21597.621093749996 -0.96524667739868153 -6002.4047851562491 0.018106864765286449 -0.041742460802197449 0.050848534330725677 0.22617430239915851 5.0000000000000009 0.50219044089317333 6.9249999523162851 1.5000000000000002 1.7888725996017458 0.71461024880409252 11.325000286102297 17.274999618530277 0.032822929322719581 0.41212302446365362
decision_type=2 2 2 2 2 2 2 2 2 2 2 2 2 2 2 2 2 2 2 2 2 2 2 2 2 2 2 2 2 2
left_child=2 -2 12 11 5 7 -7 -5 10 -10 -6 23 22 14 -14 -16 -3 -18 28 21 -21 -15 -1 -4 -24 27 -27 -13 -19 -20
right_child=1 16 3 4 8 6 -8 -9 9 -11 -12 25 13 19 15 -17 17 18 29 20 -22 -23 24 -25 -26 26 -28 -29 -30 -31
leaf_value=0.00024431241774927577 0.023580693548081951 0.0071022448068261881 -0.0050946177921933414 0.019108478411462352 0.00067182893516025736 -0.013476409640280093 0.003855955484817433 0.0051380427751281108 0.0038207848194929026 -0.0092819214975361705 0.0067591633333636868 -0.0022485310211147083 -0.0316513341826892 0.0021384688523220425 0.013209145033829195 -0.003638771846313556 -0.024116254563711928 -0.00094982682683930045 -0.01887146744869693 0.0053395363777622076 -0.011634986653477541 -0.034263377401563898 -0.023377503023534314 -0.038302685457021077 -0.0029712419559269382 -0.0036100215101800455 0.02101147700635516 -0.011576812692028359 0.020213485654578287 0.026964721461457841
leaf_weight=1843.9262464791536 84.567030504345894 605.67202904820442 19.6593416929245 655.50397433340549 33181.337234564126 581.57540886104107 392.70623421669006 747.61080513894558 2140.2174661457539 2365.1697347760201 1794.6886527389288 573.80807319283485 26.953474089503288 3175.8758211731911 76.658404961228371 549.97366741299629 42.260341927409172 57.018101245164871 50.445323631167412 4034.8935841172934 110.33133229613304 13.530072137713431 48.999395459890366 36.540908932685852 93.355550110340118 54.287008717656136 44.589726224541664 206.44867488741875 59.324891045689583 5.9674329757690421
leaf_count=4986 188 1532 64 1644 97763 1989 1153 1927 6739 8598 4785 1635 114 8354 209 1618 136 152 158 10311 335 47 157 181 261 162 114 666 132 12
internal_value=0.00103539 0.00625043 0.000945753 0.000612805 0.000733783 0.00423028 -0.00649034 0.0116758 0.000523062 -0.00305754 0.000984452 -0.00479307 0.00237371 0.00308922 -0.00284735 -0.00155516 0.00443447 -0.0030645 0.00217717 0.00361895 0.00488431 0.00197241 -0.000502433 -0.0270308 -0.0101302 -0.00333898 0.00756252 -0.00473221 0.00989637 -0.0135854
internal_weight=53673.9 905.255 52768.6 42794.1 41858.8 2377.4 974.282 1403.11 39481.4 4505.39 34976 935.334 9974.5 7988.22 653.586 626.632 820.688 215.016 172.756 7334.63 4145.22 3189.41 1986.28 56.2003 142.355 879.133 98.8767 780.257 116.343 56.4128
internal_count=156122 2310 153812 127420 124598 6713 3142 3571 117885 15337 102548 2822 26392 20988 1941 1827 2122 590 454 19047 10646 8401 5404 245 418 2577 276 2301 284 170
is_linear=0
shrinkage=0.03


Tree=109
num_leaves=31
num_cat=0
split_feature=18 11 14 13 38 37 37 38 38 4 7 34 25 7 18 18 7 1 3 18 4 0 10 38 2 38 37 20 3 34
split_gain=27.465 34.7315 30.2992 45.9504 70.8324 228.02 78.3976 407.998 383.958 71.7862 62.8087 56.207 78.4637 37.6109 29.4526 32.6786 28.7114 30.503 27.9819 26.0199 24.1422 23.4075 21.933 20.9014 20.7262 35.1967 45.3981 29.8697 27.6344 26.9192
threshold=12210.582519531252 0.76283863186836254 1.0000000180025095e-35 -37.122047424316399 0.25897155702114111 1.0000000180025095e-35 1.0000000180025095e-35 -0.0047625824809074393 -0.010448761284351347 1.3249999880790713 0.0049384611193090686 5.0000000000000009 0.045057814568281181 0.055130440741777427 180.22222137451175 -2731.875854492187 0.038076454773545272 0.23815064877271655 0.11034229770302774 -3966.052368164062 64.52500152587892 -0.053298875689506524 0.51093295216560375 0.19434894621372226 0.067968312650918974 -0.12834093719720838 1.0000000180025095e-35 -1.0000000180025095e-35 -0.015641820617020127 1.0000000180025095e-35
decision_type=2 2 2 2 2 2 2 2 2 2 2 2 2 2 2 2 2 2 2 2 2 2 2 2 2 2 2 2 2 2
left_child=2 -2 3 11 6 9 7 -5 -8 -6 -7 14 13 -13 15 -1 -3 20 -16 21 22 -4 -18 -14 25 -21 -27 28 -26 -29
right_child=1 16 19 4 5 10 8 -9 -10 -11 -12 12 23 -15 18 -17 17 -19 -20 24 -22 -23 -24 -25 27 26 -28 29 -30 -31
leaf_value=0.00080082742740568392 -0.010328684188005272 0.0037730813602231592 -0.010141919380907275 0.0070329494175466311 -0.027420573060663426 0.02739136673403313 -0.0087522032388441216 -0.0028582458143206592 0.0015838521546034166 0.00095852228120676085 0.0098200500391061925 0.014512080245377753 -0.016877881056347119 -0.019086796943432429 -0.0011065544642460845 0.0047671849761938062 -0.0088728114105539047 0.018179240749856454 0.0047954042583319371 -0.0068423163828127851 0.027776434249937806 0.0021187184937734951 0.0035721525244716014 0.015038873509824262 0.015345868606884017 -0.00011581080540507045 0.0071351881401199658 -0.0079135678916624347 0.0055149329895397949 0.0044563843826377989
leaf_weight=2611.9983595460653 399.88404719531536 762.35008379817009 241.21895073354244 6698.4963314831257 164.2364028096199 291.50642310082912 4639.654772773385 8533.0011400133371 10673.671228460968 155.40602797269821 496.96235008537769 160.34946323931217 345.24120710790157 35.854832500219345 2704.7442991733551 6596.789579808712 640.44591218233109 50.544011786580086 985.46475902199745 351.20497120916843 18.038940459489822 331.21173398196697 158.08442108333111 18.659403443336487 434.02670139074326 1719.6492985337973 1415.589277908206 181.10635444521904 638.24044832587242 1208.3415146768093
leaf_count=7152 1259 2049 723 18642 729 678 15821 26788 32342 423 1230 384 1174 135 7471 17231 1981 120 2554 1029 44 889 465 47 1025 4717 3683 524 1676 3137
internal_value=0.0010045 -0.00241767 0.00113911 0.00086268 0.000238211 0.00768562 -3.21126e-05 0.00149168 -0.00154795 -0.0136537 0.0163466 0.00233095 -0.0069632 0.00829128 0.00273526 0.00364269 -0.000469258 -0.00420255 0.000469614 0.00305066 -0.00561215 -0.00305129 -0.00640395 -0.0151964 0.00363881 0.00214841 0.00315836 0.00574667 0.00950763 0.00283734
internal_weight=53662 2029.35 51632.6 45112 31652.9 1108.11 30544.8 15231.5 15313.3 319.642 788.469 13459.1 560.105 196.204 12899 9208.79 1629.46 867.113 3690.21 6520.59 816.569 572.431 798.53 363.901 5948.16 3486.44 3135.24 2461.72 1072.27 1389.45
internal_count=156122 5918 150204 132801 96653 3060 93593 45430 48163 1152 1908 36148 1740 519 34408 24383 4659 2610 10025 17403 2490 1612 2446 1221 15791 9429 8400 6362 2701 3661
is_linear=0
shrinkage=0.03


Tree=110
num_leaves=31
num_cat=0
split_feature=3 13 25 32 22 3 34 3 3 3 1 22 0 25 25 22 25 38 0 22 1 10 4 25 0 37 39 14 0 22
split_gain=27.6665 28.0475 26.9957 27.781 28.3641 54.7838 35.4862 26.1492 25.158 50.9581 46.9333 38.8231 35.3094 23.0027 27.3859 24.4118 26.7274 17.7827 17.3035 26.6257 17.1568 17.0701 25.1879 16.9287 16.8746 16.836 16.8251 13.4797 15.7015 13.1639
threshold=0.50219044089317333 6852.1987304687509 0.0066336917225271472 36.000000000000007 0.69124034047126781 -0.54288989305496205 5.0000000000000009 -0.56221109628677357 0.28459081053733831 0.048803051933646209 -0.07444364950060843 0.042702540755271919 0.045222543179988868 0.18320684880018237 0.21237712353467944 0.17850334197282794 0.23051296919584277 -0.17337249219417569 0.056827731430530555 0.20849024504423144 0.38577878475189215 0.1589094549417496 37.074998855590827 0.18765258044004443 0.67382130026817333 1.0000000180025095e-35 1.1070075631141665 -1.0000000180025095e-35 1.0000000180025095e-35 0.25912231206893926
decision_type=2 2 2 2 2 2 2 2 2 2 2 2 2 2 2 2 2 2 2 2 2 2 2 2 2 2 2 2 2 2
left_child=1 2 8 4 5 -4 -6 -5 9 12 24 -11 -1 27 20 -16 -17 -18 19 -3 -15 29 23 -23 -10 -9 -12 -2 -29 -20
right_child=13 18 3 7 6 -7 -8 25 10 11 26 -13 -14 14 15 16 17 -19 21 -21 -22 22 -24 -25 -26 -27 -28 28 -30 -31
leaf_value=-0.0015143504556071913 -0.0389970624067799 0.02046174857606041 0.0056778987061145841 0.022789210720108172 -0.00087167095383991456 0.0011333009042750251 -0.017643690483578264 0.0093798839027039865 0.0062489182004899294 -0.036466239945277187 0.00081180004114007399 -0.0069995027445702756 0.0074973058677572004 0.0065251426316656593 -0.027152879799731803 -0.04620887690377936 0.018544337985164295 -0.0045645559303707809 -0.011974341490600594 -0.0083510980131535524 0.049148792865352481 -0.017687260483512348 0.034127366130199149 0.0057027873552596827 0.025740881372174441 0.00033475611752852019 -0.020813124664283922 0.023883129844095422 -0.01570480966180731 -0.036599070830056077
leaf_weight=2522.2963967546821 20.093804985284805 42.357380002737045 2530.5930876284838 81.479338422417641 3271.403058603406 42032.450973778963 116.65756650269032 377.73579421639442 68.627346366643906 41.566247761249542 149.61743603646755 786.49697282165289 462.12350967526436 24.23882257938385 37.539067253470421 9.5028651952743513 45.101876765489578 84.512687683105469 44.786176696419716 85.291116431355476 12.585731729865072 84.061109304428101 11.789265647530554 40.568228840827942 99.249841243028641 363.98428313434124 40.220438227057457 8.8488325327634794 113.71530874818563 36.644562497735023
leaf_count=8536 75 101 6741 183 9324 121530 416 933 196 312 456 2680 1291 63 151 39 104 275 137 271 24 273 26 113 214 971 131 20 401 135
internal_value=0.000974686 0.00103049 0.0010862 0.00128431 0.00119034 0.00139156 -0.00145509 0.00674633 -0.00122994 -0.00194476 0.00636427 -0.00852446 -0.000115889 -0.00734649 -0.00108057 -0.00602382 -0.000147906 0.00353407 -0.0074761 0.00127123 0.0220864 -0.0125977 -0.0060034 -0.0100649 0.0178746 0.00495163 -0.00383915 -0.0166295 -0.0126522 -0.0234017
internal_weight=53646.1 53290 52944.5 48774.3 47951.1 44563 3388.06 823.199 4170.2 3812.48 357.715 828.063 2984.42 356.139 213.481 176.656 139.117 129.615 345.498 127.648 36.8246 217.849 136.419 124.629 167.877 741.72 189.838 142.658 122.564 81.4307
internal_count=156122 154970 153914 140098 138011 128271 9740 2087 13816 12819 997 2992 9827 1152 656 569 418 379 1056 372 87 684 412 386 410 1904 587 496 421 272
is_linear=0
shrinkage=0.03


Tree=111
num_leaves=31
num_cat=0
split_feature=21 21 3 3 38 22 13 13 38 37 7 39 1 38 37 0 34 1 13 24 0 3 3 0 22 38 37 39 0 39
split_gain=26.7399 80.3134 64.1293 81.5492 67.4078 65.1793 63.4267 60.0315 62.483 98.8136 57.6633 55.8788 92.5362 54.5143 54.4297 47.8759 61.177 83.9986 55.6815 44.5172 62.8172 44.3439 41.6799 41.1982 38.7918 59.5338 42.0509 60.8839 38.4175 38.8629
threshold=1.0000000180025095e-35 0.67499998211860668 -0.02519365772604942 0.023858382366597656 0.044121520593762405 0.14441259205341342 171.15384674072268 -56.402889251708977 -0.10537589341402052 1.0000000180025095e-35 0.0010633981437422337 -1.6091020107269285 -0.015589792747050522 0.13416475057601931 1.0000000180025095e-35 -0.37554858624935145 5.0000000000000009 -1.6806861758232114 3.4618271589279179 2.5000000000000004 -0.033307468518614762 -0.2749777883291244 -0.2985838502645492 0.2220350727438927 0.47543820738792425 -0.11653684079647063 1.0000000180025095e-35 -1.7889418601989744 -0.15327625721693036 -3.3473138809204097
decision_type=2 2 2 2 2 2 2 2 2 2 2 2 2 2 2 2 2 2 2 2 2 2 2 2 2 2 2 2 2 2
left_child=7 24 4 6 19 -6 -4 -1 9 10 -9 13 -13 -5 -7 16 17 -10 22 20 -3 -18 -17 -20 28 -26 27 -27 -2 -30
right_child=1 2 3 11 5 14 -8 8 15 -11 -12 12 -14 -15 -16 18 21 -19 23 -21 -22 -23 -24 -25 25 26 -28 -29 29 -31
leaf_value=0.0039103147623756451 0.0076533504505049239 0.0023591997714766614 -0.0068667654503392324 -0.0090931755918778941 0.01218548706087502 -0.002775275702868606 0.0051316771591689387 0.01708845538906208 -0.006774587749399149 -0.0068812231264670258 0.0017752363628031906 0.0030048555848576682 -0.0042540837804816165 0.0067515960697667656 0.0054645716289767159 0.0072016888008481798 -0.027655597031809323 0.008511590788272733 -0.0032762158943793916 0.0016065962981748111 -0.0063446149856781217 0.041983120222358741 -0.006628258643493287 0.0039440744744743475 -0.01653748330034514 -0.049323260690926927 0.0052368562457477076 -0.003349744959525077 -0.0066520965024578077 0.0034584645749050047
leaf_weight=2437.3134429976344 2003.5022168830037 1305.3738265484571 2857.3714316636324 943.18289129436016 877.30959871411324 1022.585443675518 459.34699161350727 503.52160631865263 467.38723067939281 446.76006197929382 395.55953532457352 6143.7320606559515 2126.6939857304096 245.42474377155304 2442.2852410897613 206.58502174913883 85.025927796959877 1044.7563427239656 1759.0148251354694 8630.1411435008049 1739.0012558698654 8.1798965334892255 3549.5466946363449 1192.4435203224421 198.40330694615841 26.597379937767982 805.2650458663702 436.67155882716179 354.69843307882547 8927.0174214690924
leaf_count=6524 5330 3700 9951 2927 2313 2964 1205 1386 1394 1558 1043 17090 6570 652 6505 607 284 2841 5115 23860 5460 20 13376 3282 653 103 2164 1254 1096 24895
internal_value=0.000945506 0.00130694 0.000428948 -0.00115613 0.00169347 0.0048843 -0.0052031 -0.000295608 -0.00135754 0.00463629 0.010364 0.000262978 0.00113761 -0.00581609 0.00303179 -0.00232873 0.0023228 0.00378346 -0.00344262 0.000506112 -0.00261204 -0.0211314 -0.00586511 -0.000357722 0.00328888 -0.00129816 0.00109411 -0.00609621 0.00388547 0.00307109
internal_weight=53640.7 41544.6 28792.4 12775.8 16016.7 4342.18 3316.72 12096.1 9658.78 1345.84 899.081 9459.03 8270.43 1188.61 3464.87 8312.94 1605.35 1512.14 6707.59 11674.5 3044.38 93.2058 3756.13 2951.46 12752.2 1466.94 1268.53 463.269 11285.2 9281.72
internal_count=156122 118692 83197 38395 44802 11782 11156 37430 30906 3987 2429 27239 23660 3579 9469 26919 4539 4235 22380 33020 9160 304 13983 8397 35495 4174 3521 1357 31321 25991
is_linear=0
shrinkage=0.03


Tree=112
num_leaves=31
num_cat=0
split_feature=32 39 24 2 37 5 1 39 3 38 0 37 3 3 25 25 1 18 34 25 7 34 18 1 38 38 38 2 1 38
split_gain=26.4018 39.6155 32.4064 59.7786 54.2489 43.1024 42.2677 39.4603 38.5622 33.441 29.9017 29.3651 27.0786 26.9434 26.6218 42.8175 28.0633 26.1697 27.5618 26.1156 29.6805 46.5638 38.4045 26.0992 25.7893 25.014 24.8057 22.5287 22.0005 36.8827
threshold=14.500000000000002 4.6300053596496591 2.5000000000000004 -0.39641630649566645 1.0000000180025095e-35 0.82500001788139354 -1.2905101776123045 -4.3183376789093009 -0.16562308371067044 0.053693344816565521 -0.02330778073519468 1.0000000180025095e-35 -0.15450781583786008 0.29302789270877844 0.034840974956750877 0.06172554753720761 0.35020874440670019 389.65116882324224 3.5000000000000004 0.5919993817806245 0.053818043321371085 5.0000000000000009 -7199.4863281249991 -0.53762453794479359 0.46719513833522802 -0.38044130802154535 -0.33175294101238245 0.12173714861273767 0.036827724426984794 0.043043255805969245
decision_type=2 2 2 2 2 2 2 2 2 2 2 2 2 2 2 2 2 2 2 2 2 2 2 2 2 2 2 2 2 2
left_child=1 2 3 4 12 10 8 25 9 -4 -5 -9 -1 17 16 -16 -15 19 24 20 22 -22 -2 -6 27 -8 -3 -19 29 -17
right_child=13 26 6 5 23 -7 7 11 -10 -11 -12 -13 -14 14 15 28 -18 18 -20 -21 21 -23 -24 -25 -26 -27 -28 -29 -30 -31
leaf_value=-0.0073396220784412609 -0.008469798415644705 0.00848720625393155 -0.0011399902708729231 1.3925596466168171e-05 0.016521627680367544 0.0011167841368236568 -0.01582124280412114 0.0022916930405834923 -0.031839030392257273 -0.015371372666262664 -0.0037903472714189475 0.00047624562526418567 0.039969179283286541 -0.033366115028287874 0.025460334393103006 -0.032338416092920444 0.020588065597187198 -0.0025966590439929424 -0.01118853916457346 0.01951836500916421 0.021186961047242839 -0.025095559675788259 0.0044243809247735549 -0.038813373088879596 -0.047613266034653802 0.010963070860685306 -0.017622055368768454 0.0077899081114060588 -9.1146410796143993e-05 0.0071892134792527138
leaf_weight=172.10846896469593 220.50709234178066 40.050448358058929 1106.0578224807978 3048.6557919606566 379.13099411129951 5753.0333137363195 32.421075820922852 15146.582098722458 42.366011336445808 170.82505834102631 4759.8810729086399 17050.913957566023 10.616220653057097 45.983378127217293 45.166570320725441 56.847390383481979 9.8528738319873792 401.46855537593365 187.14355839788914 102.69420354068279 166.74751242995262 21.23965123295784 3367.5279713124037 6.8786797225475302 8.4489829242229444 525.10317660868168 163.87120043486357 351.33541144430637 201.7505578994751 32.914465397596359
leaf_count=519 632 111 3176 10356 952 15525 109 42007 153 544 17874 48965 32 175 105 205 27 1093 553 238 376 92 8684 33 32 1344 652 879 591 88
internal_value=0.000917335 0.000698643 0.000754641 -0.000453078 0.0090662 -0.00085315 0.00125556 0.00146771 -0.00400679 -0.00305679 -0.00230486 0.00133042 -0.00437208 0.00294445 -0.00460249 -0.00138279 -0.0235978 0.00355958 -0.000904113 0.00465174 0.00424156 0.0158368 0.00362898 0.0154301 0.0016316 0.0093746 -0.0124631 0.0022507 -0.00562491 -0.0178916
internal_weight=53628.1 48408.5 48204.6 14130.3 568.734 13561.6 34074.3 32755 1319.25 1276.88 7808.54 32197.5 182.725 5219.63 392.515 336.679 55.8363 4827.11 948.397 3878.72 3776.02 187.987 3588.04 386.01 761.253 557.524 203.922 752.804 291.512 89.7619
internal_count=156122 142352 141589 45291 1536 43755 96298 92425 3873 3720 28230 90972 551 13770 1191 989 202 12579 2557 10022 9784 468 9316 985 2004 1453 763 1972 884 293
is_linear=0
shrinkage=0.03


Tree=113
num_leaves=31
num_cat=0
split_feature=3 13 3 38 34 25 39 38 38 3 7 38 39 22 9 12 25 25 22 25 21 2 12 38 38 22 25 38 14 0
split_gain=26.12 26.6469 25.8739 77.8133 73.0368 54.0192 50.8936 157.016 117.229 101.469 96.1343 74.3831 72.6912 47.1393 46.2029 28.014 21.4614 25.828 23.0965 25.3825 18.5958 20.5672 22.7844 16.7089 16.4004 16.3975 14.6835 13.4936 12.6538 14.801
threshold=0.50219044089317333 6852.1987304687509 0.19774176180362704 0.33548377454280859 3.5000000000000004 0.39462022483348852 0.84791091084480297 -0.083034612238407121 0.22119005024433139 -0.29293109476566309 0.00079964031465351592 -0.25075136125087732 1.9352660775184634 0.083503041416406645 0.41885803639888769 -0.69867405295371998 0.18320684880018237 0.21237712353467944 0.17850334197282794 0.23051296919584277 0.87500000000000011 0.15321649610996249 0.66239246726036083 -0.17337249219417569 0.41852222383022314 0.14964646100997928 0.13654383271932605 -0.13348228484392163 -1.0000000180025095e-35 1.0000000180025095e-35
decision_type=2 2 2 2 2 2 2 2 2 2 2 2 2 2 2 2 2 2 2 2 2 2 2 2 2 2 2 2 2 2
left_child=1 2 6 4 13 -6 8 12 11 -9 -10 -1 -8 -4 15 -5 28 25 -19 -20 27 22 -22 -21 -16 -18 -23 -3 -2 -30
right_child=16 20 3 14 5 -7 7 9 10 -11 -12 -13 -14 -15 24 -17 17 18 19 23 21 26 -24 -25 -26 -27 -28 -29 29 -31
leaf_value=-0.0064303706083026057 -0.037841887829805042 -0.03129804218946837 -0.0082114685376012912 -0.0041936691876059548 0.010018345319786735 -0.037963866024511815 -0.0010117394749056068 0.0098787197982568315 0.02112006412977881 -0.0044666040137083963 0.0047637983366738837 0.0011165427715785878 0.00983075219254919 0.0023823403411270764 -0.017254893922007238 -0.027903018299444006 0.043985434302881751 -0.026554271891074722 -0.045195194379835185 0.017937153596791822 0.022722765408693783 -0.020253515357048658 -0.022434429304191178 -0.0044924817131234271 0.026325426424595472 0.0037589881148780697 0.0047704330220700274 -0.0097845976000141346 0.023154793387194776 -0.015283346896869271
leaf_weight=1218.4555373638868 20.105343133211136 30.761270627379417 401.75570107251406 68.291770771145821 1376.2103843837976 20.459388181567192 924.42822317779064 475.02103915810585 430.77839107066393 6539.2263847365975 1295.4112932682037 32459.924744874239 1394.8027465566993 6138.2168313786387 9.577203229069708 133.82703022658825 15.37471768260002 37.381153143942356 9.4706339091062528 44.931906595826149 49.772582113742828 45.016102716326714 11.622066453099249 84.448943719267845 29.37930229306221 21.465667873620987 38.114899680018425 170.0096773058176 8.848210394382475 113.46206893771887
leaf_count=3873 75 117 1578 193 3505 72 2808 1234 1053 21967 3387 92668 3956 17002 31 522 30 151 39 104 115 148 39 275 65 57 105 532 20 401
internal_value=0.000889946 0.000944151 0.000998466 0.00255012 0.00306113 0.00928666 0.000714719 -0.00125573 0.00123428 -0.00349341 0.00885718 0.00084323 0.00550915 0.00172994 -0.014204 -0.019967 -0.00720274 -0.00114306 -0.00595486 -0.000237484 -0.00734975 0.000839246 0.0139038 0.00335179 0.0153727 0.0213448 -0.00882425 -0.0132344 -0.0161767 -0.0123131
internal_weight=53616.6 53261.1 52915.8 8177.72 7936.64 1396.67 44738 9333.48 35404.6 7014.25 1726.19 33678.4 2319.23 6539.97 241.075 202.119 355.489 213.073 176.233 138.851 345.297 144.526 61.3946 129.381 38.9565 36.8404 83.131 200.771 142.416 122.31
internal_count=156122 154970 153914 22968 22157 3577 130946 29965 100981 23201 4440 96541 6764 18580 811 715 1152 656 569 418 1056 407 154 379 96 87 253 649 496 421
is_linear=0
shrinkage=0.03


Tree=114
num_leaves=31
num_cat=0
split_feature=18 11 21 21 3 3 13 38 39 13 38 22 24 13 2 18 3 3 2 1 39 34 39 3 34 24 21 38 38 10
split_gain=26.2194 32.5792 31.8117 64.9547 67.694 77.0162 68.0312 61.95 58.3124 57.4517 60.9069 53.9422 42.5608 37.3535 51.2175 35.5653 34.1783 35.28 33.2602 46.2686 42.264 29.3425 28.3284 32.9401 30.1397 28.1443 26.7507 40.9078 27.9422 24.5792
threshold=12210.582519531252 0.76283863186836254 1.0000000180025095e-35 0.67499998211860668 -0.02519365772604942 0.023858382366597656 171.15384674072268 0.044121520593762405 -1.6091020107269285 -56.402889251708977 -0.21000730246305463 0.14441259205341342 2.5000000000000004 3.4618271589279179 0.46279035508632665 -3184.7004394531245 -0.048494335263967507 0.37571817636489874 -0.096248019486665712 -0.316922977566719 -2.7685331106185909 5.0000000000000009 -3.1289612054824825 -2.0780316591262813 1.5000000000000002 1.5000000000000002 0.57500001788139354 0.15216305851936343 -0.072793222963809953 0.25586906075477606
decision_type=2 2 2 2 2 2 2 2 2 2 2 2 2 2 2 2 2 2 2 2 2 2 2 2 2 2 2 2 2 2
left_child=2 -2 9 15 7 6 -6 12 -7 22 16 -9 -5 14 -12 21 -11 -18 19 -17 -20 -4 -1 -24 -25 -15 27 29 -28 -3
right_child=1 26 3 4 5 8 -8 11 -10 10 13 -13 -14 25 -16 18 17 -19 20 -21 -22 -23 23 24 -26 -27 28 -29 -30 -31
leaf_value=-0.0057245348877016204 -0.010147265672991334 0.001377509381672998 -0.00025805084558084505 -0.0023161292120537878 -0.0066956708730419963 -0.0059367864769217663 0.006386526910434993 0.011751002247452579 0.0012899323836612754 -0.0050674243391333352 -0.0026745749450612865 0.0032977053717625267 0.0018734609561417016 0.0060076245224306374 -0.012800097727512599 0.0058410661354059042 0.020354863828425475 6.8811852848868989e-05 -0.0027265594754405241 0.022059795663965973 0.0038811804503390457 -0.018042273585381428 -0.01275515420641516 0.0097064004745472214 0.0023209515685400509 -0.00088644619022475526 -0.011761267949830722 -0.015174725779060275 -0.00056953707851120855 0.015161130222655497
leaf_weight=247.85427984595299 399.51336294412613 236.48479714989662 1188.6488787233829 2956.3442379683256 2826.7721856161952 1152.4703269302845 408.53831341862679 862.584800735116 7798.278707690537 113.93537029623985 4481.4918430373073 3201.7283288985491 8322.2590229213238 629.91933614015579 499.15312067419291 860.19539926946163 237.29971262067556 114.5506484657526 964.33724223077297 193.70769208669662 8909.1246990934014 88.840985879302025 89.174295663833618 935.50185516476631 1065.119182728231 3429.988697424531 265.26772956550121 77.765217080712318 819.36042359471321 229.7950846850872
leaf_count=758 1259 655 3272 8894 9870 3477 1055 2278 22312 374 15739 8718 22908 1735 2029 2305 609 325 2827 463 24750 328 268 2345 2864 9701 830 255 2324 595
internal_value=0.000863339 -0.00248128 0.000994962 0.00140174 0.000593923 -0.00107513 -0.00504133 0.00191974 0.000358548 -0.000369442 -0.00140583 0.00509497 0.000774913 -0.00195153 -0.00369231 0.0032234 0.0091607 0.0137778 0.00377717 0.008843 0.00323529 -0.00151032 0.00384269 0.00498102 0.00577905 0.000183688 -0.000593898 0.00482714 -0.00331778 0.00819477
internal_weight=53606 2028.19 51577.8 39733.8 27529 12186.1 3235.31 15342.9 8950.75 11844 9506.34 4064.31 11278.6 9040.55 4980.64 12204.9 465.786 351.85 10927.4 1053.9 9873.46 1277.49 2337.65 2089.8 2000.62 4059.91 1628.67 544.045 1084.63 466.28
internal_count=156122 5918 150204 113457 79512 36714 10925 42798 25789 36747 30512 10996 31802 29204 17768 33945 1308 934 30345 2768 27577 3600 6235 5477 5209 11436 4659 1505 3154 1250
is_linear=0
shrinkage=0.03


Tree=115
num_leaves=31
num_cat=0
split_feature=38 39 37 38 7 38 4 3 37 4 38 2 1 38 3 39 3 38 2 38 3 1 38 1 2 7 38 25 25 13
split_gain=26.2416 198.151 174.223 374.208 229.723 195.141 222.028 132.721 93.9216 178.276 167.89 118.169 83.5821 79.8691 78.6876 75.1612 78.9649 74.917 61.8244 60.6842 57.3456 55.059 57.5876 54.4355 66.1192 53.8845 58.0365 56.4773 63.5282 47.2451
threshold=1.0000000180025095e-35 2.0029824972152714 1.0000000180025095e-35 -1.0000000180025095e-35 0.0015935409464873376 -0.041742460802197449 1.0000000180025095e-35 -0.32560589909553522 1.0000000180025095e-35 0.075000001117587103 0.098358791321516051 0.055228583514690406 -0.018542272970080372 -0.048075893893837922 -0.14463371038436887 -0.79906469583511341 -0.088734172284603105 0.098358791321516051 0.16585285216569903 0.32185205817222601 -0.36415277421474451 -1.5289440751075742 0.25004103779792791 -0.42336371541023249 -0.025123083032667633 0.0041290442459285268 0.30104650557041174 0.049196451902389533 0.17451647669076922 760.49520874023449
decision_type=2 2 2 2 2 2 2 2 2 2 2 2 2 2 2 2 2 2 2 2 2 2 2 2 2 2 2 2 2 2
left_child=2 8 5 4 7 6 23 18 11 10 14 15 -5 -9 -10 16 -2 -13 -4 -12 -17 -11 -23 24 -1 26 27 -3 -29 -8
right_child=1 25 3 12 -6 -7 29 13 9 21 19 17 -14 -15 -16 20 -18 -19 -20 -21 -22 22 -24 -25 -26 -27 -28 28 -30 -31
leaf_value=0.0071018045430123666 -0.013783298855525625 -0.014416029405152861 -0.0019142799357192237 0.0059538930246902507 -0.00094484042844286686 0.00061503738172741837 0.0039794034050023566 -0.016430124835884505 0.011457361020220385 -0.01702209574769116 0.013506789019479871 0.005770725070419808 -0.00070475970626758945 -0.0069357895283756552 -0.00026526275727120218 0.012712297222561392 0.0018240504246529723 -0.003498227147808139 0.022873199928204021 0.031021897143775755 -0.0032404281734001363 -0.0013131555001846206 0.0069920348996772583 0.01403986698063709 -0.037485955246649799 -0.0010003627862693112 -0.030694932861328919 0.00076786818226114975 -0.017492742907820904 -0.0049604065406092419
leaf_weight=119.63146476447582 1234.1636057049036 873.71865870058537 402.31447358429432 5663.1761548668146 5586.3490485623479 9553.1372733339667 3858.740910410881 2010.0096400529146 730.93439647555351 172.70842751860619 1270.7955196723342 2210.9357860013843 2420.7528491690755 1327.6182591617107 1739.8104509115219 231.0672450363636 381.27333979308605 1215.139502979815 115.75933633744717 207.55683220922947 1605.7480392456055 4267.6739835590124 910.90656091272831 3001.7430585324764 38.803116396069527 792.73012268543243 117.22043041884899 691.56046658754349 226.84257657080889 615.95143815875053
leaf_count=352 3838 3471 1212 15375 15821 27419 10000 7684 1975 561 3509 5958 7446 4754 5732 573 1117 3504 270 452 4921 11753 2346 8220 151 2190 534 2338 906 1740
internal_value=0.000837604 -6.23598e-05 0.00132716 -0.000777405 -0.00483347 0.00347321 0.00704856 -0.010465 0.0011936 0.00315929 0.00799347 -0.0014639 0.00395973 -0.0126576 0.00320473 -0.00538066 -0.010099 0.00248233 0.00365189 0.0159872 -0.00122615 -0.000408467 0.000148207 0.0131352 -0.00396625 -0.00758121 -0.01031 -0.00895855 -0.0037533 0.00274731
internal_weight=53594.8 18880.8 34714 17526 9442.05 17188 7634.87 3855.7 16178.7 9300.39 3949.1 6878.33 8083.93 3337.63 2470.74 3452.25 1615.44 3426.08 518.074 1478.35 1836.82 5351.29 5178.58 3160.18 158.435 2702.07 1909.34 1792.12 918.403 4474.69
internal_count=156122 55678 100444 52562 29741 47882 20463 13920 46239 26328 11668 19911 22821 12438 7707 10449 4955 9462 1482 3961 5494 14660 14099 8723 503 9439 7249 6715 3244 11740
is_linear=0
shrinkage=0.03


Tree=116
num_leaves=31
num_cat=0
split_feature=32 39 13 13 13 13 2 34 8 39 22 22 0 11 22 18 7 18 1 34 34 13 34 5 38 7 38 38 38 32
split_gain=25.5755 37.3113 32.7692 55.0027 62.6331 81.1717 54.6205 53.8494 46.9982 44.6425 42.4072 35.1438 34.7036 33.5136 32.0975 24.9667 25.7084 37.6707 45.1136 30.172 26.7974 24.6346 23.1503 23.9063 27.9573 22.6071 22.2528 22.1371 20.7555 20.1972
threshold=14.500000000000002 4.6300053596496591 -40.841295242309563 14.42193651199341 -1.2792892423564917e-13 2.2844450635361224e-14 0.0072633591480553159 1.5000000000000002 0.091725882142782225 -0.65085834264755238 0.64647549390792858 1.4390209317207339 -0.15703601390123365 0.99288249015808117 0.016061432659626011 389.65116882324224 0.053818043321371085 -7199.4863281249991 -0.36670455336570734 5.0000000000000009 3.5000000000000004 98.727661132812514 3.5000000000000004 30.024999618530277 0.46719513833522802 0.16734264791011813 -0.4130291193723678 -0.3176251351833343 0.046508990228176124 34.500000000000007
decision_type=2 2 2 2 2 2 2 2 2 2 2 2 2 2 2 2 2 2 2 2 2 2 2 2 2 2 2 2 2 2
left_child=1 2 7 4 6 -6 -4 10 9 -9 12 14 -1 -10 -5 16 17 18 -2 20 -18 -13 23 24 27 -12 -3 -17 -24 -21
right_child=15 26 3 11 5 -7 -8 8 13 -11 25 21 -14 -15 -16 22 19 -19 -20 29 -22 -23 28 -25 -26 -27 -28 -29 -30 -31
leaf_value=0.012198673437611534 0.013036412374993445 0.013269666293237016 -0.0026478244995989581 0.038162074071279375 -0.0073664211824916266 -0.00090682391817124418 0.0022442614180724122 -0.0020802651851572862 -0.027485066518846687 0.0024118410868205174 -0.0029025579626456343 0.0030905831947767495 0.0044081939062405361 0.014908553211965022 0.0015279193727023113 -0.041649197084045519 0.0096754150077251796 0.0040902492224565764 -0.014988458476935715 -0.033383313965137211 0.033709866316519906 -0.012798687803956533 -0.0057217130159497014 -0.023757988053202304 -0.058208511255818413 0.033118484249324565 -0.016027753090003503 0.0031458442769612856 -0.030234730899110308 0.017576050316894784
leaf_weight=597.05347362160683 69.24212521314621 25.974599868059158 3049.7068456560373 20.561588108539581 2567.698309443891 5503.8462910875678 6284.9316466748714 3229.594168394804 85.61166512966156 5187.2631937265396 754.31249138712883 131.05225002765656 3741.882785692811 20.035814672708511 16714.548933297396 9.0527909696102125 115.98681190609932 3688.2566602677107 195.02822412550449 17.629789128899578 65.832129493355751 261.55100297927856 186.51473270356655 32.675752699375153 5.8677834123373023 15.006847649812697 176.76977504789829 776.96497085690498 36.639121741056442 10.330537706613539
leaf_count=1468 170 68 9325 40 12989 17738 18151 9173 334 13788 2164 359 9828 48 45333 34 292 9630 589 83 130 815 530 104 24 36 695 2032 122 30
internal_value=0.000812655 0.000597421 0.00065166 0.00015993 -0.00102759 -0.00296276 0.000645541 0.00189715 0.000436776 0.000687797 0.00433245 0.00136692 0.00548345 -0.0193527 0.00157539 0.00280971 0.00385164 0.00330528 -0.00761282 0.0140669 0.0185309 -0.0074928 -0.00132646 0.000993063 0.00204683 -0.00215393 -0.0122129 0.00257385 -0.00987676 -0.0144949
internal_weight=53577.4 48367.4 48164.7 34533.9 17406.2 8071.54 9334.64 13630.8 8522.5 8416.86 5108.26 17127.7 4338.94 105.647 16735.1 5210.02 4162.31 3952.53 264.27 209.779 181.819 392.603 1047.72 824.561 791.886 769.319 202.744 786.018 223.154 27.9603
internal_count=156122 142352 141589 104750 58203 30727 27476 36839 23343 22961 13496 46547 11296 382 45373 13770 10924 10389 759 535 422 1174 2846 2194 2090 2200 763 2066 652 113
is_linear=0
shrinkage=0.03


Tree=117
num_leaves=31
num_cat=0
split_feature=32 1 11 18 38 37 7 10 21 21 13 38 34 2 7 4 4 34 13 18 9 8 10 18 37 38 34 38 38 0
split_gain=24.8387 29.2603 25.0581 28.8985 33.3926 213.732 61.5823 55.3717 36.4117 75.0568 35.993 32.5826 27.6306 26.3194 26.8825 24.9997 23.3833 18.0617 30.1286 18.0386 17.4384 16.0585 15.3962 15.6323 15.2619 67.4224 75.2925 37.4602 33.3285 29.9905
threshold=36.000000000000007 -0.21026664227247235 0.12383136898279191 -2731.875854492187 -0.20379178971052167 1.0000000180025095e-35 0.012294857297092678 0.19897893071174624 1.0000000180025095e-35 0.67499998211860668 -54.075304031372063 -0.30205127596855158 1.5000000000000002 -0.3451762050390243 0.0083142193034291285 7.5250000953674325 9.9249997138977069 2.5000000000000004 6852.1987304687509 -1619.7457885742185 0.15207517147064212 0.076629694551229491 0.022577630355954174 -360.15571594238276 1.0000000180025095e-35 0.00658743316307664 1.5000000000000002 -0.044654099270701401 0.058732967823743827 0.26051557064056402
decision_type=2 2 2 2 2 2 2 2 2 2 2 2 2 2 2 2 2 2 2 2 2 2 2 2 2 2 2 2 2 2
left_child=2 16 13 11 5 6 -5 -7 10 -10 -6 12 -4 15 -15 22 -2 18 -16 -17 -18 -19 23 -1 27 -26 28 -3 -27 -29
right_child=1 24 3 4 8 7 -8 -9 9 -11 -12 -13 -14 14 17 19 20 21 -20 -21 -22 -23 -24 -25 25 26 -28 29 -30 -31
leaf_value=0.0071213278971620332 0.017300203853163006 -0.0095312933494171078 0 0.017756880183709665 0.0028267289381371931 -0.012917899595345549 0.0052990474514480884 0.0022546181573043522 0.0031616263581875884 -0.00014310340397116262 -0.002152094328632725 -0.0021328984596822747 -0.03269203179258641 -0.00077700502709342743 0.0020642044691074912 -0.024531276918618446 0.0067657972451391785 0.0052983627134908281 -0.033767996289110369 -0.00072535534062166608 -0.031480889017755247 -0.004659983074973559 -0.020710384495406159 -0.01384410345881614 0.006210165783328659 -0.04355942786408043 -0.049016348164198149 0.016967163662586 0.022560486672272617 -0.019066666626741127
leaf_weight=160.44146135449409 242.88935060799122 90.704291716217995 38.280883580446243 687.40976963192225 1578.502696543932 575.8137256577611 746.52217321097851 345.63157652318478 8960.2088476642966 19962.111803077161 7559.6381704509258 2192.7563896924257 58.267379283905029 1959.2653462439775 4326.585677832365 84.275287069380283 32.173671677708626 3140.3425790816545 20.216511622071266 43.629563316702843 14.854729384183882 151.76560309529305 27.194334477186203 38.89140710234642 212.28660003840923 7.9342378228902808 49.210094973444939 199.11549308896065 28.607924938201904 22.28916409611702
leaf_count=407 564 261 117 1725 4228 1988 1921 1025 25317 59413 25215 6204 267 5340 11411 328 82 8064 75 118 51 443 91 115 549 29 182 459 62 71
internal_value=0.000788513 0.00572786 0.000703922 0.000387881 0.000573704 0.00403945 0.0112815 -0.0072272 0.000359046 0.000880681 -0.00129152 -0.00289018 -0.0198602 0.00205953 0.0023564 -0.00595552 0.0135594 0.00316047 0.00188913 -0.0165027 -0.00565654 0.0048371 3.29688e-05 0.00296715 0.00198563 -0.0028584 -0.0251557 0.00661522 0.00734638 0.0132567
internal_weight=53557.8 900.066 52657.8 42705.1 40415.8 2355.38 1433.93 921.445 38060.5 28922.3 9138.14 2289.3 96.5483 9952.61 9598.18 354.432 289.918 7638.91 4346.8 127.905 47.0284 3292.11 226.527 199.333 610.148 298.039 85.7523 312.109 36.5422 221.405
internal_count=156122 2310 153812 127420 120832 6659 3646 3013 114173 84730 29443 6588 384 26392 25333 1059 697 19993 11486 446 133 8507 613 522 1613 822 273 791 91 530
is_linear=0
shrinkage=0.03


Tree=118
num_leaves=31
num_cat=0
split_feature=18 14 1 1 22 34 37 1 37 0 11 21 10 1 34 18 18 34 0 0 25 1 0 7 0 7 25 9 34 8
split_gain=24.9275 28.6271 33.8427 46.7045 55.3524 60.3356 40.9484 36.3332 80.9913 40.935 26.9878 25.2356 30.4234 31.0544 27.0316 24.827 24.3839 29.1798 46.654 21.8197 20.4885 20.1699 33.0181 25.984 20.9914 20.1585 19.7834 19.7508 18.8189 18.655
threshold=9159.1801757812518 1.0000000180025095e-35 0.32956103980541235 0.15263046324253085 0.053916210308671005 1.5000000000000002 1.0000000180025095e-35 -0.015589792747050522 1.0000000180025095e-35 0.19813038408756259 0.7474043369293214 0.67499998211860668 0.4653311967849732 -0.24694868177175519 5.0000000000000009 -3966.052368164062 1624.4494628906252 1.5000000000000002 0.49977520108222967 -0.053298875689506524 0.26225255429744726 -1.0210809707641599 -0.37554858624935145 0.012138100340962412 0.014207940082997085 0.024159039370715622 0.089807983487844481 0.046260219067335136 1.5000000000000002 0.0098178396001458185
decision_type=2 2 2 2 2 2 2 2 2 2 2 2 2 2 2 2 2 2 2 2 2 2 2 2 2 2 2 2 2 2
left_child=1 2 3 7 6 -6 -5 9 -9 -1 28 12 13 -12 -15 19 17 20 -19 -3 -4 26 23 -23 -24 29 -17 -28 -2 -13
right_child=10 15 16 4 5 -7 -8 8 -10 -11 11 25 -14 14 -16 21 -18 18 -20 -21 -22 22 24 -25 -26 -27 27 -29 -30 -31
leaf_value=0.0008601317100707962 0.00067102113963644623 -0.010027847104040276 0.00071683836018594804 -0.0017133030789843234 0.00055739473891797998 0.011528762323783102 -0.040820437200065555 0.0011655080334428804 -0.0043033522951192076 0.0068934735144215746 -0.010927061543306521 -0.0035761171571335854 0.012019501673410571 0.0019180913599574224 0.031123489856254696 -0.015193377000681288 0.010431660187664119 -0.025917487655844534 -3.7288617380921681e-05 0.0018174453375129985 -0.010185893666366221 0.021329337580639988 0.0018587140090349904 0.003063287722515655 0.0058487858009259102 -0.0052985530149708485 0.0056935828535750257 -0.015286890397763172 -0.01260148023801097 0.011942766516228089
leaf_weight=30358.579671479762 135.67945016920567 240.9164210408926 465.44921102374792 67.146550759673119 826.21801031380892 994.55075950920582 36.819146551191807 6152.1709943860769 4034.1679199039936 1046.2197996675968 175.09627023339272 145.17884564399719 254.12252371013165 368.46397054195404 29.967344224452972 96.584541872143745 86.659682050347328 144.61362543702126 110.49567817896605 330.72080844640732 231.25056240707636 166.61211605370045 3419.5138939768076 121.8548396974802 1820.4328885897994 1002.434629291296 177.15418113768101 51.201744079589844 324.71759808063507 132.14539594948292
leaf_count=88279 392 723 1607 258 2399 2554 256 18133 13135 2793 560 414 670 1005 63 298 219 601 411 889 875 377 9226 319 4709 2961 469 160 1037 330
internal_value=0.000764912 0.000910235 0.000640149 0.000767979 0.00533563 0.00655492 -0.0158485 0.000556404 -0.00100028 0.00106144 -0.00211829 -0.000677606 0.00340036 -0.000427721 0.00419466 0.00278229 -0.00470911 -0.00610029 -0.0147636 -0.00317831 -0.00290714 0.00336536 0.00379268 0.013661 0.00324635 -0.00331786 -0.00388508 0.000930141 -0.00869058 0.00382421
internal_weight=53547.1 50979.3 44554.3 43515.9 1924.73 1820.77 103.966 41591.1 10186.3 31404.8 2567.81 2107.41 827.65 573.528 398.431 6424.99 1038.47 951.809 255.109 571.637 696.7 5853.35 5528.41 288.467 5239.95 1279.76 324.94 228.356 460.397 277.324
internal_count=156122 148690 131520 127807 5467 4953 514 122340 31268 91072 7432 6003 2298 1628 1068 17170 3713 3494 1012 1612 2482 15558 14631 696 13935 3705 927 629 1429 744
is_linear=0
shrinkage=0.03


Tree=119
num_leaves=31
num_cat=0
split_feature=1 38 37 38 7 38 4 37 38 7 4 32 1 32 1 38 0 38 25 22 38 38 10 13 38 1 13 38 38 1
split_gain=24.0364 26.4649 151.536 360.432 213.359 180.789 212.879 114.493 166.265 163.063 139.987 85.3041 80.3304 74.1709 73.5241 104.549 67.2036 63.1226 54.7944 54.7052 49.8647 61.9264 49.6191 47.8326 45.5512 44.8655 57.999 43.9974 40.2245 39.5916
threshold=0.42717382311820989 1.0000000180025095e-35 1.0000000180025095e-35 -1.0000000180025095e-35 0.0015935409464873376 -0.039388116449117654 1.0000000180025095e-35 1.0000000180025095e-35 0.09988033771514894 0.0045466115698218354 0.72499999403953563 2.5000000000000004 -0.19214141368865964 34.500000000000007 -0.31187541782855982 0.097228281199932112 -0.030643821693956848 0.32185205817222601 0.37676686048507696 0.71461024880409252 0.09988033771514894 0.044121520593762405 0.12239617109298707 -1.2792892423564917e-13 -0.24041680246591565 -1.1076859831809995 29.017581939697269 0.10652909427881242 -0.15008940547704694 -0.33245489001274103
decision_type=2 2 2 2 2 2 2 2 2 2 2 2 2 2 2 2 2 2 2 2 2 2 2 2 2 2 2 2 2 2
left_child=1 2 5 4 11 6 19 10 12 17 14 -4 22 -14 -3 -16 29 -10 -11 -1 21 -12 -9 -18 -8 -7 -27 -22 -6 -5
right_child=-2 7 3 16 28 25 24 8 9 18 20 -13 13 -15 15 -17 23 -19 -20 -21 27 -23 -24 -25 -26 26 -28 -29 -30 -31
leaf_value=0.012988071490884658 -0.0075326008789758292 -0.017478598791733049 -0.011831046856170856 0.004384448971846879 -0.0044569049835126552 -0.0057194884397129527 0.0091727085673220399 0.0063169625212225891 0.011657833663198648 0.0033658656947385575 -0.001311378516538821 0.0015797702014274143 -0.0031218675255328138 -0.026946663625707329 -0.001609240832481173 -0.012662897922164637 0.0050603783773633757 0.028986772597878813 -0.011133299938022492 -0.02461024753691678 -0.021511213669894062 0.0073351686465639304 -0.0056173530430712213 -0.0010670283175951655 0.0011402341474754897 -0.00055309787212228542 0.0047714370949729235 -0.001778339463267135 0.00092962832514949755 0.010994670989831539
leaf_weight=3181.1595804095268 313.03314989805222 499.55515057593584 3343.5491578057408 1885.2657220065594 1895.5292866230011 944.19373083114624 763.14341689646244 1457.1337877213955 1430.8088432922959 2355.8374712616205 1408.7225356549025 488.63575603812933 3488.3319701403379 120.77823625504971 2383.8572816848755 1137.4187594801188 2067.8411397337914 218.21935744583607 259.4638048261404 34.273718193173409 106.38127867877483 1580.5730570107698 398.33599379658699 2570.194142498076 3781.7401990890503 5672.7161402702332 2724.2902071326971 1941.5132168829441 3644.7556472271681 1442.365388661623
leaf_count=8752 1191 1767 12471 5087 5715 2765 1903 4043 3993 6245 3845 1384 10962 390 7840 4156 5528 484 789 123 337 4019 1156 7970 10038 16946 7102 5370 9976 3775
internal_value=0.000742052 0.000790913 0.00128498 -0.000691229 -0.00467879 0.00328863 0.00667251 -0.000114657 0.00214485 0.00658384 -0.00254182 -0.0101203 -0.00131916 -0.00392723 -0.00671547 -0.00518315 0.00400019 0.013969 0.00192255 0.0125788 0.000789783 0.00326036 0.00375162 0.0016647 0.00249137 0.000476698 0.00117438 -0.00281486 -0.000913227 0.007253
internal_weight=53539.6 53226.6 34439.7 17338.1 9372.47 17101.5 7760.32 18786.9 9728.91 4264.33 9058.02 3832.18 5464.58 3609.11 4020.83 3521.28 7965.67 1649.03 2615.3 3215.43 5037.19 2989.3 1855.47 4638.04 4544.88 9341.2 8397.01 2047.89 5540.28 3327.63
internal_count=156122 154931 99535 51906 29546 47629 20816 55396 28062 11511 27334 13855 16551 11352 13763 11996 22360 4477 7034 8875 13571 7864 5199 13498 11941 26813 24048 5707 15691 8862
is_linear=0
shrinkage=0.03


Tree=120
num_leaves=31
num_cat=0
split_feature=3 18 1 32 3 2 0 34 37 38 38 39 8 38 8 38 7 7 22 2 0 7 11 38 7 7 9 10 0 9
split_gain=24.7447 24.2927 34.0859 24.5214 29.5034 23.7736 85.0953 71.3323 69.7086 258.797 232.889 54.9726 20.8379 20.6914 30.0013 21.5504 55.3665 28.04 17.4885 26.0801 18.8601 17.0546 25.1081 20.5164 15.545 22.7656 16.743 13.8454 12.7962 11.4102
threshold=0.50219044089317333 18420.009765625004 -0.14627219736576078 36.000000000000007 -0.56221109628677357 0.036306036636233337 -0.0087345754727721197 3.5000000000000004 1.0000000180025095e-35 -0.0025044389767572279 -0.010448761284351347 1.4689654707908633 0.067886281758546843 -0.5193192958831786 0.038269389420747764 -0.12328350916504859 0.12515674531459811 0.036500979214906699 0.14835633337497714 0.11018319800496103 -0.0087345754727721197 0.037436081096529968 0.90005096793174755 -0.084903590381145463 0.018296254798769954 0.04491128213703633 0.53410199284553539 0.35899110138416296 -1.6531083583831785 0.15631429851055148
decision_type=2 2 2 2 2 2 2 2 2 2 2 2 2 2 2 2 2 2 2 2 2 2 2 2 2 2 2 2 2 2
left_child=1 3 13 5 28 6 7 -1 9 -7 -10 -8 27 14 -3 16 -15 -17 19 20 -4 22 -20 -23 26 -26 -6 29 -5 -2
right_child=12 2 18 4 24 8 11 -9 10 -11 -12 -13 -14 15 -16 17 -18 -19 21 -21 -22 23 -24 -25 25 -27 -28 -29 -30 -31
leaf_value=0.001782763839539334 -0.010567549615923894 0.053730130475800705 -0.04540887539843174 -0.019258808186553966 0.0052553193777693154 0.0070231603511755319 -0.0026172928833718464 -0.0027801437128701324 -0.0060971067018447973 -0.00067752823160727724 0.002092053553372504 -0.013133826605765429 0.017545523327230608 -0.030047624458907803 -0.020620980014248554 0.0021395772879275448 0.057713287283483371 -0.012896656204793831 -0.0049798826334998018 0.021815705545071874 0.002670559277741309 -0.017759963603363321 0.012393417430734558 -0.0014053843361299008 -0.0097678193822375199 0.012698940517516168 0.026177108279996555 -0.028773980945814511 0.027029641928246907 0.0031455718576172834
leaf_weight=12793.071163237095 226.83815171569586 10.265465691685678 8.1099232286214811 5.0382052212953559 553.62125654518604 6987.6655562371016 1600.635802231729 4061.3505814671516 4275.3631486296654 8965.964618563652 11611.84693570435 620.83420635014772 27.295935913920403 81.616642698645592 7.8140361160039893 179.58337290585041 6.0806816667318335 291.53419238328934 138.38732525706291 76.611078023910522 36.909018903970718 88.602902755141258 160.63004311919212 303.82563318312168 137.56944175064564 56.373736903071404 35.918084919452667 29.05682447552681 70.511860132217407 70.910220175981522
leaf_count=37172 798 23 31 17 1423 18510 5309 12141 13652 26316 33101 2458 64 306 34 496 12 956 397 176 101 289 398 892 397 136 75 99 152 191
internal_value=0.000719993 0.000772748 -0.00313925 0.000877886 0.00590191 0.000792951 -4.44057e-05 0.000682978 0.00129469 0.0026954 -0.000111765 -0.00556229 -0.00717227 -0.00871021 0.0220415 -0.00974809 -0.0233466 -0.00716631 0.000815627 0.0112591 -0.00672404 -0.00103073 0.00435313 -0.00514132 0.00415457 -0.00319034 0.00657724 -0.00929316 0.0236924 -0.00729206
internal_weight=53519.8 53165.7 1389.97 51775.8 859.033 50916.7 19075.9 16854.4 31840.8 15953.6 15887.2 2221.47 354.101 576.894 18.0795 558.815 87.6973 471.118 813.076 121.63 45.0189 691.446 299.017 392.429 783.483 193.943 589.539 326.805 75.5501 297.748
internal_count=156122 154970 4111 150859 2200 148659 57080 49313 91579 44826 46753 7767 1152 1827 57 1770 318 1452 2284 308 132 1976 795 1181 2031 533 1498 1088 169 989
is_linear=0
shrinkage=0.03


Tree=121
num_leaves=31
num_cat=0
split_feature=39 34 37 22 21 22 22 3 22 13 3 34 3 3 3 13 14 13 22 2 3 13 18 3 10 4 3 37 34 34
split_gain=24.44 130.097 74.018 67.9313 68.6308 84.7094 57.3596 61.9869 44.8181 51.2308 43.9487 43.9482 74.6459 43.8867 39.2597 36.1656 35.7747 29.7822 29.2677 57.3439 32.2497 28.9679 28.883 32.1476 36.6461 33.4674 31.2641 72.5847 90.0866 46.1649
threshold=2.5919841527938847 3.5000000000000004 1.0000000180025095e-35 0.086122523993253722 0.97499999403953563 0.082231082022190108 0.30105899274349218 0.1266724839806557 0.22801489382982257 6.4621219635009775 0.011635920964181425 1.5000000000000002 -0.027225206606090065 0.31556525826454168 -0.039502570405602448 -1.2792892423564917e-13 -1.0000000180025095e-35 -126.99626159667967 0.03792735934257508 0.0091508775949478167 -0.14463371038436887 292.39723205566412 4110.9528808593759 0.062197241932153709 0.85267236828804027 3.1250000000000004 -0.48262210190296168 1.0000000180025095e-35 5.0000000000000009 1.5000000000000002
decision_type=2 2 2 2 2 2 2 2 2 2 2 2 2 2 2 2 2 2 2 2 2 2 2 2 2 2 2 2 2 2
left_child=18 2 3 4 5 -2 7 8 9 -3 -6 14 -13 16 -5 -8 -9 -4 19 20 -1 -15 26 24 -24 -25 27 29 -29 -20
right_child=1 6 17 11 10 -7 15 13 -10 -11 -12 12 -14 21 -16 -17 -18 -19 22 -21 -22 -23 23 25 -26 -27 -28 28 -30 -31
leaf_value=-0.025505432283477791 -0.0052153084995025184 0.0087424185252456179 0.0096861158171192493 0.014696338443051099 0.0088656718046605087 0.028815131748033671 0.031759212601787767 -0.0022663305450774233 -0.043918434202902465 -0.013101214936465088 0.045200630346000546 -0.017413683166616584 0.0031959413530057565 0.0041610348091870326 -0.013827009080377367 -0.043304193656729238 0.024398583232156316 -0.024052814329030316 -0.0053084839855327762 -0.013356088653300137 0.003980816828390194 -0.047263884884532682 -0.0039665641133425668 0.023520484940457685 0.012570496816137417 0.001189200877480062 0.00090698987947759099 0.0088375173129985399 -0.0069786848906440609 0.0030090874375164564
leaf_weight=34.825548842549324 447.69907429814339 366.83865560591221 25.534955739974976 45.289538890123367 70.412479504942894 76.150391176342964 6.3046225756406775 51.933020085096359 18.016400396823883 130.02868548035622 52.317281663417816 212.62976487725973 607.8914929330349 91.850823581218719 726.72329697012901 29.596568271517754 334.28178241848946 231.04730630666018 1005.8074780106544 378.79198626428843 486.74172193557024 10.026750832796095 2735.9068296253681 61.901235789060593 125.12528921663761 1539.4133424758911 39343.209494881332 2401.3963434696198 373.68637666851282 1487.239628225565
leaf_count=143 1549 1151 66 121 238 190 12 149 85 400 120 752 1814 254 2591 133 803 1095 2921 1771 1868 38 7996 136 319 4220 113783 6234 1187 3983
internal_value=0.00069855 -0.00171166 -0.0054253 -0.00366989 0.00452314 -0.000217215 0.0072034 0.00854962 0.00127547 0.00300515 0.0246189 -0.00699894 -0.00215588 0.0161986 -0.012133 -0.0295375 0.0208087 -0.0206589 0.00086911 -0.0044873 0.00196121 -0.00128125 0.000967535 -0.00133315 -0.00323814 0.00206846 0.00119776 0.00336811 0.00670492 -0.000346176
internal_weight=53508.6 3534.57 2495.7 2239.11 646.579 523.849 1038.88 1002.98 514.884 496.867 122.73 1592.53 820.521 488.092 772.013 35.9012 386.215 256.582 49974 900.359 521.567 101.878 49073.7 4462.35 2861.03 1601.31 44611.3 5268.13 2775.08 2493.05
internal_count=156122 11561 8536 7375 2097 1739 3025 2880 1636 1551 358 5278 2566 1244 2712 145 952 1161 144561 3782 2011 292 140779 12671 8315 4356 128108 14325 7421 6904
is_linear=0
shrinkage=0.03


Tree=122
num_leaves=31
num_cat=0
split_feature=14 25 3 3 1 3 22 34 22 3 37 38 38 13 38 2 0 2 2 1 13 7 3 13 0 18 0 15 13 39
split_gain=23.4011 33.2249 37.2132 40.3815 42.0235 35.779 51.4674 54.5647 45.811 44.2054 41.6658 360.368 313.523 35.4562 31.6912 29.9552 28.0315 42.1719 30.8412 27.7806 26.1061 24.5913 24.6837 24.206 23.9128 21.8498 23.2678 22.4059 21.6285 20.4133
threshold=1.0000000180025095e-35 0.56018424034118663 -0.20669730007648465 -0.088734172284603105 -0.66720768809318531 -0.54288989305496205 0.4571139663457871 5.0000000000000009 1.2819662690162661 -1.8088188171386717 1.0000000180025095e-35 -0.010448761284351347 -0.0047625824809074393 -133.29634094238278 -0.0090529145672917349 -0.73785680532455433 -0.39264848828315729 -0.062673475593328462 -1.1795912384986875 0.041933974251151092 -3.3666577339172359 0.070649895817041411 -0.0075978669337928286 -133.29634094238278 0.26051557064056402 -18878.089843749996 -0.062380714341998093 -0.62311249971389759 -133.29634094238278 1.8444985747337344
decision_type=2 2 2 2 2 2 2 2 2 2 2 2 2 2 2 2 2 2 2 2 2 2 2 2 2 2 2 2 2 2
left_child=1 5 14 13 -5 6 15 9 10 -8 12 -12 -7 -4 25 20 18 -18 -16 -17 -1 28 -23 -9 -6 27 -27 -3 -2 -30
right_child=21 2 3 4 24 8 7 23 -10 -11 11 -13 -14 -15 16 19 17 -19 -20 -21 -22 22 -24 -25 -26 26 -28 -29 29 -31
leaf_value=0.010556972494419472 -0.003236162269194934 -0.044611603570351335 0.00061411244552804836 0.038118527495147173 -0.0017712641040032073 0.0056589459573533982 -0.0057594349254262208 -0.0049083771448358319 -0.026583555969271585 0.0048358911391364421 -0.0063535363116904702 0.0020707756114020383 -0.0018749027349409066 -0.034658931365131124 0.022678846685861214 0.0055943119516434162 0.019672376595268624 -0.0035401530196261465 -0.014248286523751702 0.028226330501555048 0.035998146595249296 -0.00051857108951301821 -0.021007623396556398 -0.025840309920170172 -0.029830339591634371 0.014100131292991164 -0.0036110322517921255 0.036320028452422749 0.0036726562964846106 -0.0029312733906263471
leaf_weight=91.69369350373745 512.68019749224186 12.451719127595423 34.275248482823372 18.428314223885536 109.40977957844734 8711.2891111448407 463.1003340035677 116.67735181748867 55.758269399404526 1496.9064104259014 6619.1469248086214 14756.044227994978 11576.441576391459 98.579870015382767 20.936954155564308 1004.7977725043893 78.611856624484062 609.81549525260925 291.02861525118351 50.486716732382774 61.036525070667267 168.16308291256428 76.466374129056931 87.014868050813675 35.622995465993881 206.08211828768253 97.657334834337234 3.1302815824747077 5582.959682315588 454.3946775496006
leaf_count=231 1436 58 92 45 307 23878 1361 403 191 4035 21572 43092 35100 403 47 2687 186 1749 934 105 125 474 247 299 130 541 287 7 14766 1334
internal_value=0.00067764 0.000438229 -0.00378671 -0.0133768 -0.00332883 0.000589797 0.003562 0.000789865 0.000349431 0.00232929 0.000386185 -0.000537973 0.00136001 -0.0255998 -0.00162267 0.00851999 -0.00425071 -0.000860462 -0.0116959 0.00670561 0.0209117 0.0023226 -0.00699471 -0.0139475 -0.00884076 0.00658882 0.00840269 -0.0269624 0.00267206 0.00317472
internal_weight=53501.1 46706.4 1616.03 296.316 163.461 45090.4 3371.71 2163.7 41718.7 1960.01 41662.9 21375.2 20287.7 132.855 1319.71 1208.01 1000.39 688.427 311.966 1055.28 152.73 6794.66 244.629 203.692 145.033 319.321 303.739 15.582 6550.03 6037.35
internal_count=156122 137865 4786 977 482 133079 9246 6098 123833 5396 123642 64664 58978 495 3809 3148 2916 1935 981 2792 356 18257 721 702 437 893 828 65 17536 16100
is_linear=0
shrinkage=0.03


Tree=123
num_leaves=31
num_cat=0
split_feature=32 39 13 34 13 3 39 37 9 8 1 13 10 3 3 25 25 1 0 25 7 3 7 3 1 34 8 1 1 13
split_gain=24.0142 36.03 32.1909 50.5982 47.6718 65.869 66.3647 52.8759 43.7422 55.0328 36.2693 40.1415 32.6652 32.1473 25.1555 24.9644 40.3494 26.8181 23.472 21.79 21.4997 26.5993 41.6662 29.1741 24.0351 23.7725 25.8923 21.7746 26.6498 24.1341
threshold=14.500000000000002 4.6300053596496591 -40.841295242309563 1.5000000000000002 19.157768249511722 -0.32560589909553522 -2.6841640472412105 1.0000000180025095e-35 0.011004147585481407 0.091725882142782225 -1.1997525095939634 146.79275512695315 0.1279149726033211 0.12395027279853822 0.29302789270877844 0.034840974956750877 0.06172554753720761 0.35020874440670019 0.62667378783226024 0.029543699696660045 0.0069422617089003333 -0.81467494368553151 0.04491128213703633 0.21601587533950808 -0.15097381919622418 5.0000000000000009 0.035624733194708831 0.072829477488994612 0.047360574826598174 -12.65845203399658
decision_type=2 2 2 2 2 2 2 2 2 2 2 2 2 2 2 2 2 2 2 2 2 2 2 2 2 2 2 2 2 2
left_child=1 2 3 18 5 6 -4 -7 13 -10 11 -6 -12 -5 20 17 -17 -16 -1 -3 27 25 24 -24 -23 -22 -27 28 -2 -30
right_child=14 19 4 8 10 7 -8 -9 9 -11 12 -13 -14 -15 15 16 -18 -19 -20 -21 21 22 23 -25 -26 26 -28 -29 29 -31
leaf_value=0.0044592950803743776 0.0047294610668262866 -0.044473541635021284 0.0096006412180788345 0.00099283216472982518 0.0020551719297448147 8.0249209654572224e-05 -0.00090377730621330897 -0.003361525012008571 -0.001787512921879657 -0.036899851569637376 0.0023352458719093291 -0.012983525653663145 -0.00073561853412027302 0.0071996926164126004 -0.032750936899490254 0.024562957791729179 -0.0057131437134692129 0.020166127898742794 -0.0074004165976196091 -0.0090924675281369438 0.01573057561917262 -0.0064023514140138515 0.011873328988124373 -0.026046662131924875 0.00096443174325749447 0.010629236657474631 -0.038264671272892625 0.01467282738107566 0.016319435869403601 -0.027734314269206778
leaf_weight=4947.066408008337 2367.7594712823629 16.31463223695755 987.99220891296864 3975.0113351494074 304.80043023824692 7762.7310767024755 1194.401320785284 8321.442240960896 3571.0210941433907 39.645781926810741 11268.167813420296 333.42254219949245 4307.3918456435204 925.5911493897438 45.684457644820213 44.844199389219284 290.2347277328372 9.7819878458976728 153.83345676958561 185.25060206651688 174.50782726705074 671.47590889036655 309.32686728239059 18.429416567087173 976.79898376762867 22.134566336870193 15.897399477660654 194.28114692866802 14.413819015026091 40.986308023333549
leaf_count=13031 6103 82 2643 10778 836 25493 3509 29067 10037 184 30205 1053 11944 2344 175 105 884 27 465 681 411 1887 757 60 2575 66 84 469 33 134
internal_value=0.000657423 0.00044881 0.000502039 0.00173728 1.42672e-05 -0.00103656 0.00385253 -0.00170033 0.000320811 -0.00218399 0.00119832 -0.00580472 0.00148582 0.00216698 0.00259513 -0.00471548 -0.00159128 -0.0231736 0.00409966 -0.0121764 0.00319069 0.000993941 -9.14832e-05 0.00965926 -0.0020369 0.0110526 -0.0101883 0.00502527 0.00424479 -0.0161332
internal_weight=53490.6 48294.1 48092.5 13612.2 34480.3 18266.6 2182.39 16084.2 8511.27 3610.67 16213.8 638.223 15575.6 4900.6 5196.56 390.545 335.079 55.4664 5100.9 201.565 4806.01 2188.57 1976.03 327.756 1648.27 212.54 38.032 2617.44 2423.16 55.4001
internal_count=156122 142352 141589 36839 104750 60712 6152 54560 23343 10221 44038 1889 42149 13122 13770 1191 989 202 13496 763 12579 5840 5279 817 4462 561 150 6739 6270 167
is_linear=0
shrinkage=0.03


Tree=124
num_leaves=31
num_cat=0
split_feature=39 38 34 25 22 22 25 1 13 1 37 25 37 32 1 38 37 18 38 13 39 1 7 21 22 38 38 34 24 38
split_gain=23.4673 177.928 67.2347 63.7782 50.7668 36.4189 35.0025 34.9502 37.347 33.7748 33.2783 35.2461 32.5396 31.2086 29.701 28.7186 151.265 112.404 49.3497 48.5677 44.1416 66.4475 49.6048 48.4441 43.4116 41.839 47.882 42.5363 40.3953 39.198
threshold=2.5919841527938847 -0.060675319284200661 3.5000000000000004 0.020399549044668678 0.31661190092563635 0.41284258663654333 0.24120570719242099 0.18607878684997561 6.4621219635009775 0.30807675421237951 1.0000000180025095e-35 0.0031858241418376569 1.0000000180025095e-35 14.500000000000002 -0.075980853289365755 0.25004103779792791 1.0000000180025095e-35 584.60525512695324 0.28561809659004217 -296.98115539550776 -0.65085834264755238 -0.03290265426039695 0.10682213678956033 0.67499998211860668 0.14574666321277621 -0.30205127596855158 -0.46407985687255854 1.0000000180025095e-35 1.5000000000000002 -0.16974265873432157
decision_type=2 2 2 2 2 2 2 2 2 2 2 2 2 2 2 2 2 2 2 2 2 2 2 2 2 2 2 2 2 2
left_child=15 4 10 -4 6 -6 12 8 -5 -8 11 14 -2 -14 -3 20 24 19 -19 -18 22 -22 25 29 -17 26 -1 -27 -25 -23
right_child=1 2 3 7 5 -7 9 -9 -10 -11 -12 -13 13 -15 -16 16 17 18 -20 -21 21 23 -24 28 -26 27 -28 -29 -30 -31
leaf_value=0.0044210131361452449 0.010491303137215859 -0.0090153827042588393 -0.018637252946222118 0.0096433354052183912 -0.027294297667663153 0.012600549087117691 0.0051836262420118457 0.030659808084863557 -0.011042249823929512 -0.029609065504000054 -0.021955121375874444 -0.0097281610611264623 -0.023853574085363208 0.024121906947627548 0.035625234793391171 -0.027365462822266724 -0.016744565192031255 0.017166789717104593 -0.0056262452819935849 0.018781911024070959 0.0024123174948646451 0.0096745682437110909 -0.016583607611756781 -0.01081633044970094 -0.0047059439075254825 0.0030132465389465161 -0.013502381478222844 -0.00074215759304327303 -0.0020643591815835555 0.00023224050959331274
leaf_weight=193.62507247924805 1167.5166883096099 24.103412441909313 108.96837792545557 280.22494031488895 64.323099225759506 29.24796099960804 61.824685007333755 48.543835297226906 107.96186909079552 40.8855050355196 197.15846727788448 1308.2985362708569 46.559534400701523 15.466245025396345 28.12467285990715 88.981635078787804 35.452569469809532 107.23807325959206 405.61897325515747 759.16411333531141 19360.512183025479 421.94988526403904 169.28719285130501 581.55392458289862 501.59846405684948 3320.9695126265287 431.17417553812265 14842.525716662407 2574.7843742668629 6152.2954522222281
leaf_count=582 3140 95 418 867 224 78 179 118 333 161 913 4679 231 34 91 325 113 251 1177 1792 54580 1072 640 2319 1471 9327 1425 43252 7737 18498
internal_value=0.000637818 -0.00172582 -0.00727108 0.0017839 0.00645185 -0.0147911 0.00795608 0.00691696 0.003869 -0.00878921 -0.0104443 -0.00875915 0.00936335 -0.0116503 0.0151848 0.000804923 0.00442364 0.0101143 -0.000830266 0.017174 0.000661822 0.00139586 -0.000464446 -0.000626264 -0.00816557 -0.000318174 -0.00794494 -5.52353e-05 -0.00368077 0.000840106
internal_weight=53475.9 3529.21 2103.38 545.699 1425.82 93.5711 1332.25 436.731 388.187 102.71 1557.69 1360.53 1229.54 62.0258 52.2281 49946.7 1898.05 1307.47 512.857 794.617 48048.7 29091.1 18957.6 9730.58 590.58 18788.3 624.799 18163.5 3156.34 6574.25
internal_count=156122 11561 7514 1736 4047 302 3745 1318 1200 340 5778 4865 3405 265 186 144561 5129 3333 1428 1905 139432 84206 55226 29626 1796 54586 2007 52579 10056 19570
is_linear=0
shrinkage=0.03


Tree=125
num_leaves=31
num_cat=0
split_feature=3 11 32 2 2 32 34 14 24 2 23 34 7 2 9 21 3 38 38 22 0 7 8 34 7 38 7 22 4 10
split_gain=22.9382 23.3471 31.9481 30.6751 39.0786 49.0722 42.0797 30.1339 26.5259 60.7918 30.7345 25.9964 24.8006 23.7024 28.1223 34.0181 26.1269 21.165 35.751 20.9596 22.9163 20.0145 19.6406 18.3574 26.8852 19.4423 15.3876 14.3607 13.4067 16.3777
threshold=0.50219044089317333 0.12383136898279191 1.5000000000000002 0.49629384279251104 0.13045988231897357 26.000000000000004 5.0000000000000009 1.0000000180025095e-35 2.5000000000000004 -0.39641630649566645 1.0000000180025095e-35 5.0000000000000009 0.014787902124226095 -0.30543532967567438 0.0091012632474303263 0.12500000372529033 -0.54288989305496205 0.098358791321516051 0.10925983637571336 0.92969441413879406 0.3679789155721665 0.0036878566024824981 0.067886281758546843 1.0000000180025095e-35 0.067922491580247893 0.0030930732609704141 0.091650698333978667 0.4407090842723847 36.175001144409187 0.35899110138416296
decision_type=2 2 2 2 2 2 2 2 2 2 2 2 2 2 2 2 2 2 2 2 2 2 2 2 2 2 2 2 2 2
left_child=1 13 7 4 6 -6 -4 8 9 -3 -10 12 -9 14 15 26 23 21 -19 20 -5 -18 28 24 -15 -25 -1 -13 29 -2
right_child=22 2 3 19 5 -7 -8 11 10 -11 -12 27 -14 16 -16 -17 17 18 -20 -21 -22 -23 -24 25 -26 -27 -28 -29 -30 -31
leaf_value=0.0075728830452044416 -0.0052224737309649804 0.0097271013253682186 0.0015682915302469545 -0.042251186546764845 0.010183155518557939 -0.00025743450526982995 -0.020552180398288204 0.0037598286748628715 0.0012217073074689167 -0.002014423390123591 -0.0010328484346837396 0.019976284609171169 -0.00069101528770047554 0.0033171407336456378 -0.01620191203533345 -0.027160576245489669 -0.0025256735485675568 -0.016655519038805328 -6.6338206183732672e-05 0.020758832812855323 -0.0088812421496894719 0.0029035953999818347 0.017042893676752942 0.0065788521909249074 -0.033291071158781875 0.01868444319495435 -0.014562335818080904 -0.0064276054743745885 -0.03297751994915999 -0.029205312650810784
leaf_weight=205.03158780932426 279.83478918671608 412.52994251251221 3493.5711508840322 21.077605172991753 1154.0612174347043 623.13914529979229 78.138988271355629 2707.1163819283247 13348.138017997146 9813.8123567774892 9184.9996935725212 107.48574830591679 1927.3674581497908 99.040599659085274 135.82729449123144 33.929715439677238 669.48613494634628 128.37455523014069 1218.3068159669638 16.529449284076691 124.33229780942202 6859.9650656282902 27.218120977282524 518.93570245802402 21.021311089396477 155.66549561917782 31.740813210606575 21.66570121049881 18.951304540038109 27.410841047763824
leaf_count=523 925 1122 9592 83 2994 1681 284 7299 38134 33497 27487 245 5287 260 473 113 1867 391 3286 39 424 17959 64 1335 74 356 101 64 69 94
internal_value=0.000618753 0.000669553 0.000365069 0.0024978 0.00288837 0.0065226 0.0010779 5.17063e-05 -0.000272424 -0.00153957 0.000302563 0.00228097 0.00190844 0.00196935 -0.00511645 0.000473898 0.00226802 0.00180051 -0.00166114 -0.010323 -0.0139944 0.00242018 -0.00698736 0.00747744 -0.00328976 0.0094002 0.00454414 0.0155085 -0.00904759 -0.00745963
internal_weight=53464.7 53111.3 43034 5510.85 5348.91 1777.2 3571.71 37523.1 32759.5 10226.3 22533.1 4763.64 4634.48 10077.3 406.529 270.702 9670.8 8876.13 1346.68 161.939 145.41 7529.45 353.415 794.663 120.062 674.601 236.772 129.151 326.197 307.246
internal_count=156122 154970 128232 15097 14551 4675 9876 113135 100240 34619 65621 12895 12586 26738 1210 737 25528 23503 3677 546 507 19826 1152 2025 334 1691 624 309 1088 1019
is_linear=0
shrinkage=0.03


Tree=126
num_leaves=31
num_cat=0
split_feature=18 18 32 24 21 25 22 21 1 38 18 22 38 18 39 1 38 34 7 18 38 38 12 7 25 3 34 38 38 20
split_gain=22.5899 30.8097 40.5357 33.6245 40.3113 66.7477 50.2983 39.8091 51.2957 43.8989 26.8115 27.8307 25.1887 33.0885 39.0657 25.0321 33.7843 29.6977 22.6331 22.6353 22.4744 40.3554 28.9568 21.2788 37.9226 21.2298 21.0596 25.335 23.5666 22.9709
threshold=-21597.621093749996 -195.12712097167966 1.5000000000000002 2.5000000000000004 0.57500001788139354 0.26702308654785162 0.71461024880409252 1.0000000180025095e-35 0.16162642836570743 -0.15931425988674161 -3089.9150390624995 0.1117418445646763 0.46719513833522802 90.231960296630874 2.5128192901611333 0.072829477488994612 0.062579803168773665 5.0000000000000009 0.0084834275767207163 -2879.748657226562 -0.15239354968070981 -0.11895769834518431 -0.1815826669335365 0.072311177849769606 0.12449669092893602 -0.37416936457157129 2.5000000000000004 -0.46407985687255854 -0.020158102735877034 1.0000000180025095e-35
decision_type=2 2 2 2 2 2 2 2 2 2 2 2 2 2 2 2 2 2 2 2 2 2 2 2 2 2 2 2 2 2
left_child=23 10 3 4 6 -6 -3 9 -9 -5 11 -2 15 14 -14 17 -17 -4 19 -12 22 -22 -13 26 -25 -21 27 -1 29 -28
right_child=1 2 12 7 5 -7 -8 8 -10 -11 18 20 13 -15 -16 16 -18 -19 -20 25 21 -23 -24 24 -26 -27 28 -29 -30 -31
leaf_value=0.027433295379900764 0.010891241415272713 0.00096406509779488022 0.0025414619351797089 0.0083598583946746397 -0.0048263115234060388 0.0037940075273059045 -0.012575764107428295 0.00098594380909758903 0.013459095056368466 -0.0026210099579817587 0.025988279103363477 -0.0049142121635047543 0.032113359984736016 -0.052781757195796399 -0.042415720800513243 0.01186491805119679 -0.0077368740040022503 -0.015626103302662855 0.0038020248626742417 -0.010014572330893961 0.014231506226933621 -0.00040857491468044026 -0.040008847850939715 -0.028133793310649743 -0.0024840004177818105 0.00062619505772592632 0.015816215603817831 -0.0074202530014063238 -0.0022087159660770742 -0.020016784768013548
leaf_weight=18.585605278611183 201.7951557636261 5374.2799536958337 4390.9943564161658 351.75103368610144 4485.8195058479905 984.89863792061806 257.80551882088184 18630.283267065883 300.59551749378443 4592.9512690603733 28.168711349368095 466.39631178975105 14.539719581604006 15.922660708427427 9.6762084737420064 498.95798341929913 93.104589477181435 81.473777651786804 6488.6299969553947 191.44757089018822 177.63940328359604 3291.9982491135597 21.23585769534111 80.892322227358818 142.94549213349819 1367.2468325197697 149.43012689054012 449.80077829957008 278.18962125480175 17.101222008466721
leaf_count=42 494 17841 11940 980 15683 2845 833 52914 781 14378 60 1403 30 62 49 1321 303 269 16843 558 431 8929 82 331 497 3669 375 1335 782 62
internal_value=0.000600227 0.000691216 0.000288896 -7.55039e-05 -0.00143949 -0.00327343 0.000341632 0.000558696 0.00118486 -0.00183773 0.00200893 5.12123e-05 0.00278596 -0.0205893 0.00171295 0.00297584 0.00876954 0.00220642 0.00301669 -0.000192993 -0.000503413 0.000343992 -0.00652744 -0.00358102 -0.0118508 -0.000684423 -0.00153976 -0.00597537 0.00312809 0.0120211
internal_weight=53454.6 52317.6 40083.1 34978.4 11102.8 5470.72 5632.09 23875.6 18930.9 4944.7 12234.6 4159.06 5104.67 40.1386 24.2159 5064.53 592.063 4472.47 8075.49 1586.86 3957.27 3469.64 487.632 1136.95 223.838 1558.69 913.107 468.386 444.721 166.531
internal_count=156122 152698 120229 106255 37202 18528 18674 69053 53695 15358 32469 11339 13974 141 79 13833 1624 12209 21130 4287 10845 9360 1485 3424 828 4227 2596 1377 1219 437
is_linear=0
shrinkage=0.03


Tree=127
num_leaves=31
num_cat=0
split_feature=32 1 4 11 14 25 25 38 22 0 38 1 8 22 13 2 8 10 7 25 38 38 34 34 25 25 13 4 25 11
split_gain=21.6552 27.4291 21.5211 21.1169 23.732 33.9985 42.0498 60.6404 37.1108 27.0737 39.5679 36.1032 25.0902 22.8579 22.9782 22.5535 25.2269 22.1748 20.6999 20.4135 20.3528 19.5501 18.7922 18.6145 29.7532 18.0747 17.1164 15.6403 13.5893 13.5438
threshold=36.000000000000007 -0.21026664227247235 9.9249997138977069 0.12383136898279191 1.0000000180025095e-35 0.56018424034118663 0.26702308654785162 0.00096289673820137988 1.6639117002487185 -0.041172752156853669 -0.0090529145672917349 -1.6806861758232114 0.00079288080451078724 0.032162964344024665 65.37793350219728 -0.3451762050390243 0.011102732736617328 1.0000000180025095e-35 0.039847407490015037 0.45911245048046118 -0.090625945478677736 -0.19330486655235288 2.5000000000000004 3.5000000000000004 0.11888990551233293 0.096315711736679091 2629.279174804688 7.5250000953674325 1.0087983608245852 0.10573014616966249
decision_type=2 2 2 2 2 2 2 2 2 2 2 2 2 2 2 2 2 2 2 2 2 2 2 2 2 2 2 2 2 2
left_child=3 2 -2 15 5 6 8 -8 -5 10 -7 -11 13 14 -6 17 18 27 -17 -15 21 -14 -22 26 -25 29 -18 -1 -19 -4
right_child=1 -3 25 4 12 9 7 -9 -10 11 -12 -13 20 19 -16 16 23 28 -20 -21 22 -23 -24 24 -26 -27 -28 -29 -30 -31
leaf_value=0.0028852999266426598 0.0164553166230915 0.0015848310178234451 0.0007203596433892458 -0.00018851472641738374 -0.040483544009418282 0.009638679203588808 0.0049852602304180415 -0.0027246551717605766 -0.012981617999392786 0.011714565095384872 -0.0055293583682667086 -0.015270779772655252 0.0020762752879865021 0.0040886660222948174 0.027717808429203159 0.00038494585830195472 0.0025385928677010036 -0.025042968760456974 -0.015569715952428153 0.016184257736381887 0.003718853416920069 -0.0094410412119179839 -0.0016069369106256498 0.0029376086019618141 0.011827515597707706 0.01571538377756326 -0.010292006007171861 -0.012495911700250531 0.012945331152249972 -0.040705068377197055
leaf_weight=194.45296037197113 240.20165185630322 607.57417777180672 13.165913686156275 31404.921272836626 17.692869067192081 200.82240629196167 3261.7866190448403 1276.3685195744038 204.42086525261402 50.759794980287552 662.4792627543211 327.24339544773102 218.53961433470249 2077.7261280491948 4.9999899417161933 3566.0079171359539 4371.3610898703337 64.477521046996117 73.719092473387718 133.0538971722126 1421.4745056480169 333.86263847351074 1024.9321185201406 938.61906975507736 531.23968856036663 19.703677579760551 94.567940607666969 84.471291542053223 8.9958989769220334 13.995335236191748
leaf_count=509 564 1613 35 95927 77 561 9086 3837 646 128 1993 1090 603 5624 11 9560 11490 261 224 319 3738 974 2806 2467 1305 46 287 264 25 52
internal_value=0.000582289 0.00520825 0.0128347 0.000503378 0.000213032 -5.17313e-05 0.000115891 0.00281604 -0.000271752 -0.00493156 -0.00199041 -0.0116178 0.00210519 0.00451173 -0.0247943 0.0017494 0.00202413 -0.00569175 5.67881e-05 0.00482497 0.000310933 -0.00488366 0.00148662 0.00322975 0.00615852 -0.00561612 0.00226398 -0.00179013 -0.0202401 -0.0212058
internal_weight=53443.6 894.641 287.067 52549 42621.1 37388.8 36147.5 4538.16 31609.3 1241.3 863.302 378.003 5232.28 2233.47 22.6929 9927.91 9575.51 352.398 3639.73 2210.78 2998.81 552.402 2446.41 5935.79 1469.86 46.8649 4465.93 278.924 73.4734 27.1612
internal_count=156122 2310 697 153812 127420 113268 109496 12923 96573 3772 2554 1218 14152 6031 88 26392 25333 1059 9784 5943 8121 1577 6544 15549 3772 133 11777 773 286 87
is_linear=0
shrinkage=0.03


Tree=128
num_leaves=31
num_cat=0
split_feature=3 13 25 18 1 3 37 39 38 10 0 2 0 25 25 25 1 10 21 2 11 1 20 10 0 38 0 0 1 8
split_gain=22.0379 22.8152 20.9101 23.9141 53.1052 33.7278 83.3583 40.1973 30.3546 30.1838 23.7164 31.1423 32.2235 20.2776 23.9009 18.6983 23.0948 24.5549 17.2954 19.1174 21.2572 15.8177 14.0727 13.8869 13.0117 12.6187 10.9175 14.3196 13.7665 14.1061
threshold=0.50219044089317333 6852.1987304687509 0.0066336917225271472 1890.8955078125002 0.18607878684997561 -0.48262210190296168 1.0000000180025095e-35 -1.4185332655906675 0.25897155702114111 0.76911386847496044 -1.4195432066917417 -0.73785680532455433 -0.71387699246406544 0.18320684880018237 0.21237712353467944 0.23427703231573108 0.26050248742103582 0.4001972377300263 0.87500000000000011 0.15321649610996249 0.83084043860435497 0.38577878475189215 -1.0000000180025095e-35 0.49181815981864935 0.62667378783226024 -0.11895769834518431 1.0000000180025095e-35 0.10869370028376581 0.11320831999182702 0.076629694551229491
decision_type=2 2 2 2 2 2 2 2 2 2 2 2 2 2 2 2 2 2 2 2 2 2 2 2 2 2 2 2 2 2
left_child=1 2 10 5 9 6 -4 -7 -6 -5 -1 -12 -13 26 21 -16 17 -17 25 20 -20 -15 -21 -24 -18 -3 -2 -28 -29 -30
right_child=13 18 3 4 8 7 -8 -9 -10 -11 11 12 -14 14 15 16 24 -19 19 22 -22 -23 23 -25 -26 -27 27 28 29 -31
leaf_value=-0.035139494714550301 0.013265541628071047 -0.029736435747393861 -0.00080820186467227858 -0.002164149853096898 0.013952844491901763 -0.00077501218305171295 0.0071960193620216979 0.0014050526892521104 -0.030107535171984629 0.0057246837429123561 0.039408033837157942 -0.042569170827905858 -0.0012202256339179697 0.0056772219546711855 -0.032015521851667714 0.021270549597853568 -0.017719791512686659 -0.030845305489223776 0.021955657517302885 -0.024522951424687148 -0.021714026859061427 0.046561385066093842 -0.0082986885328595952 0.025679390193010763 0.0064088178970272344 -0.0093180658389132552 -0.044522713566534332 -0.00027701871852930352 -0.026360348985151143 0.01407773290839903
leaf_weight=17.650271266698837 10.083144083619116 32.307629257440567 2180.7162761390209 5388.627735465765 271.58184032142162 10572.949712984264 2526.0201354250312 27162.511985883117 13.876604631543158 473.84470888972282 15.902549088001249 16.038885682821274 4100.1325735449791 24.142514064908028 20.285011686384678 48.879292517900467 69.639254190027714 8.7685386240482313 49.69436126947403 30.080817922949791 11.587166652083395 12.627816990017889 39.02471736073494 13.831827133893965 27.299939870834351 167.56861825287342 15.368699997663496 42.143091678619385 65.886404678225517 8.0497532933950406
leaf_count=64 25 123 6064 15173 653 30886 6727 79284 52 1259 31 60 13661 63 78 113 252 31 115 104 39 24 118 31 95 526 59 117 276 19
internal_value=0.000564878 0.000614682 0.000665031 0.000839643 -0.000908651 0.00109298 0.0034875 0.000794145 0.0117029 -0.00152514 -0.00137853 -0.00122513 -0.00139237 -0.00689305 -0.000982299 -0.00564131 -0.00197765 0.0129015 -0.00707326 0.000827965 0.0134343 0.0206583 -0.00850007 0.000848915 -0.010898 -0.012765 -0.0156419 -0.0179654 -0.0140734 -0.0217885
internal_weight=53437.1 53083.9 52739.9 48590.1 6147.93 42442.2 4706.74 37735.5 285.458 5862.47 4149.72 4132.07 4116.17 353.173 211.642 174.872 154.587 57.6478 344.095 144.219 61.2815 36.7703 82.9374 52.8565 96.9392 199.876 141.531 131.448 116.079 73.9362
internal_count=156122 154970 153914 140098 17137 122961 12791 110170 705 16432 13816 13752 13721 1152 656 569 491 144 1056 407 154 87 253 149 347 649 496 471 412 295
is_linear=0
shrinkage=0.03


Tree=129
num_leaves=31
num_cat=0
split_feature=1 39 38 3 34 25 1 2 1 25 22 37 25 38 37 18 22 39 22 0 0 37 1 22 25 4 11 34 39 3
split_gain=21.6776 21.7987 165.457 67.3183 63.3381 60.5673 48.4186 36.1041 35.4217 35.2524 34.9174 31.9479 33.3435 28.8002 146.192 102.529 47.0453 43.788 59.6098 90.1984 48.351 156.838 44.1151 41.183 40.2215 29.0369 28.9254 27.7277 21.2915 20.2557
threshold=0.42717382311820989 2.5919841527938847 -0.060675319284200661 0.32360135018825537 3.5000000000000004 0.020399549044668678 -0.072887782007455812 -0.090535875409841524 0.18607878684997561 0.015629692003130916 0.29835888743400579 1.0000000180025095e-35 0.0031858241418376569 0.25004103779792791 1.0000000180025095e-35 584.60525512695324 0.78290840983390819 -0.65085834264755238 0.23720799386501315 -0.0087345754727721197 0.019087082706391815 1.0000000180025095e-35 -0.013985723722726105 0.14574666321277621 0.51175868511199962 0.17500000447034839 0.15080285817384723 1.0000000180025095e-35 2.8389308452606206 0.33221402764320379
decision_type=2 2 2 2 2 2 2 2 2 2 2 2 2 2 2 2 2 2 2 2 2 2 2 2 2 2 2 2 2 2
left_child=1 13 3 6 11 7 9 -6 -7 -3 -8 12 -4 17 23 25 -17 20 19 -19 22 -22 -1 -15 -20 -16 -25 -13 -5 -2
right_child=29 2 4 28 5 8 10 -9 -10 -11 -12 27 -14 14 15 16 -18 18 24 -21 21 -23 -24 26 -26 -27 -28 -29 -30 -31
leaf_value=-0.0014569991978691972 0.011464100306931457 -0.020093895966387127 0.014767334545518693 0.010804521594374677 0.042339545074784206 0.0036946247264306219 0.013054070360823665 -0.022965478524418197 0.030857346880369219 0.0041193691428182211 -0.030233592347188892 -0.0031198775481225448 -0.0094468143366816942 -0.026684228114365022 0.023613257697954887 0.0032498975680398819 -0.022839788587338098 0.0029304085519605725 0.0033529453898651874 -0.001727783663059289 0.0063191408320861647 -0.0025811891325472217 -0.015828760196997579 0.0042609264896782146 -0.0025083710624174836 0.011853140219195367 -0.010430967687331283 -0.028441520173073921 -0.01534965532454082 -0.010412395452009355
leaf_weight=11536.618823774159 43.3985495865345 70.376730181276798 52.328648969531059 33.459773018956184 7.2927869856357566 388.36863058805466 901.15848676860332 101.26194965839386 47.748356968164444 222.56213466078043 16.131032958626747 54.32616900652647 1293.0212133005261 88.768908657133579 330.66793518513441 433.73673191666603 71.585865497589111 6154.4959151297808 11989.731978558004 9537.1636917889118 3240.3502667695284 3956.0377403572202 194.54715127497911 199.20330327749252 1153.8830271065235 453.46219401061535 302.15323473513126 141.27596978098154 150.76643958687782 268.17625989764929
leaf_count=33965 145 251 186 82 14 1200 2406 404 113 663 60 215 4600 325 778 1163 239 17786 32768 29479 8448 11951 752 527 3321 1104 944 698 489 1046
internal_value=0.000547876 0.000594267 -0.0017004 0.0062957 -0.0070485 0.0017381 0.00886918 -0.0182044 0.00673919 -0.00173608 0.0122575 -0.0101553 -0.00849249 0.000755222 0.00439707 0.0100558 -0.000477948 0.000611755 0.0013477 9.91059e-05 -0.000509277 0.00142631 -0.00169692 -0.00795862 0.002838 0.01684 -0.00459062 -0.0214756 -0.0105506 -0.00732874
internal_weight=53434.1 53122.5 3480.08 1394.45 2085.62 544.672 1210.23 108.555 436.117 292.939 917.29 1540.95 1345.35 49642.4 1879.58 1289.45 505.323 47762.8 28835.3 15691.7 18927.6 7196.39 11731.2 590.125 13143.6 784.13 501.357 195.602 184.226 311.575
internal_count=156122 154931 11381 3951 7430 1731 3380 418 1313 914 2466 5699 4786 143550 5080 3284 1402 138470 83354 47265 55116 20399 34717 1796 36089 1882 1471 913 571 1191
is_linear=0
shrinkage=0.03


Tree=130
num_leaves=31
num_cat=0
split_feature=18 18 32 13 13 3 34 14 25 3 18 8 38 38 11 38 18 39 2 34 25 39 34 8 13 39 11 34 39 8
split_gain=21.4666 27.1205 37.9791 41.5547 80.9689 57.512 43.4232 28.8887 29.6362 28.5729 25.5071 30.6164 24.6837 43.1328 31.1718 24.0028 30.3886 36.7146 28.3944 47.7234 45.9788 22.8846 20.38 18.795 18.6496 27.9743 20.1133 19.2807 23.4182 23.7154
threshold=-21597.621093749996 -195.12712097167966 1.5000000000000002 -5.9986526966094962 4.0227215290069589 -0.030777338892221447 1.5000000000000002 -1.0000000180025095e-35 2.3127774000167851 0.11034229770302774 -2731.875854492187 0.0098178396001458185 -0.15239354968070981 -0.11895769834518431 0.40687033534049993 0.46719513833522802 90.231960296630874 2.5128192901611333 0.1323753893375397 3.5000000000000004 0.0053368019871413716 -3.1676408052444454 5.0000000000000009 0.034245733171701438 -6002.4047851562491 -0.11186686158180235 0.2107290402054787 2.5000000000000004 -0.038356278091669076 0.044989965856075294
decision_type=2 2 2 2 2 2 2 2 2 2 2 2 2 2 2 2 2 2 2 2 2 2 2 2 2 2 2 2 2 2
left_child=22 10 3 7 5 -5 -6 9 -9 -3 12 -12 14 23 -2 18 17 -17 19 -4 -20 -15 24 -14 25 26 -1 28 29 -26
right_child=1 2 15 4 6 -7 -8 8 -10 -11 11 -13 13 21 -16 16 -18 -19 20 -21 -22 -23 -24 -25 27 -27 -28 -29 -30 -31
leaf_value=0.027449536357172673 -0.0043409992311703918 -0.0045780137020679564 0.0030928804091755213 -0.00032115455941722525 -0.0017912262622340692 -0.0056959166666300529 0.001642895653369388 0.0019385463102693798 -0.022591753948592756 0.0024789983251511669 0.00069617302019969968 0.0045207487182914669 0.0096920791291212789 -0.010232807141231107 -0.038513219718672567 0.031096669700173329 -0.050935746674859429 -0.041693581693082203 -0.019492673790364446 -0.0056742707201202103 0.0069100833284417547 0.00069463763642696138 -0.020174308436650135 0.032632882375475299 -0.0096161788709978446 -0.0085223247847753068 -0.0064401401090416147 0.00045092344105657255 -0.0014198291449946672 -0.032022422379826283
leaf_weight=60.714439213275909 515.28313979506493 1372.3139524906874 2626.3633341267705 3060.9679508209229 5198.7274727672338 4324.8974428847432 9134.5187546461821 11001.325115486979 43.492503136396408 826.09639904648066 3267.5457175523043 4455.2418031394482 153.94940461218357 180.1879008859396 24.264117360115051 14.322446987032892 15.972284302115439 9.5133926346898061 60.555289387702942 708.63272298872471 1664.0468862727284 3586.1311210244894 61.75225555151701 40.46568600833416 199.53659096360207 55.716941699385643 20.54554395377636 443.45465250313282 240.29572759568691 53.90553180873394
leaf_count=143 1536 3921 7134 10953 14935 18512 25210 30374 144 2206 8735 11483 386 532 93 30 62 49 216 2070 4413 9621 290 83 606 170 63 1246 697 209
internal_value=0.000531537 0.000620254 0.000242745 -0.000109967 -0.000917652 -0.00346917 0.000397078 0.00121439 0.00183964 -0.00192492 0.00185719 0.00290324 6.11903e-05 0.000882346 -0.00595172 0.00266113 -0.0202499 0.00141473 0.00284595 0.00122796 0.00597052 0.000168474 -0.00354629 0.0146249 -0.00256971 0.00772532 0.0188704 -0.00408422 -0.00815624 -0.0145008
internal_weight=53420.7 52284.8 40061.7 34962.3 21719.1 7385.87 14333.2 13243.2 11044.8 2198.41 12223.1 7722.79 4500.28 3960.73 539.547 5099.41 39.8081 23.8358 5059.6 3335 1724.6 3766.32 1135.92 194.415 1074.17 136.977 81.26 937.193 493.738 253.442
internal_count=156122 152698 120229 106255 69610 29465 40145 36645 30518 6127 32469 20218 12251 10622 1629 13974 141 79 13833 9204 4629 10153 3424 469 3134 376 206 2758 1512 815
is_linear=0
shrinkage=0.03


Tree=131
num_leaves=31
num_cat=0
split_feature=1 7 3 14 32 3 0 34 39 1 13 4 22 39 37 3 22 2 25 3 25 22 39 39 39 7 7 2 3 22
split_gain=20.3422 22.8367 21.614 24.0927 21.3548 25.5086 22.0477 42.019 58.6597 44.6427 55.5198 48.4314 40.6772 28.7574 141.545 56.7664 44.3635 45.4222 39.2044 33.7775 28.1554 18.5546 18.4977 18.0196 42.3618 16.2716 19.5773 19.1614 16.4825 15.3324
threshold=0.42717382311820989 0.020522492937743667 0.33221402764320379 -1.0000000180025095e-35 36.000000000000007 -0.56221109628677357 0.19813038408756259 1.5000000000000002 2.2640569210052495 0.32956103980541235 29.017581939697269 0.72499999403953563 0.54286009073257457 2.0029824972152714 1.0000000180025095e-35 -0.054617863148450845 0.03792735934257508 0.0039428754243999728 0.059076029807329185 0.33221402764320379 0.064187813550233855 0.12778121232986453 3.6321082115173344 -2.048406600952148 -2.2387212514877315 0.018106864765286449 0.04491128213703633 0.008194657042622568 -0.044075772166252129 0.068345226347446456
decision_type=2 2 2 2 2 2 2 2 2 2 2 2 2 2 2 2 2 2 2 2 2 2 2 2 2 2 2 2 2 2
left_child=4 2 21 22 6 -6 13 8 12 11 -11 -9 -8 16 18 -16 17 -1 -15 -18 -10 29 -4 24 -5 -7 28 -28 -27 -2
right_child=1 -3 3 23 5 25 7 9 20 10 -12 -13 -14 14 15 -17 19 -19 -20 -21 -22 -23 -24 -25 -26 26 27 -29 -30 -31
leaf_value=0.00044493428230545339 0.021595399758863661 0.002974872410120742 -0.0056141782363233125 -0.033501850411553694 0.0211288441139151 0.0060910464612778407 0.0019655721072655186 0.0088674386424154508 -0.037229096007437346 -0.022142560387521583 0.010325251645376864 0.0019901664380494203 -0.0091239813848634308 -0.0021166143028375894 -0.030955179538629276 -0.0096658598473449171 0.00049541172025428792 -0.015126089022361851 0.0038923347558136507 0.006355045977920964 -0.0098822946264626853 0.039951608450810736 0.052923424463635883 -0.026328150425512988 0.061397029473369169 -0.00011444615183100511 -0.022493285694630456 0.01946970446203879 -0.019783131139805416 -0.032652924126629401
leaf_weight=345.87096574157476 7.4712236970663133 121.80494302511215 17.431350424885753 8.8347613513469678 80.973541259765625 594.01971586048603 2537.4024911820889 1549.5821277424693 39.474838346242905 123.08912287652493 75.789596140384674 2277.5035452246666 336.20372276008129 2312.1849550232291 133.37888753414154 720.02291415631771 38609.072325028479 327.20727859437466 1690.7538271844387 905.28608031570911 222.2585507184267 10.582863762974737 5.6189120560884467 123.13427350670099 6.4369215369224539 83.75896580517292 11.337417230010031 47.237442642450333 70.226569339632988 9.540892228484152
leaf_count=1384 37 332 61 58 188 1515 7253 4312 174 516 190 6033 1039 7605 620 2808 110947 1574 4950 2388 847 21 12 594 27 223 36 108 221 49
internal_value=0.000515646 -0.00712333 -0.0136268 -0.0178158 0.000560562 0.00517265 0.000481995 0.00202814 -0.000574994 0.00405579 -0.00976482 0.00477714 0.00066436 0.000236075 -0.00194412 -0.013029 0.000499652 -0.00713145 0.000421023 0.000629891 -0.0141442 0.0105439 0.0101379 -0.0225321 0.00762811 0.00354289 -0.0035593 0.011056 -0.00917366 -0.00878584
internal_weight=53403.5 310.856 189.051 161.456 53092.6 887.554 52205.1 7161.3 3135.34 4025.96 198.879 3827.09 2873.61 45043.8 4856.34 853.402 40187.4 673.078 4002.94 39514.4 261.733 27.595 23.0503 138.406 15.2717 806.58 212.56 58.5749 153.986 17.0121
internal_count=156122 1191 859 752 154931 2291 152640 20364 9313 11051 706 10345 8292 132276 15983 3428 116293 2958 12555 113335 1021 107 73 679 85 2103 588 144 444 86
is_linear=0
shrinkage=0.03


Tree=132
num_leaves=31
num_cat=0
split_feature=3 13 1 3 10 22 1 39 37 25 25 21 2 11 10 15 7 4 25 24 25 4 3 4 25 0 7 7 0 2
split_gain=20.0402 21.4603 19.7844 37.0776 39.1872 37.5032 33.3223 40.8229 32.602 19.3059 16.7987 16.2592 18.0108 20.1496 15.5358 17.667 15.9141 14.9129 18.0459 28.1324 21.0557 14.0106 13.9398 13.6337 16.7418 12.8525 16.1671 19.4648 12.4167 11.9466
threshold=0.50219044089317333 6852.1987304687509 -2.0966380834579463 -0.54288989305496205 1.0000000180025095e-35 0.16317402571439746 -1.1997525095939634 -2.6048306226730342 1.0000000180025095e-35 0.097530957311391844 0.012383065652102234 0.87500000000000011 0.15321649610996249 0.83084043860435497 0.44312556087970739 -0.41124127805232996 0.019061674363911155 19.125000000000004 0.068994522094726576 1.5000000000000002 0.079041358083486571 8.9249997138977069 0.52283591032028209 34.225000381469734 0.13654383271932605 0.45538336038589483 0.020522492937743667 0.038076454773545272 0.69770869612693798 0.59484964609146129
decision_type=2 2 2 2 2 2 2 2 2 2 2 2 2 2 2 2 2 2 2 2 2 2 2 2 2 2 2 2 2 2
left_child=1 2 17 4 5 -4 7 -5 -8 22 -6 -3 13 -13 15 -11 21 18 19 -1 -20 -17 25 24 -14 26 -2 -28 -24 -18
right_child=9 11 3 6 10 -7 8 -9 -10 14 -12 12 23 -15 -16 16 29 -19 20 -21 -22 -23 28 -25 -26 -27 27 -29 -30 -31
leaf_value=0.040327036552041978 0.01982431314363655 -0.012439493734757757 0.028170220803243315 0.034578988943009835 0.017121664553433204 0.0049195286550115158 0.0012678510469636139 -0.023017693475764104 -0.00030347844610290352 -0.017054914829952028 -0.0012084369018345814 0.021294621905552334 -0.024998569604800847 -0.021240707357501915 -0.028620054015719196 -0.0013880455739766922 0.017414924784462049 0.029463082408407497 0.023767130732776108 -0.021606528550575647 -0.0038521918494068795 -0.045091403037977359 -0.039725634287577131 0.031579227679871057 0.0027613465036753727 -0.037513918214061324 -0.054086072494656398 0.007668423568490278 0.0095114648766591852 -0.013799348547321101
leaf_weight=6.2049754858016959 18.297142252326012 199.49417155981064 63.033515721559525 11.610533624887465 45.471549645066261 2703.1030052900314 23370.832085140049 93.496042534708977 24171.228087447584 47.429024785757065 1407.7291104495525 49.642092883586884 40.221600592136383 11.573467940092085 18.40150873363018 113.40145802497864 73.63576702773571 10.815757200121878 24.736010283231735 85.138558402657509 704.46717315167189 6.0293627381324759 31.480466142296791 6.0996542870998374 36.521206945180893 9.1580415293574315 7.157246112823489 9.8714696019887906 4.8635718822479239 12.073551893234251
leaf_count=11 42 649 134 24 111 7143 67348 322 72261 152 4113 115 137 39 64 397 173 26 59 292 2070 23 142 14 102 49 29 26 17 38
internal_value=0.000500223 0.000547666 0.0005965 0.000670175 0.00336539 0.00546043 0.000431375 -0.0163611 0.000468907 -0.00662557 -0.000621434 -0.00691443 0.00074911 0.0129925 -0.0027452 -0.000742761 0.00307854 -0.00399152 -0.00447147 -0.0169757 -0.00287992 -0.00397538 -0.0194051 -0.00830928 -0.0118837 -0.0077685 0.000680678 -0.0196812 -0.0329781 0.0128749
internal_weight=53393.2 53041.4 52697.9 51866.5 4219.34 2766.14 47647.2 105.107 47542.1 351.799 1453.2 343.552 144.058 61.2156 270.971 252.569 205.14 831.362 820.547 91.3435 729.203 119.431 80.8279 82.8425 76.7428 44.4839 35.3259 17.0287 36.344 85.7093
internal_count=156122 154970 153914 151456 11501 7277 139955 346 139609 1152 4224 1056 407 154 847 783 631 2458 2432 303 2129 420 305 253 239 146 97 55 159 211
is_linear=0
shrinkage=0.03


Tree=133
num_leaves=31
num_cat=0
split_feature=18 3 37 9 2 1 0 0 38 13 13 32 13 21 38 7 2 38 7 1 21 39 22 0 0 2 0 38 22 38
split_gain=20.5311 32.2475 64.9736 71.8197 45.8124 40.1216 37.7358 39.7546 32.743 32.4967 32.0373 44.1931 79.0573 51.8027 35.6169 34.2119 29.0819 28.9823 50.5866 32.5324 30.8677 28.1075 65.0481 34.6337 27.9787 26.936 46.3449 26.7129 46.0712 43.6055
threshold=4110.9528808593759 -0.48262210190296168 1.0000000180025095e-35 1.0000000180025095e-35 0.15321649610996249 -0.55511116981506337 0.29532547295093542 0.25177924335002905 0.0084750740788877028 -95.470958709716783 -24.068349838256832 1.5000000000000002 25.143879890441898 1.0000000180025095e-35 0.0084750740788877028 0.10682213678956033 -0.39641630649566645 0.46719513833522802 0.06318987533450128 0.16162642836570743 0.52500000596046459 -1.4185332655906675 0.10586094483733179 -0.24191039055585858 0.56968316435813915 0.48750357329845434 0.41971938312053686 0.041344024240970619 0.33668439090251928 0.029842199757695202
decision_type=2 2 2 2 2 2 2 2 2 2 2 2 2 2 2 2 2 2 2 2 2 2 2 2 2 2 2 2 2 2
left_child=1 2 6 4 8 -5 7 16 -4 -6 15 12 13 -12 -14 21 -1 19 -19 27 -20 22 -3 -23 -8 26 -13 29 -29 -2
right_child=17 10 3 5 9 -7 24 -9 -10 -11 11 25 14 -15 -16 -17 -18 18 20 -21 -22 23 -24 -25 -26 -27 -28 28 -30 -31
leaf_value=-0.0074133936144960381 -0.0026135474759008816 0.011390436899520309 0.0052675207731370226 -0.0050377600619008851 -0.0080636104006589562 0.0077805308601932299 0.022185443569691626 -0.046390372346122088 0.016019977189711206 0.024592934372256191 -0.0047279552017642527 0.0028470481413157946 0.0025308463319941854 -0.00087553895810295768 -0.0010752620367506171 -0.016065390880985561 0.00064731895719897441 -0.037614832853841491 -0.027434120201016293 0.0090359452877212358 0.017898030929430497 0.0085916085332607122 -0.0020481497484269688 0.0020751517113217302 -0.018371682786365237 -0.010433528960040839 0.037183838530456266 0.0064387530956574873 -0.0058321849129293864 -0.023722992581520982
leaf_weight=514.4475716650486 2836.7355051040649 362.99922174215317 1204.0186480730772 627.49562823027372 30.292664006352425 336.88663139939308 98.519513189792633 16.589563086628914 323.68804982304573 241.52525918185711 4391.6513117775321 4080.6247172281146 7479.3249932378531 11040.72030364722 3674.5143320858479 96.253392741084099 1840.917886942625 52.498911753296852 19.357896447181702 268.17889982461929 39.201829999685287 802.36164934933186 2959.9632106125355 8577.9017678201199 17.226728796958923 134.7416422739625 34.711447715759277 768.41175004839897 427.72544211149216 89.963766574859619
leaf_count=1530 8160 932 3219 1936 87 870 218 62 781 528 16417 11147 19936 36434 10144 332 5041 195 71 675 102 2015 8236 22864 53 467 75 2030 1268 297
internal_value=0.000485214 0.000663792 0.00288464 0.00604966 0.00958833 -0.000553431 -0.0006316 -0.00145173 0.00755669 0.0209263 0.000396381 -0.000127252 -0.000581456 -0.00197227 0.00134259 0.00165805 -0.00111439 -0.00145298 -0.016521 -0.00106752 0.00265335 0.00179384 -0.000576236 0.00263373 0.0160179 0.00271277 0.00314636 -0.00172748 0.00204709 -0.00327134
internal_weight=53389.5 48887.4 5251.61 2763.91 1799.52 964.382 2487.7 2371.96 1527.71 271.818 43635.8 30836.3 26586.2 15432.4 11153.8 12799.5 2355.37 4502.07 111.059 4391.02 58.5597 12703.2 3322.96 9380.26 115.746 4250.08 4115.34 4122.84 1196.14 2926.7
internal_count=156122 143324 14325 7421 4615 2806 6904 6633 4000 615 128999 94620 82931 52851 30080 34379 6571 12798 368 12430 173 34047 9168 24879 271 11689 11222 11755 3298 8457
is_linear=0
shrinkage=0.03


Tree=134
num_leaves=31
num_cat=0
split_feature=18 18 32 13 13 3 34 14 25 3 18 22 8 13 38 38 38 11 39 13 38 20 34 22 32 25 13 39 11 34
split_gain=20.2305 24.4269 33.8335 37.7102 72.3562 53.6758 40.1549 27.5946 27.9555 26.7631 24.019 41.3241 28.7096 23.1796 22.6975 22.1274 41.7776 28.3916 21.6769 21.6647 38.6993 29.3811 19.0353 18.854 18.8628 17.8296 17.4035 26.4101 18.8922 17.878
threshold=-21597.621093749996 -195.12712097167966 1.5000000000000002 -5.9986526966094962 4.0227215290069589 -0.030777338892221447 1.5000000000000002 -1.0000000180025095e-35 2.3127774000167851 0.11034229770302774 -2731.875854492187 0.1117418445646763 0.0098178396001458185 -9.6263103485107404 0.38996547460556036 -0.15239354968070981 -0.11895769834518431 0.40687033534049993 -3.2374528646469112 12.859220981597902 0.46719513833522802 1.0000000180025095e-35 5.0000000000000009 0.095837797969579711 2.5000000000000004 0.31942477822303778 -6002.4047851562491 -0.11186686158180235 0.2107290402054787 2.5000000000000004
decision_type=2 2 2 2 2 2 2 2 2 2 2 2 2 2 2 2 2 2 2 2 2 2 2 2 2 2 2 2 2 2
left_child=22 10 3 7 5 -5 -6 9 -9 -3 11 -2 -12 14 18 17 -17 -13 -4 21 -21 -15 26 -14 -25 -24 27 28 -1 -28
right_child=1 2 13 4 6 -7 -8 8 -10 -11 12 15 23 19 -16 16 -18 -19 -20 20 -22 -23 25 24 -26 -27 29 -29 -30 -31
leaf_value=0.026518694598235595 0.012256084971967271 -0.0045088077837342286 -0.014357125832611556 -0.00027913062197241508 -0.0017668491214413702 -0.0054763705555083636 0.0015361976955902291 0.0018345997078009675 -0.02199664679826736 0.0023229462298141154 0.00060950511857305381 -0.0048805622518383798 -0.0029719797179786696 0.0035146032746671213 -0.040662182861594301 0.013887727075370513 -0.00060758050811836578 -0.037598853769453398 0.0005070121571995928 0.0012701814447990806 -0.048372840564486028 0.011305359202450705 -0.027753893582844604 0.0055120120644503263 -0.0012130406986545119 0.011472584745257202 -0.0079382961312812802 -0.0083989390620949327 -0.0063210009971648856 0.00035230900434239984
leaf_weight=60.793172672390938 233.27517710626125 1372.129147708416 94.527419283986092 3058.531459890306 5196.6537329405546 4310.4561096206307 9130.4817139953375 10996.317713722587 43.467304840683937 825.39948960393667 3265.7829117774963 496.55210228264332 297.08858069777489 1775.8131941258907 11.874010890722273 187.4246781617403 3556.3294348865747 24.15585421025753 1163.4756745100021 1455.6763032823801 13.269578307867048 577.98333437740803 48.658801555633545 3736.4102835804224 416.12326917052269 12.476562820374964 493.18345394730568 55.695054084062576 20.535581186413765 443.36802491545677
leaf_count=143 564 3921 291 10953 14935 18512 25210 30374 144 2206 8735 1491 823 5056 45 454 9649 93 3135 3875 51 1521 238 9537 1123 52 1512 170 63 1246
internal_value=0.000470779 0.000556936 0.000198491 -0.000134475 -0.000904445 -0.00331997 0.000337887 0.00112726 0.00173851 -0.00194152 0.00173131 -1.05457e-05 0.00274699 0.00248268 -0.00102652 -0.000684976 0.000120816 -0.00647329 -0.000618025 0.00364915 0.000787092 0.00543291 -0.00349003 0.00431462 0.00483725 -0.0196444 -0.00254989 0.00739271 0.0182141 -0.00401409
internal_weight=53373.9 52239.2 40026.1 34933.4 21696.1 7368.99 14327.1 13237.3 11039.8 2197.53 12213.1 4497.74 7715.41 5092.62 1269.88 4264.46 3743.75 520.708 1258 3822.74 1468.95 2353.8 1134.71 4449.62 4152.53 61.1354 1073.58 137.024 81.3288 936.551
internal_count=156122 152698 120229 106255 69610 29465 40145 36645 30518 6127 32469 12251 20218 13974 3471 11687 10103 1584 3426 10503 3926 6577 3424 11483 10660 290 3134 376 206 2758
is_linear=0
shrinkage=0.03


Tree=135
num_leaves=31
num_cat=0
split_feature=18 22 11 2 1 21 21 3 3 38 22 2 39 38 39 39 34 3 10 37 3 2 22 38 37 1 39 1 1 34
split_gain=19.9035 28.0378 27.8489 27.6459 23.8983 23.6782 55.249 61.7903 64.9053 55.1534 53.7915 51.9596 50.4359 42.2204 78.5729 46.147 74.2532 39.3125 38.0754 68.9089 37.6772 33.7291 31.3958 55.734 34.4329 33.3424 49.6168 42.1941 29.2685 60.7104
threshold=12210.582519531252 0.14835633337497714 0.68607258796691906 0.11018319800496103 -0.29129342734813685 1.0000000180025095e-35 0.67499998211860668 -0.02519365772604942 0.023858382366597656 0.044121520593762405 0.14441259205341342 0.18865291774272921 -1.6091020107269285 -0.12108700349926947 1.7332520484924319 2.3672324419021611 3.5000000000000004 0.33221402764320379 0.19151081144809726 1.0000000180025095e-35 -0.048494335263967507 0.0072633591480553159 0.47543820738792425 -0.11653684079647063 1.0000000180025095e-35 0.044588342308998115 3.3821078538894658 0.11320831999182702 -0.47186537086963648 5.0000000000000009
decision_type=2 2 2 2 2 2 2 2 2 2 2 2 2 2 2 2 2 2 2 2 2 2 2 2 2 2 2 2 2 2
left_child=5 3 4 -2 -3 13 22 9 11 21 -11 -9 -10 14 18 28 -17 -16 19 -1 -18 -8 25 -24 -25 26 -7 -27 29 -15
right_child=1 2 -4 -5 -6 6 7 8 12 10 -12 -13 -14 15 17 16 20 -19 -20 -21 -22 -23 23 24 -26 27 -28 -29 -30 -31
leaf_value=0.007070601883660271 -0.005602710057671911 -0.034499878353854534 -0.0024034567507179505 0.017838846732549627 -0.0085097422429831013 0.0043221249313740214 -0.0031896435122619007 -0.0038903792468767996 -0.0059690878202211398 0.011103829400958097 0.0026483366537839682 -0.017372785232353027 0.00076456102346119921 0.0031987029961883361 0.019209693301572611 -0.012510962467498362 -0.046100036578842402 0.0016913422195938639 0.010782942292562093 -0.012287173108358539 0.0086204809538950617 0.0011233096550034842 -0.016828656040586715 -0.0058856749193497929 0.0046644465377732617 -0.0036346807921150475 -0.010285135427774391 0.0052110697991890938 -0.0016942143355668476 -0.014631618201629939
leaf_weight=276.04881122708321 74.160614162683487 42.090709581971169 1664.920946970582 113.14278168976307 128.16317547857761 8503.8004090487957 1979.7575845867395 2933.0083541199565 1148.3536490052938 859.71254894137383 3188.2248998805881 281.35725995898247 7759.8814073204994 2542.8440068215132 351.17654421925545 710.83882883191109 10.859304338693617 172.28789909183979 185.69278627634048 409.95441576093435 250.30265167355537 9261.6233678013086 187.16783805936575 442.16232053935528 747.706931874156 1279.0231989324093 213.52291843295097 780.6387562379241 6676.8728412613273 183.28878229856491
leaf_count=731 216 164 4869 267 402 23523 5928 9901 3477 2278 8718 1024 22312 7050 918 2767 51 494 505 1473 816 25874 619 1292 2004 3676 709 2122 21367 575
internal_value=0.000456692 -0.00246144 -0.00359211 0.00856104 -0.0151166 0.000571761 0.000923196 0.00017658 -0.00142282 0.00144492 0.00444718 -0.00507648 -0.000103704 -0.000609329 0.00428806 -0.00126854 -0.00748833 0.0134638 -0.00122777 -0.00449425 0.00616655 0.000363258 0.0026067 -0.00165643 0.000739791 0.00315181 0.00396285 -0.000279668 -0.000624541 0.00199387
internal_weight=53358.6 2022.48 1835.17 187.303 170.254 51336.1 39565.9 27411.9 12122.6 15289.3 4047.94 3214.37 8908.24 11770.2 1395.16 10375 972.001 523.464 871.696 686.003 261.162 11241.4 12154 1377.04 1189.87 10777 8717.32 2059.66 9403.01 2726.13
internal_count=156122 5918 5435 483 566 150204 113457 79512 36714 42798 10996 10925 25789 36747 4121 32626 3634 1412 2709 2204 867 31802 33945 3915 3296 30030 24232 5798 28992 7625
is_linear=0
shrinkage=0.03


Tree=136
num_leaves=31
num_cat=0
split_feature=18 22 3 37 34 22 5 22 1 20 25 1 37 38 38 5 39 5 2 38 5 22 32 38 22 38 22 38 32 34
split_gain=19.1537 36.7382 34.318 72.3625 84.313 57.1856 49.6294 48.2562 46.3372 38.3699 35.3 34.0262 32.7721 426.655 421.791 185.982 149.275 123.308 119.785 106.935 97.344 99.1482 67.8108 45.3978 42.2577 35.6206 35.0995 30.6763 27.6563 26.4292
threshold=1890.8955078125002 1.6639117002487185 -0.48262210190296168 1.0000000180025095e-35 5.0000000000000009 0.34345689415931707 3.9250000715255742 0.71461024880409252 -2.0966380834579463 1.0000000180025095e-35 0.26702308654785162 0.18607878684997561 1.0000000180025095e-35 -0.010448761284351347 -0.020158102735877034 1.0000000180025095e-35 2.0029824972152714 0.37500000000000006 0.11018319800496103 0.061397297307848937 1.0000000180025095e-35 0.71461024880409252 2.5000000000000004 0.09988033771514894 0.14835633337497714 -0.25075136125087732 0.18855514377355578 0.27354964613914495 34.500000000000007 3.5000000000000004
decision_type=2 2 2 2 2 2 2 2 2 2 2 2 2 2 2 2 2 2 2 2 2 2 2 2 2 2 2 2 2 2
left_child=2 11 3 9 6 10 7 -5 -8 -1 -6 29 14 15 20 22 18 19 -15 -16 21 -4 -14 -19 -18 -22 -17 -13 -7 -2
right_child=1 -3 12 4 5 28 8 -9 -10 -11 -12 27 13 16 17 26 24 23 -20 -21 25 -23 -24 -25 -26 -27 -28 -29 -30 -31
leaf_value=0.00094838937030281565 -2.2696710293121609e-05 -0.015627675550278903 0.010726221198769417 0.019125333491925234 0.0031536177064669627 -0.017575179044475774 -0.016795764081306352 0.0065830526427469015 0.0059271020370999924 -0.0092082399547624982 0.047972290462474927 0.010276192748929644 -0.013607508658821928 0.0056494560645813895 -0.0024970715114166525 -0.0062752545020657285 -0.0069881945760667712 0.002180923977578754 3.3990594766000812e-05 -0.011067597400743024 0.011490822192151676 -0.044283672332502008 -0.00024508460195962707 -0.0034507918214007308 -0.024946259666414707 0.0023859167706742398 7.1888477882576691e-05 -0.031179374419856288 0.014489576863155194 -0.004373674951555646
leaf_weight=1914.3481875807047 4578.0775061398745 150.97985346615314 3746.9465902596712 576.25799626111984 71.246300458908081 234.84320262074471 86.421214371919632 534.04625058174133 1057.9714516550303 404.60008783638477 19.454416260123253 338.19257353246212 2777.6843589991331 7470.099093824625 4359.7251329421997 1157.9960759729147 341.2732772231102 5106.3611196130514 6305.173211582005 1873.5492546632886 437.71032631397247 28.736706390976906 390.30473648756742 1721.5501651912928 180.76878698915243 3290.2935244292021 2421.4422567561269 15.876056388020514 26.121660143136978 1731.502753213048
leaf_count=5248 12673 493 10529 1346 200 830 290 1421 2786 1207 35 841 10816 21233 14477 3362 1292 13460 18413 6818 1065 117 1136 4809 768 8612 6704 61 70 5010
internal_value=0.000442987 -0.00104216 0.000660557 0.00302834 0.00645744 -0.00718506 0.00858884 0.0131067 0.00419535 -0.000825608 0.0132178 -0.000708951 0.000380146 -0.000452018 0.00123185 -0.00666951 0.0024823 -0.00202448 0.00307957 -0.00507498 0.00689987 0.0102951 -0.0119628 0.000760239 -0.0132481 0.00345854 -0.00198184 0.00832634 -0.0143111 -0.00121769
internal_weight=53349.6 6814.63 46534.9 4925.31 2606.36 351.666 2254.7 1110.3 1144.39 2318.95 90.7007 6663.65 41609.6 21044.7 20564.9 6747.43 14297.3 13061.2 13775.3 6233.27 7503.69 3775.68 3167.99 6827.91 522.042 3728 3579.44 354.069 260.965 6309.58
internal_count=156122 19078 137044 13433 6978 1135 5843 2767 3076 6455 235 18585 123611 63724 59887 22018 41706 39564 39646 21295 20323 10646 11952 18269 2060 9677 10066 902 900 17683
is_linear=0
shrinkage=0.03


Tree=137
num_leaves=31
num_cat=0
split_feature=18 18 32 25 25 8 1 3 20 39 18 22 8 2 34 34 25 25 32 22 7 25 34 1 20 4 2 20 15 37
split_gain=19.2132 21.9531 31.7551 30.4335 52.6315 39.0828 32.8534 26.5294 33.5576 29.923 22.5538 38.693 27.411 22.0764 44.45 66.1307 63.1068 40.0316 36.8025 33.2633 18.2852 35.8431 18.0638 21.6878 17.7588 24.3504 20.2531 17.5703 30.0557 16.8739
threshold=-21597.621093749996 -195.12712097167966 1.5000000000000002 0.56018424034118663 0.38515484333038336 0.0026188051560893659 -2.0966380834579463 -0.20669730007648465 1.0000000180025095e-35 1.1332170367240908 -2731.875854492187 0.1117418445646763 0.015060928650200369 0.1323753893375397 3.5000000000000004 1.5000000000000002 0.14866711199283603 0.0053368019871413716 26.000000000000004 0.15203841775655749 0.072311177849769606 0.12449669092893602 2.5000000000000004 0.036827724426984794 -1.0000000180025095e-35 18.774999618530277 0.0072633591480553159 1.0000000180025095e-35 -0.60356390476226796 1.0000000180025095e-35
decision_type=2 2 2 2 2 2 2 2 2 2 2 2 2 2 2 2 2 2 2 2 2 2 2 2 2 2 2 2 2 2
left_child=20 10 3 4 6 -6 -3 9 -9 -5 11 -2 29 14 15 -4 -16 19 -19 -15 22 -22 -1 27 25 -23 -27 28 -24 -12
right_child=1 2 13 7 5 -7 -8 8 -10 -11 12 -13 -14 17 16 -17 -18 18 -20 -21 21 24 23 -25 -26 26 -28 -29 -30 -31
leaf_value=-0.005654573064937227 0.011825235080656193 -0.010141663827681967 -0.0027502009686666538 -0.0046707143534121948 0.0096759256940590968 0.00044847809809779663 -0.00016204878018509481 -0.019475219311202514 0.011351451275978974 0.012220466191108602 0.0027315512396411099 -0.0007127758183775282 0.0046896001424592271 0.0098745524130307797 -0.0099738126407457189 0.0068474955366035553 0.013028800585151722 0.0092782930227506832 -6.056008697213065e-06 -0.035157434232800114 -0.027121694434444316 -0.027305010330178875 0.012642671493891595 -0.019784120447043585 -0.010343095408999955 0.058289733271176883 0.0097674372050508707 -0.0090484436828046251 -0.0078017369776737745 -0.00099338246590998606
leaf_weight=467.92543615400791 232.65958321094513 298.70259746909142 1125.8035601079464 808.58678455650806 856.64270468056202 798.58354766666889 31810.934872351587 185.12220649421215 37.505334869027138 105.80771316587925 2453.2863483726978 4262.7456603497267 3282.2123353779316 22.837633103132248 577.2174230068922 1513.0687413141131 130.80505441129208 1086.978758238256 593.06423473358154 38.558205395936966 79.628677144646645 10.738774284720419 255.92179946601391 34.284088134765625 87.802754081785679 9.3355469852685911 34.09636415541172 68.384391218423843 85.556337162852287 1973.2801483869553
leaf_count=1377 564 927 3189 2439 2446 2177 97237 665 100 264 6410 11687 8445 70 1734 3999 336 2871 1626 149 331 40 642 109 340 17 100 212 256 5363
internal_value=0.000429781 0.00051378 0.000173793 -0.000148935 1.36088e-05 0.0052288 -0.000255291 -0.00497423 -0.014241 -0.00270169 0.00162748 -6.07186e-05 0.00261223 0.00238764 0.000960566 0.00275227 -0.00570753 0.0051265 0.00600103 -0.0184688 -0.00343193 -0.0111434 -0.00154486 0.00278111 -0.0020337 0.0113236 0.0213418 0.0047195 0.0075038 0.00107052
internal_weight=53328.1 52194.4 39990.2 34901.9 33764.9 1655.23 32109.6 1137.02 222.628 914.394 12204.2 4495.41 7708.78 5088.33 3346.89 2638.87 708.022 1741.44 1680.04 61.3958 1133.67 221.602 912.072 444.147 141.973 54.1707 43.4319 409.863 341.478 4426.57
internal_count=156122 152698 120229 106255 102787 4623 98164 3468 765 2703 32469 12251 20218 13974 9258 7188 2070 4716 4497 219 3424 828 2596 1219 497 157 117 1110 898 11773
is_linear=0
shrinkage=0.03


Tree=138
num_leaves=31
num_cat=0
split_feature=3 13 0 25 0 3 4 2 3 0 38 9 39 22 38 25 1 38 0 21 10 4 25 10 15 38 8 13 4 3
split_gain=19.0502 19.2094 18.9859 46.3894 34.9888 47.1569 42.6145 26.2883 25.7374 40.5147 38.1148 25.1835 23.7856 34.665 29.2835 18.3054 17.2868 15.3597 15.1399 23.1404 15.8216 23.4344 15.3338 14.8265 16.4881 19.9586 15.5591 14.5669 13.7238 13.1199
threshold=0.50219044089317333 6852.1987304687509 0.19813038408756259 0.17858509719371798 0.34655277431011206 -0.5266982614994048 2.6250000000000004 0.49629384279251104 0.33221402764320379 0.10869370028376581 0.16218557953834536 0.035529257729649551 -1.3688838481903074 0.28371083736419683 0.10419692471623422 0.097530957311391844 -0.41528221964836115 0.01706885360181332 0.056827731430530555 0.27500000596046453 0.1589094549417496 37.074998855590827 0.18765258044004443 0.44312556087970739 -0.41124127805232996 0.41852222383022314 0.0656147636473179 9.4291944503784197 40.024999618530281 0.52283591032028209
decision_type=2 2 2 2 2 2 2 2 2 2 2 2 2 2 2 2 2 2 2 2 2 2 2 2 2 2 2 2 2 2
left_child=1 2 7 4 6 -6 -4 8 9 -1 -10 16 13 -5 -14 29 -9 -13 19 -3 -20 22 -22 24 25 27 28 -17 -26 -2
right_child=15 18 3 12 5 -7 -8 11 10 -11 -12 17 14 -15 -16 23 -18 -19 20 -21 21 -23 -24 -25 26 -27 -28 -29 -30 -31
leaf_value=0.00054231970374253818 -0.0077146725555755791 -0.024191321405868965 0.0096402375026132716 -0.020970625870342045 0.022944326651605954 -0.0004820515058290625 0.0021489965597998317 0.0001964429130587241 0.0067693319843110051 -0.0023773786350141262 -0.013117472676188981 0.0063545955360174858 0.0010788901106387686 -0.0023744649369607526 -0.012036660003049003 -0.0049302654424766956 -0.0271223486021499 -0.01549279492131672 -0.021840243767804694 0.0079207720585825619 -0.016274535678381427 0.033674790499284929 0.0060400777120718195 -0.028064968450046034 0.001626890219120532 0.032094256680039832 0.028515668667955775 -0.040497682557712349 -0.046834518188098757 -0.032261753558110284
leaf_weight=39369.807063013315 44.276860140264034 24.102408111095428 1373.821792922914 123.62104524672031 79.904224932193756 1749.2709540128708 1362.9498543292284 27.634904712438583 957.3787084966898 4797.5616537332535 94.352982193231583 88.715610399842262 1985.3083752691746 329.64388403296471 165.01486686617136 20.174342945218086 81.063715025782585 41.751469224691391 80.857878848910332 102.15963558852673 83.507543563842773 11.768668979406355 40.358024224638939 18.365506500005722 181.89185558259487 5.69581414759159 18.328151434659958 21.524789690971375 4.414372816681861 36.052378192543983
leaf_count=115495 146 95 3765 401 175 5337 3592 77 2522 14298 305 234 5763 942 596 59 281 131 272 277 273 26 113 64 575 12 38 81 18 159
internal_value=0.000416924 0.000463174 0.000509389 0.00194415 0.00376626 0.000551626 0.00591274 0.000283 0.000335633 0.000225061 0.00497163 -0.00961573 -0.00125039 -0.00748789 6.58869e-05 -0.00654133 -0.0202112 -0.00067875 -0.00660497 0.00162534 -0.0114042 -0.00504656 -0.00898979 -0.00276376 -0.000804567 -0.0165658 0.00289407 -0.0238786 0.000218708 -0.0190297
internal_weight=53321.3 52970.6 52627.8 7169.53 4565.95 1829.18 2736.77 45458.3 45219.1 44167.4 1051.73 239.166 2603.59 453.265 2150.32 350.724 108.699 130.467 342.754 126.262 216.492 135.634 123.866 270.395 252.029 47.3949 204.634 41.6991 186.306 80.3292
internal_count=156122 154970 153914 20571 12869 5512 7357 133343 132620 129793 2827 723 7702 1343 6359 1152 358 365 1056 372 684 412 386 847 783 152 631 140 593 305
is_linear=0
shrinkage=0.03


Tree=139
num_leaves=31
num_cat=0
split_feature=1 7 22 25 18 1 22 3 37 4 2 2 20 13 13 24 39 7 24 0 11 20 25 3 4 13 3 22 14 39
split_gain=18.5816 20.6956 20.8477 21.8154 18.7941 37.5014 31.787 30.1234 70.4931 54.6098 45.775 37.1938 34.5436 30.0821 38.038 41.044 33.9141 32.9799 28.0212 27.4161 25.0183 23.5306 21.1329 17.4991 17.357 15.7934 15.4319 16.743 16.3717 14.9557
threshold=0.42717382311820989 0.020522492937743667 0.27113288640975958 0.46991825103759771 1890.8955078125002 0.18607878684997561 1.6639117002487185 -0.48262210190296168 1.0000000180025095e-35 3.9250000715255742 0.15321649610996249 -0.63216698169708241 1.0000000180025095e-35 -24.068349838256832 23.859191894531254 2.5000000000000004 -2.6841640472412105 0.10064420104026796 1.5000000000000002 -0.1606313809752464 0.7474043369293214 1.0000000180025095e-35 0.087627924978733077 0.39195969700813299 8.6250000000000018 -1053.7983398437498 0.33221402764320379 0.12778121232986453 -1.0000000180025095e-35 -0.60839763283729542
decision_type=2 2 2 2 2 2 2 2 2 2 2 2 2 2 2 2 2 2 2 2 2 2 2 2 2 2 2 2 2 2
left_child=4 2 3 26 7 6 20 8 12 10 -10 -11 19 17 15 -15 -16 18 -9 -1 25 -22 -14 29 -8 -6 27 -2 -28 -7
right_child=1 -3 -4 -5 5 23 24 13 9 11 -12 -13 22 14 16 -17 -18 -19 -20 -21 21 -23 -24 -25 -26 -27 28 -29 -30 -31
leaf_value=0.0042456895582184927 -0.0083209716930073372 0.0026915766286132207 -0.031684132946311033 0.056072270017743196 -0.011228343604426309 -0.00088004931648197598 -0.010637888725494902 0.0061093756339610774 0.0084444901102270938 -0.01012062656071621 0.025101857403600162 0.0040834910075758842 -0.018838778901743947 -0.0026907953356573762 -0.0034886871322882163 0.00022434434574933394 0.0017947120663060845 -0.014686140606077222 0.0013237709333893631 -0.002952385304555868 -0.0012211911859484246 0.0039768497087616884 -0.0041353487865539293 0.0023483957757453491 -0.039067783439257806 -0.0031586806816430069 0.016630910684054378 0.038073537154785113 -0.018580688691232257 0.021998245272513647
leaf_weight=982.80493518710136 16.880636349320415 121.33030639588833 41.560634106397629 3.6861165165901175 272.98363964259624 32.924206301569939 128.4547775387764 1228.7132490128279 1101.284377977252 193.17319652438164 171.4508555829525 1137.1668072044849 129.40972743928432 7404.8278227224946 1222.5959118455648 10519.330926008523 10260.08461561799 108.90286796540022 10590.982709690928 921.75945067405701 3968.2708113342524 975.56860676407814 275.21487794816494 159.21119096875191 22.261004194617271 1091.9543016552925 12.566447272896765 10.555866405367849 101.73417060822248 111.40635924041271
leaf_count=2647 86 332 178 6 866 90 404 3217 2851 644 373 3110 414 27001 3417 32605 27528 375 28438 2582 11050 2655 793 423 89 3112 38 21 530 247
internal_value=0.000404338 -0.00692673 -0.0131649 -0.00767159 0.000447162 -0.00102971 -0.00151492 0.000663215 0.00288407 0.0062681 0.0107087 0.00201266 -0.000930407 0.000399155 -0.000116209 -0.000979874 0.00123166 0.0016698 0.00182199 0.000760714 -0.00118788 -0.000194257 -0.00888014 0.00925695 -0.0150866 -0.00478182 -0.0097316 0.0101345 -0.0145728 0.0167885
internal_weight=53319.1 308.314 186.984 145.423 53010.7 6763.03 6459.49 46247.7 4912.26 2603.08 1272.74 1330.34 2309.19 41335.4 29406.8 17924.2 11482.7 11928.6 11819.7 1904.56 6308.78 4943.84 404.625 303.542 150.716 1364.94 141.737 27.4365 114.301 144.331
internal_count=156122 1191 859 681 154931 18936 18176 135995 13414 6978 3224 3754 6436 122581 90551 59606 30945 32030 31655 5229 17683 13705 1207 760 493 3978 675 107 568 337
is_linear=0
shrinkage=0.03


Tree=140
num_leaves=31
num_cat=0
split_feature=14 25 3 3 1 7 25 38 1 9 38 22 0 0 9 38 0 38 34 0 34 34 25 5 34 0 1 0 21 22
split_gain=18.4781 28.1731 32.8856 38.3948 39.6202 31.0456 28.9959 58.1144 54.5503 38.6528 38.2883 30.1282 51.2033 32.8216 52.063 29.8545 29.0472 28.3037 28.0262 25.1232 27.2367 25.2539 24.0645 22.9552 23.8769 21.3161 20.883 27.589 41.99 40.905
threshold=1.0000000180025095e-35 0.56018424034118663 -0.20669730007648465 -0.088734172284603105 -0.66720768809318531 0.0039075426757335672 0.26702308654785162 0.00096289673820137988 0.32956103980541235 0.14768913388252261 0.011413567233830692 1.6639117002487185 -0.10441021248698233 -0.71387699246406544 0.020993712358176712 0.25004103779792791 -0.1866907253861427 -0.0090529145672917349 3.5000000000000004 -0.39264848828315729 1.5000000000000002 3.5000000000000004 0.34000520408153539 3.1250000000000004 1.0000000180025095e-35 0.26051557064056402 -0.25469008088111872 -0.37554858624935145 0.075000001117587103 0.22801489382982257
decision_type=2 2 2 2 2 2 2 2 2 2 2 2 2 2 2 2 2 2 2 2 2 2 2 2 2 2 2 2 2 2
left_child=1 6 17 5 -5 -4 11 8 9 -8 -9 13 16 14 -1 -15 -13 -3 -12 20 -19 -21 -10 26 -25 -6 27 29 -29 -2
right_child=23 2 3 4 25 -7 7 10 22 -11 18 12 -14 15 -16 -17 -18 19 -20 21 -22 -23 -24 24 -26 -27 -28 28 -30 -31
leaf_value=0.0090181079752866527 0.046882086687246832 0.0060945306722259181 -0.039496346814958234 0.037158648625158039 -0.0016946015273552816 -0.010167358716835108 0.0068054655698834262 -0.022374679241712186 -0.019647024690212785 2.611632074594188e-05 -0.0033058434898435738 -0.0078789451091444539 -0.038268009538708535 -0.00022136234877445592 -0.0071643348908263498 0.0040870003630475906 0.027058451008150193 -0.0043114100381315109 0.0074280830251986056 -0.00025416258419724266 -0.022678358817044136 -0.04831361025154722 -0.00036167341740569548 -0.0055744444504580827 0.0012334173925764107 -0.028300706443648928 0.0054585271004285504 -0.014446353777137197 0.0012584992157311935 0.004896286772860311
leaf_weight=795.77004862576723 21.375108554959297 317.92266578227282 64.491693511605263 18.515897870063782 109.14679969847202 67.0010986328125 2884.7731247395277 82.007543623447418 114.32346246391535 1027.2530904561281 1263.6984476968646 178.0186516046524 46.875683546066284 36391.563872650266 229.72835330665112 1506.4760117903352 23.318916529417038 194.56339149177074 263.66734264791012 677.51266665756702 116.0832305252552 8.9881981909275037 118.35869564116001 549.91580231487751 2925.6281969994307 35.242126643657684 2093.8259389325976 198.66011534631252 657.12700134515762 326.12641245126724
leaf_count=2058 37 893 297 45 307 198 7757 282 437 2826 3767 546 173 109092 741 4231 50 597 706 1895 384 40 413 1574 7837 130 5567 615 1770 857
internal_value=0.000392292 0.000179122 -0.0037194 -0.0127666 -0.00297214 -0.0247642 0.000318933 0.00230731 0.004186 0.00502651 -0.00252872 2.67253e-05 -0.0103708 9.33718e-05 0.00538661 -4.99192e-05 -0.00370394 -0.00168361 -0.00144725 -0.00417015 -0.0112352 -0.000957117 -0.00989349 0.0018563 0.000154091 -0.00835918 0.00364913 0.000496217 -0.00239629 0.00761459
internal_weight=53308 46535.3 1609.47 294.398 162.905 131.493 44925.8 5754.08 4144.71 3912.03 1609.37 39171.8 248.213 38923.5 1025.5 37898 201.338 1315.07 1527.37 997.147 310.647 686.501 232.682 6772.66 3475.54 144.389 3297.11 1203.29 855.787 347.502
internal_count=156122 137865 4786 977 482 495 133079 16188 11433 10583 4755 116891 769 116122 2799 113323 596 3809 4473 2916 981 1935 850 18257 9411 437 8846 3279 2385 894
is_linear=0
shrinkage=0.03


Tree=141
num_leaves=31
num_cat=0
split_feature=32 1 4 39 34 13 1 13 18 11 13 13 18 7 3 38 3 4 3 7 22 3 38 13 21 0 22 0 3 1
split_gain=18.4287 25.6695 19.317 18.5801 27.3737 20.4484 23.2473 21.7331 18.3795 22.3017 24.9569 76.3659 28.2375 23.8278 20.7267 18.4982 18.0984 17.7051 16.2801 18.8349 21.4791 23.005 19.1189 18.0665 16.0057 23.76 15.9425 14.7311 14.4114 16.0702
threshold=36.000000000000007 -0.21026664227247235 9.9249997138977069 4.6300053596496591 1.5000000000000002 -21.880207061767575 0.30807675421237951 2.1102946996688847 -14524.911132812498 0.33367912471294409 -1.2792892423564917e-13 2.2844450635361224e-14 152.08521270751956 0.0084834275767207163 -0.38283309340476984 -0.5810565948486327 0.30019310116767889 6.8250000476837167 0.2495195269584656 0.04491128213703633 0.34345689415931707 0.19774176180362704 -0.0047625824809074393 139.69853973388675 0.92499998211860668 -0.0026009379653260107 0.31661190092563635 -0.035209236666560166 -1.0000000180025095e-35 -0.019877299666404721
decision_type=2 2 2 2 2 2 2 2 2 2 2 2 2 2 2 2 2 2 2 2 2 2 2 2 2 2 2 2 2 2
left_child=3 2 -2 8 5 6 27 -7 15 13 12 -12 -11 14 -10 -1 -9 -15 19 20 22 -22 -3 -20 -4 -26 28 -5 -6 -30
right_child=1 18 24 4 26 7 -8 16 9 10 11 -13 -14 17 -16 -17 -18 -19 23 -21 21 -23 -24 -25 25 -27 -28 -29 29 -31
leaf_value=-0.032231975573328145 0.015548892578252921 0.0086288387509151077 -0.023077180183462956 0.018461345470413081 -0.035339822050986625 -0.030846229185690393 0.037888483345905062 0.020980977488429375 -0.0090320835346549867 0.0018488400215586447 -0.0049685344459751363 0.00014818533483734408 -0.00066912345007762674 0.003927795791237006 -0.0001104304221063407 -0.0024310440798176731 -0.01764630753161165 0.0012331793046590515 -0.005408498267813238 0.024291691694447365 -0.056308092224640394 0.022101574105845359 -0.0032133147229841219 -0.046349854542282881 0.024287878546180572 -0.051000619539656365 -0.038373812710586895 -0.041719979768812802 0.042775305691275946 0.005917531900523746
leaf_weight=17.993469081819057 237.32022579014301 237.18562653660774 22.624687895178795 5.3131562471389762 5.2325266599655142 75.560728393495083 11.646031796932219 15.421954825520514 265.77158008515835 11226.071587890387 3056.1369103938341 18572.463972903788 6231.3302818834782 3588.5239142477512 1935.2485193610191 1621.0268555954099 31.528172761201859 5663.2708890736103 57.130689591169357 33.735396534204483 10.177056804299353 4.1144181191921225 251.79923439025879 10.841399833559988 20.462344646453861 3.5920779556035987 6.0250900834798804 8.0310026854276675 11.903173789381979 65.46879169344902
leaf_count=103 564 590 74 12 30 378 22 39 770 32408 14405 53640 17235 9259 5244 4765 117 15121 171 73 41 9 687 42 44 15 23 30 22 189
internal_value=0.000380476 0.0046615 0.012086 0.000307721 -0.0080703 -0.0159537 0.00842299 -0.0209784 0.000345848 0.000447317 0.000106089 -0.000574868 0.000949907 0.00161149 -0.00119269 -0.00277949 -0.00472269 0.00227898 0.00115705 0.0029189 0.00143497 -0.0335692 0.00253057 -0.0125594 -0.00541359 0.0113384 0.0050478 -0.0179323 0.00867193 0.0120996
internal_weight=53303 888.983 283.999 52414 236.131 147.501 24.9902 122.511 52177.8 50538.8 39086 21628.6 17457.4 11452.8 2201.02 1639.02 46.9501 9251.79 604.984 537.012 503.276 14.2915 488.985 67.9721 46.6791 24.0544 88.6296 13.3442 82.6045 77.372
internal_count=156122 2310 697 153812 862 598 64 534 152950 148082 117688 68045 49643 30394 6014 4868 156 24380 1613 1400 1327 50 1277 213 133 59 264 42 241 211
is_linear=0
shrinkage=0.03


Tree=142
num_leaves=31
num_cat=0
split_feature=3 13 0 25 0 1 4 2 25 0 32 9 39 22 8 25 25 22 25 1 1 21 2 12 3 2 20 12 21 21
split_gain=17.5779 17.8858 18.1375 43.469 32.6954 46.9744 40.2542 24.4292 24.4685 42.7357 24.1755 23.9076 22.4985 32.5671 23.0393 17.7829 22.2863 19.2321 23.4094 16.5105 15.1122 14.5273 16.2119 19.147 13.9043 13.4774 12.801 11.8683 11.6918 16.4677
threshold=0.50219044089317333 6852.1987304687509 0.19813038408756259 0.17858509719371798 0.34655277431011206 -0.082889650017023073 2.6250000000000004 0.49629384279251104 1.0000000180025095e-35 0.16459556668996814 39.000000000000007 0.035529257729649551 -1.3688838481903074 0.28371083736419683 0.024686595425009731 0.18320684880018237 0.21237712353467944 0.17850334197282794 0.23051296919584277 -0.41528221964836115 0.38577878475189215 0.87500000000000011 0.15321649610996249 0.66239246726036083 -1.1692110896110532 0.52279484272003185 -1.0000000180025095e-35 0.26539641618728643 0.62500000000000011 0.27500000596046453
decision_type=2 2 2 2 2 2 2 2 2 2 2 2 2 2 2 2 2 2 2 2 2 2 2 2 2 2 2 2 2 2
left_child=1 2 7 4 6 -6 -4 8 9 -1 -10 19 13 -5 -14 -2 20 27 -19 -9 -17 28 23 -23 -13 -20 -24 -18 29 -3
right_child=15 21 3 12 5 -7 -8 11 10 -11 -12 24 14 -15 -16 16 17 18 25 -21 -22 22 26 -25 -26 -27 -28 -29 -30 -31
leaf_value=-0.0026499988811305958 -0.014571812580306799 -0.017921385348414032 0.0093242237621999641 -0.020360213088426664 0.010050092850830398 -0.0019067740891573403 0.0020411805038346078 0.00031167683311553645 0.00032720196148624712 -0.036931505160703766 0.0057770391566472875 0.027817050984081916 -0.0014669827969289186 -0.0023393619292411765 0.0064093969503506857 0.0054807149511037611 -0.0379954599871428 -0.043543212548056258 0.015235479637121161 -0.026392212547013513 0.045488083372267861 0.020561287745013139 -0.02309630474230873 -0.02092315966653735 -0.0039402815593566733 -0.004497524956278991 0.0011366048509632778 -0.0028219708070123814 -0.020265854886111528 0.0045950063904948643
leaf_weight=1546.7810825929046 139.84207025170326 51.560933634638786 1373.1149687021971 123.72073800861835 369.88610365986824 1457.4714115187526 1362.0043295174837 27.608809947967529 42872.972959399223 32.462649188935757 744.4015321880579 12.85513201355934 1734.5365358218551 329.54390151798725 412.95747521519661 24.104733154177666 21.702576868236065 9.3404807299375516 50.757599726319313 81.009711086750031 12.590990677475927 49.561079084873199 29.934765607118607 11.557390242815016 117.50800015032291 77.094323873519897 52.805090710520744 14.521547734737394 82.16843569278717 64.835029289126396
leaf_count=5609 496 184 3765 401 960 4552 3592 77 124859 248 1904 27 5299 942 1060 63 109 39 134 281 24 115 104 39 338 245 149 42 281 184
internal_value=0.000369035 0.000413442 0.000458042 0.00186102 0.00362534 0.000516017 0.00570066 0.000236751 0.000287498 -0.00337951 0.000420411 -0.00930924 -0.00123316 -0.00729883 4.85063e-05 -0.0063223 -0.000774532 -0.00530531 -9.36163e-05 -0.0196363 0.0201301 -0.00641016 0.000832102 0.0124578 -0.00059793 0.0033707 -0.007766 -0.0244303 -0.01165 -0.00542142
internal_weight=53291.2 52941.3 52598.8 7163.24 4562.48 1827.36 2735.12 45435.6 45196.6 1579.24 43617.4 238.982 2600.76 453.265 2147.49 349.954 210.112 173.417 137.192 108.619 36.6957 342.423 143.858 61.1185 130.363 127.852 82.7399 36.2241 198.564 116.396
internal_count=156122 154970 153914 20571 12869 5512 7357 133343 132620 5857 126763 723 7702 1343 6359 1152 656 569 418 358 87 1056 407 154 365 379 253 151 649 368
is_linear=0
shrinkage=0.03


Tree=143
num_leaves=31
num_cat=0
split_feature=39 34 25 37 22 22 13 22 1 1 34 2 25 13 32 0 13 24 22 0 2 0 1 34 13 24 39 10 10 2
split_gain=17.3931 103.033 72.5107 59.3166 62.5653 59.2 66.8929 56.4141 84.2076 38.6906 36.1248 63.2078 37.6776 28.1968 26.4712 27.3997 23.4102 23.2432 21.8421 47.4228 36.4575 33.0075 40.3972 34.9931 53.4965 42.1372 31.6671 21.7336 37.8254 29.5161
threshold=2.5919841527938847 3.5000000000000004 0.016054593957960609 1.0000000180025095e-35 0.086122523993253722 0.30105899274349218 10.717291831970217 0.082231082022190108 0.28502383828163153 -0.24371362477540967 1.5000000000000002 0.1747064217925072 0.21542383730411532 -126.99626159667967 2.5000000000000004 -0.00058302262914367009 49.417419433593757 1.0000000180025095e-35 0.032162964344024665 0.011879791971296074 0.075017541646957411 0.0069870294537395248 -0.0015572123811580239 2.5000000000000004 -3.3666577339172359 1.5000000000000002 0.96189081668853771 0.20840908586978915 0.26854497194290167 0.79851639270782482
decision_type=2 2 2 2 2 2 2 2 2 2 2 2 2 2 2 2 2 2 2 2 2 2 2 2 2 2 2 2 2 2
left_child=18 3 17 4 7 6 9 8 -2 -4 12 -12 -6 -5 -15 -16 -9 -3 19 21 -21 23 26 25 -25 -1 -23 29 -29 -20
right_child=1 2 5 13 10 -7 -8 16 -10 -11 11 -13 -14 14 15 -17 -18 -19 27 20 -22 22 -24 24 -26 -27 -28 28 -30 -31
leaf_value=-0.002985944824814196 0.005131064993628906 0.045819034743164809 -0.035577168571273569 0.010552044560440867 -0.0089599260152431522 -0.036698697764508695 -0.001983826127684159 0.033033716590800212 -0.031156588267241884 0.017473552332331152 -0.0084201394449519261 0.0090370055291391412 -0.030126836930872838 -0.028423002756534668 -0.032205066139482631 0.010315123722233885 -0.0096747551223263558 -0.014755254006952916 0.00092577773459665664 -0.029658601197188703 -0.0025694783092954643 0.079911456071357301 -0.039422467942331674 -0.030371064988557985 0.013546922207124796 -0.034526390178662367 0.004443210154130438 -0.005655076756101848 2.1616029801936968e-05 -0.0087288584637269951
leaf_weight=170.38479222357273 489.57653279602528 4.9475680738687506 11.700965404510496 25.518210604786873 678.8267906755209 23.172670394182205 253.42935086786747 74.848898306488991 64.199384294450283 588.26838590949774 528.23807839304209 287.3146061450243 84.722777113318443 164.78430993855 20.046047978103161 37.729353256523609 13.04227654635906 150.77691373229027 40534.153327129781 102.45423218607903 79.568120513111353 12.156443461775785 4.7968582659959784 28.179866969585419 171.91827306896448 48.295979648828506 8.4167084991931898 1239.8871888369322 7099.3081137537956 285.96014583110809
leaf_count=676 1548 23 60 66 2351 98 708 187 323 1591 1776 790 361 914 77 104 39 545 117543 562 394 37 23 116 717 229 35 3609 19691 929
internal_value=0.000357908 -0.00168544 0.0062682 -0.00501349 -0.00345311 0.00962189 0.0109246 0.00443854 0.000870243 0.0163765 -0.00666255 -0.00226288 -0.0113488 -0.0188999 -0.0223224 -0.00468378 0.0266249 -0.0125315 0.000501697 -0.00506103 -0.0179122 0.000227325 0.0327897 -0.0018116 0.00722675 -0.0100908 0.0508127 0.000572716 -0.000822622 0.000857858
internal_weight=53286.6 3501.14 1032.3 2468.85 2220.77 876.571 853.399 641.667 553.776 599.969 1579.1 815.553 763.55 248.078 222.56 57.7754 87.8912 155.724 49785.5 626.171 182.022 444.149 25.37 418.779 200.098 218.681 20.5732 49159.3 8339.2 40820.1
internal_count=156122 11561 3025 8536 7375 2457 2359 2097 1871 1651 5278 2566 2712 1161 1095 181 226 568 144561 2789 956 1833 95 1738 833 905 72 141772 23300 118472
is_linear=0
shrinkage=0.03


Tree=144
num_leaves=31
num_cat=0
split_feature=18 1 32 32 2 14 13 38 39 32 37 8 8 34 25 39 18 18 3 11 22 34 3 1 39 22 22 2 39 20
split_gain=17.8455 19.9139 22.802 22.9125 22.7124 18.3058 26.9484 52.9393 141.313 57.6896 66.1252 48.9392 48.6044 39.5892 62.6676 32.9016 28.4336 28.4141 27.9437 21.8142 21.0327 20.5416 37.7274 64.0017 36.8077 41.6917 36.5102 25.6261 43.1987 48.5112
threshold=57039.814453125007 -0.14627219736576078 29.000000000000004 2.5000000000000004 -0.39641630649566645 1.0000000180025095e-35 -42.796157836914055 0.25897155702114111 1.3611495494842532 1.5000000000000002 1.0000000180025095e-35 1.0000000180025095e-35 0.0035340399481356148 5.0000000000000009 0.045057814568281181 3.7446330785751347 180.22222137451175 -1102.336975097656 0.30019310116767889 0.94368529319763195 0.39112585783004766 1.0000000180025095e-35 -0.13522697985172269 -0.11971811205148696 0.81932663917541515 0.2488934323191643 0.10165798291563989 0.051080279052257545 -0.5658757984638213 1.0000000180025095e-35
decision_type=2 2 2 2 2 2 2 2 2 2 2 2 2 2 2 2 2 2 2 2 2 2 2 2 2 2 2 2 2 2
left_child=5 4 3 -3 -2 6 13 9 12 10 -8 -10 -9 16 20 -11 17 -1 -18 -16 -15 22 23 -7 25 -24 -26 28 29 -23
right_child=1 2 -4 -5 -6 21 7 8 11 15 -12 -13 -14 14 19 -17 18 -19 -20 -21 -22 27 24 -25 26 -27 -28 -29 -30 -31
leaf_value=0.00064985475926602749 0.013165843272544603 -0.001680356228020453 -0.040881221568680452 0.028757413904799366 -0.018796245324250789 -0.0012113285824852935 0.00043474052682752938 0.020421809613441821 -0.024799603968742191 0.0021802385129578734 -0.002520003653947972 0.00071641768077347493 0.0061048572523054291 0.01128607316902022 -0.016217309860503442 0.015746257460482783 -0.0012487443028730814 0.0041157530330732254 0.0066445492623279489 0.0062571858618613698 -0.01691945227943847 -0.0073357277635030778 0.0061157704728813734 0.023099960721681804 -0.0035896281908570963 -0.014542920465025068 -0.034643366886408761 0.0047343984484238648 0.0038954564077859927 0.0059142587085239517
leaf_weight=3725.9265869557858 22.582203015685081 205.01458449661732 10.96093203127384 23.944750085473061 136.14458066225052 602.79386208951473 13799.867109797895 350.20139443129301 145.03594276309013 4149.331950686872 13466.392921552062 125.52090592682362 549.54703837633133 168.15355086326599 330.77082208544016 166.52752647548914 3694.4831940233707 4974.0387388318777 452.10790985822678 43.288688257336617 26.705514624714851 879.60255271196365 200.33016280829906 115.19522403180599 61.053038865327835 155.01206195354462 77.532674938440323 2684.605592623353 1592.2125066965818 345.46103689074516
leaf_count=10119 70 599 40 50 468 1677 41802 854 680 11395 43495 346 1415 434 1159 428 10272 13044 1158 114 95 2544 528 255 184 469 284 6982 4234 928
internal_value=0.000347036 -0.0059681 -0.000488995 0.00160102 -0.0141762 0.000394812 0.00018187 -0.000281932 0.00598067 -0.000514276 -0.00102449 -0.0129917 0.0116971 0.00131435 -0.00642195 0.0027079 0.00165767 0.00263201 -0.000386011 -0.0135987 0.00733853 0.00185843 -0.00167468 0.00271174 -0.00804959 -0.00290334 -0.0211081 0.00263738 0.000637088 -0.00359508
internal_weight=53280.3 398.647 239.92 228.959 158.727 52881.7 46167.9 32752.4 1170.31 31582.1 27266.3 270.557 899.748 13415.5 568.919 4315.86 12846.6 8699.97 4146.59 374.06 194.859 6713.8 1211.92 717.989 493.928 355.342 138.586 5501.88 2817.28 1225.06
internal_count=156122 1227 689 649 538 154895 136810 100415 3295 97120 85297 1026 2269 36395 1802 11823 34593 23163 11430 1273 529 18085 3397 1932 1465 997 468 14688 7706 3472
is_linear=0
shrinkage=0.03


Tree=145
num_leaves=31
num_cat=0
split_feature=18 18 8 32 13 13 0 34 14 2 34 22 34 13 2 38 2 1 25 38 34 38 38 38 9 25 7 25 8 34
split_gain=16.9876 30.0238 29.8119 28.0065 32.5004 86.7524 54.4628 39.6276 25.2029 33.6128 24.9292 29.9659 24.2534 22.0686 37.7057 44.78 28.3719 24.1758 34.5404 24.7027 19.7689 28.8072 47.8424 47.2933 23.7919 38.7151 29.9766 19.0671 18.2518 17.6989
threshold=-6884.7631835937491 -195.12712097167966 0.015060928650200369 1.5000000000000002 -2.0756864547729488 0.26420179009437567 -0.58575236797332753 1.5000000000000002 -1.0000000180025095e-35 0.034024320542812354 5.0000000000000009 0.13887352496385577 1.0000000180025095e-35 -10.408123493194578 -0.081538569182157503 0.1233099363744259 -0.068420287221670137 -0.10182456672191618 0.030818765051662925 0.28561809659004217 3.5000000000000004 -0.15239354968070981 -0.068353645503520952 -0.46407985687255854 0.68974739313125621 0.10284297540783884 0.038402790203690536 0.56018424034118663 0.01395499147474766 5.0000000000000009
decision_type=2 2 2 2 2 2 2 2 2 2 2 2 2 2 2 2 2 2 2 2 2 2 2 2 2 2 2 2 2 2
left_child=10 2 28 4 8 6 -6 -7 12 -10 11 27 -3 17 15 -15 -16 18 -5 -19 21 23 -23 -13 25 -22 -26 -1 -2 -4
right_child=1 3 29 13 5 7 -8 -9 9 -11 -12 20 -14 14 16 -17 -18 19 -20 -21 24 22 -24 -25 26 -27 -28 -29 -30 -31
leaf_value=0.012097924320246449 0.00084273215864585796 0.0039257530602203553 0.004132905467949817 -0.017128054574883662 0.015271546783502911 -0.0019169144384885697 -0.0051914287077399991 0.001213802961108289 -0.00029127769136776165 0.0028524403075518628 -0.013562900262461661 0.017274299540718619 -0.0035729455459855993 0.0078985466546976826 -0.021648543058202022 0.036921018799968494 0.0026662465619259812 0.0041537751333249979 -0.0012929432278077247 -0.042097036211645622 -0.0049011983741283774 0.0092044739462352494 -0.0041553895716338338 -0.016375766085633379 0.0023150560960458057 0.010515317564794678 -0.032686434652575314 -0.027637666070241759 -0.0071998491941213383 -0.0048294203490672717
leaf_weight=192.66705916821957 5349.2357597500086 490.90494979918003 4358.2671405375004 162.23810492455959 119.24482414126396 5728.8693272694945 4395.8536097407341 9969.2557646483183 5642.6224091202021 6684.7591058760881 153.32678915560246 42.622518718242645 1836.9070963189006 294.82040049135685 42.725042700767517 56.478370785713196 3438.0887528508902 556.25030697882175 518.31105387210846 9.5863548219203931 240.4599432349205 287.18576435744762 1478.257745012641 273.99203605949879 53.310852408409119 372.01005746424198 36.205992758274078 10.541904747486113 265.56679716706276 206.6475800126791
leaf_count=468 14256 1308 11273 505 381 16713 20225 27901 16208 18299 618 114 5220 770 138 114 9537 1453 1421 36 698 741 4227 907 142 948 126 35 748 592
internal_value=0.000336705 0.000470864 0.00192523 0.000100133 -0.000202961 -0.000982891 -0.00464707 7.10394e-05 0.000872547 0.00141331 -0.00180311 -0.00119417 -0.00198927 0.00218136 0.00330921 0.0126646 0.0023608 -0.00128377 -0.00509192 0.00329202 -0.00200804 -0.00347612 -0.00197645 -0.0117962 0.00234069 0.00445967 -0.0120132 0.00989662 0.000460589 0.00372557
internal_weight=53267.2 50126.6 10179.7 39946.9 34868.4 20213.2 4515.1 15698.1 14655.2 12327.4 3140.58 2987.25 2327.81 5078.5 3832.11 351.299 3480.81 1246.39 680.549 565.837 2784.04 2082.06 1765.44 316.615 701.987 612.47 89.5168 203.209 5614.8 4564.91
internal_count=156122 147098 26869 120229 106255 65220 20606 44614 41035 34507 9024 8406 6528 13974 10559 884 9675 3415 1926 1489 7903 5989 4968 1021 1914 1646 268 503 15004 11865
is_linear=0
shrinkage=0.03


Tree=146
num_leaves=31
num_cat=0
split_feature=39 38 3 34 39 1 22 22 3 2 22 3 1 1 13 22 3 14 38 22 38 3 32 39 13 39 22 7 39 1
split_gain=16.3063 139.95 55.9022 51.6301 48.1193 41.1781 37.4931 34.1027 32.7413 33.0656 32.5876 30.7606 30.0365 62.5718 45.6152 32.1407 35.7064 27.428 27.5771 26.0454 25.5869 42.3733 43.4864 31.0677 32.9227 25.0459 53.6727 57.7372 24.0573 23.9822
threshold=2.5919841527938847 -0.060675319284200661 0.32360135018825537 3.5000000000000004 3.2463170289993291 -0.072887782007455812 0.17973219603300097 0.075792770832777037 -0.048494335263967507 0.22029172629117968 0.29835888743400579 0.18633116781711581 -0.081088017672300325 1.0000000180025095e-35 -2.7688212394714351 0.24175697565078738 -0.13235414028167722 -1.0000000180025095e-35 0.091680668294429793 0.24345445632934573 -0.3176251351833343 -0.11804576963186263 23.000000000000004 -3.1289612054824825 1337.3590087890627 -4.3183376789093009 0.82951739430427562 0.050003895536065109 -3.8140647411346431 -0.27016919851303095
decision_type=2 2 2 2 2 2 2 2 2 2 2 2 2 2 2 2 2 2 2 2 2 2 2 2 2 2 2 2 2 2
left_child=20 2 5 12 6 8 7 -5 -2 -10 11 -7 15 14 -14 16 -3 -6 -19 -17 21 22 28 -23 -25 26 -22 -28 29 -1
right_child=1 3 -4 4 17 10 -8 -9 9 -11 -12 -13 13 -15 -16 19 -18 18 -20 -21 25 23 -24 24 -26 -27 27 -29 -30 -31
leaf_value=-0.0022827637646400784 -0.019924714259055783 0.021248617292503102 -0.0085719370160015941 -0.021108212267872451 -0.014549829602368617 0.0085327515802000407 -0.027672483402490108 0.0050350743509355094 0.0073565162519165887 -0.033221933323079204 -0.029804104430273971 0.020938082371693267 0.01423894027748265 -0.013518642896688002 -0.0051320038879317728 0.033741926848898499 -0.02518431056209534 0.0073571306216149799 0.030368652520499986 -0.0096307735620409039 0.010067502483831642 -0.032477960436280325 0.013593392967926577 0.0082778590293512023 -0.016054926909844905 0.00046291536002340838 0.0013741837413842562 -0.031260387991869455 -0.018919930557000451 -0.048183396044322944
leaf_weight=178.77735605090857 66.982009246945381 15.025634020566939 211.29720851778984 58.360097624361515 31.297404110431671 643.58455134183168 59.990667805075645 183.27867330610752 206.06560996174812 18.795123219490051 16.105725064873695 251.2596016228199 161.95090708136559 541.90483298897743 331.82665605098009 12.215446323156355 253.64708985388279 140.48507100343704 70.446987956762314 218.54951747506857 669.77703787386417 20.379317939281464 60.617410212755203 334.27145295590162 57.810139670968056 47847.235919315368 245.84646639227867 59.80436709523201 273.65390984714031 9.892384469509123
leaf_count=566 243 38 667 257 100 1826 221 535 599 72 60 580 435 2157 1332 36 1032 430 193 748 1758 91 174 882 184 138959 689 218 1001 39
internal_value=0.000326652 -0.00165423 0.00562326 -0.00660603 0.00133036 0.0081245 -0.00665134 -0.00132761 -0.0016694 0.00381939 0.0112639 0.0120388 -0.00941871 -0.00648912 0.00123122 -0.0154627 -0.0225072 0.0112682 0.0151637 -0.00718623 0.000465802 -0.00444604 -0.01011 0.00273492 0.00465078 0.00056006 0.00531682 -0.00508251 -0.013247 -0.00494661
internal_weight=53251.1 3493.07 1414.09 2078.98 543.859 1202.79 301.629 241.639 291.843 224.861 910.95 894.844 1535.12 1035.68 493.778 499.438 268.673 242.229 210.932 230.765 49758.1 935.402 522.941 412.461 392.082 48822.7 975.428 305.651 462.324 188.67
internal_count=156122 11561 4047 7514 1736 3380 1013 792 914 671 2466 2406 5778 3924 1767 1854 1070 723 623 784 144561 2937 1780 1157 1066 141624 2665 907 1606 605
is_linear=0
shrinkage=0.03


Tree=147
num_leaves=31
num_cat=0
split_feature=18 1 2 32 32 21 21 3 3 38 0 2 1 38 0 1 34 3 0 3 38 24 22 38 0 38 3 3 10 7
split_gain=16.7545 18.7051 21.5994 21.5507 21.6493 18.1077 60.0317 51.3328 56.9927 52.1383 62.396 50.6078 47.1286 39.7515 40.0977 66.8665 89.3542 45.1214 68.1425 42.8704 41.8827 35.2084 34.1294 51.1191 35.0502 33.8208 26.9813 22.352 31.9134 33.2846
threshold=57039.814453125007 -0.14627219736576078 -0.39641630649566645 29.000000000000004 2.5000000000000004 1.0000000180025095e-35 0.67499998211860668 -0.02519365772604942 0.023858382366597656 0.044121520593762405 0.078410957008600249 0.18865291774272921 -0.11426400393247603 -0.10537589341402052 -0.37554858624935145 -1.6806861758232114 5.0000000000000009 0.28459081053733831 0.34655277431011206 0.053179517388343818 0.053693344816565521 2.5000000000000004 0.47543820738792425 -0.11653684079647063 -0.15327625721693036 -0.17337249219417569 0.26981152594089514 -0.083185125142335878 0.14775525778532031 0.087978370487689986
decision_type=2 2 2 2 2 2 2 2 2 2 2 2 2 2 2 2 2 2 2 2 2 2 2 2 2 2 2 2 2 2
left_child=5 2 -2 4 -3 13 22 9 11 21 -11 -9 -10 27 15 20 -17 19 -19 -16 -15 -8 24 -24 25 -7 -25 28 -1 -30
right_child=1 3 -4 -5 -6 6 7 8 12 10 -12 -13 -14 14 17 16 -18 18 -20 -21 -22 -23 23 26 -26 -27 -28 -29 29 -31
leaf_value=-0.0053509309866271873 0.012855490106743929 -0.0016470218805174721 -0.018292252892640845 -0.0397204103538892 0.027981786577262718 -0.006731360637920159 -0.0027931901059333867 -0.0037705839547874814 0.002751685087448922 0.0053978435952360525 -0.0048333414673226186 -0.016888419653143031 -0.0018138320888083509 -0.0028244882064352942 -0.0018532628582517993 0.0079488013652647734 -0.014669306439713132 0.010238890497767135 -0.0019660072573781293 -0.0072372097266144098 -0.02506573344310457 0.0009764379642527648 -0.016211535281853727 0.0021546520437867437 0.0021691791993235024 0.0077363756945079375 -0.01014343455430591 0.0062453914931322298 0.0053554909081643502 0.048796448820742112
leaf_weight=433.38445150852203 22.626633033156395 205.00391773879528 135.77385871112347 10.98662520945072 23.865467444062233 157.10019501298666 3017.5389413759112 2979.6826891452074 3009.676127359271 3613.9763109907508 628.85227934271097 289.86235401779413 6276.8147979304194 632.27514842152596 3861.2367449477315 1438.3952987641096 175.46260802447796 572.01464324444532 1460.9928926378489 2032.9189202263951 85.789691239595413 8534.474578499794 194.6466094404459 1055.2213427349925 9149.0566476583481 1815.0349027812481 188.32396383583546 1063.2078697159886 162.99705563485622 16.672779694199562
leaf_count=1391 70 599 468 40 50 506 9129 10054 8269 9779 1798 1055 18657 1817 12581 3831 554 1567 4861 6816 305 23682 648 2902 25762 4764 566 3084 479 38
internal_value=0.000316764 -0.00580528 -0.0137714 -0.000496672 0.00153777 0.000363066 0.000663052 -0.00010175 -0.00153353 0.00103627 0.00387994 -0.00493927 -0.000333725 -0.000664897 -0.00136501 0.00209169 0.00548029 -0.00238238 0.00146988 -0.00371163 -0.00551706 -8.13569e-06 0.00238958 -0.00195689 0.00295206 0.00657953 0.000283151 0.00361642 -0.000940809 0.00965105
internal_weight=53243.9 398.257 158.4 239.856 228.869 52845.6 40910.3 28350.9 12556 15794.8 4242.83 3269.55 9286.49 11935.3 10259.1 2331.92 1613.86 7927.16 2033.01 5894.16 718.065 11552 12559.4 1438.19 11121.2 1972.14 1243.55 1676.26 613.054 179.67
internal_count=156122 1227 538 689 649 154895 117571 82423 38035 44388 11577 11109 26926 37324 32332 6507 4385 25825 6428 19397 2122 32811 35148 4116 31032 5270 3468 4992 1908 517
is_linear=0
shrinkage=0.03


Tree=148
num_leaves=31
num_cat=0
split_feature=0 1 21 21 3 3 13 13 39 1 21 10 24 13 25 39 0 32 7 7 39 25 39 1 13 13 1 25 0 39
split_gain=16.0015 37.2895 17.6091 55.185 47.3817 55.111 51.9335 44.7983 39.6104 75.5102 40.5826 38.48 47.9964 40.7201 34.6931 34.3304 32.5856 35.3757 31.1468 30.43 29.5234 29.3633 28.9562 27.9888 26.1357 37.7121 37.6948 24.4735 21.6546 21.3312
threshold=0.7145574986934663 -0.082889650017023073 0.67499998211860668 1.0000000180025095e-35 -0.02519365772604942 0.023858382366597656 171.15384674072268 -76.561855316162095 -1.6091020107269285 -0.015589792747050522 0.87500000000000011 0.030643546022474769 2.5000000000000004 -30.853226661682125 0.032997325062751777 3.2463170289993291 0.12223807349801065 8.5000000000000018 0.0054907626472413549 0.16734264791011813 -2.7685331106185909 0.64781439304351818 4.1420598030090341 0.044588342308998115 -1.0000000180025095e-35 -1.2792892423564917e-13 0.053406966850161559 0.034305082634091384 -0.33300346136093134 1.3611495494842532
decision_type=2 2 2 2 2 2 2 2 2 2 2 2 2 2 2 2 2 2 2 2 2 2 2 2 2 2 2 2 2 2
left_child=2 -2 3 7 11 6 14 19 10 -10 -7 12 13 -4 -6 -14 29 -18 -8 -1 21 28 23 -22 25 -9 -26 -24 -5 -13
right_child=1 -3 4 20 5 8 18 24 9 -11 -12 16 15 -15 -16 -17 17 -19 -20 -21 22 -23 27 -25 26 -27 -28 -29 -30 -31
leaf_value=0.0031976195207557056 0.014724681916137634 -0.010051440737172124 0.0046351275007757344 -0.010257968811422991 -0.010459167722502338 0.0047479948593626611 0.021113566781440191 -0.0024370151036778379 0.0021036738858477184 -0.0045270188640657147 -0.0085094154852429597 -0.0011777931761178223 0.0029172087318474647 -0.0033047332073343704 -0.0036681566699097072 0.026719266699455811 -0.016501140295049198 0.0081766066229982965 0.00080272685580633056 0.047510166409871851 0.0037156564034985817 0.046282095056304776 -0.039141430319142204 -7.9702151709430476e-05 -0.0023526053028009477 -0.013272971274751584 0.0023767705488985423 -0.0049976158737061339 -0.00045459572086166069 0.0087108631702262872
leaf_weight=2035.7083537131548 65.01399053633213 317.13087217509747 775.20679335296154 252.02928523719311 1131.5557019785047 268.20583280920982 82.103372231125832 3356.7901974767447 6009.9474085047841 2079.7022532448173 909.8757221698761 4136.4997414946556 8144.1408651769161 2312.9810423851013 1693.0126765146852 53.954710155725479 230.93481713533401 66.641806274652481 375.15232288837433 13.060682415962217 8981.4711922183633 10.246833875775335 22.819759860634804 2169.5052184984088 3284.5264244228601 315.61060076951981 2816.2621425688267 94.768152385950089 1025.6177667602897 205.06633602082729
leaf_count=5498 158 1044 2034 797 4565 728 187 10363 16844 6479 2832 11604 22195 7416 5385 139 729 167 1018 25 24916 20 103 6041 10715 1537 8798 302 2965 518
internal_value=0.000307271 -0.00580104 0.000351602 0.000943412 -0.000154977 -0.00153356 -0.00487383 -0.000527386 -0.000350009 0.000398323 -0.00548718 0.000931216 0.00187673 -0.00130982 -0.00639252 0.00307746 -0.00136832 -0.0109557 0.00449434 0.00350461 0.00232835 -0.00197203 0.00282024 0.00297703 -0.0013732 -0.00337245 -0.000168895 -0.0119232 -0.00239727 -0.00070813
internal_weight=53235.5 382.145 52853.4 24378.4 28475 12549.6 3281.82 11822 9267.73 8089.65 1178.08 15925.4 11286.3 3088.19 2824.57 8198.1 4639.14 297.577 457.256 2048.77 12556.5 1287.89 11268.6 11151 9773.19 3672.4 6100.79 117.588 1277.65 4341.57
internal_count=156122 1202 154920 72080 82840 38038 11155 36936 26883 23323 3560 44802 31784 9450 9950 22334 13018 896 1205 5523 35144 3782 31362 30957 31413 11900 19513 405 3762 12122
is_linear=0
shrinkage=0.03


Tree=149
num_leaves=31
num_cat=0
split_feature=18 18 8 5 37 38 0 34 37 39 23 25 7 25 22 39 3 38 25 3 22 22 39 39 38 38 20 39 2 10
split_gain=16.1638 27.241 28.3304 30.6044 28.9152 23.7305 20.8688 41.6199 57.4233 53.0491 42.1121 42.4213 42.3996 41.8452 32.9012 48.8536 44.741 82.218 56.376 24.2611 20.3368 18.5896 18.3654 27.3927 17.3622 31.2403 25.6584 21.2219 18.3933 17.6532
threshold=-6884.7631835937491 -195.12712097167966 0.015060928650200369 7.4249999523162851 1.0000000180025095e-35 -0.5810565948486327 0.19813038408756259 3.5000000000000004 1.0000000180025095e-35 -1.8521417975425718 1.0000000180025095e-35 0.040851794183254249 0.022141980938613418 0.22102974355220797 0.71461024880409252 1.6113039255142214 -0.030777338892221447 0.22577808797359469 0.049196451902389533 -0.25927506387233729 0.13887352496385577 0.39509762823581701 -1.2734763026237486 -1.3442510962486265 0.37146696448326116 0.098358791321516051 -1.0000000180025095e-35 -3.1289612054824825 0.14518128335475924 0.068995270878076567
decision_type=2 2 2 2 2 2 2 2 2 2 2 2 2 2 2 2 2 2 2 2 2 2 2 2 2 2 2 2 2 2
left_child=5 2 3 22 21 -1 14 10 13 -10 12 -12 -8 -9 16 19 17 -3 -18 -16 -7 -5 23 -2 25 27 -27 -22 29 -26
right_child=1 6 -4 4 -6 20 7 8 9 -11 11 -13 -14 -15 15 -17 18 -19 -20 -21 24 -23 -24 -25 28 26 -28 -29 -30 -31
leaf_value=-0.03115226122266733 -1.4300400208982548e-05 0.00063156951509465173 0.003571070005875001 -0.00083614919237847633 -0.0071350563334762664 0.0071236007405128541 0.010392294279640491 0.012900404387918821 0.0062654930225333394 -0.026741131959349219 -0.0084984478748607855 0.00037915711000826587 -0.0023221581583981708 -0.002808411980604531 -0.0019828974285936943 -0.049519278702213711 -0.003442063820290886 0.010570093329806041 0.00031017002128022684 -0.01091173640872279 -0.014766395688618504 0.012803154245174251 0.0034250567265837052 -0.022730092329670482 0.022797996199806825 -0.00054429172775195584 -0.016565424154758455 -0.00083988449677439359 0.016804408088552009 -0.018625672682950317
leaf_weight=23.591887854039669 1544.0873894989491 16174.203212499619 4560.0528652071953 688.00456561148167 803.10711474716663 224.25549271702766 657.10710839927197 768.18117947876453 94.823712348937988 79.838712468743324 577.7674787864089 2968.6656474545598 367.06086309254169 189.6268275976181 1755.5993397533894 19.87899187207222 5900.6509343273938 784.61157878488302 9251.9331324398518 324.02962763607502 101.99162213504314 102.40263420343399 2426.4129794239998 48.311694785952568 11.905192613601683 143.3781151175499 242.63200232386589 2275.7066347450018 83.078634932637215 31.821877107024193
leaf_count=128 4156 47089 11865 1849 2299 572 1765 1920 260 287 1963 9115 1029 545 5088 98 20398 2020 27583 1069 359 246 6302 152 27 404 764 6454 210 106
internal_value=0.000298133 0.000429059 0.00181487 0.000387024 -0.00312922 -0.00178989 7.57639e-05 0.00175575 0.00690186 -0.0088712 0.000478802 -0.00106828 0.0058347 0.00978756 -0.000204251 -0.00384179 3.35969e-05 0.00109216 -0.00115094 -0.00338013 -0.00155661 0.00094107 0.00178244 -0.000719189 -0.00223332 -0.00273318 -0.0106391 -0.00144448 0.00857375 -0.00702297
internal_weight=53224.7 50086.4 10172.4 5612.33 1593.51 3138.36 39914 5703.07 1132.47 174.662 4570.6 3546.43 1024.17 957.808 34210.9 2099.51 32111.4 16958.8 15152.6 2079.63 3114.77 790.407 4018.81 1592.4 2890.51 2763.71 386.01 2377.7 126.806 43.7271
internal_count=156122 147098 26869 15004 4394 9024 120229 16884 3012 547 13872 11078 2794 2465 103345 6255 97090 49109 47981 6157 8896 2095 10610 4308 8324 7981 1168 6813 343 133
is_linear=0
shrinkage=0.03


Tree=150
num_leaves=31
num_cat=0
split_feature=32 1 4 25 2 0 37 1 3 32 13 3 25 12 2 9 25 7 1 25 3 1 3 37 21 22 4 4 11 4
split_gain=15.9864 24.5221 17.6693 21.3481 17.0515 59.5951 53.2709 99.9302 71.2711 65.6881 36.6052 36.5136 36.4597 47.1145 42.3239 35.4074 35.3064 30.9156 35.3029 49.0454 33.1951 28.74 46.9369 41.3683 28.6809 25.7124 24.6934 20.1938 19.9079 18.861
threshold=36.000000000000007 -0.25078617036342615 9.9249997138977069 0.096315711736679091 0.026335185393691066 -0.0087345754727721197 1.0000000180025095e-35 -0.14122515171766278 -0.51205098628997792 2.5000000000000004 760.49520874023449 -0.37416936457157129 0.032199116423726089 0.46680027246475225 0.78359186649322521 0.13905514031648639 0.18095290660858157 0.023130468092858795 0.28502383828163153 0.024693678133189682 0.19774176180362704 -0.07111861556768416 -0.19347923994064328 1.0000000180025095e-35 0.72499999403953563 0.24023970961570743 2.2250000238418584 4.8250000476837167 0.79690492153167736 14.72499990463257
decision_type=2 2 2 2 2 2 2 2 2 2 2 2 2 2 2 2 2 2 2 2 2 2 2 2 2 2 2 2 2 2
left_child=4 2 -2 -4 5 10 17 12 -9 -10 21 26 14 -14 -8 16 -13 18 20 -20 -6 23 -23 -1 -19 -17 -7 28 -12 -26
right_child=1 -3 3 -5 6 11 7 8 9 -11 27 15 13 -15 -16 25 -18 24 19 -21 -22 22 -24 -25 29 -27 -28 -29 -30 -31
leaf_value=-0.0018247540996164549 0.015770357289716912 0.0011525897896335067 -0.024119188982374366 0.018901557549808268 0.0020379251245289387 -0.033604197309756612 -0.0029982687348561517 0.026847403539073302 -0.0031577761196043643 0.0035733005224770852 0.0060548762004216166 -0.0044032507091228352 0.0058956933305176432 -0.0013001727133183862 0.023469754629369798 -3.6059396761075412e-05 -0.018302808499465899 0.0023130119284617175 -0.039622029200221343 -0.002831097062587449 0.0058527018827797712 0.026554886560420439 0.0032053225825463185 0.0013694648762895922 -0.00045967867718874652 0.029505853004799475 0.0031679383912677412 -0.014089352551569212 -0.02043469320815566 -0.0056776604961932819
leaf_weight=6706.9204299747944 208.22639042139053 636.37642456591129 23.206887617707253 17.173185959458351 9503.2966824397445 67.703167542815208 1181.2822934240103 74.939903289079666 10323.468896917999 1492.3717762380838 110.86073978245258 1075.6960590034723 3208.0591764077544 1098.1913569271564 55.982628270983696 70.670696586370468 193.71785680949688 2205.9451797604561 34.637972608208656 390.22952059656382 2620.4032487645745 85.763848483562469 734.01887176185846 8000.9586987122893 1791.0782177895308 41.243761897087097 21.20031850039959 252.81692811846733 32.086334988474846 956.68506254255772
leaf_count=19744 496 1698 77 39 27682 242 3494 161 32292 4064 290 4040 8576 3052 123 194 737 5844 167 1412 6953 202 2456 23451 4844 87 57 821 104 2723
internal_value=0.000289171 0.00428548 0.0122562 -0.00573583 0.000221449 -0.000545928 0.000603589 -0.000570007 -0.0021209 -0.00230714 -1.19847e-05 -0.00632285 0.00275589 0.00406001 -0.00178026 -0.00511021 -0.00653948 0.00177276 0.00256492 -0.00592357 0.00286311 0.000217731 0.00568113 -8.69477e-05 -0.000233414 0.0109893 -0.0248643 -0.0090102 0 -0.00227891
internal_weight=53215.2 884.983 248.606 40.3801 52330.2 17393.7 34936.6 17434.3 11890.8 11815.8 15923.4 1470.23 5543.52 4306.25 1237.26 1381.33 1269.41 17502.3 12548.6 424.867 12123.7 15527.7 819.783 14707.9 4953.71 111.914 88.9035 395.764 142.947 2747.76
internal_count=156122 2310 612 116 153812 52425 101387 51762 36517 36356 47068 5357 15245 11628 3617 5058 4777 49625 36214 1579 34635 45853 2658 43195 13411 281 299 1215 394 7567
is_linear=0
shrinkage=0.03


Tree=151
num_leaves=31
num_cat=0
split_feature=3 8 18 1 20 7 10 39 9 4 32 32 14 13 32 13 39 2 21 2 13 8 25 39 2 0 13 4 25 4
split_gain=15.9699 17.1054 16.3238 27.885 19.2109 38.123 22.8741 20.4982 18.174 18.0672 18.1875 19.2907 16.7701 22.6714 40.3964 45.1992 29.7595 28.4785 28.0095 22.5401 20.5869 24.768 21.8856 19.9834 18.6662 17.5582 16.3864 15.3247 15.0724 15.0218
threshold=0.50219044089317333 0.067886281758546843 18420.009765625004 -0.14627219736576078 1.0000000180025095e-35 0.055130440741777427 0.43259647488594061 -0.76208508014678944 0.24722187966108325 8.0250000953674334 34.500000000000007 2.5000000000000004 1.0000000180025095e-35 -42.796157836914055 1.5000000000000002 14.42193651199341 -3.1289612054824825 0.49629384279251104 0.57500001788139354 0.043355545029044158 -133.29634094238278 0.022711469791829589 1.0087983608245852 -1.0000000180025095e-35 0.067968312650918974 -0.30772016942501063 -460.46318054199213 25.024999618530277 0.11334784701466562 36.175001144409187
decision_type=2 2 2 2 2 2 2 2 2 2 2 2 2 2 2 2 2 2 2 2 2 2 2 2 2 2 2 2 2 2
left_child=2 28 12 4 5 7 -6 -4 -8 -5 11 -11 13 16 15 -15 19 -16 -18 -1 21 26 24 -24 -22 -23 -14 -7 -2 -30
right_child=1 -3 3 9 6 27 8 -9 -10 10 -12 -13 20 14 17 -17 18 -19 -20 -21 22 25 23 -25 -26 -27 -28 -29 29 -31
leaf_value=-0.007057534270095563 -0.019615237877508115 0.01642752871213168 -0.013886405278460268 0.0090611517195999768 -0.0086543199975793392 -0.018716906248085231 0.024306957058016901 0.0012884650437686672 -0.028830609799523226 -0.0027476129491740978 -0.0379213218190705 0.014829929460223112 0.0078295723129120556 -0.0017505539497630867 0.0028204662718914453 0.0006939520752024807 0.0035006927777895022 -0.012043596839674918 0.00052116973430292406 0.002484648146410866 0.00060282601521487037 -0.03825800030796412 -0.007108963630949542 0.020680186267698509 0.0040204769271278921 -0.0098279129671311107 -0.0050779511054012266 -0.044277118143387688 -0.0023247372141340194 -0.031530448492220198
leaf_weight=642.50653282552958 76.371994569897652 26.91588468849659 138.72608731687069 179.51316179335117 66.657928675413132 103.20849679410458 45.10136716067791 186.6809549331665 5.721227526664733 557.8923761844635 11.239576339721678 61.453585639595985 142.12294994294643 15191.884265247732 4338.6441030502319 12331.30218282342 4629.4276527240872 118.15194176137447 7350.6910551860929 339.55983009934425 3418.354534573853 23.856096684932709 29.402557030320168 101.4512185305357 2485.6745927035809 100.41104051470757 230.98836934566498 27.26721553504467 229.13471354544163 16.083462968468666
leaf_count=1971 299 64 454 455 219 367 121 531 24 1641 41 147 367 52200 11858 33721 12269 412 19938 911 9352 88 86 229 6509 300 648 111 729 60
internal_value=0.000280547 -0.00611072 0.000322858 -0.0028915 -0.00794837 -0.0107326 0.00282978 -0.00519435 0.0178263 0.000689285 -0.00169982 -0.00097758 0.000409362 0.000202826 -0.000226076 -0.00065524 0.00126117 0.00242313 0.00167298 -0.003756 0.00182963 -0.00402914 0.00231358 0.0144067 0.00204265 -0.0155715 -0.000145502 -0.0243775 -0.00805146 -0.00437276
internal_weight=53206.4 348.506 52857.9 1383.46 573.363 455.883 117.481 325.407 50.8226 810.099 630.586 619.346 51474.4 44942.2 31980 27523.2 12962.2 4456.8 11980.1 982.066 6532.26 497.378 6034.88 130.854 5904.03 124.267 373.111 130.476 321.59 245.218
internal_count=156122 1152 154970 4111 1827 1463 364 985 145 2284 1829 1788 150859 133280 98191 85921 35089 12270 32207 2882 17579 1403 16176 315 15861 388 1015 478 1088 789
is_linear=0
shrinkage=0.03


Tree=152
num_leaves=31
num_cat=0
split_feature=18 18 3 37 34 22 34 38 13 18 13 39 3 22 39 13 3 38 3 13 8 2 38 38 38 22 37 20 7 25
split_gain=15.6426 17.5307 33.738 74.966 98.4553 54.8307 42.7774 41.9682 41.8313 35.2935 34.8378 57.4605 41.3393 30.1333 29.3021 27.7955 27.7752 41.6841 24.3952 20.8858 29.3668 55.6717 38.8401 24.7401 77.1153 20.2443 25.9379 19.8808 16.0275 33.8475
threshold=-21597.621093749996 180.22222137451175 -0.42904478311538691 1.0000000180025095e-35 5.0000000000000009 0.38650977611541754 1.0000000180025095e-35 -0.33175294101238245 -61.711072921752923 -1102.336975097656 33.72044754028321 -2.6841640472412105 -0.028903223574161526 0.1117418445646763 -1.7889418601989744 1498.0386352539065 0.10732693225145341 0.33548377454280859 0.43029938638210302 -235.64670562744138 0.035624733194708831 -0.3451762050390243 -0.5193192958831786 0.25897155702114111 0.28561809659004217 0.92969441413879406 1.0000000180025095e-35 1.0000000180025095e-35 0.072311177849769606 0.12449669092893602
decision_type=2 2 2 2 2 2 2 2 2 2 2 2 2 2 2 2 2 2 2 2 2 2 2 2 2 2 2 2 2 2
left_child=28 2 3 6 7 -6 15 -5 9 13 12 -12 -10 -4 -8 -2 19 25 -11 20 22 -22 -3 27 -25 26 -18 -21 -1 -30
right_child=1 16 8 4 5 -7 14 -9 10 18 11 -13 -14 -15 -16 -17 17 -19 -20 23 21 -23 -24 24 -26 -27 -28 -29 29 -31
leaf_value=-0.0014565645290940806 -0.013103717161362913 0.04097608444656467 0.011861357544409276 -0.0074700383019907623 0.0080841408190180097 -0.018825323127628139 -0.0096561098353262834 0.0099440441683361046 0.00074928573785673321 0.004934324028914824 -0.0062366710382178014 0.0024642877002705914 -0.0019817854535749769 -0.00086899383059769217 0.0021623110544257544 0.025297551641494564 0.0035907125744375273 -0.021791862961880671 -0.01082902951651976 -0.001884604189920105 0.010371995276741616 -0.019790750837839245 -0.0030773118223076704 0.030950016712925105 0.00013535558735884505 0.018245471537977447 -0.0016281311509856503 0.0024197744647125219 -0.026153856822940275 -0.0016190078232133506
leaf_weight=910.68724586069584 308.44775424897671 17.191368967294693 178.25963591039181 131.77786330878735 103.63872776180506 194.79438072443008 212.8841639906168 2032.4789104014635 8799.5651530176401 3455.9932031333447 758.4028655141592 6787.3843604624271 11510.662281621248 2516.1736106052995 1607.3896072208881 16.989651396870613 2349.8845082372427 66.523782312870026 89.648178532719612 5785.508208245039 71.199196070432663 232.83231285214424 1780.9167509675026 88.722412928938866 395.45254343748093 66.737904503941536 1347.2114364057779 1157.7555160075426 78.37510821968317 140.82076917588711
leaf_count=2596 941 41 432 405 267 656 632 5158 27036 8962 2164 18098 39640 6852 4374 37 6133 225 270 16012 206 768 5113 180 1081 156 3729 3130 331 497
internal_value=0.00027208 0.000347945 0.000671402 0.00308042 0.00665107 -0.0094745 -0.0010175 0.00887938 0.000345631 0.00256561 -0.000151636 0.00158867 -0.000798401 -2.15719e-05 0.000773936 -0.0110184 -0.000588883 0.00156804 0.00453198 -0.00145623 -0.00409577 -0.0127064 -0.00263192 -0.000708329 0.00584031 0.00198739 0.00168824 -0.00116619 -0.00321829 -0.0104842
internal_weight=53194.3 52064.4 38704.5 4608.4 2462.69 298.433 2145.71 2164.26 34096.1 6240.07 27856 7545.79 20310.2 2694.43 1820.27 325.437 13359.9 3830.36 3545.64 9529.58 2102.14 304.032 1798.11 7427.44 484.175 3763.83 3697.1 6943.26 1129.88 219.196
internal_count=156122 152698 115924 12470 6486 923 5984 5563 103454 16516 86938 20262 66676 7284 5006 978 36774 10243 9232 26531 6128 974 5154 20403 1261 10018 9862 19142 3424 828
is_linear=0
shrinkage=0.03


Tree=153
num_leaves=31
num_cat=0
split_feature=18 18 8 4 37 38 22 1 22 4 1 13 13 37 3 3 3 25 3 13 22 22 22 12 38 37 4 13 38 38
split_gain=15.196 23.7055 26.9341 28.4854 27.014 22.4754 20.3762 58.745 36.5267 49.2527 37.9066 32.2884 39.288 29.906 50.7177 42.5055 33.536 27.0001 27.8448 23.1475 22.0256 18.9752 17.6503 17.191 22.8591 22.9629 21.0017 16.8193 16.0721 29.1826
threshold=-6884.7631835937491 -195.12712097167966 0.015060928650200369 7.4249999523162851 1.0000000180025095e-35 -0.5810565948486327 0.66846764087677013 -0.73593387007713307 0.60865223407745372 0.075000001117587103 -0.37320226430892939 -3.3666577339172359 3.1942069530487065 1.0000000180025095e-35 -0.4013159424066543 -0.061373304575681679 -1.6118180155754087 0.1292972415685654 0.37571817636489874 -1882.6593017578123 0.31661190092563635 0.14835633337497714 0.39509762823581701 -0.19960552453994748 -1.0000000180025095e-35 1.0000000180025095e-35 5.0250000953674325 3805.0048828125005 0.37146696448326116 0.098358791321516051
decision_type=2 2 2 2 2 2 2 2 2 2 2 2 2 2 2 2 2 2 2 2 2 2 2 2 2 2 2 2 2 2
left_child=5 2 3 -2 22 -1 7 11 10 -10 -9 20 -13 14 16 -16 -8 19 -19 -15 -3 27 -5 24 26 -26 -4 -7 29 -23
right_child=1 6 23 4 -6 21 13 8 9 -11 -12 12 -14 17 15 -17 -18 18 -20 -21 -22 28 -24 -25 25 -27 -28 -29 -30 -31
leaf_value=-0.030554271513359533 0.0016391065846938849 0.017124794168876682 0.017392359715593702 -0.00089482737180105062 -0.006970947627482584 0.0077039370975543796 -0.0075645674586326556 -0.0032350243051394363 0.020051992824499865 -0.002397615317587214 0.00027343309401690603 0.028883431806763987 0.0081723699683050165 0.02914110144613926 -0.027265801525537529 0.0075499159560325135 0.0053570780197236493 -0.0029961090267404088 -0.031691616158043771 0.0023265696380214405 -0.00075058290801594571 -0.0015064844299442284 0.012408039021865094 -0.0044079316503413115 -8.6751133946392792e-05 0.0053261076637157196 0.0056486147317234836 -0.022934153583077072 0.0081512180953182446 -0.010486318521308846
leaf_weight=23.224793791770935 4014.873596906662 74.265665367245674 153.02490644156933 687.70109601318836 803.31851886212826 266.14739885926247 536.76281446218491 3026.7295449450612 189.06877955794334 162.95433859527111 32756.185989368707 116.5489286929369 282.63062281906605 28.864182770252228 155.34547853469849 38.915390193462372 271.17687533795834 846.93079617619514 30.619839385151863 1016.968507617712 351.13500057160854 2326.2680266350508 102.1851524412632 239.40038740634918 1614.3414008915424 1250.2259664386511 1297.8941393792629 16.160988584160805 125.97348134219646 378.11725687980652
leaf_count=128 10610 172 353 1849 2299 675 1615 9110 484 454 99375 323 731 71 577 106 729 2507 113 2880 982 6678 246 674 4294 3185 3359 55 342 1146
internal_value=0.00026399 0.000390987 0.00168436 0.000291784 -0.00310048 -0.00176136 6.13173e-05 0.000252189 7.13218e-05 0.00967404 -2.33312e-05 0.00816487 0.014284 -0.00234824 -0.00654744 -0.020273 -0.00322258 -0.000156376 -0.00403571 0.00309663 0.00239587 -0.00153582 0.000835843 0.00339784 0.00383248 0.00227565 0.00690039 0.00586468 -0.00227684 -0.00276653
internal_weight=53184 50048.1 10163 5608.08 1593.2 3135.89 39885.1 36959.5 36134.9 352.023 35782.9 824.58 399.18 2925.58 1002.2 194.261 807.94 1923.38 877.551 1045.83 425.401 3112.67 789.886 4554.89 4315.49 2864.57 1450.92 282.308 2830.36 2704.39
internal_count=156122 147098 26869 15004 4394 9024 120229 111631 109423 938 108485 2208 1054 8598 3027 683 2344 5571 2620 2951 1154 8896 2095 11865 11191 7479 3712 730 8166 7824
is_linear=0
shrinkage=0.03


Tree=154
num_leaves=31
num_cat=0
split_feature=39 25 38 25 25 3 38 32 39 25 25 38 38 13 2 22 39 38 38 37 11 2 8 2 9 39 3 8 2 25
split_gain=15.2953 28.1185 27.7318 26.6992 15.1493 29.4697 39.3487 30.2077 28.9442 26.284 24.3436 40.7459 38.0754 31.5112 43.6743 26.5854 28.9318 28.7146 26.1908 22.7764 22.3475 25.4149 21.5413 21.121 19.4633 18.7495 18.1416 16.2588 22.518 15.7057
threshold=4.6300053596496591 0.029543699696660045 -0.30205127596855158 0.031517095863819129 0.56018424034118663 -0.22092434018850324 -0.0090529145672917349 8.5000000000000018 -1.9838933348655698 1.6717411875724795 0.27105787396430975 0.00096289673820137988 0.011413567233830692 171.15384674072268 0.79851639270782482 1.6639117002487185 -4.3183376789093009 -0.0034019033191725607 0.0192237813025713 1.0000000180025095e-35 0.48178499937057501 -0.73785680532455433 0.076629694551229491 0.59484964609146129 0.063135620206594481 -1.0867668390274046 -0.030777338892221447 0.035160137340426452 0.018747970461845401 0.5919993817806245
decision_type=2 2 2 2 2 2 2 2 2 2 2 2 2 2 2 2 2 2 2 2 2 2 2 2 2 2 2 2 2 2
left_child=4 -2 -3 -4 10 6 22 8 -8 27 15 13 23 14 -12 16 17 -1 -14 -18 26 -22 24 -13 -6 -15 -17 28 -7 -9
right_child=1 2 3 -5 5 9 7 29 -10 -11 11 12 18 25 -16 20 19 -19 -20 -21 21 -23 -24 -25 -26 -27 -28 -29 -30 -31
leaf_value=0.00058479026842100674 -0.038298174972490717 0.012590555611785056 0.049465648939153312 -0.013219182377484599 0.014200304018808955 -0.0068789990977619645 -0.018370675873767416 -0.021262816294676409 -0.0030542987565472823 0.012788830638602517 0.0053816813463475419 -0.025301031214926696 0.013084966780160048 0.0066503202406188542 -0.019551395367093664 0.0078710499237777051 0.00079636511590442305 0.011833589525514658 -0.0016261490644743548 -0.00057744405796760661 -0.049633418213536777 -0.011086519869963233 -0.037095900568049393 0.016144996842709359 0.00058521944860740176 -0.0033800131704536671 -0.031794750682905791 0.0060169555901052989 -0.023844841369159233 0.014535104668519329
leaf_weight=443.79857118427753 22.730646587908268 64.076959222555161 5.3879005908966056 149.6420211866498 231.5706202685833 144.32399681210518 124.70416215062141 11.317571699619291 967.65903343260288 39.423100039362907 3526.9461786821485 83.733086481690407 115.75866937637329 214.41295504570007 63.374159604310989 85.522908881306648 21336.191157698631 378.47157950699329 1617.4388480782509 22119.228323515505 15.994223326444624 187.6359953135252 8.4907160103321058 11.941743806004522 160.11667241156101 755.53259567916393 10.784184142947195 35.570706427097321 139.88646712899208 108.5411770939827
leaf_count=1294 108 172 9 598 605 482 418 36 2786 97 9624 289 298 566 236 227 61786 959 4670 66694 67 587 38 31 456 2112 39 96 481 261
internal_value=0.000256099 -0.00725534 -0.00386189 -0.0107183 0.000290607 -0.00228878 -0.000553343 -0.00324801 -0.00482076 -0.0100473 0.00039049 0.00212221 -0.00165909 0.00363937 0.00493542 0.00014218 0.00020264 0.00577408 -0.000634899 9.70167e-05 -0.00874417 -0.0143566 0.00758964 -0.0199834 0.00865794 -0.00115509 0.00311746 -0.012903 -0.0152943 0.0109821
internal_weight=53180.2 241.838 219.107 155.03 52938.4 1971.6 1612.4 1212.22 1092.36 359.204 50966.8 6389.14 1828.87 4560.27 3590.32 44577.6 44277.7 822.27 1733.2 43455.4 299.937 203.63 400.178 95.6748 391.687 969.946 96.3071 319.781 284.21 119.859
internal_count=156122 887 779 607 155235 5756 4600 3501 3204 1156 149479 17826 5288 12538 9860 131653 130733 2253 4968 128480 920 654 1099 320 1061 2678 266 1059 963 297
is_linear=0
shrinkage=0.03


Tree=155
num_leaves=31
num_cat=0
split_feature=3 25 25 25 1 10 13 2 34 0 25 38 32 38 38 3 25 39 20 13 25 3 1 0 21 10 5 7 0 34
split_gain=14.9672 16.1609 21.0287 16.6531 18.8204 21.7671 15.3297 15.8672 66.4191 59.9677 59.6776 58.5658 56.7038 52.0598 47.2252 55.7024 69.6062 40.2667 39.7644 36.2749 29.3321 26.3912 14.7845 13.775 20.3397 14.9788 22.062 14.2651 13.4722 12.2717
threshold=0.50219044089317333 0.18320684880018237 0.21237712353467944 0.23427703231573108 0.26050248742103582 0.4001972377300263 6852.1987304687509 0.036306036636233337 3.5000000000000004 -0.0012397387181408701 0.38515484333038336 -0.14435492455959317 2.5000000000000004 -1.0000000180025095e-35 -0.21000730246305463 -0.071756176650524126 0.096315711736679091 1.3346902132034304 -1.0000000180025095e-35 -3.3666577339172359 0.12300737202167512 0.32360135018825537 0.38577878475189215 0.056827731430530555 0.27500000596046453 0.1589094549417496 37.074998855590827 0.040181756019592292 0.62667378783226024 5.0000000000000009
decision_type=2 2 2 2 2 2 2 2 2 2 2 2 2 2 2 2 2 2 2 2 2 2 2 2 2 2 2 2 2 2
left_child=6 -2 22 -4 5 -5 7 8 9 11 13 -1 -11 -10 17 16 -16 20 -17 -12 -9 -19 -3 24 -8 -25 27 -27 -6 -26
right_child=1 2 3 4 28 -7 23 14 10 12 19 -13 -14 -15 15 18 -18 21 -20 -21 -22 -23 -24 25 29 26 -28 -29 -30 -31
leaf_value=-0.0048413406854849669 -0.013833054638037856 0.0051591466907715093 -0.030183117742402139 0.019800289285055644 -0.016743675698216477 -0.029347898512806555 -0.022650015739623126 -0.0030423128923941904 -0.008205622116641928 -0.0087974597509424581 0.0041766660024897028 0.0018670950172910246 0.0060515093936985469 -0.0015679512303651525 0.0051771474152411488 0.0011041101649655171 -0.0001458411093616981 0.013884987571141112 -0.0014625233323965539 0.034182587867665842 0.0065097447276176871 0.0015818571924095556 0.044723195295818301 -0.020810258434390102 0.0030396415573680198 0.00048600038009567655 0.033125213090358263 -0.01999367239830346 0.0080202020935822918 0.03114002255249132
leaf_weight=1293.6178530305624 138.98687163740396 24.050945177674294 19.909606963396072 48.461234524846077 68.468160770833492 8.7411941289901716 23.617752686142921 581.902149528265 1726.4932822212577 1027.2925448939204 107.95055345445871 12274.139808677137 297.65831156075001 2771.8840215057135 4330.560716509819 9549.2827948331833 4513.8168346583843 569.95363311469555 12597.446873426437 54.076705530285835 573.15833842009306 217.56599949300289 12.599815204739569 80.407563135027885 86.072241574525833 70.954256609082222 11.765500679612158 52.409123450517654 26.75258269906044 15.851609259843825
leaf_count=3963 496 63 78 113 252 31 95 1732 5573 4088 315 35667 828 8137 11679 28733 12416 1426 37096 128 1542 591 24 272 243 202 26 184 95 34
internal_value=0.000248357 -0.00594378 -0.000641747 -0.0050667 -0.00159108 0.0118631 0.000289313 0.000330617 -0.000346221 0.000631753 -0.00347153 0.00122695 -0.00545724 -0.00411744 0.000732553 0.000447944 0.00246046 0.00526898 -0.0003557 0.0143578 0.0016965 0.0104962 0.0196668 -0.00604041 0.00183209 -0.010627 -0.00443708 -0.00828117 -0.00974396 0.00769917
internal_weight=53175.8 347.97 208.984 172.333 152.423 57.2024 52827.9 52486.8 19553.1 14892.7 4660.4 13567.8 1324.95 4498.38 32933.7 30991.1 8844.38 1942.58 22146.7 162.027 1155.06 787.52 36.6508 341.078 125.542 215.536 135.129 123.363 95.2207 101.924
internal_count=156122 1152 656 569 491 144 154970 153914 58699 44546 14153 39630 4916 13710 95215 89924 24095 5291 65829 443 3274 2017 87 1056 372 684 412 386 347 277
is_linear=0
shrinkage=0.03


Tree=156
num_leaves=31
num_cat=0
split_feature=32 3 25 22 25 1 2 22 39 22 4 21 2 7 13 11 2 4 18 14 3 7 9 3 39 3 9 9 1 1
split_gain=14.8149 23.7427 15.5868 26.1417 23.0325 27.6853 37.9936 27.113 24.8782 26.0208 23.3372 23.2043 22.8898 31.5658 22.2755 20.6575 23.6668 17.4323 22.4409 20.2906 16.6311 14.1109 18.7953 21.9955 18.857 16.1135 15.6469 19.5484 12.4427 12.1088
threshold=36.000000000000007 -0.56221109628677357 0.56018424034118663 0.063829272985458388 0.27105787396430975 -3.0553113222122188 -0.98087865114212025 1.6639117002487185 -4.3183376789093009 0.82951739430427562 15.325000286102297 0.67499998211860668 0.67187082767486583 0.042106313630938537 30.559445381164554 0.48178499937057501 -0.73785680532455433 12.625000000000002 12871.758300781252 1.0000000180025095e-35 -0.030777338892221447 0.018106864765286449 0.25007857382297521 0.35433165729045873 -1.7246771454811094 -0.26998135447502131 0.53410199284553539 0.39398057758808142 -0.22411615401506421 -1.4092885851860044
decision_type=2 2 2 2 2 2 2 2 2 2 2 2 2 2 2 2 2 2 2 2 2 2 2 2 2 2 2 2 2 2
left_child=2 -2 4 -4 7 -6 14 8 9 -1 -8 -10 17 29 -7 20 -17 19 -19 -5 -9 26 23 24 -23 -24 27 28 -3 -14
right_child=1 21 3 12 5 6 10 15 11 -11 -12 -13 13 -15 -16 16 -18 18 -20 -21 -22 22 25 -25 -26 -27 -28 -29 -30 -31
leaf_value=0.0076392715086761242 0.019723753360820547 0.013329181106488256 -0.039606462439064606 -0.0045015420358800254 0.021599701564167732 -0.041480784922537296 0.0027865515295847046 0.0071028512270649886 0.0007402230283357216 -0.0071824173950027128 -0.0021763999278112023 -0.00065780010248370625 0 0.0039404517515337929 -0.0001364717559792889 -0.048628486827463971 -0.011254226624341975 0.0072424411433260815 -0.019040827242736192 0.0044584730715148402 -0.030952356441280159 -0.012996167948032938 0.0075553759447732861 -0.039312808320294913 0.010222597667257574 -0.031054206919588274 0.024218324763761016 -0.033041806088615802 0.0021834327901816145 -0.047089805832972988
leaf_weight=679.03539089858532 78.65601934492588 113.38042357563972 15.915238276123999 1257.7371201589704 63.035983204841614 27.809044048190117 5207.847521610558 84.082862392067909 20106.223207768053 125.39722746610641 1018.1929054409266 22801.761093690991 5.9080464839935294 27.062512993812561 20.039263486862183 15.866383939981459 184.33752523362637 299.86844800412655 31.37223294377327 276.47316178679466 10.756945863366125 42.761496037244797 12.797145456075667 10.490918308496473 110.97227331995964 34.369500577449799 34.60152305662632 11.753080412745474 433.08373446762562 27.788243278861046
leaf_count=1826 188 271 75 3773 148 107 14565 224 59929 387 2889 67311 16 78 57 67 579 783 111 732 39 127 32 41 274 116 74 40 1147 116
internal_value=0.000240956 0.00409267 0.000175785 -0.00246056 0.000277593 0.00196844 0.00176731 3.40098e-05 9.53554e-05 0.00531905 0.00197422 -2.62949e-06 -0.00213169 -0.0201056 -0.0245841 -0.00901418 -0.0144581 -0.00153421 0.00469427 -0.00288309 0.00247732 0.00253755 -0.00409599 0.000715241 0.00370259 -0.0205771 0.00491095 0.00366764 0.00452156 -0.0390611
internal_weight=53169.4 882.866 52286.5 1942.13 50344.4 6336.92 6273.89 44007.5 43712.4 804.433 6226.04 42908 1926.21 60.7588 47.8483 295.044 200.204 1865.45 331.241 1534.21 94.8398 804.21 211.391 164.225 153.734 47.1666 592.819 558.217 546.464 33.6963
internal_count=156122 2310 153812 5684 148128 17766 17618 130362 129453 2213 17454 127240 5609 210 164 909 646 5399 894 4505 263 2122 590 442 401 148 1532 1458 1418 132
is_linear=0
shrinkage=0.03


Tree=157
num_leaves=31
num_cat=0
split_feature=39 22 38 13 0 13 0 18 21 21 13 24 0 2 38 37 14 22 38 0 22 38 2 4 20 22 10 4 22 9
split_gain=14.7548 25.1468 21.653 31.1263 33.7618 14.6375 20.7346 14.625 15.8033 49.5496 41.7167 36.3679 51.9164 47.2511 35.1026 123.715 32.2277 30.8382 47.4472 33.0428 21.4322 21.2589 14.8932 16.1686 14.6047 20.1154 27.6588 14.1213 14.0776 15.0475
threshold=4.6300053596496591 0.2200136333703995 -0.4130291193723678 -7.9095599651336661 0.023875990882515911 8.0933179855346697 0.061389643698930747 57039.814453125007 1.0000000180025095e-35 0.67499998211860668 -76.561855316162095 2.5000000000000004 -0.033307468518614762 -0.23002841323614118 -0.057656755670905106 1.0000000180025095e-35 1.0000000180025095e-35 0.47543820738792425 -0.11653684079647063 -0.15327625721693036 0.063829272985458388 0.0738789737224579 0.31075015664100653 13.47499990463257 1.0000000180025095e-35 0.25714872777462011 0.15456741303205493 17.57499980926514 0.235529400408268 0.09186431393027307
decision_type=2 2 2 2 2 2 2 2 2 2 2 2 2 2 2 2 2 2 2 2 2 2 2 2 2 2 2 2 2 2
left_child=7 2 -2 -4 -5 -3 -7 8 10 17 20 12 -11 -13 15 -12 -16 19 -19 -10 -1 -22 24 -24 25 26 -9 -27 -25 -30
right_child=1 5 3 4 -6 6 -8 22 9 11 14 13 -14 -15 16 -17 -18 18 -20 -21 21 -23 23 28 -26 27 -28 -29 29 -31
leaf_value=0.025023418484211087 0.021086283799672572 -0.027557780508257877 0.02477360784913327 0.032703904179496271 -0.019092506429527895 0.03410131049407332 -0.026816804619292329 0.010906264832761066 0.0062223246151848445 0.0018639610140167345 0.0072846907875165857 -0.031953785692466874 -0.0035817456723471288 0.00059952222735505688 -0.0031616743420788398 -0.0078113987859285017 0.0027922217081398034 -0.015724640803633609 0.00018639932222385436 0.0019358248437146282 0.004046941496572129 -0.0047264547007917707 0.025687712649297451 0.024434872703281194 0.0060102692648007616 -0.01306619635633419 -0.015588044204305445 -0.035560739609572574 -0.027847861959037878 0.0046110680142626504
leaf_weight=38.846396192908287 32.836804509162903 62.267379477620125 23.27422907948494 11.926946595311163 92.625131376087666 8.766020745038988 9.3559838980436307 63.19667911529541 1969.1547476351261 2271.3594202250242 1374.8342303708196 39.204447329044342 5134.4645535722375 20779.395779132843 6669.1638660654426 756.53858773782849 931.30406861007214 194.11824515461922 1242.0235493034124 9107.0193794220686 1731.4956127852201 289.04895651340485 24.310291022062302 12.637679442763327 50.948600903153419 79.841673597693443 78.169002801179886 37.731297209858894 22.074834361672401 28.199345111846924
leaf_count=86 78 262 53 24 418 19 33 163 5270 6714 3815 153 17053 58213 22172 2745 2534 648 3468 25661 4643 833 53 28 152 265 258 148 79 81
internal_value=0.000233607 -0.00715594 -0.000253144 -0.00587936 -0.0129015 -0.0207421 0.0027361 0.000267455 0.000310918 0.000590909 -0.000656118 -0.000105639 -0.00191112 0.000536544 -0.00147722 0.00192372 -0.00243146 0.00216226 -0.0019716 0.00269866 0.00322148 0.00278866 -0.00546049 0.00542328 -0.00854112 -0.0114279 -0.00372944 -0.0205494 -0.00263972 -0.00984793
internal_weight=53166.1 241.052 160.663 127.826 104.552 80.3894 18.122 52925.1 52528 40736.7 11791.2 28224.4 7405.82 20818.6 9731.84 2131.37 7600.47 12512.3 1436.14 11076.2 2059.39 2020.54 397.109 87.2221 309.887 258.939 141.366 117.573 62.9119 50.2742
internal_count=156122 887 573 495 442 314 52 155235 154008 117180 36828 82133 23767 58366 31266 6560 24706 35047 4116 30931 5562 5476 1227 241 986 834 421 413 188 160
is_linear=0
shrinkage=0.03


Tree=158
num_leaves=31
num_cat=0
split_feature=39 38 3 34 39 37 32 25 22 14 7 2 25 25 13 25 0 25 38 37 7 25 0 39 34 22 37 11 3 7
split_gain=14.5514 127.217 49.0703 40.9141 65.5829 40.6614 39.9943 35.5895 55.949 32.4455 30.8146 39.3379 30.2339 29.584 28.0213 27.7238 32.0935 26.547 24.2362 106.331 89.4552 42.1918 43.5907 42.0949 51.1109 75.4979 98.8622 70.6833 64.3509 49.1818
threshold=2.5919841527938847 -0.0090529145672917349 0.31556525826454168 3.5000000000000004 3.2463170289993291 1.0000000180025095e-35 14.500000000000002 0.069860659539699568 0.2488934323191643 -1.0000000180025095e-35 0.014955084770917894 -0.1017852984368801 0.064187813550233855 0.030168678611516956 -61.711072921752923 0.23051296919584277 0.49977520108222967 0.16772509366273883 0.21416392177343371 1.0000000180025095e-35 0.0025985279353335504 0.38515484333038336 0.14003147184848788 -0.79906469583511341 3.5000000000000004 0.2135688588023186 1.0000000180025095e-35 0.49560737609863287 -0.42904478311538691 0.0036878566024824981
decision_type=2 2 2 2 2 2 2 2 2 2 2 2 2 2 2 2 2 2 2 2 2 2 2 2 2 2 2 2 2 2
left_child=18 2 5 10 12 7 14 -2 -9 -6 11 -3 -5 -11 -7 16 -4 -14 23 -20 -21 22 -22 24 25 26 -1 29 -27 -26
right_child=1 3 15 4 9 6 -8 8 -10 13 -12 -13 17 -15 -16 -17 -18 -19 19 20 21 -23 -24 -25 27 28 -28 -29 -30 -31
leaf_value=0.0063378751236491957 0.0027145530191247653 0.064184568398610933 -0.0055481913116375205 -0.022978718819900348 -0.018381368593650447 0.011800248984422428 0.019316409950869619 0.015789512699640646 -0.0074001628367228118 -0.0079260512472839727 0.00067952635451434666 -0.013289643685359788 0.010480670133846157 0.025363060235183914 -0.02910162877977239 -0.020986079616191092 0.035159707045071181 -0.01861972773879347 -0.0053839596458333484 0.018618996647406544 0.0088108495897002807 -0.012803482496540239 -0.0045458201858347884 0.00090297642016823072 -0.021818189428542047 0.0025323352567409052 -0.0013394811125140766 -0.0066108296428032979 -0.0037375547383339011 0.0027225294887451598
leaf_weight=2984.3851376399398 844.67655673623085 4.94851991534233 157.49660664796829 97.121660768985748 23.302758857607841 18.206679880619049 28.405624285340309 564.47466625273228 111.40872881561518 29.103415668010712 178.41557171940804 991.4152374714613 74.130776584148407 123.65988159179688 73.223354995250702 97.138925306499004 18.579854369163513 44.172673806548119 863.54888387024403 472.26626376062632 807.50163292884827 130.27179805934429 301.02279812097549 29274.003146529198 76.481658473610878 2013.6302994042635 3052.0077220611274 2798.9588581547141 5478.567796304822 1424.1551336571574
leaf_count=7927 2547 10 477 386 77 49 66 1415 372 105 491 4031 204 346 439 355 40 151 2580 1175 2036 411 858 85135 247 5558 9840 8747 16090 3957
internal_value=0.000226638 -0.00164831 0.00353936 -0.00798655 0.000405219 0.00550141 -0.0112497 0.00683007 0.0119573 0.0139521 -0.0107836 -0.0128379 -0.010666 0.0189912 -0.0208847 -0.00820705 -0.00106139 -0.000424816 0.00035807 0.00319185 0.0075223 0.00327788 0.00518028 0.000203048 -0.000946058 -4.02017e-05 0.00245612 -0.00379495 -0.00205192 0.00145609
internal_weight=53156.7 3479.88 1913.61 1566.27 391.491 1640.4 119.836 1520.56 675.883 176.066 1174.78 996.364 215.425 152.763 91.43 273.215 176.076 118.303 49676.8 2574.61 1711.06 1238.8 1108.52 47102.2 17828.2 13528.6 6036.39 4299.6 7492.2 1500.64
internal_count=156122 11561 5760 5801 1269 4888 554 4334 1787 528 4532 4041 741 451 488 872 517 355 144561 7060 4480 3305 2894 137501 52366 39415 17767 12951 21648 4204
is_linear=0
shrinkage=0.03


Tree=159
num_leaves=31
num_cat=0
split_feature=1 38 3 7 38 22 3 13 1 22 3 0 13 38 38 14 1 37 38 38 7 38 24 13 3 4 18 38 10 25
split_gain=14.1856 21.118 29.0727 20.6165 19.1317 16.2261 16.1948 23.327 16.0226 65.8176 64.9373 25.0233 50.691 29.4921 23.9009 23.8293 23.8161 68.5303 118.212 99.8857 76.4306 64.812 61.112 42.8256 36.6376 50.4675 40.2513 40.1305 39.8126 33.534
threshold=0.42717382311820989 0.035344662144780166 0.33221402764320379 0.020927974022924904 0.10206544399261476 0.12778121232986453 0.50219044089317333 -6.8516483306884757 0.16162642836570743 0.047224497422575958 0.36260886490345007 0.24353902786970141 -1.713565945625305 0.33548377454280859 0.27354964613914495 -1.0000000180025095e-35 -0.015589792747050522 1.0000000180025095e-35 -0.0034019033191725607 0.1233099363744259 0.0010633981437422337 -0.083034612238407121 2.5000000000000004 -6.8516483306884757 0.1266724839806557 12.22499990463257 180.22222137451175 -0.30205127596855158 0.16133481264114383 0.53328675031661998
decision_type=2 2 2 2 2 2 2 2 2 2 2 2 2 2 2 2 2 2 2 2 2 2 2 2 2 2 2 2 2 2
left_child=8 2 5 6 -3 -2 -4 -8 16 -10 11 12 -11 -13 15 -12 24 18 20 21 -18 -19 -21 -20 26 29 27 -1 -27 -26
right_child=1 4 3 -5 -6 -7 7 -9 9 10 14 13 -14 -15 -16 -17 17 19 23 22 -22 -23 -24 -25 25 28 -28 -29 -30 -31
leaf_value=-0.0068647722137084874 -0.0058200538467369179 0.028004155705158209 -0.028543436974748825 -0.0016659954676422378 -0.0054301141301867032 0.031084380112928432 0.028343757913446257 -0.02058178132937576 -0.027315804355229217 -0.0056891913940233865 0.0091277699920217451 0.0072710998828627582 0.028933960371322287 -0.022528008881887173 -0.018888380932770371 -0.0019000134616111481 0.0093726360583997921 -0.017645799924332111 0.0014804587510739071 0.018750426132417192 0.00073788092927014402 -0.0046786482977441077 0.00045275427611647499 -0.0056769134003306111 0.0049452517418529761 0.0011990070757094873 -0.0017238975098563098 0.00090774784111157566 -0.011111014119539728 -0.022444199913708537
leaf_weight=611.38858254253864 20.925560638308525 26.706913724541664 93.137582764029503 70.444356128573418 33.834085807204247 20.211683094501495 11.805492855608462 26.817593045532703 64.222254611551762 53.866645023226738 205.62113043665886 1054.3971069231629 125.29954911768436 29.765675149857998 64.024620741605759 1202.1115810722113 1610.3412311375141 386.92305477708578 1126.6073980331421 226.4621964469552 2160.8128810077906 3318.7405172511935 592.85956850647926 2258.4471157640219 3628.5268697813153 743.55202201008797 7919.0547326952219 25073.69998832047 345.36530895531178 39.673316717147827
leaf_count=2014 96 84 442 199 137 42 37 154 396 157 532 2876 289 114 256 3851 4546 1490 3057 597 5728 10954 1649 7594 9825 1996 22184 73650 1047 129
internal_value=0.000219879 -0.00623227 -0.0101778 -0.014855 0.00948564 0.0125481 -0.0218181 -0.00521362 0.000257158 0.00246554 0.00317565 0.00816244 0.018534 0.0064302 -0.00110551 -0.00028177 0.000133517 -0.00105236 0.000774515 -0.00394173 0.00442736 -0.0060378 0.00553062 -0.00329419 0.000494719 0.00295859 0.000145758 0.00072236 -0.00270915 0.00464217
internal_weight=53145.6 303.883 243.342 202.205 60.541 41.1372 131.761 38.6231 52841.8 2799.31 2735.09 1263.33 179.166 1084.16 1471.76 1407.73 50042.5 11681.2 7156.21 4524.99 3771.15 3705.66 819.322 3385.05 38361.3 4757.12 33604.1 25685.1 1088.92 3668.2
internal_count=156122 1191 970 832 221 138 633 191 154931 8471 8075 3436 446 2990 4639 4383 146460 35615 20925 14690 10274 12444 2246 10651 110845 12997 97848 75664 3043 9954
is_linear=0
shrinkage=0.03


Tree=160
num_leaves=31
num_cat=0
split_feature=39 38 1 3 1 34 3 13 39 0 0 0 3 32 22 0 3 25 32 22 38 39 25 18 39 34 18 22 3 34
split_gain=14.3348 118.327 49.3466 48.6776 44.3244 40.2618 46.78 39.5992 46.8097 38.1038 74.3749 59.4642 37.3721 36.9423 33.0668 35.1005 33.2831 27.8663 24.8386 24.29 22.7904 88.425 71.0097 48.8498 39.3913 47.8441 71.2893 70.5082 60.8858 60.7732
threshold=2.5919841527938847 -0.060675319284200661 -0.081088017672300325 0.32360135018825537 0.0021552938269451265 3.5000000000000004 -0.0097782351076602918 3.1942069530487065 3.6321082115173344 0.026412359438836578 0.05923168174922467 -0.084412269294261918 -0.1095249019563198 14.500000000000002 0.31661190092563635 -0.015145970974117516 0.18198063969612124 0.067946657538414015 2.5000000000000004 0.078663032501935973 0.21416392177343371 0.15140274912118915 0.38515484333038336 630.05102539062511 -0.79906469583511341 3.5000000000000004 -90.188285827636705 0.2135688588023186 -0.42904478311538691 1.0000000180025095e-35
decision_type=2 2 2 2 2 2 2 2 2 2 2 2 2 2 2 2 2 2 2 2 2 2 2 2 2 2 2 2 2 2
left_child=20 3 9 12 7 -6 -7 8 -4 11 -11 18 -2 -13 16 -16 -14 -12 -3 -9 24 22 23 -22 25 27 -27 29 -29 -1
right_child=1 2 4 -5 5 6 -8 19 -10 10 17 13 14 -15 15 -17 -18 -19 -20 -21 21 -23 -24 -25 -26 26 -28 28 -30 -31
leaf_value=0.0081206029678145188 -0.022088292123445593 -0.0094868147668179751 8.2737579503447701e-05 -0.0082082254822983501 -0.012946655124911454 -0.042209823017010026 0.006192957503243798 -0.025149542959601721 0.019189366499607587 0.046585370800964046 -0.046373558015164337 -0.021101244216328828 0.0065050460807942684 -0.054787135997585057 0.013284338627671229 -0.029803398945630583 0.018483493521779169 0.0079237676150361504 0.015194100436473113 -0.0023575532502236405 0.012072667992083121 -0.0056606487084989313 -0.013079590289524493 0.0012940087115635992 0.00087045124886909477 0.0018473611505122763 -0.0063766931781341282 0.0024737036645674504 -0.0036254060284183405 0.00079380964144373626
leaf_weight=1297.7313682772219 36.489732652902603 195.93236391246319 350.25988614559174 210.57093303650618 523.18005406856537 18.628385052084923 211.28547339141369 59.719971686601639 171.34508354216814 25.730765104293823 16.743770122528076 261.93881254643202 809.75879669934511 32.841517642140388 28.428893610835075 39.545079067349434 282.06873548030853 15.708000555634497 44.090096339583397 139.04870566725731 1107.3616958856583 739.01121561229229 150.10648941993713 576.00387267768383 29268.648730054498 1411.4830721244216 2886.4709800854325 2013.2996909320354 5478.4776749610901 4735.5543578267097
leaf_count=3570 135 747 1302 667 2107 81 647 229 526 59 79 1027 2359 130 74 144 668 43 116 421 2782 2233 472 1573 85135 3953 8998 5558 16090 14197
internal_value=0.000213267 -0.00164953 -0.00621778 0.00505801 -0.0032698 -0.00835468 0.0020924 0.0020461 0.00638964 -0.0135201 0.00937458 -0.0160294 0.00740054 -0.0250369 0.00834913 -0.0118079 0.00961645 -0.0205505 -0.00489646 -0.00931203 0.000343635 0.00309276 0.00662377 0.00838923 0.000193332 -0.00091844 -0.00367535 -4.19299e-05 -0.00198585 0.00237135
internal_weight=53137.5 3473.32 2066.45 1406.86 1473.47 753.094 229.914 720.374 521.605 592.985 58.1825 534.803 1196.29 294.78 1159.8 67.974 1091.83 32.4518 240.022 198.769 49664.1 2572.48 1833.47 1683.37 47091.7 17823 4297.95 13525.1 7491.78 6033.29
internal_count=156122 11561 7514 4047 5313 2835 728 2478 1828 2201 181 2020 3380 1157 3245 218 3027 122 863 650 144561 7060 4827 4355 137501 52366 12951 39415 21648 17767
is_linear=0
shrinkage=0.03


Tree=161
num_leaves=31
num_cat=0
split_feature=18 38 18 8 4 37 32 13 13 2 1 14 2 13 2 38 2 10 1 25 22 22 38 38 1 8 2 0 12 38
split_gain=14.2999 21.2273 20.6894 25.6088 25.9693 24.8718 23.9618 28.0322 71.2062 49.9794 35.1492 24.7915 30.4642 21.6609 35.3241 42.3739 25.9238 23.5468 21.5205 21.3524 17.4811 16.9188 16.2543 27.598 28.3797 18.1562 17.251 16.8263 16.1661 22.3333
threshold=-6884.7631835937491 -0.5810565948486327 -195.12712097167966 0.015060928650200369 7.4249999523162851 1.0000000180025095e-35 1.5000000000000002 -2.0756864547729488 0.26420179009437567 0.16336489468812945 0.16162642836570743 -1.0000000180025095e-35 0.034024320542812354 -10.408123493194578 -0.081538569182157503 0.1233099363744259 -0.068420287221670137 0.86472409963607799 -0.10182456672191618 0.012844795826822521 0.13887352496385577 0.32491324841976171 0.37146696448326116 0.098358791321516051 -0.06907953321933745 0.076629694551229491 0.14518128335475924 -0.15327625721693036 -0.19960552453994748 -1.0000000180025095e-35
decision_type=2 2 2 2 2 2 2 2 2 2 2 2 2 2 2 2 2 2 2 2 2 2 2 2 2 2 2 2 2 2
left_child=1 -1 3 4 -2 21 7 11 9 -9 -10 19 -13 17 15 -15 -16 18 -8 -4 -3 -6 23 25 -25 -22 27 -24 29 -5
right_child=2 20 6 28 5 -7 13 8 10 -11 -12 12 -14 14 16 -17 -18 -19 -20 -21 22 -23 26 24 -26 -27 -28 -29 -30 -31
leaf_value=-0.029969885037477412 0.0014682809579588923 0.006521540202554848 0.0058553208082468208 0.0066680741498914347 -0.0016017632711231328 -0.0067714094528025246 -0.0046335027520661145 -0.0025029900374847372 -0.00041940010106280889 -0.0098532780328141785 0.0051611457731810979 -0.00034593637068377423 0.0026493979305916827 0.0075072860553651076 -0.020772996893176146 0.035834188039017549 0.0024441987294973717 -0.037871937365967286 0.0033345322554188838 -0.0031384842790436597 -0.00086699849880792661 0.0089981544988504119 0.0093880868433331051 -0.0051304074022857984 -0.02352477661119411 -0.01348780500112054 0.016277562564544889 -0.027336163875773804 -0.004358721336800991 0.0020935466310001488
leaf_weight=22.836596585810184 4010.2149501740932 223.44899645447731 267.46145765483379 1448.6298138201237 616.44572997093201 803.35884258151054 670.93752953410149 3376.004064694047 14579.839532613754 1105.4638400450349 1090.848741337657 5635.3246218562126 6670.7792903929949 293.6683165282011 42.821164131164551 56.056893765926361 3426.8810055106878 14.809559926390646 557.46649906039238 2056.4334958046675 2268.5049152895808 172.57478624582291 24.574221804738045 282.86299224197865 102.72552371025085 106.51786576956511 82.911951184272766 19.029966369271278 239.34520396590233 2860.475435167551
leaf_count=128 10610 572 730 3712 1667 2299 1895 15356 41560 5250 3054 16208 18299 770 138 114 9537 53 1467 5798 6412 428 66 826 342 401 210 67 674 7479
internal_value=0.000206807 -0.0017587 0.000330084 0.00153911 0.000180741 -0.00305878 2.19624e-05 -0.000258655 -0.000984358 -0.00431858 -3.0438e-05 0.000740762 0.00127759 0.00195016 0.00306978 0.0121455 0.0021509 -0.00148683 -0.00101529 -0.00210001 -0.00154105 0.000721311 -0.00216814 -0.00265182 -0.0100868 -0.00143973 0.00830038 -0.00682558 0.00321122 0.00363329
internal_weight=53129.3 3133.41 49995.8 10151 5602.59 1592.38 39844.8 34782.2 20152.2 4481.47 15670.7 14630 12306.1 5062.64 3819.43 349.725 3469.7 1243.21 1228.4 2323.89 3110.58 789.021 2887.13 2760.61 385.589 2375.02 126.516 43.6042 4548.45 4309.11
internal_count=156122 9024 147098 26869 15004 4394 120229 106255 65220 20606 44614 41035 34507 13974 10559 884 9675 3415 3362 6528 8896 2095 8324 7981 1168 6813 343 133 11865 11191
is_linear=0
shrinkage=0.03


end of trees

feature_importances:
underlying_return_5bar=517
cvd_slope=450
close_vs_vwap_pct=385
va_width_pct=349
moneyness_pct=337
close_vs_val_pct=289
close_vs_poc_pct=286
close_vs_vah_pct=277
nearest_lvn_distance_pct=268
day_of_week=263
bar_range_pct=226
cumulative_delta_3bar=215
minutes_since_open=176
option_type_flag=161
atr_5=120
lower_wick_ratio=86
balance_ratio=82
cvd_divergence_flag=69
hvn_count=67
body_pct=58
close_position_in_range=52
upper_wick_ratio=35
profile_shape_encoded=31
aggression=23
atr_20=18
delta_normalized=15
market_state_encoded=5

parameters:
[boosting: gbdt]
[objective: binary]
[metric: auc]
[tree_learner: serial]
[device_type: cpu]
[data_sample_strategy: bagging]
[data: ]
[valid: ]
[num_iterations: 500]
[learning_rate: 0.03]
[num_leaves: 31]
[num_threads: 0]
[seed: 0]
[deterministic: 0]
[force_col_wise: 0]
[force_row_wise: 0]
[histogram_pool_size: -1]
[max_depth: 6]
[min_data_in_leaf: 15]
[min_sum_hessian_in_leaf: 0.001]
[bagging_fraction: 0.8]
[pos_bagging_fraction: 1]
[neg_bagging_fraction: 1]
[bagging_freq: 0]
[bagging_seed: 3]
[bagging_by_query: 0]
[feature_fraction: 0.8]
[feature_fraction_bynode: 1]
[feature_fraction_seed: 2]
[extra_trees: 0]
[extra_seed: 6]
[early_stopping_round: 0]
[early_stopping_min_delta: 0]
[first_metric_only: 0]
[max_delta_step: 0]
[lambda_l1: 0.1]
[lambda_l2: 1]
[linear_lambda: 0]
[min_gain_to_split: 0]
[drop_rate: 0.1]
[max_drop: 50]
[skip_drop: 0.5]
[xgboost_dart_mode: 0]
[uniform_drop: 0]
[drop_seed: 4]
[top_rate: 0.2]
[other_rate: 0.1]
[min_data_per_group: 100]
[max_cat_threshold: 32]
[cat_l2: 10]
[cat_smooth: 10]
[max_cat_to_onehot: 4]
[top_k: 20]
[monotone_constraints: ]
[monotone_constraints_method: basic]
[monotone_penalty: 0]
[feature_contri: ]
[forcedsplits_filename: ]
[refit_decay_rate: 0.9]
[cegb_tradeoff: 1]
[cegb_penalty_split: 0]
[cegb_penalty_feature_lazy: ]
[cegb_penalty_feature_coupled: ]
[path_smooth: 0]
[interaction_constraints: ]
[verbosity: -1]
[saved_feature_importance_type: 0]
[use_quantized_grad: 0]
[num_grad_quant_bins: 4]
[quant_train_renew_leaf: 0]
[stochastic_rounding: 1]
[linear_tree: 0]
[max_bin: 255]
[max_bin_by_feature: ]
[min_data_in_bin: 3]
[bin_construct_sample_cnt: 200000]
[data_random_seed: 1]
[is_enable_sparse: 1]
[enable_bundle: 1]
[use_missing: 1]
[zero_as_missing: 0]
[feature_pre_filter: 1]
[pre_partition: 0]
[two_round: 0]
[header: 0]
[label_column: ]
[weight_column: ]
[group_column: ]
[ignore_column: ]
[categorical_feature: ]
[forcedbins_filename: ]
[precise_float_parser: 0]
[parser_config_file: ]
[objective_seed: 5]
[num_class: 1]
[is_unbalance: 0]
[scale_pos_weight: 2.59116]
[sigmoid: 1]
[boost_from_average: 1]
[reg_sqrt: 0]
[alpha: 0.9]
[fair_c: 1]
[poisson_max_delta_step: 0.7]
[tweedie_variance_power: 1.5]
[lambdarank_truncation_level: 30]
[lambdarank_norm: 1]
[label_gain: ]
[lambdarank_position_bias_regularization: 0]
[eval_at: ]
[multi_error_top_k: 1]
[auc_mu_weights: ]
[num_machines: 1]
[local_listen_port: 12400]
[time_out: 120]
[machine_list_filename: ]
[machines: ]
[gpu_platform_id: -1]
[gpu_device_id: -1]
[gpu_use_dp: 0]
[num_gpu: 1]

end of parameters

pandas_categorical:null
