tree
version=v4
num_class=1
num_tree_per_iteration=1
label_index=0
max_feature_idx=41
objective=quantile
feature_names=close_vs_poc_pct close_vs_vah_pct close_vs_val_pct close_vs_vwap_pct atr_5 atr_20 atr_ratio bar_range_pct body_pct upper_wick_ratio lower_wick_ratio close_position_in_range delta_normalized cvd_slope cvd_divergence_flag aggression volume_vs_ema20 delta_acceleration cumulative_delta_3bar aggressive_print_imbalance profile_shape_encoded balance_ratio va_width_pct market_state_encoded hvn_count nearest_lvn_distance_pct bid_ask_spread_bps book_imbalance_l1 book_imbalance_l5 bid_depth_total ask_depth_total book_pressure_ratio minutes_since_open session_flag day_of_week bars_since_last_displacement oi_change_pct option_type_flag underlying_return_5bar moneyness_pct dte_normalized oi_volume_ratio
feature_infos=[-3.3308367729187012:0.83645617961883545] [-5.6367220878601074:0.69761949777603149] [-2.4219095706939697:0.89418023824691772] [-15.594911575317383:0.67312902212142944] [0:1021.25] [0:1021.25] none [0:1.8729941844940186] [0:1.4678663015365601] [0:1] [0:1] [0:1] [-1:1] [-1554762:740160.0625] [-1:1] [-1:1] none none [-22059220:18102978] none [-1:1] [0:1] [0.0015732203610241413:5.237128734588623] [0:1] [0:3] [0:5.0295963287353516] none none none none none none [0:43] none [0:6] none none [-1:1] [-2.0323750972747803:2.8819994926452637] [-6.6302590370178223:6.2846179008483887] none none
tree_sizes=2973 3077 3066 3066 3086 3092 3054 3061 3061 3062 3097 3087 3071 3070 3058 3061 3057 3066 3088 3114 3048 3090 3065 3067 3092 3086 3089 3082 3090 3107 3076 3115 3084 3088 3060 3134 3087 3082 3078 3074 3075 3093 3077 3084 3081 3102 3071 3107 3094 3072 3087 2968 3057 3078 3050 3090 3083 3101 3119 3071 3055 3091 3039 3106 3099 3057 3090 2956 3070 2962 3036 3110 2978 3048 3078 3058 3059 2854 3103 2799 3080 2750 3065 3064 2979 2958 3106 3103 2868 2753 2975 3038 2757 3077 2976 3104 2785 3061 3058 3095 3099 3090 3126 2894 3006 3091 2867 2698 3092 3095 2860 2990 2849 3104 3103 3090 2806 2774 3087 3015 3069 2779 2706 2671 2923 2950 2682 2795 2974 3061 2932 2764 2962 2680 3055 3065 3016 2862 2789 2571 3068 2678 3096 3091 2985 2578 3059 2893 3120 2949 3103 2781 2457 2866 2682 3073 2976 3118 2756 2830 2866 3085 2784 2947 2807 3060 3036 2534 3102 3129 3115 3120 2859 2953 2877 2858 2873 3059 2854 2848 2332 2829 2880 2872 2879 2891 2872 2609 2665 3098 3057 3066 3026 2930 2844 2859 3026 2887 2883 3070 3088 3067 3071 3057 2876 3018 3098 3096 3044 3109 2861 2798 3086 3112 3121 3068 3065 3071 3048 3072 2896 3059 2638 2955 2407 3107 3063 2874 2866 2514 3120 3077 3055 3051 3107 2869 2850 3105 2852 2860 2949 3028 3084 2953 2940 2758 3085 3052 2786 2595 2858 2964 2978 3079 3059 3044 2948 3066 3046 3011 3076 2802 3098 3029 2935 3014 3030 2956 3062 2923 2946 3074 2962 2964 3092 3107 2778 2772 2840 3068 3048 2834 2760 3049 2932 3073 3079 3069 3051 2940 3058 2901 3114 2747 2701 2696 3071 2665 2752 3021

Tree=0
num_leaves=31
num_cat=0
split_feature=7 9 7 3 7 13 13 18 18 22 22 38 22 7 7 22 39 39 14 4 2 8 18 13 18 25 13 13 2 25
split_gain=4631.87 402.89 354.145 272.175 164.592 156.087 138.804 132.006 103.589 64.2041 61.752 47.8702 39.62 32.7613 29.7834 23.1548 22.9597 25.6035 20.3728 17.411 14.3439 11.9538 11.8991 11.1031 10.62 9.02916 8.27485 11.0876 6.24771 6.00689
threshold=0.013002030085772278 0.0032854347955435519 0.00037390168290585285 -0.35053816437721247 0.035794362425804145 27.433041572570804 -19.322152137756344 2275.6569824218755 -4856.9921874999991 0.11577921360731126 0.11761262267827989 1.0000000180025095e-35 0.11254521086812021 0.057283880189061172 0.035794362425804145 0.11761262267827989 1.8960810303688052 -0.097500421106815324 -1.0000000180025095e-35 19.32499980926514 0.06203060224652291 0.079715393483638777 9945.1254882812518 261.93348693847662 18362.980468750004 0.34901019930839544 -24.38671779632568 36.243595123291023 -0.018622671253979203 0.053690373897552497
decision_type=2 2 2 2 2 2 2 2 2 2 2 2 2 2 2 2 2 2 2 2 2 2 2 2 2 2 2 2 2 2
left_child=2 7 3 11 12 6 -5 8 21 -10 26 23 25 22 -9 -7 17 -12 -15 -14 -13 -2 -6 -1 -16 -3 29 -28 -18 -4
right_child=1 4 10 5 13 15 -8 14 9 -11 16 20 19 18 24 -17 28 -19 -20 -21 -22 -23 -24 -25 -26 -27 27 -29 -30 -31
leaf_value=0.021523709036409856 0.022641880530864002 0.02144578956067562 0.021043383097276092 0.020786986383609474 0.022884105704724787 0.020699171698652208 0.020499028265476227 0.022182745300233363 0.021112487697973848 0.02180504836142063 0.021416444471105932 0.020499028265476227 0.022498738393187522 0.022944374196231365 0.02313621584326029 0.021205404703505338 0.020805641321931034 0.021778281312435865 0.024288042075932027 0.021918162796646358 0.020935896504670381 0.024492284283041954 0.023317470215260983 0.022993525676429271 0.024240876920521258 0.02195345382206142 0.020909987157210708 0.021264402661472559 0.021230115019716323 0.021517210081219672
leaf_weight=6008 2238 1029 507 8647 9573 1948 37660 2927 2793 17193 5172 778 16301 1567 2242 5464 198 6371 12588 2186 451 660 2937 359 1138 296 1695 1190 1104 621
leaf_count=6008 2238 1029 507 8647 9573 1948 37660 2927 2793 17193 5172 778 16301 1567 2242 5464 198 6371 12588 2186 451 660 2937 359 1138 296 1695 1190 1104 621
internal_value=0.0215778 0.0303961 0.013042 0.0112774 0.0332875 0.0100247 0.00894646 0.0257924 0.0240272 0.0227462 0.0194602 0.0201364 0.0298355 0.0358523 0.0321971 0.0167614 0.0211517 0.0218616 0.0374999 0.0304341 0.0111019 0.0328616 0.033988 0.0218803 0.0353945 0.0214836 0.0140462 0.0126265 0.0148575 0.0176772
internal_weight=153841 75668 78173 61315 46477 53719 46307 29191 22884 19986 16858 7596 19812 26665 6307 7412 12845 11543 14155 18487 1229 2898 12510 6367 3380 1325 4013 2885 1302 1128
internal_count=153841 75668 78173 61315 46477 53719 46307 29191 22884 19986 16858 7596 19812 26665 6307 7412 12845 11543 14155 18487 1229 2898 12510 6367 3380 1325 4013 2885 1302 1128
is_linear=0
shrinkage=1


Tree=1
num_leaves=31
num_cat=0
split_feature=7 10 7 3 7 9 24 18 38 39 7 18 9 39 39 7 39 4 1 18 4 7 18 2 34 39 7 3 39 10
split_gain=4267.83 427.02 312.93 262.274 161.209 133.099 63.5991 48.6486 45.0228 43.6773 41.8993 39.5956 37.0854 30.8858 34.8894 25.4626 20.8652 19.5069 18.8098 18.593 17.45 16.0974 14.8957 13.9275 12.0453 10.3945 8.80829 5.95366 6.55489 5.16341
threshold=0.012343410868197681 0.0030864491127431397 0.00037390168290585285 -0.35053816437721247 0.036674650385975845 0.0032854347955435519 1.5000000000000002 1212.7349853515627 1.0000000180025095e-35 1.9768069386482241 0.029951483942568306 -1799.7783203124998 0.0090171401388943213 1.0645261406898501 -0.027744126506149765 0.1126164346933365 1.0000000180025095e-35 10.525000095367433 -0.10752514749765395 18362.980468750004 10.325000286102297 0.020191706717014316 7432.5749511718759 0.06203060224652291 5.0000000000000009 0.097577404230833067 0.040512671694159515 0.23132795840501788 1.8624963164329531 0.65450847148895275
decision_type=2 2 2 2 2 2 2 2 2 2 2 2 2 2 2 2 2 2 2 2 2 2 2 2 2 2 2 2 2 2
left_child=2 5 3 8 12 7 24 11 25 -8 17 -2 20 14 18 19 -16 -7 -4 -6 -3 -14 -12 -10 -5 -1 -9 28 -15 -17
right_child=1 4 13 6 15 10 9 26 23 -11 22 -13 21 27 16 29 -18 -19 -20 -21 -22 -23 -24 -25 -26 -27 -28 -29 -30 -31
leaf_value=9.8805939778685509e-05 0.00050813181325793278 0.0007145870057865978 -6.1210717540234266e-05 -0.0010249514132738113 0.0015733230207115414 0.00059293236583471312 -0.0010249514132738113 0.000399323906749487 -0.0010249514132738113 -0.0010249514132738113 0.0010319225734565407 -0.00019267529249191278 0.00053810978308320055 -0.00032511381548829378 0.00040710001485422254 0.003640521196648479 -0.00012924932525493205 2.1535232663154672e-05 -0.00038694628281518814 0.0020758987311273814 0.00014639215543866166 0.0010159499489236622 0.0018891011923551561 -0.00060992658603936439 -0.0010249514132738113 -0.00088488519424572603 0.0013425379293039441 -5.44667441863567e-05 -0.0005857366259442642 0.0016622434090822935
leaf_weight=6230 2430 4004 3121 10366 17697 3212 33699 1735 778 9366 6248 11317 3580 1632 3839 3388 2046 2205 2955 5119 3118 10200 1224 451 288 137 1114 546 1621 175
leaf_count=6230 2430 4004 3121 10366 17697 3212 33699 1735 778 9366 6248 11317 3580 1632 3839 3388 2046 2205 2955 5119 3118 10200 1224 451 288 137 1114 546 1621 175
internal_value=-0.000158768 0.00818592 -0.00847 -0.0100852 0.0111308 0.00346363 -0.0113149 0.000503133 -0.00138889 -0.0104592 0.00727558 -0.00072925 0.00785092 -0.00218591 -0.000938467 0.0137297 0.00180544 0.00392745 -0.00359612 0.0131158 0.00492137 0.00936502 0.00970289 -0.0101505 -0.0147738 0.00030234 0.00644963 -0.00611345 -0.00692438 0.0176607
internal_weight=153841 76766 77075 61315 47281 29485 53719 16596 7596 43065 12889 13747 20902 15760 11961 26379 5885 5417 6076 22816 7122 13780 7472 1229 10654 6367 2849 3799 3253 3563
internal_count=153841 76766 77075 61315 47281 29485 53719 16596 7596 43065 12889 13747 20902 15760 11961 26379 5885 5417 6076 22816 7122 13780 7472 1229 10654 6367 2849 3799 3253 3563
is_linear=0
shrinkage=0.05


Tree=2
num_leaves=31
num_cat=0
split_feature=7 32 10 13 13 7 9 3 22 22 32 13 7 22 13 7 3 13 22 7 39 38 21 13 22 38 37 32 3 13
split_gain=3918.58 559.789 385.569 321.352 461.709 141.394 116.59 98.0978 51.7539 51.7381 45.8853 45.5272 36.0408 33.0353 32.129 28.7986 25.9051 24.6577 20.2134 18.703 17.0073 24.5011 22.2095 14.1197 13.1571 12.4133 10.9746 10.8778 7.47868 6.79381
threshold=0.012343410868197681 14.500000000000002 1.0000000180025095e-35 27.433041572570804 -15.922521591186522 0.0360968615859747 0.0032854347955435519 -0.17448676377534864 0.11066943034529687 0.11577921360731126 14.500000000000002 -111.41680526733397 0.029223110526800159 0.26055912673473364 91.260082244873061 0.018044880591332916 0.08959630131721498 -176.66280364990232 0.10889112949371339 0.095773678272962584 1.7898395061492922 0.30095177888870245 0.67499998211860668 247.8423767089844 0.23213586956262591 -0.25294733047485346 1.0000000180025095e-35 8.5000000000000018 0.29093891382217413 71.036128997802749
decision_type=2 2 2 2 2 2 2 2 2 2 2 2 2 2 2 2 2 2 2 2 2 2 2 2 2 2 2 2 2 2
left_child=1 3 6 4 11 10 8 -6 27 29 15 -1 18 23 -11 -4 20 -10 -8 -15 21 -3 -22 -7 -14 -18 -12 -2 -27 -5
right_child=2 16 5 9 7 13 12 -9 17 14 26 -13 24 19 -16 -17 25 -19 -20 -21 22 -23 -24 -25 -26 28 -28 -29 -30 -31
leaf_value=-6.1590032099047634e-05 -0.00058322927122935657 0.0010268243588507176 0.00020912639482412499 -0.0007893039577174933 -0.00097370384261012081 0.00082427062420174487 -0.00036657932121306663 -0.00097370384261012081 0.0006844611231936142 -0.00038560688146390028 0.0019293204250279816 -0.00061488293850561608 0.00057632408448262133 0.0017743981941603126 0.00013251291925553237 0.00066573864873498687 -0.00097370384261012081 6.4198068343102998e-05 0.00041684505157172681 0.0033276564497500662 -0.00097370384261012081 -0.00097370384261012081 0.00057187394649372441 0.0014133905768394471 0.0013799561268533582 0.0013982127048075199 0.00420820507913595 0.00056329083023592822 0.0075852999550988899 -0.0004487658680591267
leaf_weight=5484 1911 3539 3776 1404 7131 3859 526 32329 2108 5465 887 11784 2391 15601 5444 14585 74 12254 4701 4528 347 81 573 3006 5153 1201 1241 239 673 1546
leaf_count=5484 1911 3539 3776 1404 7131 3859 526 32329 2108 5465 887 11784 2391 15601 5444 14585 74 12254 4701 4528 347 81 573 3006 5153 1201 1241 239 673 1546
internal_value=-0.000288122 -0.00825203 0.00770784 -0.0095439 -0.0112114 0.0104906 0.00319554 -0.0141954 0.000420906 -0.00271845 0.00735883 -0.00439252 0.00678295 0.0128677 -0.0011298 0.00655329 0.00580302 0.00150397 0.00359193 0.0138892 0.00373348 0.00527624 -0.00233696 0.00987254 0.0089939 0.0106263 0.0143092 -0.00681395 0.0114194 -0.00859322
internal_weight=153841 77075 76766 70587 56728 47483 29283 39460 16512 13859 20489 17268 12771 26994 10909 18361 6488 14362 5227 20129 4540 3620 920 6865 7544 1948 2128 2150 1874 2950
internal_count=153841 77075 76766 70587 56728 47483 29283 39460 16512 13859 20489 17268 12771 26994 10909 18361 6488 14362 5227 20129 4540 3620 920 6865 7544 1948 2128 2150 1874 2950
is_linear=0
shrinkage=0.05


Tree=3
num_leaves=31
num_cat=0
split_feature=7 32 10 3 22 7 4 22 18 18 32 38 7 22 32 7 3 2 34 34 22 7 18 37 39 38 21 39 22 25
split_gain=3669.15 474.365 402.877 265.718 170.676 156.956 130.814 118.12 73.9 86.3623 48.6856 45.1089 44.4854 29.4415 20.8691 18.7879 18.2536 17.157 16.7093 36.6302 16.3789 15.5429 13.5326 13.2403 12.6263 22.1423 18.7916 9.30855 8.60443 7.72293
threshold=0.0084083620458841341 14.500000000000002 1.0000000180025095e-35 -0.35053816437721247 0.08511782065033914 0.035794362425804145 1.0000000180025095e-35 0.11066943034529687 2376.1342773437505 -2865.5942382812495 14.500000000000002 1.0000000180025095e-35 0.018044880591332916 0.25224505364894872 14.500000000000002 0.095773678272962584 0.08959630131721498 0.06203060224652291 3.5000000000000004 1.5000000000000002 0.20429347455501559 0.0015577579033561053 14760.455566406252 1.0000000180025095e-35 1.7898395061492922 0.30095177888870245 0.67499998211860668 -0.052058435976505273 0.08353451639413835 0.25171916186809545
decision_type=2 2 2 2 2 2 2 2 2 2 2 2 2 2 2 2 2 2 2 2 2 2 2 2 2 2 2 2 2 2
left_child=1 3 7 11 21 10 -6 14 9 -9 12 20 -4 28 27 -15 24 -13 19 -18 -1 -5 -10 -12 25 -3 -26 -2 -7 -16
right_child=2 16 5 4 6 13 -8 8 22 -11 23 17 -14 15 29 -17 18 -19 -20 -21 -22 -23 -24 -25 26 -27 -28 -29 -30 -31
leaf_value=-0.00056568496534600864 -0.00060219279363664109 0.00090109911269973966 0.00012997535634203805 -0.00092501865047961483 -0.00092501865047961483 -0.00019161467433441429 -0.00023431068749850967 0.00087263611888192837 0.00090556723622430598 8.6658041320333747e-05 0.0015513310178561369 -0.00086276876437477775 0.00062927205596934076 0.0016667403614381328 0.0004698047030396992 0.0031564437888562686 0.00057967739633750168 -0.00021107958047650763 -0.00018739734182599937 0.0061378667941316967 0.00016505691798593023 -0.00056357790917245434 0.0018458685734149185 0.0038059228030644593 -0.00092501865047961483 -0.00092501865047961483 0.00057569269007799457 -0.00037916165841452319 0.0010650399743579329 0.0027516905495736863
leaf_weight=456 896 3115 5673 10872 38426 148 6562 5818 3130 19384 1022 1161 14352 16077 350 4579 651 490 349 757 6244 792 1106 1375 335 78 550 2610 6435 48
leaf_count=456 896 3115 5673 10872 38426 148 6562 5818 3130 19384 1022 1161 14352 16077 350 4579 651 490 349 757 6244 792 1106 1375 335 78 550 2610 6435 48
internal_value=-0.000409351 -0.00876789 0.00672415 -0.00999377 -0.0112211 0.00957844 -0.00982373 0.00247286 0.00355663 0.00252956 0.00648024 -0.00166746 0.00567416 0.0121287 -0.00569928 0.0130567 0.0048886 -0.00907026 0.00914912 0.0115767 0.000156716 -0.0166109 0.00966714 0.0132144 0.00305297 0.00451769 -0.00223164 -0.00693098 0.00921692 0.00515075
internal_weight=153841 70838 83003 65003 56652 49661 44988 33342 29438 25202 22422 8351 20025 27239 3904 20656 5835 1651 1757 1408 6700 11664 4236 2397 4078 3193 885 3506 6583 398
internal_count=153841 70838 83003 65003 56652 49661 44988 33342 29438 25202 22422 8351 20025 27239 3904 20656 5835 1651 1757 1408 6700 11664 4236 2397 4078 3193 885 3506 6583 398
is_linear=0
shrinkage=0.05


Tree=4
num_leaves=31
num_cat=0
split_feature=7 10 13 13 7 9 3 13 7 7 18 13 18 3 3 4 7 4 1 7 1 14 1 2 18 1 4 7 39 1
split_gain=3407.54 362.368 257.743 331.751 140.438 111.447 78.0503 48.0318 45.485 44.7356 44.5033 33.4644 33.0984 29.1945 25.893 24.3014 22.3996 19.6055 18.3235 16.555 13.5329 12.7618 12.6908 13.2047 11.9932 11.4681 11.2226 9.35607 7.37211 5.72253
threshold=0.0084083620458841341 0.0030864491127431397 27.433041572570804 -19.322152137756344 0.027077411301434044 0.0032854347955435519 -0.16337496787309644 6.8573131561279306 0.054460400715470321 0.030191865749657158 1212.7349853515627 91.260082244873061 -1079.2731933593748 -0.65270015597343434 -0.28244180977344507 25.524999618530277 0.016310024075210098 15.47499990463257 -0.11316166818141936 0.0011733438004739585 -0.5948219597339629 -1.0000000180025095e-35 -0.45843018591403956 0.24990835040807727 8061.8645019531259 -0.34995880722999567 8.2249999046325701 0.022137421183288101 0.052476504817605026 -3.0804568529129024
decision_type=2 2 2 2 2 2 2 2 2 2 2 2 2 2 2 2 2 2 2 2 2 2 2 2 2 2 2 2 2 2
left_child=2 5 3 14 16 10 13 -8 15 20 12 18 -2 -5 25 -6 26 -18 -4 -16 -7 -10 29 -24 -11 -1 -3 -12 -20 -13
right_child=1 4 11 6 8 9 7 -9 21 24 27 22 -14 -15 19 -17 17 -19 28 -21 -22 -23 23 -25 -26 -27 -28 -29 -30 -31
leaf_value=0.000309973465022158 0.00028389162964525893 0.00036021600812571712 -0.00018854650090215747 -0.00044041092722593039 0.0010959498570876896 0.00073676607527995677 -0.0008787677179556341 -0.0008787677179556341 0.0011229058958933456 0.00089753452696422764 7.9439339566670351e-05 -0.0010960042406715003 -0.00022022283609730939 -0.0008787677179556341 -0.00065677186865650589 0.00035392374560484297 0.0007370880555282929 0.00013153420065093095 -0.00082329907574458074 -8.7052270052263245e-05 0.00018772738497576944 0.0021583431829081384 -0.00013846529828984771 0.00038614109272020852 0.0016923625850529423 -0.00025105678228137546 -2.8150779191055218e-05 0.00082282328802146365 -0.0003049018921214158 0.00094588960288991084
leaf_weight=2456 3774 2900 2765 1412 16830 609 29208 5967 1674 6229 935 66 12526 6773 8314 2246 7691 1994 2747 2464 6134 13992 3416 1312 1172 1602 2130 2167 1413 923
leaf_count=2456 3774 2900 2765 1412 16830 609 29208 5967 1674 6229 935 66 12526 6773 8314 2246 7691 1994 2747 2464 6134 13992 3416 1312 1172 1602 2130 2167 1413 923
internal_value=-0.000508155 0.00636634 -0.0085632 -0.0099689 0.00908719 0.00235498 -0.0121771 -0.0132004 0.0108212 0.00573035 -0.000105659 -0.00209223 -0.00115031 -0.00777947 -0.0035151 0.00918169 0.0049932 0.00639907 -0.0044296 -0.00479681 0.00278437 0.0128176 0.000739024 -0.000338409 0.0084144 -0.000110892 0.00228628 0.00538362 -0.00652644 0.00588979
internal_weight=153841 83003 70838 58196 49457 33546 43360 35175 34742 14144 19402 12642 16300 8185 14836 19076 14715 9685 6925 10778 6743 15666 5717 4728 7401 4058 5030 3102 4160 989
internal_count=153841 83003 70838 58196 49457 33546 43360 35175 34742 14144 19402 12642 16300 8185 14836 19076 14715 9685 6925 10778 6743 15666 5717 4728 7401 4058 5030 3102 4160 989
is_linear=0
shrinkage=0.05


Tree=5
num_leaves=31
num_cat=0
split_feature=7 7 13 13 9 22 3 9 18 22 18 22 22 4 3 3 13 7 7 13 39 39 13 22 37 39 22 22 20 38
split_gain=3155.84 331.794 240.028 305.766 116.446 96.7615 78.8064 63.6033 59.038 52.0116 47.0275 43.6199 37.4652 33.2158 27.7013 25.9332 22.1918 20.7501 20.5223 13.2911 11.3959 15.1047 10.499 10.1599 9.46637 8.33956 8.1783 6.92598 6.80853 6.70506
threshold=0.0071893711574375638 0.029223110526800159 27.433041572570804 -19.322152137756344 0.0032854347955435519 0.11577921360731126 -0.1595446318387985 0.0032854347955435519 2275.6569824218755 0.069670796394348158 -5039.7290039062491 0.26055912673473364 0.15642747282981875 9.9749999046325701 -0.65270015597343434 -0.42172704637050623 91.260082244873061 0.018044880591332916 0.10034754872322084 -185.9236145019531 2.0128626823425297 -1.6135762333869932 261.93348693847662 0.24511294811964038 1.0000000180025095e-35 -0.64869436621665943 0.073686014860868468 0.3358083069324494 1.0000000180025095e-35 0.19052249938249591
decision_type=2 2 2 2 2 2 2 2 2 2 2 2 2 2 2 2 2 2 2 2 2 2 2 2 2 2 2 2 2 2
left_child=2 5 3 15 8 20 14 13 10 -8 -3 22 26 -7 -5 27 24 -9 -13 -17 21 -2 -6 -10 -14 -18 28 -1 -4 -22
right_child=1 4 12 6 11 7 9 17 23 -11 -12 18 16 -15 -16 19 25 -19 -20 -21 29 -23 -24 -25 -26 -27 -28 -29 -30 -31
leaf_value=-0.00037741194362795797 -0.00049612738101621659 0.0011790614228132093 -0.00060479854242617888 -0.00041839038086463387 0.00061175783703877823 0.00026296108102610746 -0.00083482933205785239 0.0002515322869673648 0.00074445404917228731 -0.00083482933205785239 0.00020162207425413731 0.0014367989395797779 7.1575640381306771e-05 -0.0001592035504003415 -0.00083482933205785239 -1.5124024611220395e-05 -0.00011371916874921415 0.00066711013603747398 0.0031236304504222352 -0.00053269935584903587 -0.00063315623756896467 -0.00012385298268322359 0.0010421080879525397 0.0015644439068675565 -0.00057708933141955654 0.00038387653447321813 -0.00042651640899485019 0.00039997048992807872 -0.00085682993007183544 0.00023093844352337504
leaf_weight=599 655 2379 688 1406 5457 10051 6696 6036 1224 28051 9583 19009 1459 5536 6773 1580 836 9527 3827 9804 749 3622 4119 2983 2788 2789 3165 2117 257 76
leaf_count=599 655 2379 688 1406 5457 10051 6696 6036 1224 28051 9583 19009 1459 5536 6773 1580 836 9527 3827 9804 749 3622 4119 2983 2788 2789 3165 2117 257 76
internal_value=-0.000621258 0.00583765 -0.00856133 -0.00991302 0.00853883 0.00221781 -0.0120114 0.00326324 0.00507298 -0.0130508 0.00328122 0.0102678 -0.00212819 0.00100565 -0.00759567 -0.00352482 -0.000107978 0.00552432 0.0114556 -0.00457221 -0.00416503 -0.00312719 0.00743525 0.0101676 -0.00256063 0.00276552 -0.00599757 0.000865243 -0.0100794 -0.00954545
internal_weight=153841 84833 69008 57026 48581 36252 42926 31150 16169 34747 11962 32412 11982 15587 8179 14100 7872 15563 22836 11384 5102 4277 9576 4207 4247 3625 4110 2716 945 825
internal_count=153841 84833 69008 57026 48581 36252 42926 31150 16169 34747 11962 32412 11982 15587 8179 14100 7872 15563 22836 11384 5102 4277 9576 4207 4247 3625 4110 2716 945 825
is_linear=0
shrinkage=0.05


Tree=6
num_leaves=31
num_cat=0
split_feature=7 32 10 13 13 7 9 3 32 13 32 18 7 7 3 3 7 3 32 32 7 34 1 39 34 34 37 39 37 34
split_gain=2944.07 429.727 318.066 267.161 410.247 116.822 89.6402 83.0312 47.8108 46.0315 44.3358 41.5412 38.1693 36.5175 27.1879 22.9054 22.6789 19.3877 18.249 15.9529 15.9061 14.884 13.0567 12.8397 11.6979 15.1565 8.20327 7.85125 5.88006 16.6533
threshold=0.0071893711574375638 14.500000000000002 0.0030864491127431397 13.859466075897219 -14.936060905456541 0.036674650385975845 0.0032854347955435519 -0.17448676377534864 14.500000000000002 91.260082244873061 8.5000000000000018 692.51477050781261 0.02301808446645737 0.016523226164281372 -0.28244180977344507 -0.12515456974506375 0.098004423081874861 0.3001589179039002 14.500000000000002 8.5000000000000018 0.056116128340363509 3.5000000000000004 -0.45843018591403956 -3.3376760482788081 3.5000000000000004 1.5000000000000002 1.0000000180025095e-35 3.6269432306289677 1.0000000180025095e-35 2.5000000000000004
decision_type=2 2 2 2 2 2 2 2 2 2 2 2 2 2 2 2 2 2 2 2 2 2 2 2 2 2 2 2 2 2
left_child=1 3 6 4 14 8 10 -6 13 15 11 -2 18 -4 -1 -5 19 28 -8 -7 -14 -18 -11 -10 25 -19 -12 -26 -3 -30
right_child=2 17 5 9 7 16 12 -9 23 22 26 -13 20 -15 -16 -17 21 24 -20 -21 -22 -23 -24 -25 27 -27 -28 -29 29 -31
leaf_value=-9.9299874571959733e-05 -0.000204587878445907 0.0003099672275147905 5.8705166289774357e-05 -0.00026578065302706457 -0.0007930878654549598 0.0011552237667304321 1.7508876626827832e-05 -0.0007930878654549598 -0.00012886579374128405 0.00077249840052645883 0.00042850498129368733 0.00031984426896297831 0.00057313707307637149 0.00051571385274351653 -0.00057282097117802714 -0.00074587921486856084 0.0019327300416318123 0.0052702441973533718 0.0015625931041873668 0.0038336699406742829 0.0016548743329253515 0.0037475069505648814 -7.468530157410253e-05 0.0029041711891811305 0.0049532353365792691 0.0096520947257851958 0.0016254133960390785 -0.00082996893088764046 0.00037230129124934589 0.002937861249015078
leaf_weight=3884 14069 2404 5006 3156 5665 19710 4453 28198 146 906 796 4428 6534 16062 10703 6795 2527 265 514 1776 2988 2366 4066 2388 45 261 1070 47 1511 1102
leaf_count=3884 14069 2404 5006 3156 5665 19710 4453 28198 146 906 796 4428 6534 16062 10703 6795 2527 265 514 1776 2988 2366 4066 2388 45 261 1070 47 1511 1102
internal_value=-0.000731437 -0.00840048 0.005507 -0.00957703 -0.0113787 0.00806356 0.00184064 -0.0143985 0.00550801 -0.00372747 -0.000298335 -0.00103936 0.00484678 0.00472755 -0.00436862 -0.00569038 0.0103501 0.00483141 0.00129354 0.00965047 0.00670027 0.0134222 0.000201126 0.0119968 0.0131877 0.0160646 0.00704716 -0.00326087 0.00380207 0.00544393
internal_weight=153841 69008 84833 63373 48450 49981 34852 33863 23602 14923 20363 18497 14489 21068 14587 9951 26379 5635 4967 21486 9522 4893 4972 2534 618 526 1866 92 5017 2613
internal_count=153841 69008 84833 63373 48450 49981 34852 33863 23602 14923 20363 18497 14489 21068 14587 9951 26379 5635 4967 21486 9522 4893 4972 2534 618 526 1866 92 5017 2613
is_linear=0
shrinkage=0.05


Tree=7
num_leaves=31
num_cat=0
split_feature=7 32 10 3 22 7 22 4 38 32 7 22 32 9 22 32 32 22 18 3 21 37 21 32 34 34 37 38 34 0
split_gain=2763.03 397.506 294.061 244.189 152.585 112.055 102.048 89.7188 52.3816 50.2868 47.0016 42.4214 29.5503 29.2834 28.2228 26.1142 23.6251 23.3116 21.2926 17.2657 13.8598 11.8223 11.0746 10.7295 9.60752 16.9312 8.71248 7.63917 5.2672 16.5015
threshold=0.0061073526740074166 14.500000000000002 0.0030864491127431397 -0.23241005837917325 0.077411264181137099 0.027077411301434044 0.18272964656353 1.0000000180025095e-35 0.00083585685933940123 14.500000000000002 0.032553169876337058 0.26055912673473364 14.500000000000002 0.0050955496262758979 0.20429347455501559 10.500000000000002 14.500000000000002 0.11761262267827989 1891.0000000000002 0.3001589179039002 0.97499999403953563 1.0000000180025095e-35 0.47499999403953558 8.5000000000000018 3.5000000000000004 1.5000000000000002 1.0000000180025095e-35 -1.0000000180025095e-35 3.5000000000000004 0.090164903551340117
decision_type=2 2 2 2 2 2 2 2 2 2 2 2 2 2 2 2 2 2 2 2 2 2 2 2 2 2 2 2 2 2
left_child=1 3 6 8 20 12 9 -6 14 13 15 23 17 -2 -1 -8 -13 -4 -12 28 -5 -11 -10 -7 25 -21 -14 -26 -3 -30
right_child=2 19 5 4 7 11 10 -9 22 21 18 16 26 -15 -16 -17 -18 -19 -20 24 -22 -23 -24 -25 27 -27 -28 -29 29 -31
leaf_value=-0.00058538623728415838 -0.0003572262416560027 0.00050116084427365777 -0.00012958793228206962 -0.00075343347218221181 -0.00075343347218221181 0.00060749746371533862 7.0692812829826687e-05 -0.00018788095950486575 -0.00075343347218221181 0.00052050533884032254 0.00060017622813102319 0.001306131681784636 0.0010439013234530784 2.5094593716640248e-05 3.7729646382780868e-06 0.0016315988015867405 0.0049595362617267415 0.00032696748346499899 0.0013888254400293055 0.0052234578171278202 -0.00075343347218221181 0.002231506510206498 -0.00052954041650261636 0.0026069002877369481 -0.00078847048434325842 0.009169489989495936 0.0030330192893646673 0.0047555056295240155 0.0026964209507606245 -0.00080858622683069922
leaf_weight=1227 7028 3672 1554 7230 37087 9314 12179 3940 1259 529 8228 22728 823 3763 7583 1122 1801 12280 2516 256 1962 539 1791 899 47 257 998 44 874 311
leaf_count=1227 7028 3672 1554 7230 37087 9314 12179 3940 1259 529 8228 22728 823 3763 7583 1122 1801 12280 2516 256 1962 539 1791 899 47 257 998 44 874 311
internal_value=-0.00083089 -0.00840539 0.00509699 -0.00954308 -0.011067 0.00756047 0.00163909 -0.00976247 -0.00309022 -0.00215659 0.00351112 0.00914311 0.00404823 -0.00318089 -0.00113507 0.00152432 0.0102705 0.00326008 0.00597077 0.00452756 -0.0168897 0.00819288 -0.0087377 0.00643543 0.0125 0.0151559 0.0100357 -0.00247253 0.00353613 0.0064346
internal_weight=153841 67540 86301 62079 50219 50397 35904 41027 11860 11859 24045 34742 15655 10791 8810 13301 24529 13834 10744 5461 9192 1068 3050 10213 604 513 1821 91 4857 1185
internal_count=153841 67540 86301 62079 50219 50397 35904 41027 11860 11859 24045 34742 15655 10791 8810 13301 24529 13834 10744 5461 9192 1068 3050 10213 604 513 1821 91 4857 1185
is_linear=0
shrinkage=0.05


Tree=8
num_leaves=31
num_cat=0
split_feature=5 32 9 13 13 22 22 3 13 13 32 13 32 22 22 18 18 3 37 22 3 3 37 32 34 34 38 8 37 38
split_gain=2557.55 348.143 312.938 246.785 352.252 136.796 83.6881 75.5151 56.9948 61.0026 49.5102 40.651 34.1414 33.2249 31.5219 28.4623 46.0483 26.8657 23.8707 23.0772 22.191 15.8312 9.86595 9.85352 7.98887 12.2475 7.62027 6.39177 5.67728 22.1353
threshold=0.12500000372529033 14.500000000000002 0.0032854347955435519 13.859466075897219 -13.842182159423826 0.18431562185287478 0.26275002956390386 -0.22709936648607251 467.68917846679693 -129.7656326293945 14.500000000000002 91.260082244873061 14.500000000000002 0.11254521086812021 0.10386388003826143 -10258.915527343748 4376.1274414062509 -0.28244180977344507 1.0000000180025095e-35 0.17815802991390231 -0.13065119087696073 0.31092830002307897 1.0000000180025095e-35 14.500000000000002 3.5000000000000004 1.5000000000000002 -1.0000000180025095e-35 0.060179412364959724 1.0000000180025095e-35 0.30095177888870245
decision_type=2 2 2 2 2 2 2 2 2 2 2 2 2 2 2 2 2 2 2 2 2 2 2 2 2 2 2 2 2 2
left_child=1 3 5 4 17 10 12 -6 9 -7 14 20 13 -4 -2 23 -17 -1 -14 -13 -5 28 -12 -8 25 -23 -26 -10 -3 -30
right_child=2 21 6 11 7 8 15 -9 27 -11 22 19 18 -15 -16 16 -18 -19 -20 -21 -22 24 -24 -25 26 -27 -28 -29 29 -31
leaf_value=-0.00011350504165280789 -0.00044007863541515566 0.00023209196130595584 -9.9093313148174161e-05 -0.00022013417403533722 -0.00071576179857310129 0.00068379658922583628 0.0015185207841794325 -0.00071576179857310129 0.0010202853256483814 8.4100457425059268e-05 0.00028992126751683302 -0.00034729004971464136 0.00070711928151555618 0.00040722984800681229 -0.00014604244662146573 0.00066514061537948895 0.0014202577635689122 -0.00067861934021535468 0.0032753440954687791 0.0003879133276002072 -0.00071812223110242124 0.0057639998200485019 0.0019238954861570169 0.0054495319689477273 -0.00074904696012609556 0.0090708517107624103 0.0051667845132353611 0.0024622410446006196 0.001236491556498371 -0.00083676097223111005
leaf_weight=3372 4446 2014 2433 2597 3999 6739 6955 28049 2349 17512 686 1310 885 15786 8491 13747 9402 8936 1083 2403 5880 233 693 732 36 221 42 558 2173 79
leaf_count=3372 4446 2014 2433 2597 3999 6739 6955 28049 2349 17512 686 1310 885 15786 8491 13747 9402 8936 1083 2403 5880 233 693 732 36 221 42 558 2173 79
internal_value=-0.000929694 -0.00884602 0.00432041 -0.00994323 -0.0116749 0.00109466 0.00694246 -0.0144362 0.00317954 0.0023865 -0.00286044 -0.00364233 0.00443974 0.00376393 -0.00382044 0.00858088 0.00770552 -0.00448489 0.0106961 0.000720442 -0.00555326 0.00408504 0.00614576 0.011217 0.012218 0.0147577 -0.0025641 0.00979532 0.00307079 0.00479574
internal_weight=153841 61344 92497 56546 44356 41474 51023 32048 27158 24251 14316 12190 20187 18219 12937 30836 23149 12308 1968 3713 8477 4798 1379 7687 532 454 78 2907 4266 2252
internal_count=153841 61344 92497 56546 44356 41474 51023 32048 27158 24251 14316 12190 20187 18219 12937 30836 23149 12308 1968 3713 8477 4798 1379 7687 532 454 78 2907 4266 2252
is_linear=0
shrinkage=0.05


Tree=9
num_leaves=31
num_cat=0
split_feature=7 32 7 3 22 10 4 32 22 38 7 22 10 4 39 18 34 39 39 3 38 38 21 39 1 38 37 38 34 38
split_gain=2421.98 341.199 269.077 231.754 141.48 109.322 73.7662 71.7834 57.2007 46.883 38.7433 38.718 29.65 28.4607 28.2366 25.7801 22.1135 15.5096 15.3766 13.8196 13.5184 11.4281 11.2211 9.36397 8.90952 6.72122 5.94313 21.8732 15.2145 5.06821
threshold=0.0055312793701887139 14.500000000000002 0.023855716921389106 -0.23241005837917325 0.077411264181137099 0.0030864491127431397 1.0000000180025095e-35 14.500000000000002 0.11577921360731126 0.00083585685933940123 0.054460400715470321 0.19299696385860446 0.012515664100646974 20.925000190734867 0.15194281190633777 1891.0000000000002 3.5000000000000004 1.7234573960304262 2.3309744596481328 0.3001589179039002 0.11525200679898263 0.30095177888870245 0.52500000596046459 -0.43780142068862909 0.18658515065908435 0.1074047163128853 1.0000000180025095e-35 0.30095177888870245 1.5000000000000002 -1.0000000180025095e-35
decision_type=2 2 2 2 2 2 2 2 2 2 2 2 2 2 2 2 2 2 2 2 2 2 2 2 2 2 2 2 2 2
left_child=1 3 7 9 20 11 -6 8 23 14 13 18 -10 -7 -1 -13 -12 21 -4 26 -5 -9 -11 -2 29 -26 28 -28 -3 -21
right_child=2 19 5 4 6 10 -8 17 12 22 16 15 -14 -15 -16 -17 -18 -19 -20 24 -22 -23 -24 -25 25 -27 27 -29 -30 -31
leaf_value=-4.4443454361126591e-05 -0.0004512933432877491 0.0010840580091417285 6.6389400522429585e-05 -0.00067997370864444624 -0.00067997370864444624 0.00083854356248191312 -0.00018991209150265553 0.0016363594648871956 -5.9701512494075677e-05 -0.00067997370864444624 0.0012417586445585271 0.00043768370708720494 0.00022203479349755504 0.00025544001970921793 -0.00066722301793845421 0.0011518395350936903 0.0024652802657749249 -0.00047391146169885551 -0.0007265790932616163 -0.00043202229723429046 -0.00067997370864444624 -0.00099154573803618114 -0.0005219759486462651 -0.00024897148574682862 0.0007920974666093079 0.02556008407501394 0.0010949043757925243 -0.00079492292361955453 -0.00020111014688606549 0.0091591530445020858
leaf_weight=8053 881 821 5026 8255 37087 18309 3484 2722 12540 1287 9883 11093 9768 3747 681 2974 5783 272 550 32 871 47 1705 3439 266 37 2422 79 1463 264
leaf_count=8053 881 821 5026 8255 37087 18309 3484 2722 12540 1287 9883 11093 9768 3747 681 2974 5783 272 550 32 871 47 1705 3439 266 37 2422 79 1463 264
internal_value=-0.00100802 -0.00816868 0.00448848 -0.00922659 -0.0107185 0.00648784 -0.00945318 0.000622704 -0.000208427 -0.0029038 0.00806293 0.00346307 0.000811368 0.00671246 -0.00105335 0.00486067 0.00996425 0.00790036 -6.2769e-05 0.00390045 -0.0163434 0.0090195 -0.00830548 -0.00547454 0.0110601 0.005033 0.00300418 0.00468812 0.00116025 0.0172297
internal_weight=153841 66807 87034 61423 49697 57365 40571 29669 26628 11726 37722 19643 22308 22056 8734 14067 15666 3041 5576 5384 9126 2769 2992 4320 599 303 4785 2501 2284 296
internal_count=153841 66807 87034 61423 49697 57365 40571 29669 26628 11726 37722 19643 22308 22056 8734 14067 15666 3041 5576 5384 9126 2769 2992 4320 599 303 4785 2501 2284 296
is_linear=0
shrinkage=0.05


Tree=10
num_leaves=31
num_cat=0
split_feature=7 7 13 13 9 3 18 18 7 39 13 24 39 39 34 4 3 2 3 34 2 7 14 2 34 14 38 13 39 21
split_gain=2281.9 307.473 229.975 306.846 113.639 61.8734 53.2486 46.6075 42.5444 41.3546 37.5745 37.3128 31.2818 41.1181 24.2285 23.1437 21.3515 21.2141 19.7418 19.4905 15.0002 12.9152 11.9445 10.0804 8.99606 7.20392 6.40624 5.98971 4.9607 4.33076
threshold=0.0011733438004739585 0.021290026605129245 12.92698907852173 -14.936060905456541 0.0032854347955435519 -0.17448676377534864 1169.6153564453127 -5039.7290039062491 0.062665048986673369 1.8624963164329531 137.46549987792972 2.5000000000000004 -0.052058435976505273 1.0000000180025095e-35 3.5000000000000004 20.47500038146973 -0.28244180977344507 0.34433087706565862 -0.13065119087696073 3.5000000000000004 0.058991258963942535 0.040512671694159515 -1.0000000180025095e-35 0.51574569940567028 5.0000000000000009 -1.0000000180025095e-35 0.11252592876553537 365.37376403808599 0.96707031130790722 0.72499999403953563
decision_type=2 2 2 2 2 2 2 2 2 2 2 2 2 2 2 2 2 2 2 2 2 2 2 2 2 2 2 2 2 2
left_child=2 9 3 16 6 19 7 -3 15 12 18 -7 17 -14 -10 -6 24 -2 20 -5 -4 -8 -18 26 -1 -20 -11 28 -12 -29
right_child=1 4 10 5 8 11 21 -9 14 23 27 -13 13 -15 -16 -17 22 -19 25 -21 -22 -23 -24 -25 -26 -27 -28 29 -30 -31
leaf_value=-0.00012924927577103609 -0.00014341713829921544 0.00086741834686583955 -0.00037114159598213969 -0.00064597502321222394 0.00079766587694712085 -0.00064597502321222394 0.00045450895019771723 1.5698142437227738e-05 0.0012859947179485684 -0.00045015475649470664 0.0002691380048888327 -0.00064597502321222394 0.00045769072331330684 -5.707564331161753e-05 0.0028348584608534969 0.00033187715803833736 -8.2932014063235017e-05 0.00054918784416771937 7.400084235404184e-06 -0.00040296272536001249 0.00073089587775020375 0.0012944302170958039 -0.00065176221545596715 0.0016318470424334878 0.0023605710346880724 -0.00064597502321222394 -0.00012156797621212575 0.00088793751326028724 -0.00030336119081468375 0.00014014653297523698
leaf_weight=3280 10640 2648 2387 4567 22545 14685 3361 12498 7455 2536 1688 15122 8263 7068 4690 5135 1498 881 542 1159 1032 3427 7894 44 271 6914 603 407 299 302
leaf_count=3280 10640 2648 2387 4567 22545 14685 3361 12498 7455 2536 1688 15122 8263 7068 4690 5135 1498 881 542 1159 1032 3427 7894 44 271 6914 603 407 299 302
internal_value=-0.00105255 0.00395396 -0.00845931 -0.0100699 0.005972 -0.0124708 0.00308197 0.00143272 0.00756372 -0.000195605 -0.00270614 -0.0133853 0.00044317 0.00192258 0.0100309 0.00648121 -0.00347871 -0.00152548 -0.00401609 -0.00771044 -0.000870137 0.00676193 -0.00472743 -0.00558435 -0.000176007 -0.00545869 -0.00591749 0.00257789 0.00117011 0.00652327
internal_weight=153841 91794 62047 48476 61759 35533 21934 15146 39825 30035 13571 29807 26852 15331 12145 27680 12943 11521 10875 5726 3419 6788 9392 3183 3551 7456 3139 2696 1987 709
internal_count=153841 91794 62047 48476 61759 35533 21934 15146 39825 30035 13571 29807 26852 15331 12145 27680 12943 11521 10875 5726 3419 6788 9392 3183 3551 7456 3139 2696 1987 709
is_linear=0
shrinkage=0.05


Tree=11
num_leaves=31
num_cat=0
split_feature=5 10 13 13 22 22 3 13 13 22 22 9 13 13 13 3 3 2 22 13 34 13 13 3 13 22 38 25 25 3
split_gain=2135.5 258.656 224.275 301.299 97.7864 75.2246 59.2257 54.0376 61.7244 37.4847 31.3101 28.9532 26.8502 24.4529 22.5392 20.0121 18.6055 16.0719 15.3922 14.5735 12.456 12.3238 11.9867 10.249 9.52033 9.34646 8.19935 6.98946 6.87113 5.32399
threshold=0.12500000372529033 1.0000000180025095e-35 12.92698907852173 -14.936060905456541 0.11066943034529687 0.26275002956390386 -0.17448676377534864 467.68917846679693 -229.17455291748044 0.10247942805290224 0.061793224886059768 0.0070360652171075353 3851.228881835938 91.260082244873061 -724.15209960937489 -0.28244180977344507 -0.67368596792221058 0.089128036051988616 0.11761262267827989 52.485153198242195 3.5000000000000004 -50.047208786010735 -24.38671779632568 -1.1688111424446104 365.37376403808599 0.29652534425258642 0.00083585685933940123 0.14129736274480822 0.29643185436725622 -0.25888420641422266
decision_type=2 2 2 2 2 2 2 2 2 2 2 2 2 2 2 2 2 2 2 2 2 2 2 2 2 2 2 2 2 2
left_child=2 4 3 15 19 11 16 8 -6 27 -8 18 14 23 -7 26 -5 -13 -3 22 -14 -17 -2 -11 -15 -9 -1 29 -29 -4
right_child=1 5 9 6 7 12 10 25 -10 13 -12 17 20 24 -16 21 -18 -19 -20 -21 -22 -23 -24 -25 -26 -27 -28 28 -30 -31
leaf_value=0.00010320066259404795 -0.00022876889948229579 -0.00018024279850046947 -0.00066438594015811876 -0.00034671945495463597 0.00060397297543812712 0.0012376443827735795 -0.00061367627205161275 0.00055733609698570329 -7.4558959882852641e-07 0.00097419573876799553 -0.00061367627205161275 0.00025314321511158805 0.0015341167441926113 0.00012322913745691492 0.00072352968752757295 -0.00030582864176954697 -0.00061367627205161275 0.00069941199025299683 0.0002180947598733888 -5.2022312984938582e-05 0.00386363779944854 -0.00062625738007115951 -0.00056361877050468967 -0.00044469248166323225 0.00095654187696496635 0.0013676530680423486 -0.00051467416268185975 -0.00061591868295446666 -0.00037762935539201029 -0.00059462357470807959
leaf_weight=2958 1509 1589 86 965 5694 8483 4863 1752 25803 510 24767 6263 2172 2748 19625 4320 4717 6299 5890 1390 1257 4868 2872 6924 586 1899 557 537 161 1777
leaf_count=2958 1509 1589 86 965 5694 8483 4863 1752 25803 510 24767 6263 2172 2748 19625 4320 4717 6299 5890 1390 1257 4868 2872 6924 586 1899 557 537 161 1777
internal_value=-0.0011208 0.00367661 -0.00835453 -0.00994741 0.000708106 0.00603164 -0.012323 0.00169853 0.00103105 -0.00261648 -0.0132197 0.0036363 0.00755383 -0.00132337 0.00704426 -0.0033437 -0.00764696 0.00510269 0.00117329 -0.00532403 0.0117308 -0.00457118 -0.00673933 -0.00291902 0.00223455 0.00745686 -0.000135135 -0.00805349 -0.0123209 -0.00645464
internal_weight=153841 92497 61344 48015 40919 51578 35312 35148 31497 13329 29630 20041 31537 10768 28108 12703 5682 12562 7479 5771 3429 9188 4381 7434 3334 3651 3515 2561 698 1863
internal_count=153841 92497 61344 48015 40919 51578 35312 35148 31497 13329 29630 20041 31537 10768 28108 12703 5682 12562 7479 5771 3429 9188 4381 7434 3334 3651 3515 2561 698 1863
is_linear=0
shrinkage=0.05


Tree=12
num_leaves=31
num_cat=0
split_feature=7 32 7 3 22 10 32 24 22 32 38 7 9 5 39 38 39 2 7 14 39 3 38 1 38 39 0 1 24 21
split_gain=2018.66 313.924 267.062 228.207 122.618 99.5699 68.5051 62.3944 45.6195 43.2834 39.5028 37.1534 36.551 25.362 22.4623 19.8061 18.7137 15.7823 13.7129 13.3489 11.9653 11.6633 9.97416 8.04871 7.43067 6.39158 5.08765 8.16512 7.56062 3.48224
threshold=0.0011733438004739585 14.500000000000002 0.020859078504145149 -0.23241005837917325 0.077411264181137099 0.0030864491127431397 10.500000000000002 1.5000000000000002 0.10247942805290224 14.500000000000002 0.00083585685933940123 0.050919828936457641 0.0032854347955435519 22.274999618530277 0.15194281190633777 0.087365698069334044 1.0014124512672427 0.12080512195825578 0.057283880189061172 -1.0000000180025095e-35 1.7898395061492922 0.29093891382217413 -0.22641336172819135 0.28938786685466772 0.087365698069334044 -1.1670265197753904 -0.13434076309204099 -0.068023350089788423 1.5000000000000002 0.62500000000000011
decision_type=2 2 2 2 2 2 2 2 2 2 2 2 2 2 2 2 2 2 2 2 2 2 2 2 2 2 2 2 2 2
left_child=1 3 6 10 19 12 8 -6 25 11 14 -7 13 -4 -1 -11 -10 -12 -14 -5 24 26 -23 -24 -8 -2 28 -28 -3 -22
right_child=2 21 5 4 7 9 20 -9 16 15 17 -13 18 -15 -16 -17 -18 -19 -20 -21 29 22 23 -25 -26 -27 27 -29 -30 -31
leaf_value=-2.5418334091917556e-05 -0.00045977818269921783 -0.00092452525148525736 0.00026300628063995939 -0.00058299245844903216 -0.00058299245844903216 0.0004978567810811354 0.0013089024381521324 -0.00058299245844903216 2.5968268522740067e-05 0.0040727189708181883 -0.00058299245844903216 0.001272772467613951 0.00038196530809082906 -0.00024177550619688872 -0.00059203235472923442 0.00099674882122529284 -0.00022684098969625918 0.00022826897910014087 0.001376806888267847 -0.00058299245844903216 -0.00077691911983324949 -0.00068821692068706441 0.0079268534324237749 0.0049086885752350241 0.00026840220365242668 -0.0003000321181710522 0.0010777346515459178 0.00036785432366827884 0.00022084052158484436 0.00038342213592387525
leaf_weight=7572 655 158 8069 484 5877 21094 2367 31860 18238 2637 2197 16250 7304 3728 537 550 4219 392 2859 8257 139 31 342 213 386 3120 1499 1885 743 179
leaf_count=7572 655 158 8069 484 5877 21094 2367 31860 18238 2637 2197 16250 7304 3728 537 550 4219 392 2859 8257 139 31 342 213 386 3120 1499 1885 743 179
internal_value=-0.0011689 -0.00813537 0.00353999 -0.00917343 -0.0106889 0.00538678 -0.000398423 -0.00945292 -0.0012256 0.00685586 -0.00258927 0.00637853 0.00267532 0.000781978 -0.000872487 0.012449 -0.000370708 -0.0079664 0.00487307 -0.0160251 0.00666721 0.00404948 0.0106655 0.0122072 0.00772793 -0.00631126 0.00314469 0.00403369 -0.000194229 -0.00251572
internal_weight=153841 62047 91794 57176 46478 62491 29303 37737 26232 40531 10698 37344 21960 11797 8109 3187 22457 2589 10163 8741 3071 4871 586 555 2753 3775 4285 3384 901 318
internal_count=153841 62047 91794 57176 46478 62491 29303 37737 26232 40531 10698 37344 21960 11797 8109 3187 22457 2589 10163 8741 3071 4871 586 555 2753 3775 4285 3384 901 318
is_linear=0
shrinkage=0.05


Tree=13
num_leaves=31
num_cat=0
split_feature=7 32 13 13 7 32 3 13 13 10 3 4 13 7 32 13 37 34 34 21 3 32 3 38 34 13 34 0 24 25
split_gain=1909.64 292.057 265.035 368.956 241.225 83.3925 79.7871 64.3868 86.1229 56.7277 36.1087 33.5406 31.9058 23.5843 22.8652 22.7748 17.4747 86.9178 51.0562 17.4316 15.0619 12.7888 11.2487 9.66821 8.63147 8.37209 5.59165 5.04433 7.14409 5.98971
threshold=0.0011733438004739585 14.500000000000002 13.859466075897219 -13.842182159423826 0.029951483942568306 14.500000000000002 -0.17448676377534864 467.68917846679693 -270.54681396484369 0.0087108276784420031 -0.57151401042938221 31.024999618530277 86.935379028320327 0.016310024075210098 14.500000000000002 -78.658267974853501 1.0000000180025095e-35 1.5000000000000002 1.5000000000000002 0.97499999403953563 -0.1432286202907562 20.500000000000004 0.29093891382217413 -0.22641336172819135 1.0000000180025095e-35 365.37376403808599 1.5000000000000002 -0.13434076309204099 1.5000000000000002 0.0030902085127308969
decision_type=2 2 2 2 2 2 2 2 2 2 2 2 2 2 2 2 2 2 2 2 2 2 2 2 2 2 2 2 2 2
left_child=1 2 3 15 5 9 -5 8 14 10 -2 -10 20 -11 -6 -1 17 -7 -18 21 -4 -9 27 -24 -21 -14 -25 28 -3 -29
right_child=4 22 12 6 7 16 -8 19 11 13 -12 -13 25 -15 -16 -17 18 -19 -20 24 -22 -23 23 26 -26 -27 -28 29 -30 -31
leaf_value=-6.9064382633822211e-05 0.00065025416864889212 -0.00087829898891099434 -0.00011716937447224502 -0.00055384283552658057 0.00090161775502962049 0.0022743324411142588 -0.00055384283552658057 0.0014091930192460622 0.00043093171358938329 -2.0848949343192519e-05 -0.00015345268809303545 -0.00016540391778566214 5.1922014374797612e-06 0.00029443620130846157 0.003616654442203718 -0.00055569995844446788 0.00021694856530525146 -0.00049481980806120852 0.0032377568251862293 0.00013255854557809519 -0.00055703788129661113 0.010230984674034252 -0.00065380607465271114 0.0049658949964383105 0.0008190926478767349 0.00063233953365223698 0.0074356398806011822 0.0019569383031140717 0.00020979849550560213 0.00057239953097696695
leaf_weight=4166 1684 158 2391 5248 13878 799 26990 9215 14618 5914 21341 4012 3290 10947 1054 8367 980 1192 1454 682 6032 386 31 243 3638 692 312 247 743 3137
leaf_count=4166 1684 158 2391 5248 13878 799 26990 9215 14618 5914 21341 4012 3290 10947 1054 8367 980 1192 1454 682 6032 386 31 243 3638 692 312 247 743 3137
internal_value=-0.00123553 -0.00801127 -0.00901252 -0.0108044 0.00334445 0.000691138 -0.0136345 0.0058205 0.00463471 -3.13393e-05 -0.00164495 0.00236715 -0.00254534 0.00217217 0.00746384 -0.00352469 0.00720339 0.00372928 0.0100452 0.00867933 -0.00428885 0.00986616 0.00374153 0.0102389 0.00604167 0.00114264 0.0117568 0.00285298 -0.000471698 0.00373818
internal_weight=153841 62047 57176 44771 91794 44311 32238 47483 33562 39886 23025 18630 12405 16861 14932 12533 4425 1991 2434 13921 8423 9601 4871 586 4320 3982 555 4285 901 3384
internal_count=153841 62047 57176 44771 91794 44311 32238 47483 33562 39886 23025 18630 12405 16861 14932 12533 4425 1991 2434 13921 8423 9601 4871 586 4320 3982 555 4285 901 3384
is_linear=0
shrinkage=0.05


Tree=14
num_leaves=31
num_cat=0
split_feature=4 32 13 13 22 9 13 13 13 32 22 22 21 32 32 13 18 34 13 34 1 2 25 38 25 38 39 0 34 22
split_gain=1803.21 272.1 257.197 368.192 198.621 94.6913 78.3666 70.7729 72.7248 52.1646 36.2918 30.0143 29.269 26.6825 24.8619 24.7978 22.7248 22.1765 20.0661 12.4221 12.3941 8.8092 7.86589 6.98579 6.55464 6.23317 10.1568 6.12771 3.98166 2.05925
threshold=1.0000000180025095e-35 14.500000000000002 13.859466075897219 -13.842182159423826 0.26275002956390386 0.0070360652171075353 0.00075226789808231222 467.68917846679693 -229.17455291748044 14.500000000000002 0.10386388003826143 0.10247942805290224 0.97499999403953563 19.500000000000004 2.5000000000000004 178.90980529785159 2880.240600585938 5.0000000000000009 -78.658267974853501 2.5000000000000004 0.0098768812604248541 0.52610191702842724 0.26290057599544531 0.23002020269632342 0.14129736274480822 -0.14755965769290921 0.70472827553749096 0.032118447124958045 1.5000000000000002 0.4379138201475144
decision_type=2 2 2 2 2 2 2 2 2 2 2 2 2 2 2 2 2 2 2 2 2 2 2 2 2 2 2 2 2 2
left_child=1 2 3 18 5 9 -5 8 14 10 -2 24 19 17 -6 -13 -10 -7 -1 -9 -15 25 -11 -14 -4 26 -3 -27 29 -23
right_child=4 21 11 6 7 13 -8 12 16 22 -12 15 23 20 -16 -17 -18 -19 -20 -21 -22 28 -24 -25 -26 27 -28 -29 -30 -31
leaf_value=-7.0886530335115096e-05 -0.00036347731517205888 0.0021558291804265233 -0.00052918598723178053 -0.00052615069375025155 0.00073284779064160396 0.00016797872217851897 -0.00052615069375025155 0.001103810386456155 0.00017523192510043013 0.0007114227621705442 -9.7893927491435155e-05 -0.00031015663179156011 0.0006821290688871183 0.00096392688657923574 0.0028862318061425654 0.00049887181827712478 0.00071060371785483046 0.0013208509977809405 -0.00052791496052224452 0.0026507741119511747 0.0049937550450073242 0.003406716540981325 0.0024849432851678948 -0.00022122652485381672 -0.00052812123181946108 0.00047853817937703398 -0.00075373613417922922 0.0015805412775080378 0.0057194194445183699 -0.00026904689255335506
leaf_weight=4003 4518 150 1660 23462 14509 17496 8509 3577 18947 1808 16015 8210 4325 1133 1670 1546 3249 906 8164 3752 481 47 257 249 630 2640 249 1523 111 45
leaf_count=4003 4518 150 1660 23462 14509 17496 8509 3577 18947 1808 16015 8210 4325 1133 1670 1546 3249 906 8164 3752 481 47 257 249 630 2640 249 1523 111 45
internal_value=-0.00131028 -0.00799316 -0.00896608 -0.0107334 0.00307454 0.000563195 -0.0135506 0.00520307 0.00415831 -0.00165501 -0.00241684 -0.00249045 0.00857137 0.00306755 0.00670777 -0.00128126 0.00229996 0.0025269 -0.00333073 0.0105301 0.00923172 0.00347849 0.0059201 0.00543288 -0.00764192 0.00302499 -0.00294486 0.00359717 0.01367 0.00597826
internal_weight=153841 60949 56184 44138 92892 42614 31971 50278 38375 22598 20533 12046 11903 20016 16179 9756 22196 18402 12167 7329 1614 4765 2065 4574 2290 4562 399 4163 203 92
internal_count=153841 60949 56184 44138 92892 42614 31971 50278 38375 22598 20533 12046 11903 20016 16179 9756 22196 18402 12167 7329 1614 4765 2065 4574 2290 4562 399 4163 203 92
is_linear=0
shrinkage=0.05


Tree=15
num_leaves=31
num_cat=0
split_feature=7 32 13 13 7 22 3 32 13 13 22 13 13 22 13 21 13 13 32 13 21 3 34 34 34 34 39 21 1 38
split_gain=1717.16 253.741 262.014 377.507 211.844 78.0998 77.8186 50.8729 42.7287 39.3912 37.7702 37.609 41.8986 29.2822 22.2678 22.2646 21.5845 18.36 15.9661 11.0047 9.61321 9.06587 13.3113 23.9738 12.4166 10.6512 8.38337 7.92197 6.49071 5.5293
threshold=0.00077768714982084941 14.500000000000002 12.92698907852173 -13.842182159423826 0.02061975467950106 0.2543781846761704 -0.17448676377534864 19.500000000000004 221.5036544799805 -286.30595397949213 0.11761262267827989 467.68917846679693 -595.16293334960926 0.10247942805290224 -129.7656326293945 0.97499999403953563 178.90980529785159 -78.658267974853501 20.500000000000004 567.14498901367199 0.97499999403953563 0.08959630131721498 3.5000000000000004 1.5000000000000002 3.5000000000000004 1.5000000000000002 3.4748612642288212 0.92499998211860668 0.22210417687892917 0.044705292209982879
decision_type=2 2 2 2 2 2 2 2 2 2 2 2 2 2 2 2 2 2 2 2 2 2 2 2 2 2 2 2 2 2
left_child=1 2 3 17 7 8 -5 10 9 -6 20 12 -7 28 -12 -13 -15 -1 -10 29 -2 24 23 -23 25 -3 -26 -24 -4 -9
right_child=4 21 13 6 5 11 -8 19 18 -11 14 15 -14 16 -16 -17 -18 -19 -20 -21 -22 22 27 -25 26 -27 -28 -29 -30 -31
leaf_value=-6.8558555701587681e-05 -0.00023298952953194516 0.00058069264258386725 -0.00049973103851759623 -0.00049984315906273892 0.00051658392006818791 0.0010547174697927923 -0.00049984315906273892 0.00095390021793190368 0.00048439505220943988 -8.1357552714787445e-05 0.00022915668335198801 0.0016427810645186182 0.00043097944386856187 -0.00029506999152432002 -7.9579451811035923e-05 0.00065219857593365536 0.0004430338963661289 -0.00050151921249613231 0.0058588074042527933 0.003609558269031993 -0.00041881119885851163 0.0004250854460827897 -0.00069452376948767307 0.0045390344004797856 0.0019339519056700155 -0.0005168044433557674 -0.00081575949727557206 0.0028833303464114637 -0.00053480061666246208 9.3303317294661002e-05
leaf_weight=4112 4243 1214 2070 5157 4487 10443 26670 1864 6771 10745 4863 6993 18862 8584 16460 4193 1597 8295 363 255 959 518 231 649 803 1297 43 83 358 659
leaf_count=4112 4243 1214 2070 5157 4487 10443 26670 1864 6771 10745 4863 6993 18862 8584 16460 4193 1597 8295 363 255 959 518 231 649 803 1297 43 83 358 659
internal_value=-0.00136261 -0.00781967 -0.00875526 -0.0105677 0.00295898 0.00459575 -0.0134516 -0.000551991 0.00222436 0.000728729 -0.0012262 0.00590563 0.00496417 -0.0023971 -0.000294283 0.00837207 -0.00122041 -0.00316958 0.00541772 0.00588553 -0.00504614 0.0031728 0.00643147 0.00889032 0.00173518 -2.98686e-05 0.006974 -0.00270701 -0.00733114 0.00488506
internal_weight=153841 61681 56843 44234 92160 62857 31827 29303 22366 15232 26525 40491 29305 12609 21323 11186 10181 12407 7134 2778 5202 4838 1481 1167 3357 2511 846 314 2428 2523
internal_count=153841 61681 56843 44234 92160 62857 31827 29303 22366 15232 26525 40491 29305 12609 21323 11186 10181 12407 7134 2778 5202 4838 1481 1167 3357 2511 846 314 2428 2523
is_linear=0
shrinkage=0.05


Tree=16
num_leaves=31
num_cat=0
split_feature=7 32 3 7 22 32 24 22 22 9 22 34 7 32 18 18 14 39 3 39 21 3 1 32 34 1 21 1 34 34
split_gain=1641.82 243.298 213.523 193.746 119.851 80.1599 69.017 62.7706 47.4169 32.2152 28.5816 26.2138 29.5114 24.7882 23.0887 21.638 15.5516 15.2049 15.9992 14.523 12.1817 9.43764 10.3448 9.26286 8.94579 7.76665 5.76294 5.47885 5.77878 4.07926
threshold=0.00077768714982084941 14.500000000000002 -0.23241005837917325 0.033079354092478759 0.077411264181137099 14.500000000000002 1.5000000000000002 0.12119012698531152 0.2471585348248482 0.0032854347955435519 0.23368341475725177 3.5000000000000004 0.072768263518810286 14.500000000000002 3149.154174804688 -3959.3371582031245 -1.0000000180025095e-35 1.7234573960304262 -0.025982483290135857 1.8960810303688052 0.97499999403953563 0.29093891382217413 -0.0010830678511410949 8.5000000000000018 3.5000000000000004 -0.022654294036328789 0.62500000000000011 0.1971368491649628 3.5000000000000004 3.5000000000000004
decision_type=2 2 2 2 2 2 2 2 2 2 2 2 2 2 2 2 2 2 2 2 2 2 2 2 2 2 2 2 2 2
left_child=1 2 10 5 16 7 -6 20 14 -9 25 13 -13 -10 15 -5 -4 18 -7 -12 -2 27 -23 -16 -24 -1 -19 28 -3 -29
right_child=3 21 4 8 6 17 -8 9 11 -11 19 12 -14 -15 23 -17 -18 26 -20 -21 -22 22 24 -25 -26 -27 -28 29 -30 -31
leaf_value=-0.00047485100110960203 -0.00021297209386716656 0.00028759278738271456 -0.00047485100110960203 0.00053384531103633473 -0.00047485100110960203 0.00083365282424669037 -0.00047485100110960203 -4.5976948079731653e-05 0.00063615455920099171 0.00020728383038888043 -9.4089376566405906e-05 0.00086129516335947285 0.0025258031795968184 0.0036109410359364729 0.00054982744321637508 -7.4872110548867855e-05 -0.00047485100110960203 -0.00079909925204438542 0.0021349800010613943 -0.00047485100110960203 -0.00040713977353341738 0.00931848263875696 0.0050141144435586586 0.0035056950505684484 -0.00057323124877253166 9.3545767456412222e-05 0.00031537803802675758 -8.8394238125207901e-05 0.0016062722372320007 -0.00095351390238381016
leaf_weight=2104 5974 3148 479 3149 5857 2597 31680 19666 20447 17346 8080 4720 4131 1583 3412 5352 8222 188 1838 176 1218 150 352 297 80 245 242 43 1030 35
leaf_count=2104 5974 3148 479 3149 5857 2597 31680 19666 20447 17346 8080 4720 4131 1583 3412 5352 8222 188 1838 176 1218 150 352 297 80 245 242 43 1030 35
internal_value=-0.00140128 -0.0077151 -0.00863123 0.00282444 -0.0100988 0.000676089 -0.00887325 5.6556e-06 0.00527082 0.000836215 -0.00223244 0.00631375 0.00861202 0.00539038 0.00263309 0.00119692 -0.0153862 0.00676773 0.00763811 -0.000847868 -0.00426863 0.00304878 0.00902062 0.00592478 0.00509259 -0.00709877 -0.0022093 0.00223214 0.00247726 -0.0108974
internal_weight=153841 61681 56843 92160 46238 49069 37537 44204 43091 37012 10605 30881 8851 22030 12210 8501 8701 4865 4435 8256 7192 4838 582 3709 432 2349 430 4256 4178 78
internal_count=153841 61681 56843 92160 46238 49069 37537 44204 43091 37012 10605 30881 8851 22030 12210 8501 8701 4865 4435 8256 7192 4838 582 3709 432 2349 430 4256 4178 78
is_linear=0
shrinkage=0.05


Tree=17
num_leaves=31
num_cat=0
split_feature=7 32 13 13 7 3 9 32 13 13 7 32 22 22 3 13 13 39 4 7 3 13 34 34 37 39 21 34 3 3
split_gain=1560.15 234.946 263.742 378.334 182.205 84.937 73.9788 42.2103 41.1692 43.1888 37.6425 36.2259 30.3592 26.3806 22.5642 19.5704 17.5146 15.6183 15.3308 9.5305 9.47712 9.32039 8.92208 19.8698 16.4291 7.66772 17.0815 9.61593 5.84351 5.18561
threshold=0.00037390168290585285 14.500000000000002 13.859466075897219 -13.842182159423826 0.018044880591332916 -0.11680322512984274 0.0032854347955435519 19.500000000000004 221.5036544799805 -52.745830535888665 0.059189794585108764 19.500000000000004 0.18431562185287478 0.10247942805290224 -0.032769991084933274 86.935379028320327 -185.9236145019531 2.0471751689910893 4.3250000476837167 0.042213050648570068 0.079761154949665083 467.68917846679693 1.5000000000000002 3.5000000000000004 1.0000000180025095e-35 1.7898395061492922 0.62500000000000011 3.5000000000000004 0.03949809446930886 -0.10520397126674651
decision_type=2 2 2 2 2 2 2 2 2 2 2 2 2 2 2 2 2 2 2 2 2 2 2 2 2 2 2 2 2 2
left_child=1 2 3 16 11 -5 8 10 9 -6 -8 12 17 28 -9 -15 -1 -2 -14 -10 25 -13 24 -24 -22 27 -27 -3 -4 -23
right_child=4 20 13 5 6 -7 7 14 19 -11 -12 21 18 15 -16 -17 -18 -19 -20 -21 22 29 23 -25 -26 26 -28 -29 -30 -31
leaf_value=0.00024639610412422109 -0.00015774404368113973 0.00013196739026314109 -0.00028803404798848466 -0.00045110845105412193 0.00037425750856437932 -0.00045110845105412193 0.00038826438037843359 0.0022532125029483432 0.0003829854811453212 -0.00013129923711841838 0.0011780395156061403 0.00055589586893318727 0.00014924252809574306 -0.00034276105941752339 0.0048995936346201575 0.0002401880391316667 -0.00044022421365260724 -0.00046460933960234353 -0.00011474748875094087 0.0011721265562829831 0.0079480649894991592 0.0010864212428795762 0.0040307477458772544 -0.00026244266651782026 -0.00092829225787993816 -0.00080620907202690615 0.00032533222721708934 0.0022696729421415938 -0.00045399758588883157 0.0046242926288168115
leaf_weight=1494 8521 1879 1075 7548 8508 24530 27159 1710 2434 11294 12788 2219 6784 6557 1017 3280 10792 1466 6071 2340 219 82 674 352 341 251 485 598 1240 133
leaf_count=1494 8521 1879 1075 7548 8508 24530 27159 1710 2434 11294 12788 2219 6784 6557 1017 3280 10792 1466 6071 2340 219 82 674 352 341 251 485 598 1240 133
internal_value=-0.00145101 -0.00763639 -0.00853829 -0.0103259 0.0026479 -0.0131835 0.00400818 0.00526667 0.00182292 0.000818099 0.00485581 -0.000971277 -0.00158918 -0.00201201 0.0112853 -0.000881875 -0.00286505 -0.00365725 1.75029e-05 0.00599078 0.002985 0.00482744 0.00614754 0.00891813 0.00107143 0.0014239 -0.00305707 0.00275535 -0.00681425 0.0147674
internal_weight=153841 61315 56516 44364 92526 32078 67250 42674 24576 19802 39947 25276 22842 12152 2727 9837 12286 9987 12855 4774 4799 2434 1586 1026 560 3213 736 2477 2315 215
internal_count=153841 61315 56516 44364 92526 32078 67250 42674 24576 19802 39947 25276 22842 12152 2727 9837 12286 9987 12855 4774 4799 2434 1586 1026 560 3213 736 2477 2315 215
is_linear=0
shrinkage=0.05


Tree=18
num_leaves=31
num_cat=0
split_feature=7 13 13 7 13 13 22 13 13 39 39 22 4 1 22 1 13 13 0 1 22 39 7 2 3 7 13 3 13 24
split_gain=1500.44 229.644 322.272 169.137 66.3955 105.486 57.9729 48.7079 57.3513 34.9065 30.4688 27.5403 24.6173 23.4017 21.4711 18.1085 15.8784 15.5543 15.4721 13.8427 11.5701 11.7805 10.4833 8.51546 8.25281 8.14479 7.62149 7.11665 7.11722 4.89843
threshold=0.00037390168290585285 12.92698907852173 -13.842182159423826 0.033079354092478759 0.00075226789808231222 -2.5585784847129834e-13 0.12286556884646417 498.19921875000006 -270.54681396484369 1.157584607601166 -0.12337663397192954 0.10247942805290224 31.024999618530277 0.1971368491649628 0.31197471916675573 0.27335494756698614 71.036128997802749 -40.278293609619134 -0.20431675016880033 0.30820107460021978 0.07188716903328897 2.0471751689910893 0.1126164346933365 0.65442737936973583 -1.1688111424446104 0.054460400715470321 365.37376403808599 0.03949809446930886 145.24861907958987 2.5000000000000004
decision_type=2 2 2 2 2 2 2 2 2 2 2 2 2 2 2 2 2 2 2 2 2 2 2 2 2 2 2 2 2 2
left_child=1 2 15 6 5 -4 20 8 22 10 -8 27 -10 18 -6 17 24 -1 -9 -11 29 -22 -5 -17 -13 -15 -18 -3 -29 -2
right_child=3 11 4 7 14 -7 9 13 12 19 -12 16 -14 25 -16 23 26 -19 -20 -21 21 -23 -24 -25 -26 -27 -28 28 -30 -31
leaf_value=-6.0306480905767975e-05 -0.00029242797278784686 -0.00026741718688519161 -0.00042855302850141583 0.00074489467036742332 -0.00042855302850141583 -0.00042855302850141583 1.9977152894006065e-05 0.0015846365799595003 0.00035829130354063962 -0.00020896270596295361 0.00030503829102381376 0.0011326871759800353 -0.00016340545684877893 0.0012033434845755112 -0.00042855302850141583 -0.00049932966322118204 0.00011593196337966452 -0.0004306894911332152 0.00078355479103477349 0.0012069297616885549 -7.9309381778586158e-05 -0.00053061689351230779 0.0020965013216794836 -0.00043573695598355614 -0.00035913068919332056 0.0044850156420332644 0.00086207638382379656 -0.00043129770659438996 -0.00013635893923782936 -0.0004128038121426957
leaf_weight=7067 1230 1216 10624 11968 7167 15339 16174 2008 12900 4957 19689 399 3706 266 1865 407 3519 5362 9706 182 5491 930 1817 194 6228 720 572 1144 212 782
leaf_count=7067 1230 1216 10624 11968 7167 15339 16174 2008 12900 4957 19689 399 3706 266 1865 407 3519 5362 9706 182 5491 930 1817 194 6228 720 572 1144 212 782
internal_value=-0.00150041 -0.00756626 -0.00917595 0.00251929 -0.0116752 -0.0129598 0.000523415 0.00480901 0.00372232 0.00129994 0.00185219 -0.00174944 0.00174335 0.00740945 -0.00798273 -0.00246355 -0.000634447 -0.00205366 0.00678675 -0.002554 -0.0032521 -0.00221539 0.00610627 -0.0109401 -0.00214652 0.0148073 0.00181496 -0.0063958 -0.00888643 -0.00656064
internal_weight=153841 61315 48025 92526 34995 25963 49435 43091 30391 41002 35863 13290 16606 12700 9032 13030 10718 12429 11714 5139 8433 6421 13785 601 6627 986 4091 2572 1356 2012
internal_count=153841 61315 48025 92526 34995 25963 49435 43091 30391 41002 35863 13290 16606 12700 9032 13030 10718 12429 11714 5139 8433 6421 13785 601 6627 986 4091 2572 1356 2012
is_linear=0
shrinkage=0.05


Tree=19
num_leaves=31
num_cat=0
split_feature=7 13 13 7 10 13 13 7 13 13 22 22 4 34 39 22 39 39 38 22 13 7 0 13 13 25 20 37 25 25
split_gain=1436.67 224.678 320.446 153.562 70.0811 67.8804 107.093 35.4426 32.6875 52.9346 26.8019 25.3482 22.2662 21.7756 21.2196 20.9043 20.5497 14.6956 26.213 17.5719 14.4843 11.1304 8.10332 7.38672 7.11388 6.36372 6.81015 6.20271 6.10617 4.23964
threshold=0.00037390168290585285 12.92698907852173 -13.842182159423826 0.018044880591332916 0.0030864491127431397 0.00075226789808231222 -2.5585784847129834e-13 0.078217528760433211 145.24861907958987 -50.047208786010735 0.10247942805290224 0.088063146919012084 20.925000190734867 3.5000000000000004 1.8624963164329531 0.31197471916675573 -0.097500421106815324 1.6393371224403384 0.075840681791305556 0.066147454082965865 71.036128997802749 0.056116128340363509 0.42942768335342413 130.75054931640628 387.67622375488287 0.14129736274480822 -1.0000000180025095e-35 1.0000000180025095e-35 0.29643185436725622 0.3816142082214356
decision_type=2 2 2 2 2 2 2 2 2 2 2 2 2 2 2 2 2 2 2 2 2 2 2 2 2 2 2 2 2 2
left_child=1 2 17 11 8 6 -4 12 9 -5 25 23 -6 -9 16 -7 -13 19 -19 -1 27 -10 -16 29 -22 26 -3 -12 -27 -2
right_child=3 10 5 4 7 15 -8 13 21 -11 20 14 -14 -15 22 -17 -18 18 -20 -21 24 -23 -24 -25 -26 28 -28 -29 -30 -31
leaf_value=-0.00047779518866452122 -0.00035918461059831726 -0.00020584954562677464 -0.00040712537707634502 0.00037341490558195065 0.00054379328421984578 -0.00040712537707634502 -0.00040712537707634502 0.0009654218819286158 0.00033227399738480502 -0.00022093497950746645 -1.7685070323516854e-05 -0.00011584088364786326 0.00017388522257467972 0.0023086187162857028 -0.00034461430931703193 -0.00040712537707634502 0.00012261089035568926 -0.00043719099148246151 0.00036546861432551898 -0.00017864869960175622 0.00012219691239912344 0.0014290013488955765 0.0013583275294897317 8.7782896724495325e-05 0.0009830867359716985 -0.0004252135065034443 -0.00040973282126467053 -0.00042928434193808976 -0.00016931755391430949 1.3116442313988038e-06
leaf_weight=526 2124 1082 10624 8259 28394 7167 15339 4584 4234 9978 2510 8699 6561 3461 2301 1865 11583 1302 457 10745 3584 1779 45 298 507 542 786 4117 162 226
leaf_count=526 2124 1082 10624 8259 28394 7167 15339 4584 4234 9978 2510 8699 6561 3461 2301 1865 11583 1302 457 10745 3584 1779 45 298 507 542 786 4117 162 226
internal_value=-0.00155241 -0.00748797 -0.00908017 0.00238095 0.00362974 -0.0115724 -0.0128712 0.00484186 0.00148041 0.000426331 -0.00173439 -0.000941605 0.0041532 0.00783406 -0.000399947 -0.0078388 0.000120797 -0.0023868 -0.00663729 -0.00172345 -0.000634447 0.00467737 -0.00490196 -0.00557024 0.00170496 -0.00631804 -0.00479122 -0.00207862 -0.0103693 -0.00651064
internal_weight=153841 61315 48025 92526 67250 34995 25963 43000 24250 18237 13290 25276 34955 8045 22628 9032 20282 13030 1759 11271 10718 6013 2346 2648 4091 2572 1868 6627 704 2350
internal_count=153841 61315 48025 92526 67250 34995 25963 43000 24250 18237 13290 25276 34955 8045 22628 9032 20282 13030 1759 11271 10718 6013 2346 2648 4091 2572 1868 6627 704 2350
is_linear=0
shrinkage=0.05


Tree=20
num_leaves=31
num_cat=0
split_feature=4 32 3 7 24 32 10 39 3 3 38 39 2 18 34 37 34 34 39 2 3 34 34 1 3 38 38 0 1 24
split_gain=1367.81 228.57 211.3 143.687 116.157 70.4179 49.9221 39.5773 35.5875 35.1577 31.4756 28.7815 23.9953 23.8518 23.675 22.5028 96.5483 58.3378 19.2333 17.1602 8.46384 10.9751 9.62054 7.14189 6.52553 5.9915 5.42283 4.77464 7.55236 6.58562
threshold=1.0000000180025095e-35 14.500000000000002 -0.23241005837917325 0.039870209991931922 2.5000000000000004 14.500000000000002 0.012515664100646974 2.8427296876907353 -0.57151401042938221 -0.099083323031663881 0.00083585685933940123 2.3309744596481328 0.057714371010661132 36018.976562500007 5.0000000000000009 1.0000000180025095e-35 1.5000000000000002 1.5000000000000002 0.15194281190633777 -0.041166832670569413 0.3001589179039002 3.5000000000000004 1.5000000000000002 0.14991363883018496 0.4027125239372254 0.25620965659618383 -0.57218551635742176 -0.13434076309204099 -0.068023350089788423 1.5000000000000002
decision_type=2 2 2 2 2 2 2 2 2 2 2 2 2 2 2 2 2 2 2 2 2 2 2 2 2 2 2 2 2 2
left_child=1 2 10 5 9 6 8 -6 -2 -4 18 13 -8 14 -5 16 -7 -17 -1 -12 27 22 -22 -15 -23 26 -13 29 -29 -3
right_child=3 20 4 11 7 15 12 -9 -10 -11 19 25 -14 23 -16 17 -18 -19 -20 -21 21 24 -24 -25 -26 -27 -28 28 -30 -31
leaf_value=3.9470308302184956e-05 0.00055070644223434299 -0.00079474480439868504 -0.00038676910822252775 0.00057669817582330681 -0.00038676910822252775 0.0020660963632110683 7.9177993851679497e-07 -0.00038676910822252775 -0.00013271267631257308 -0.00038676910822252775 -0.00038988160252776956 0.0013747962407320139 0.00027518559441862945 0.0011409254097307223 0.0027542020338505663 9.5590254943343086e-05 -0.00056585732429036747 0.0029438233396924477 -0.00039535700968871981 -0.00038832938655288451 0.0043022365589214483 -0.00063001218693370918 0.0065308274906683145 0.0033510780301010817 0.014010935483784979 0.00016191405614658858 -0.0008109951080627905 0.0009599465038465278 0.00017610789222967201 0.00016233663068328138
leaf_weight=7455 2379 156 2862 28240 22659 972 10430 3529 26186 16665 920 32 13592 4180 1329 1265 1499 1894 509 1585 238 53 231 465 31 83 346 1453 1870 733
leaf_count=7455 2379 156 2862 28240 22659 972 10430 3529 26186 16665 920 32 13592 4180 1329 1265 1499 1894 509 1585 238 53 231 465 31 83 346 1453 1870 733
internal_value=-0.00160344 -0.00742383 -0.00831553 0.00221548 -0.00978289 0.00069782 0.000128834 -0.00760654 -0.00128391 -0.0127016 -0.00190801 0.00476352 0.00180876 0.00493073 0.00440749 0.00601243 0.00243828 0.00880817 -0.000370417 -0.00679641 0.00309024 0.00890597 0.011887 0.00826157 -0.0077381 -0.00764642 -0.0103175 0.00232669 0.00319741 -0.000928009
internal_weight=153841 60949 56184 92892 45715 58217 52587 26188 28565 19527 10469 34675 24022 34214 29569 5630 2471 3159 7964 2505 4765 553 469 4645 84 461 378 4212 3323 889
internal_count=153841 60949 56184 92892 45715 58217 52587 26188 28565 19527 10469 34675 24022 34214 29569 5630 2471 3159 7964 2505 4765 553 469 4645 84 461 378 4212 3323 889
is_linear=0
shrinkage=0.05


Tree=21
num_leaves=31
num_cat=0
split_feature=7 13 13 32 13 22 32 10 7 13 37 39 22 32 39 38 18 13 2 3 0 13 7 13 22 32 10 3 13 24
split_gain=1308.12 220.589 324.853 285.446 133.443 130.929 55.6685 53.1 52.6586 45.3684 31.9616 26.2194 25.1001 24.2232 23.1563 19.8571 17.5302 16.9298 16.181 16.1424 15.6332 15.219 13.5207 13.3804 12.5294 9.62355 9.51602 7.63727 6.52366 6.05491
threshold=1.0000000180025095e-35 12.92698907852173 -3.9830549955368038 14.500000000000002 0.00075226789808231222 0.26275002956390386 14.500000000000002 0.012515664100646974 0.04257465340197087 -21.848697662353512 1.0000000180025095e-35 -0.052058435976505273 0.10247942805290224 2.5000000000000004 2.9499136209487919 0.30095177888870245 52178.466796875007 275.97113037109381 0.041350621730089195 0.079761154949665083 0.41921372711658483 467.68917846679693 0.1126164346933365 71.036128997802749 0.40968684852123266 14.500000000000002 0.2037552893161774 0.03949809446930886 145.24861907958987 2.5000000000000004
decision_type=2 2 2 2 2 2 2 2 2 2 2 2 2 2 2 2 2 2 2 2 2 2 2 2 2 2 2 2 2 2
left_child=1 2 9 4 -4 6 7 11 13 24 20 -2 27 21 -11 -15 22 -12 -9 -5 -8 -7 -10 25 -1 -14 -18 -3 -29 -25
right_child=5 12 3 19 -6 8 10 18 16 14 17 -13 23 15 -16 -17 26 -19 -20 -21 -22 -23 -24 29 -26 -27 -28 28 -30 -31
leaf_value=-0.00028550311765224845 -0.00030168545714683861 -0.00022441539484846691 -0.00036743065281140137 3.7564414632701784e-06 -0.00036743065281140137 0.00011973739327168428 -3.4493497908433955e-05 -3.4484672600882878e-05 0.0006683436112178082 -0.00036743065281140137 0.0012960268903361794 -7.676031497473018e-05 -0.00032257892886980682 0.0013507868297316671 -0.00036743065281140137 -0.00083916915594236033 0.0021783571324596458 0.0055406966975827246 0.00023058802495812237 0.0026522983608431357 0.0046518878072680592 0.00044808633714876999 0.0016414736839734795 -0.00015444061568773801 0.00016151351899130562 0.0011359433270055396 0.0012481694727799694 -0.00037831545137366495 -0.00010301378655094423 0.00032220988634660208
leaf_weight=7785 6438 1203 18400 1808 8198 20154 1733 6035 17126 6924 1642 14585 6151 3159 822 183 1291 548 11533 1023 100 3684 3094 1006 2821 427 1587 1132 206 3043
leaf_count=7785 6438 1203 18400 1808 8198 20154 1733 6035 17126 6924 1642 14585 6151 3159 822 183 1291 548 11533 1023 100 3684 3094 1006 2821 427 1587 1132 206 3043
internal_value=-0.00164407 -0.00733605 -0.00891515 -0.0121708 -0.0137774 0.0020906 5.16262e-05 -0.00053186 0.00381877 -0.00369442 0.00564877 -0.00222732 -0.00160617 0.00232708 -0.00660341 0.00631358 0.00557408 0.00972603 0.00149704 0.002923 0.000777414 0.00176819 0.0050544 -0.000538722 -0.00156987 -0.00193068 0.00922516 -0.00607044 -0.00866966 0.00172265
internal_weight=153841 60949 47781 29429 26598 92892 42614 38591 50278 18352 4023 21023 13168 27180 7746 3342 23098 2190 17568 2831 1833 23838 20220 10627 10606 6578 2878 2541 1338 4049
internal_count=153841 60949 47781 29429 26598 92892 42614 38591 50278 18352 4023 21023 13168 27180 7746 3342 23098 2190 17568 2831 1833 23838 20220 10627 10606 6578 2878 2541 1338 4049
is_linear=0
shrinkage=0.05


Tree=22
num_leaves=31
num_cat=0
split_feature=4 13 13 32 13 7 32 13 13 13 3 2 32 39 3 7 13 13 1 3 13 13 1 39 21 2 0 39 13 13
split_gain=1257.02 220.735 328.526 277.688 139.209 121.02 59.3336 52.5687 60.6338 43.5296 29.2088 38.2843 25.5555 23.7088 18.8466 18.5758 18.3239 20.6002 18.1047 14.386 13.6922 12.0783 9.23546 9.20198 9.90067 9.05845 7.65973 7.28989 7.15164 7.07137
threshold=1.0000000180025095e-35 12.92698907852173 -3.9830549955368038 14.500000000000002 0.00075226789808231222 0.018044880591332916 14.500000000000002 498.19921875000006 -185.9236145019531 -21.848697662353512 -0.034854872152209275 0.13300338387489322 2.5000000000000004 2.9499136209487919 -0.1432286202907562 0.093690011650323882 -144.23081207275388 44.719928741455085 0.27335494756698614 0.079761154949665083 221.5036544799805 137.46549987792972 0.28938786685466772 1.6690475940704348 0.62500000000000011 0.058991258963942535 0.48001201450824743 -2.6133313179016109 199.34710693359378 606.86471557617199
decision_type=2 2 2 2 2 2 2 2 2 2 2 2 2 2 2 2 2 2 2 2 2 2 2 2 2 2 2 2 2 2
left_child=1 2 9 4 -4 12 7 8 -7 18 11 -8 16 -11 25 -9 27 -18 -1 -5 -12 22 -16 29 -25 28 -23 -2 -3 -14
right_child=5 14 3 19 -6 6 10 15 -10 13 20 -13 23 -15 21 -17 17 -19 -20 -21 -22 26 -24 24 -26 -27 -28 -29 -30 -31
leaf_value=-0.00013308095615825134 -0.0002282244509919266 -0.00017708305066544813 -0.00034905912017083127 3.5686193901067129e-06 -0.00034905912017083127 0.0004764692360259865 0.0019010465964794264 0.00047381812518961858 2.116555762349268e-05 -0.00034905912017083127 0.0020233368802703949 -0.00089314634717770178 0.00035950654023750517 -0.00034905912017083127 -0.00034745292141074197 0.0018053143126370728 -0.00023833741290704843 -9.8976585122227345e-06 -0.00043499676914817743 0.002519683442800979 0.0060863428229237862 3.3322274859550088e-05 -0.00038986916557787502 -0.00071228160021691669 0.0003043597836099356 0.00077155675156030277 0.0037107102743096235 0.00017544212545418539 0.00077544379215446475 0.0014857071198229885
leaf_weight=10098 459 2424 18400 1808 8198 20050 2684 13085 26280 6924 1222 574 2887 822 6936 2496 11029 7103 508 1023 859 1460 517 205 246 1375 86 3466 370 247
leaf_count=10098 459 2424 18400 1808 8198 20050 2684 13085 26280 6924 1222 574 2887 822 6936 2496 11029 7103 508 1023 859 1460 517 205 246 1375 86 3466 370 247
internal_value=-0.00168989 -0.0072696 -0.00884923 -0.0121232 -0.0137078 0.00197111 0.0030855 0.00264937 0.00180445 -0.00359906 0.00814291 0.00518723 -0.000951564 -0.00644849 -0.00153782 0.00516174 -0.00158793 -0.00225844 -0.00151801 0.00276404 0.0127703 -0.00282531 -0.0036596 0.00296374 -0.00371397 0.0012413 0.00119664 0.00150955 -0.000393701 0.0039247
internal_weight=153841 60949 47781 29429 26598 92892 67250 61911 46330 18352 5339 3258 25642 7746 13168 15581 22057 18132 10606 2831 2081 8999 7453 3585 451 4169 1546 3925 2794 3134
internal_count=153841 60949 47781 29429 26598 92892 67250 61911 46330 18352 5339 3258 25642 7746 13168 15581 22057 18132 10606 2831 2081 8999 7453 3585 451 4169 1546 3925 2794 3134
is_linear=0
shrinkage=0.05


Tree=23
num_leaves=31
num_cat=0
split_feature=5 32 22 22 39 7 14 32 38 22 32 1 34 22 39 2 2 0 25 37 38 39 25 20 2 38 37 0 25 2
split_gain=1210.27 203.56 184.592 115.429 76.2634 64.029 53.577 33.2985 32.7999 24.9744 24.5948 24.1328 23.203 21.9049 20.7436 20.5118 20.0808 16.8891 16.8587 21.8163 15.6064 13.7855 6.41981 6.28656 5.10132 5.17118 9.24406 5.03847 3.21692 3.91095
threshold=1.0000000180025095e-35 14.500000000000002 0.088063146919012084 0.17335622012615207 1.9768069386482241 0.032553169876337058 -1.0000000180025095e-35 14.500000000000002 0.065897300839424147 0.08353451639413835 2.5000000000000004 0.14129775762557986 5.0000000000000009 0.066147454082965865 2.0471751689910893 0.45175465941429144 0.057714371010661132 0.42942768335342413 0.36039669811725622 1.0000000180025095e-35 0.30095177888870245 -3.1340349912643428 0.192576639354229 1.0000000180025095e-35 0.52610191702842724 -0.14755965769290921 1.0000000180025095e-35 -0.12748190760612485 0.088508497923612608 0.77363860607147228
decision_type=2 2 2 2 2 2 2 2 2 2 2 2 2 2 2 2 2 2 2 2 2 2 2 2 2 2 2 2 2 2
left_child=1 2 13 7 6 10 -4 9 -6 22 16 12 -7 21 -11 -15 -5 -13 19 -9 -12 -1 -2 -20 25 26 -3 -27 -26 -30
right_child=3 24 4 5 8 11 -8 18 -10 14 20 17 -14 15 -16 -17 -18 -19 23 -21 -22 -23 -24 -25 28 27 -28 -29 29 -31
leaf_value=-0.00033160616416228974 -0.00037693581326424702 -0.0007412905866004476 7.9782930635165098e-05 -6.2307957655736298e-05 -0.00033160616416228974 0.00050283232914735275 -0.00033160616416228974 -0.00034618077678287286 -0.00033160616416228974 -3.9298483422346887e-05 0.00081653068565216427 0.00051917249100383832 0.0024974907643088838 -0.00033160616416228974 -0.00043093560116625932 -0.00033160616416228974 0.00015832361572416868 0.0029090641900379271 0.0030809356663050519 0.0015040194187555336 -0.00075965859230291101 -0.00033160616416228974 -9.153481293241589e-05 0.00051810622335550407 0.0044215138002623132 -6.3816952623862823e-05 0.0017202225812171651 0.00063019872066122406 -0.00013168474305350238 0.0045767438961279031
leaf_weight=401 2480 241 2906 12049 5216 34064 34403 1047 2061 15375 4015 789 1310 4368 1625 548 16368 1598 168 1005 168 6281 767 64 99 843 158 3320 66 38
leaf_count=401 2480 241 2906 12049 5216 34064 34403 1047 2061 15375 4015 789 1310 4368 1625 548 16368 1598 168 1005 168 6281 767 64 99 843 158 3320 66 38
internal_value=-0.00173475 -0.00720972 -0.00805122 0.00185753 -0.00658951 0.00285492 -0.00567624 -0.00125716 -0.0112718 -0.00190275 0.0012316 0.00425638 0.00392803 -0.0136705 -0.00113529 -0.0111371 0.000704684 0.00912233 0.00446585 0.00302144 0.00481114 -0.0155343 -0.00592085 0.0172414 0.00271249 0.00236738 -0.00307018 0.00288854 0.010468 0.00432692
internal_weight=153841 60949 56184 92892 44586 70361 37309 22531 7277 20247 32600 37761 35374 11598 17000 4916 28417 2387 2284 2052 4183 6682 3247 232 4765 4562 399 4163 203 104
internal_count=153841 60949 56184 92892 44586 70361 37309 22531 7277 20247 32600 37761 35374 11598 17000 4916 28417 2387 2284 2052 4183 6682 3247 232 4765 4562 399 4163 203 104
is_linear=0
shrinkage=0.05


Tree=24
num_leaves=31
num_cat=0
split_feature=4 13 13 32 13 22 39 13 13 39 13 10 21 32 39 22 18 1 32 3 13 13 32 1 39 3 13 22 13 2
split_gain=1159.61 223.822 335.114 254.195 142.71 105.898 49.8938 43.0991 41.8652 40.298 37.817 31.0414 25.785 24.2549 23.1737 22.8322 18.5919 18.0722 16.5041 12.8956 11.6673 11.2206 9.53816 9.27449 8.1634 7.77792 7.07268 6.35182 6.19984 6.14845
threshold=1.0000000180025095e-35 12.92698907852173 -3.9830549955368038 14.500000000000002 0.00075226789808231222 0.26275002956390386 1.8624963164329531 -21.848697662353512 467.68917846679693 -0.052058435976505273 -595.16293334960926 0.026462807320058349 0.97499999403953563 14.500000000000002 2.9499136209487919 0.10247942805290224 1710.1672973632815 0.27335494756698614 2.5000000000000004 0.079761154949665083 86.935379028320327 10.550772666931154 14.500000000000002 0.1971368491649628 -0.73664674162864674 0.03949809446930886 -10.544686317443846 0.17815802991390231 145.24861907958987 0.46560677886009222
decision_type=2 2 2 2 2 2 2 2 2 2 2 2 2 2 2 2 2 2 2 2 2 2 2 2 2 2 2 2 2 2
left_child=1 2 7 4 -4 6 9 17 10 11 18 -2 23 -11 -9 25 -12 -1 -7 -5 22 26 -17 -10 -14 -3 -8 -22 -27 -23
right_child=5 15 3 19 -6 8 21 14 12 13 16 -13 24 -15 -16 20 -18 -19 -20 -21 27 29 -24 -25 -26 28 -28 -29 -30 -31
leaf_value=-0.0001155245962005393 -0.00025575685034034533 -0.00018545682953126079 -0.00031502585595417524 -2.8119747612459847e-05 -0.00031502585595417524 0.00055352517410710463 -0.00031419893149166973 -0.00031502585595417524 0.0010903092714356914 9.9273295836193294e-05 9.367929592385009e-05 7.2971897554044004e-05 2.4673665271358197e-06 0.0011115651472015809 -0.00031502585595417524 -0.00026420370652482851 0.00045457730887332498 -0.00039666662248265413 0.0026664975362668563 0.002375649919426476 -0.00010387377684412965 -0.00019351191145330093 0.0010689705354182441 0.0032819042854124337 0.00049434135927732895 -0.00032335887060927065 -0.0005769858791295437 0.00037785675501108288 -7.2706792197306091e-05 0.0015117565962192488
leaf_weight=10098 7297 1203 18400 1808 8198 10037 1372 6924 6683 22495 21080 6251 1575 2319 822 6743 6146 508 1112 1023 810 1704 457 646 2999 1132 1123 2617 206 53
leaf_count=10098 7297 1203 18400 1808 8198 10037 1372 6924 6683 22495 21080 6251 1575 2319 822 6743 6146 508 1112 1023 810 1704 457 646 2999 1132 1123 2617 206 53
internal_value=-0.00175295 -0.00711209 -0.00870273 -0.0120094 -0.0135255 0.00176334 -7.03994e-05 -0.00340017 0.00331755 0.000499192 0.00251401 -0.00169398 0.00590817 0.00169662 -0.00623548 -0.00134037 0.00150959 -0.00132944 0.00496681 0.00223419 -0.000322292 -0.00520931 -0.00146528 0.00774662 0.0029624 -0.00559819 -0.00736473 0.00207908 -0.00822123 -0.00214855
internal_weight=153841 60949 47781 29429 26598 92892 42614 18352 50278 38362 38375 13548 11903 24814 7746 13168 27226 10606 11149 2831 10627 4252 7200 7329 4574 2541 2495 3427 1338 1757
internal_count=153841 60949 47781 29429 26598 92892 42614 18352 50278 38362 38375 13548 11903 24814 7746 13168 27226 10606 11149 2831 10627 4252 7200 7329 4574 2541 2495 3427 1338 1757
is_linear=0
shrinkage=0.05


Tree=25
num_leaves=31
num_cat=0
split_feature=4 13 13 13 9 18 13 13 7 18 3 7 39 13 4 34 1 7 13 1 3 39 34 18 1 4 0 0 39 3
split_gain=1112.82 221.145 335.9 118.357 100.715 49.9997 47.2932 40.4975 40.3297 30.3465 23.3709 23.1079 22.6145 20.9096 20.8958 18.2712 18.7114 17.3455 15.8659 14.9815 13.2987 12.8944 12.4337 8.79724 8.09465 7.5338 6.80545 6.25646 4.05025 6.28243
threshold=1.0000000180025095e-35 12.92698907852173 -3.9830549955368038 0.00075226789808231222 0.0032854347955435519 539.80685424804699 -6.3964462117824584e-14 -27.238594055175778 0.079563520848751082 -539.96170043945301 -0.20921241492033002 0.014122946187853815 2.9499136209487919 44.719928741455085 14.775000095367433 3.5000000000000004 0.14991363883018496 0.046923417598009116 137.46549987792972 0.27335494756698614 -0.084897842258214937 -1.0000000180025095e-35 5.0000000000000009 31344.922851562504 0.28938786685466772 4.4249999523162851 0.09896313771605493 0.39820475876331335 1.0000000180025095e-35 0.26711477339267736
decision_type=2 2 2 2 2 2 2 2 2 2 2 2 2 2 2 2 2 2 2 2 2 2 2 2 2 2 2 2 2 2
left_child=1 2 7 6 5 9 -4 19 11 22 -5 25 -9 -11 -13 16 -10 21 20 -1 26 -7 -2 -19 -22 -6 -3 -17 -20 -30
right_child=4 18 3 10 8 17 -8 12 15 13 -12 14 -14 -15 -16 27 -18 23 28 -21 24 -23 -24 -25 -26 -27 -28 -29 29 -31
leaf_value=-6.8496542098145469e-05 1.4548035669019813e-05 -6.9024824067654049e-05 -0.00029927456315646648 -8.7372947507507543e-05 0.0001308534030637687 -8.1484308910723683e-05 -0.00029927456315646648 -0.00029927456315646648 0.00057606122384166981 -0.00031912507566892926 -0.00029927456315646648 0.00043687519826576869 -0.00029927456315646648 4.7917464000195656e-05 0.0001390001931283526 0.0018523284603120093 0.0033516768255795653 0.00064651251364529103 0.00039591555525962901 -0.00038713784161313846 -0.00030087105441251228 0.0002389824097710984 0.0015294814071116119 0.0016775265603190211 -0.00033762745556040327 -0.00013634769937782287 0.0011906501510291728 0.0036599703271610108 -0.00029697188828743784 0.00044460195708839121
leaf_weight=8878 11269 3688 6746 1389 2205 3602 13697 8142 3757 12337 7597 25518 905 3562 12630 2617 538 2545 2158 427 6089 7455 409 650 517 3139 296 659 341 79
leaf_count=8878 11269 3688 6746 1389 2205 3602 13697 8142 3757 12337 7597 25518 905 3562 12630 2617 538 2545 2158 427 6089 7455 409 650 517 3139 296 659 341 79
internal_value=-0.0017744 -0.00702432 -0.00860541 -0.011916 0.00167022 -0.00014882 -0.0140182 -0.00329664 0.00316031 -0.00139156 -0.00713332 0.00257404 -0.00567868 -0.00281307 0.0030054 0.0065282 0.004383 0.00225582 -0.00128721 -0.000980656 -0.00214353 0.00131817 0.000543757 0.00550078 -0.00351953 -0.00050524 0.000138052 0.00934066 0.00223041 -0.0022619
internal_weight=153841 60949 47781 29429 92892 41829 20443 18352 51063 27577 8986 43492 9047 15899 38148 7571 4295 14252 13168 9305 10590 11057 11678 3195 6606 5344 3984 3276 2578 420
internal_count=153841 60949 47781 29429 92892 41829 20443 18352 51063 27577 8986 43492 9047 15899 38148 7571 4295 14252 13168 9305 10590 11057 11678 3195 6606 5344 3984 3276 2578 420
is_linear=0
shrinkage=0.05


Tree=26
num_leaves=31
num_cat=0
split_feature=4 13 13 32 13 10 7 22 13 32 13 13 22 39 1 34 1 14 3 0 37 34 34 7 3 32 13 13 13 3
split_gain=1075.28 220.437 334.931 249.03 148.711 92.9843 40.7037 39.6556 38.7048 30.239 26.7394 28.2176 20.8518 20.6593 17.6148 17.2935 14.9991 12.6895 12.2406 11.3734 10.8146 19.1586 11.2807 9.82015 8.43353 8.33433 7.73444 6.53768 5.91285 5.04261
threshold=1.0000000180025095e-35 12.92698907852173 -3.9830549955368038 14.500000000000002 0.00075226789808231222 0.0087108276784420031 0.04257465340197087 0.11066943034529687 -27.238594055175778 19.500000000000004 467.68917846679693 -64.348365783691392 0.10247942805290224 2.9499136209487919 0.22210417687892917 5.0000000000000009 0.27335494756698614 -1.0000000180025095e-35 0.079761154949665083 0.14805636554956439 1.0000000180025095e-35 2.5000000000000004 1.0000000180025095e-35 0.062665048986673369 0.03949809446930886 19.500000000000004 112.09263229370119 -24.38671779632568 145.24861907958987 -0.31411927938461298
decision_type=2 2 2 2 2 2 2 2 2 2 2 2 2 2 2 2 2 2 2 2 2 2 2 2 2 2 2 2 2 2
left_child=1 2 8 4 -4 7 9 26 16 15 11 -9 24 -10 17 -7 -1 -8 -5 -11 21 -14 -22 -12 29 -16 27 -2 -26 -3
right_child=5 12 3 18 -6 6 14 10 13 19 23 -13 20 -15 25 -17 -18 -19 -20 -21 22 -23 -24 -25 28 -27 -28 -29 -30 -31
leaf_value=-6.50717149932382e-05 -0.00016078563245039746 -0.00043140056805330044 -0.00028431083499864317 -1.1750032074013539e-05 -0.00028431083499864317 9.3516010827303386e-05 0.00011628187403502008 0.00021671771999314006 -0.00028431083499864317 0.0010491932390951407 0.0003013739156130903 -9.5867854328190571e-05 0.00049595184269377143 -0.00028431083499864317 0.0020855945566580314 0.0010450832822896051 -0.00036778094953248157 0.0007146101653794667 0.0022718311516129754 0.0031881946088648931 -0.00033976908790654659 -0.0002140913608430795 -8.9279497268294518e-05 0.0015950897474238048 -0.00029030955430078695 0.010273946991413749 2.5260217669370981e-05 -0.00036421133084744913 -7.1545044261745562e-05 -9.843587152438146e-05
leaf_weight=8878 1541 83 18400 1808 8198 25639 2281 11189 8142 2108 2870 21138 2523 905 722 623 427 18749 1023 544 1334 1991 4779 998 1132 134 868 3488 206 1120
leaf_count=8878 1541 83 18400 1808 8198 25639 2281 11189 8142 2108 2870 21138 2523 905 722 623 427 18749 1023 544 1334 1991 4779 998 1132 134 868 3488 206 1120
internal_value=-0.00180137 -0.00696197 -0.00854053 -0.0118463 -0.0133469 0.00158464 0.00302461 -0.000153236 -0.00323943 0.00179325 0.000466225 -3.86674e-06 -0.00123405 -0.00556814 0.00465138 0.00127942 -0.000975282 0.00436519 0.00225185 0.0068816 -0.000261127 0.00159504 -0.00163177 0.00439504 -0.00530303 0.0116822 -0.0039554 -0.0047077 -0.00803438 -0.00226517
internal_weight=153841 60949 47781 29429 26598 92892 50800 42092 18352 28914 36195 32327 13168 9047 21886 26262 9305 21030 2831 2652 10627 4514 6113 3868 2541 856 5897 5029 1338 1203
internal_count=153841 60949 47781 29429 26598 92892 50800 42092 18352 28914 36195 32327 13168 9047 21886 26262 9305 21030 2831 2652 10627 4514 6113 3868 2541 856 5897 5029 1338 1203
is_linear=0
shrinkage=0.05


Tree=27
num_leaves=31
num_cat=0
split_feature=4 13 13 32 13 9 18 13 32 7 38 32 37 3 32 1 34 3 7 3 3 38 34 13 1 1 2 39 18 1
split_gain=1044.58 220.818 338.786 237.14 150.732 84.5937 44.0405 37.8269 37.0333 31.9896 31.2735 27.0593 25.971 25.1751 21.9172 19.0379 18.228 15.9352 15.7526 14.7099 12.1609 9.99724 9.84565 9.84143 10.025 9.17811 8.06758 7.79251 6.57751 6.07832
threshold=1.0000000180025095e-35 12.92698907852173 -3.9830549955368038 14.500000000000002 0.00075226789808231222 0.0032854347955435519 539.80685424804699 -19.322152137756344 14.500000000000002 0.04257465340197087 0.23002020269632342 2.5000000000000004 1.0000000180025095e-35 -0.57151401042938221 14.500000000000002 0.27335494756698614 3.5000000000000004 -1.4232066869735716 0.017823725938797001 -0.16708673536777494 0.18489767611026767 -0.0054282464552670709 1.5000000000000002 71.036128997802749 0.23535965383052829 -0.084637898951768861 0.058991258963942535 -3.4769341945648189 33529.654296875007 0.42490811645984655
decision_type=2 2 2 2 2 2 2 2 2 2 2 2 2 2 2 2 2 2 2 2 2 2 2 2 2 2 2 2 2 2
left_child=1 2 7 4 -4 6 11 15 9 17 12 13 -10 -2 -9 -1 -11 -7 21 26 -5 -8 -12 24 -21 -13 27 -3 -20 -25
right_child=5 19 3 20 -6 8 18 14 10 16 22 25 -14 -15 -16 -17 -18 -19 28 23 -22 -23 -24 29 -26 -27 -28 -29 -30 -31
leaf_value=-0.00010690997587978298 0.00039265357146778777 -0.00041661250482810772 -0.00027009529324871099 3.7591190166740705e-05 -0.00027009529324871099 0.00080623344418880374 -0.00017382211808252229 -0.00027009529324871099 0.00077722911559614447 0.00037446933634938015 -0.0014464064044762118 0.00067777668781145444 0.0029394909151064393 -0.00018884873636471831 0.00055162948316418822 -0.0003444743860888846 0.001068979782344129 8.832089906097921e-05 0.00030065086764861232 -0.00027131202397684732 0.0040142451445553699 0.00010199186564073493 0.0014389394457108879 -1.5752144305625562e-05 -0.00029731649839577728 -3.3449796735983941e-05 0.00079090346332808036 0.00013776225041896244 0.0010104545966087414 0.0050762888492402545
leaf_weight=10677 2913 405 18400 2217 8198 1032 1369 6647 1952 13337 149 1799 2386 21598 486 542 7024 25124 8652 5662 614 3332 59 2989 557 1267 1294 2207 899 54
leaf_count=10677 2913 405 18400 2217 8198 1032 1369 6647 1952 13337 149 1799 2386 21598 486 542 7024 25124 8652 5662 614 3332 59 2989 557 1267 1294 2207 899 54
internal_value=-0.00185012 -0.00693654 -0.00851646 -0.0118412 -0.0133055 0.00148721 -0.000179899 -0.00318494 0.00285285 0.00243191 0.00716014 -0.00134623 0.00806823 -0.00190017 -0.00603182 -0.0013749 0.00391803 0.00127504 0.0020769 -0.00120368 0.00191628 -0.000292491 -0.0117788 -0.00228892 -0.00342901 0.00308219 0.00136969 -0.000229709 0.00324312 4.10779e-05
internal_weight=153841 60949 47781 29429 26598 92892 41829 18352 51063 46517 4546 27577 4338 24511 7133 11219 20361 26156 14252 13168 2831 4701 208 9262 6219 3066 3906 2612 9551 3043
internal_count=153841 60949 47781 29429 26598 92892 41829 18352 51063 46517 4546 27577 4338 24511 7133 11219 20361 26156 14252 13168 2831 4701 208 9262 6219 3066 3906 2612 9551 3043
is_linear=0
shrinkage=0.05


Tree=28
num_leaves=31
num_cat=0
split_feature=4 13 13 32 13 22 39 39 13 34 13 22 32 32 38 22 1 1 34 32 3 2 13 3 34 34 3 38 38 13
split_gain=1015.3 219.171 340.446 230.651 153.246 85.5128 42.9897 57.8461 38.6482 38.1582 28.5438 22.3439 21.3905 21.071 21.8585 20.2756 17.0825 15.7289 13.7574 12.25 12.2128 12.1333 11.1266 9.99037 10.1276 9.46251 8.81455 8.35803 6.63263 5.85627
threshold=1.0000000180025095e-35 12.92698907852173 -3.9830549955368038 14.500000000000002 0.00075226789808231222 0.32099767029285436 1.8624963164329531 -0.052058435976505273 -19.322152137756344 5.0000000000000009 467.68917846679693 0.10386388003826143 14.500000000000002 2.5000000000000004 0.081347413361072554 0.10247942805290224 0.27335494756698614 0.10119010880589487 3.5000000000000004 19.500000000000004 0.29093891382217413 0.29218007624149328 15.890574455261232 -1.1688111424446104 1.0000000180025095e-35 1.0000000180025095e-35 0.03949809446930886 0.065897300839424147 -0.43764922022819513 145.24861907958987
decision_type=2 2 2 2 2 2 2 2 2 2 2 2 2 2 2 2 2 2 2 2 2 2 2 2 2 2 2 2 2 2
left_child=1 2 8 4 -4 6 7 9 16 -2 13 -9 -10 17 -15 26 -1 -7 19 -12 -5 -20 27 25 -25 -17 -3 -8 -24 -28
right_child=5 15 3 20 -6 10 22 11 12 -11 18 -13 -14 14 -16 23 -18 -19 21 -21 -22 -23 28 24 -26 -27 29 -29 -30 -31
leaf_value=-0.00010156447708579378 -0.00015172816163470365 -0.00015424535207625366 -0.00025659052858627545 0.00014381911399072265 -0.00025659052858627545 0.00018958161050986553 -0.00046787286252468257 -0.00011990282804316758 -0.00025659052858627545 0.0026806226963101264 0.00043792190544821968 0.00023104063600107132 0.00052404800900597885 0.0017094986113626095 -0.00047532116789785161 0.0015857201493396243 -0.00032725066678444039 0.00095599543857728816 0.00077416016556202955 0.0051985915098452483 0.0053064887533176607 0.0027720346204030302 0.0012768399392800217 -0.00029789170636099704 4.0719165875550099e-07 0.00026882860502244754 -0.00026092825166595875 -0.00020661491620866269 -0.00016610728435118282 -6.718018483337692e-05
leaf_weight=10677 16862 1203 18400 2439 8198 26094 1960 3840 6647 540 6487 26378 486 2898 475 283 542 1325 1392 538 392 1448 108 1748 7725 871 1132 945 1602 206
leaf_count=10677 16862 1203 18400 2439 8198 26094 1960 3840 6647 540 6487 26378 486 2898 475 283 542 1325 1392 538 392 1448 108 1748 7725 871 1132 945 1602 206
internal_value=-0.00188913 -0.00690372 -0.00847774 -0.0118106 -0.0132548 0.00140109 6.26974e-05 0.00050924 -0.00313317 -0.00178715 0.00312062 0.00183169 -0.00601079 0.00237075 0.00609991 -0.00119228 -0.00130359 0.001912 0.00546123 0.00427402 0.00175733 0.00839789 -0.00454496 -0.000232897 -0.000767972 0.00415945 -0.00520464 -0.00642857 -0.00134503 -0.00799701
internal_weight=153841 60949 47781 29429 26598 92892 52235 47620 18352 17402 40657 30218 7133 30792 3373 13168 11219 27419 9865 7025 2831 2840 4615 10627 9473 1154 2541 2905 1710 1338
internal_count=153841 60949 47781 29429 26598 92892 52235 47620 18352 17402 40657 30218 7133 30792 3373 13168 11219 27419 9865 7025 2831 2840 4615 10627 9473 1154 2541 2905 1710 1338
is_linear=0
shrinkage=0.05


Tree=29
num_leaves=31
num_cat=0
split_feature=4 13 13 13 22 13 7 13 34 10 3 4 13 13 22 1 1 38 14 2 37 34 38 14 2 3 13 18 13 3
split_gain=991.551 219.503 341.173 124.741 78.5741 50.5085 46.4034 38.92 31.0381 26.6261 23.2962 22.135 21.5188 20.5382 20.0633 17.2588 16.9118 14.6525 13.1185 10.7146 10.4915 16.7034 15.6109 10.1257 10.12 9.19117 8.69358 6.81403 5.85627 4.47156
threshold=1.0000000180025095e-35 12.92698907852173 -3.9830549955368038 0.00075226789808231222 0.17335622012615207 -1.2792892423564917e-13 0.063372533768415465 -19.322152137756344 3.5000000000000004 0.01829775515943766 -0.20921241492033002 6.6250000000000009 101.08408355712892 -33.95215988159179 0.10247942805290224 0.27335494756698614 0.18658515065908435 -0.12615383416414258 -1.0000000180025095e-35 0.24990835040807727 1.0000000180025095e-35 2.5000000000000004 -0.060671037063002579 1.0000000180025095e-35 -0.044118264690041535 0.03949809446930886 1277.381286621094 360.11688232421881 145.24861907958987 -0.35053816437721247
decision_type=2 2 2 2 2 2 2 2 2 2 2 2 2 2 2 2 2 2 2 2 2 2 2 2 2 2 2 2 2 2
left_child=1 2 7 5 12 -4 9 15 16 11 -5 -6 13 24 25 -1 -8 -11 -9 -10 21 -16 -22 26 -2 29 -14 -15 -27 -3
right_child=4 14 3 10 6 -7 8 18 19 17 -12 -13 23 27 20 -17 -18 -19 -20 -21 22 -23 -24 -25 -26 28 -28 -29 -30 -31
leaf_value=-9.6486253231504096e-05 -0.00034565950528554014 -0.00038263529005774105 -0.00024376100215696167 -5.6878214188108533e-05 0.00017021357683991644 -0.00024376100215696167 0.00037189536629969984 4.5209064428320501e-05 0.00097805013794600017 -7.7862915442105361e-05 -0.00024376100215696167 -0.00010827076945417111 7.025966735851336e-05 -0.00033129220235330155 0.00045910370693400785 -0.00031088813344521836 0.0025090858162391625 0.00030191721902129417 -0.00024376100215696167 0.0024484225496269863 0.000497123136040154 -0.00019134451930285113 -0.00028299712104294715 -0.0001939430285899795 2.8417435264673289e-05 -0.00024788183908266081 0.0006149371302863804 -0.00010170284149806173 -6.3821175591708028e-05 -9.012183472655353e-05
leaf_weight=10677 720 61 5808 1389 12269 14635 9021 720 2974 2942 7597 12707 3906 6577 2523 542 698 27140 6413 2610 765 1991 5348 1372 6335 1132 1338 2283 206 1142
leaf_count=10677 720 61 5808 1389 12269 14635 9021 720 2974 2942 7597 12707 3906 6577 2523 542 698 27140 6413 2610 765 1991 5348 1372 6335 1132 1338 2283 206 1142
internal_value=-0.00191448 -0.00687009 -0.0084453 -0.0117817 0.00133704 -0.01394 0.00215993 -0.00309503 0.0045955 0.00148298 -0.0068718 0.000276265 -0.00123275 -0.00222903 -0.00115431 -0.00125902 0.00288867 0.00248487 -0.00598276 0.00756626 -0.000199962 0.00162827 -0.00154998 0.00116385 -0.000216159 -0.00514561 0.00216438 -0.00383183 -0.00799701 -0.00197423
internal_weight=153841 60949 47781 29429 92892 20443 70361 18352 15303 55058 8986 24976 22531 15915 13168 11219 9719 30082 7133 5584 10627 4514 6113 6616 7055 2541 5244 8860 1338 1203
internal_count=153841 60949 47781 29429 92892 20443 70361 18352 15303 55058 8986 24976 22531 15915 13168 11219 9719 30082 7133 5584 10627 4514 6113 6616 7055 2541 5244 8860 1338 1203
is_linear=0
shrinkage=0.05


Tree=30
num_leaves=31
num_cat=0
split_feature=4 13 13 32 13 22 13 13 13 32 1 32 34 3 39 22 32 38 13 0 14 3 1 34 13 3 3 32 13 22
split_gain=963.38 219.687 342.491 225.597 151.725 71.4141 38.5754 37.7415 58.6197 26.2915 25.1625 24.8955 23.1925 22.3178 18.6935 18.3456 18.2146 31.2299 21.9657 14.6985 14.0205 11.628 10.9288 9.34264 9.29224 8.91711 8.90251 8.32228 5.59065 4.90584
threshold=1.0000000180025095e-35 12.92698907852173 -3.9830549955368038 14.500000000000002 0.00075226789808231222 0.32099767029285436 -40.278293609619134 160.78385925292972 -111.41680526733397 14.500000000000002 0.10665842518210412 27.500000000000004 5.0000000000000009 0.060916658490896232 2.9499136209487919 0.10247942805290224 2.5000000000000004 0.081347413361072554 467.68917846679693 0.49761769175529486 1.0000000180025095e-35 0.41302186250686651 0.27335494756698614 1.5000000000000002 178.90980529785159 0.31943830847740179 0.03949809446930886 14.500000000000002 137.46549987792972 0.17815802991390231
decision_type=2 2 2 2 2 2 2 2 2 2 2 2 2 2 2 2 2 2 2 2 2 2 2 2 2 2 2 2 2 2
left_child=1 2 6 4 -4 7 22 8 12 -10 16 20 -2 -13 -8 26 18 -18 -7 23 -9 -5 -1 -12 27 -21 -3 -17 -28 -26
right_child=5 15 3 21 -6 10 14 11 9 -11 19 13 -14 -15 -16 24 17 -19 -20 25 -22 -23 -24 -25 29 -27 28 -29 -30 -31
leaf_value=2.7602754393304347e-05 0.00012753510482803529 -0.00014084886200209143 -0.00023157295204911357 0.00022675402925937343 -0.00023157295204911357 0.00017164560012045279 -0.00023157295204911357 0.00023479171686771936 -0.00020069675254750461 0.00048040982888348811 -0.00024451237052455468 0.00032040244361639385 0.004085378721805164 0.0057360419983530529 -0.00023157295204911357 -0.00016353985403850255 0.0017485351097420105 -0.00055750848959462435 0.00063136810820687758 0.0026719767778076928 -8.9164281220553709e-05 0.0058768742660341988 -0.00030279849403851264 0.00168658382512352 -0.00015009455655749186 0.00070713429737565491 -0.00023548774712852774 0.00098101056423722621 -6.4256879087192569e-05 0.00048813146635257721
leaf_weight=6981 12891 1203 18400 2685 8198 26159 10019 10598 21744 2364 465 327 641 369 1002 8442 3318 682 8110 1025 3301 146 350 407 357 491 1123 564 215 1264
leaf_count=6981 12891 1203 18400 2685 8198 26159 10019 10598 21744 2364 465 327 641 369 1002 8442 3318 682 8110 1025 3301 146 350 407 357 491 1123 564 215 1264
internal_value=-0.001946 -0.00683071 -0.00840658 -0.0117495 -0.0131777 0.00125899 -0.00304599 3.58955e-05 -0.00080101 -0.00227933 0.00283039 0.00219424 0.00183269 0.0114224 -0.00491562 -0.00111255 0.00251966 0.0057125 0.00214698 0.00780988 0.00173214 0.00166902 -0.000235302 0.00263761 -0.000199962 0.010785 -0.00492916 -0.000827226 -0.00773543 0.00328501
internal_weight=153841 60949 47781 29429 26598 92892 18352 52235 37640 24108 40657 14595 13532 696 11021 13168 38269 4000 34269 2388 13899 2831 7331 872 10627 1516 2541 9006 1338 1621
internal_count=153841 60949 47781 29429 26598 92892 18352 52235 37640 24108 40657 14595 13532 696 11021 13168 38269 4000 34269 2388 13899 2831 7331 872 10627 1516 2541 9006 1338 1621
is_linear=0
shrinkage=0.05


Tree=31
num_leaves=31
num_cat=0
split_feature=4 13 13 13 7 13 22 13 7 4 3 39 4 39 39 4 22 0 13 1 13 13 37 38 38 3 2 2 38 38
split_gain=934.851 217.417 342.821 126.344 66.8861 51.9133 38.0264 37.4958 27.3491 30.3928 24.1228 21.0117 18.7386 19.3157 19.7236 18.0573 17.5188 16.6758 13.4358 11.3368 9.48612 9.73153 9.2408 14.0843 11.3003 8.5813 8.06319 7.03849 6.60125 5.7373
threshold=1.0000000180025095e-35 12.92698907852173 -3.9830549955368038 0.00075226789808231222 0.02061975467950106 -1.2792892423564917e-13 0.15376744419336322 -27.238594055175778 0.090018317103385939 18.774999618530277 -0.20921241492033002 2.9499136209487919 6.6250000000000009 -0.027744126506149765 0.26376391947269445 1.9750000238418581 0.10247942805290224 0.60882842540740978 -136.48625946044919 0.27335494756698614 67.636825561523452 -32.285850524902337 1.0000000180025095e-35 -0.060671037063002579 -0.0054282464552670709 0.03949809446930886 -0.0042462476994842282 0.37329521775245672 -0.097321037203073488 -0.15003602951765058
decision_type=2 2 2 2 2 2 2 2 2 2 2 2 2 2 2 2 2 2 2 2 2 2 2 2 2 2 2 2 2 2
left_child=1 2 7 5 12 -4 20 19 9 -8 -5 -9 13 15 -15 -2 25 -10 26 -1 21 -6 24 -24 -18 -3 -14 -22 -20 -27
right_child=4 16 3 10 6 -7 8 11 17 -11 -12 -13 18 14 -16 -17 22 -19 28 -21 27 -23 23 -25 -26 29 -28 -29 -30 -31
leaf_value=-4.3771041445749093e-05 -0.00029742750846893477 -0.00013380641890198684 -0.00021999430444665793 -4.342693702067578e-05 -4.7028856603084042e-05 -0.00021999430444665793 0.00035062732089333561 -0.00021999430444665793 0.0009677875668926858 -2.1529971514604262e-05 -0.00021999430444665793 -0.00021999430444665793 -0.00027900520951898851 0.00028847808577290321 -0.00013995433516453409 1.3137964759581817e-05 -0.00028873196591665235 0.0038715760369906179 -2.0318489348311859e-05 -0.00028512131803800467 1.3424193268651505e-05 -0.0004213709671031015 0.00046253715561144024 -0.00026067027228887462 0.00035677865305351603 -0.00025871405920906891 0.00023396505319369309 0.0016439141183082198 -0.00022087433240707173 -0.00022053153088414756
leaf_weight=8878 2491 1203 5808 1389 2564 14635 36401 8142 7143 10998 7597 905 455 7935 2499 4543 961 441 1757 427 2686 2300 765 5348 3553 144 1706 324 8649 1194
leaf_count=8878 2491 1203 5808 1389 2564 14635 36401 8142 7143 10998 7597 905 455 7935 2499 4543 961 441 1757 427 2686 2300 765 5348 3553 144 1706 324 8649 1194
internal_value=-0.00197785 -0.00678969 -0.0083574 -0.0117019 0.00117933 -0.0138739 0.00210677 -0.00299422 0.00257216 0.0021261 -0.00676052 -0.00528628 -0.000761611 0.000297687 0.00166283 -0.00172732 -0.00110115 0.00535997 -0.00223403 -0.000765717 -0.001143 -0.00250822 -0.000209372 -0.00147636 0.00150642 -0.00483078 0.00135354 0.00106312 -0.00297905 -0.00758595
internal_weight=153841 60949 47781 29429 92892 20443 62857 18352 54983 47399 8986 9047 30035 17468 10434 7034 13168 7584 12567 9305 7874 4864 10627 6113 4514 2541 2161 3010 10406 1338
internal_count=153841 60949 47781 29429 92892 20443 62857 18352 54983 47399 8986 9047 30035 17468 10434 7034 13168 7584 12567 9305 7874 4864 10627 6113 4514 2541 2161 3010 10406 1338
is_linear=0
shrinkage=0.05


Tree=32
num_leaves=31
num_cat=0
split_feature=4 13 13 32 13 9 13 18 32 38 7 13 13 0 32 22 34 7 7 3 3 37 34 38 39 3 2 22 22 38
split_gain=911.525 216.745 343.5 220.7 159.719 62.8898 36.1656 35.8959 32.5928 29.6187 24.3266 22.1677 29.834 21.4726 20.1935 17.5058 13.1796 12.7512 11.8307 11.6911 11.1432 8.95689 15.4039 12.16 8.82467 8.59367 7.69507 7.27172 6.69594 5.78288
threshold=1.0000000180025095e-35 12.92698907852173 -3.9830549955368038 14.500000000000002 0.00075226789808231222 0.0032854347955435519 -19.322152137756344 539.80685424804699 19.500000000000004 0.17825287580490115 0.04257465340197087 44.719928741455085 -21.848697662353512 0.20170141011476519 14.500000000000002 0.10247942805290224 5.0000000000000009 0.018488951027393345 0.1596316993236542 -0.23777956515550611 0.41302186250686651 1.0000000180025095e-35 2.5000000000000004 -0.060671037063002579 -2.1484522819519039 0.03949809446930886 0.10874300822615625 0.15509780496358874 0.24511294811964038 -0.15003602951765058
decision_type=2 2 2 2 2 2 2 2 2 2 2 2 2 2 2 2 2 2 2 2 2 2 2 2 2 2 2 2 2 2
left_child=1 2 6 4 -4 7 19 11 10 13 16 12 -2 -10 -8 25 -7 24 -12 -1 -5 22 -17 -23 -9 -3 -11 -13 -19 -27
right_child=5 15 3 20 -6 8 14 17 9 26 18 27 -14 -15 -16 21 -18 28 -20 -21 -22 23 -24 -25 -26 29 -28 -29 -30 -31
leaf_value=0.00017424883818094417 -3.2689980459258905e-05 -0.00012711609795688751 -0.00020899458922432501 0.00022641604301873767 -0.00020899458922432501 6.6181068502021474e-05 -0.00020899458922432501 -0.00021059052229574615 0.0014322540907129202 0.0013548574688747176 0.00042966450564888643 -9.3818190253453307e-05 -0.00034588354002706078 0.0046627232211732608 0.00053261202148831635 0.00042299612675633495 0.00084469520289515371 8.9678219341893936e-05 0.0023569560233559837 -0.00024210166893837921 0.0055940302679548214 0.00043941029783086831 -0.00018855905315695346 -0.00024763675867443087 5.099958351814059e-05 -0.00024577835624861545 -0.0014565994543150709 0.00016537204265557517 0.00044811735719779304 -0.0002095049543399402
leaf_weight=3490 10501 1203 18400 2685 8198 25900 6647 884 2848 70 19519 1887 9556 670 486 2523 659 3583 1244 7729 146 765 1991 5348 4009 144 153 5633 5776 1194
leaf_count=3490 10501 1203 18400 2685 8198 25900 6647 884 2848 70 19519 1887 9556 670 486 2523 659 3583 1244 7729 146 765 1991 5348 4009 144 153 5633 5776 1194
internal_value=-0.0019915 -0.00674293 -0.00830822 -0.011656 -0.0130687 0.00112604 -0.00293973 -0.000311387 0.00230353 0.00679631 0.00194835 -0.00136436 -0.00223239 0.00791643 -0.0057234 -0.00106318 0.000946007 0.00172607 0.00323051 -0.00116989 0.00161604 -0.000171732 0.0015175 -0.00141911 -0.000342326 -0.00479142 -0.0108744 0.000950798 0.00280746 -0.00754858
internal_weight=153841 60949 47781 29429 26598 92892 18352 41829 51063 3741 47322 27577 20057 3518 7133 13168 26559 14252 20763 11219 2831 10627 4514 6113 4893 2541 223 7520 9359 1338
internal_count=153841 60949 47781 29429 26598 92892 18352 41829 51063 3741 47322 27577 20057 3518 7133 13168 26559 14252 20763 11219 2831 10627 4514 6113 4893 2541 223 7520 9359 1338
is_linear=0
shrinkage=0.05


Tree=33
num_leaves=31
num_cat=0
split_feature=4 13 13 32 13 22 13 7 32 39 32 34 25 22 37 2 3 1 1 39 39 4 3 38 13 3 32 20 38 25
split_gain=888.412 215.215 343.856 215.903 161.422 58.0774 36.0234 35.2202 22.7095 20.4393 19.9711 18.0564 17.828 17.2795 16.3541 16.2252 20.095 15.7459 15.6173 15.4445 15.7726 14.6737 10.7549 9.41116 9.2968 8.84075 7.03335 6.1992 5.78288 4.36537
threshold=1.0000000180025095e-35 12.92698907852173 -3.9830549955368038 14.500000000000002 0.00075226789808231222 0.17335622012615207 -19.322152137756344 0.032553169876337058 14.500000000000002 2.9499136209487919 14.500000000000002 3.5000000000000004 0.34901019930839544 0.10247942805290224 1.0000000180025095e-35 0.041350621730089195 0.13509597629308703 -1.0380201935768125 0.27335494756698614 2.1213928461074834 -2.1484522819519039 9.9749999046325701 0.41302186250686651 -0.43764922022819513 71.036128997802749 0.03949809446930886 8.5000000000000018 1.0000000180025095e-35 -0.15003602951765058 0.59535166621208202
decision_type=2 2 2 2 2 2 2 2 2 2 2 2 2 2 2 2 2 2 2 2 2 2 2 2 2 2 2 2 2 2
left_child=1 2 6 4 -4 10 18 15 11 -8 19 -9 14 25 -12 21 -17 -10 -1 20 -2 -7 -5 -21 26 29 -15 -14 -27 -3
right_child=5 13 3 22 -6 7 9 8 17 -11 12 -13 27 24 -16 16 -18 -19 -20 23 -22 -23 -24 -25 -26 28 -28 -29 -30 -31
leaf_value=-7.6333298784503787e-05 -0.00028579341016213099 -9.0557490045680827e-05 -0.00019854485976310873 0.00021509524086780075 -0.00019854485976310873 1.4794857082821908e-05 -0.00019854485976310873 0.00022546334658623808 0.0057508638858805592 -0.00019854485976310873 -0.00039081417547203736 0.0006993400742842798 0.002669182856735067 -0.00022288613510502335 0.0012373736443484469 0.00023338917813781683 -5.7072580454965111e-05 0.0013639685971360282 -0.00025782210464782778 0.0014104583427788509 -4.7048800043610022e-05 -0.00026931862261840475 0.005314328754557081 -0.00035904508029878021 0.00016968157071261625 -0.00023348943843618468 0.00085975023892424925 0.00037467941298080059 -0.00019902970662294316 -0.00030063151001545455
leaf_weight=10677 2392 1172 18400 2685 8198 9196 6354 24712 475 779 1045 10413 172 6049 997 13399 6870 2161 542 95 15700 3135 146 2060 4049 144 529 70 1194 31
leaf_count=10677 2392 1172 18400 2685 8198 9196 6354 24712 475 779 1045 10413 172 6049 997 13399 6870 2161 542 95 15700 3135 146 2060 4049 144 529 70 1194 31
internal_value=-0.00201686 -0.00670766 -0.00826741 -0.0116169 -0.0130141 0.00106091 -0.00289614 0.00176838 0.00280779 -0.00567433 -0.00114842 0.00247189 0.00328371 -0.001048 0.00176298 0.000564417 0.00143446 0.00728376 -0.00112978 -0.00164839 -0.00117179 -0.000865704 0.00151007 -0.00564965 -0.000162322 -0.00475207 -0.00132259 0.0161157 -0.00754858 -0.00164173
internal_weight=153841 60949 47781 29429 26598 92892 18352 70361 37761 7133 22531 35125 2284 13168 2042 32600 20269 2636 11219 20247 18092 12331 2831 2155 10627 2541 6578 242 1338 1203
internal_count=153841 60949 47781 29429 26598 92892 18352 70361 37761 7133 22531 35125 2284 13168 2042 32600 20269 2636 11219 20247 18092 12331 2831 2155 10627 2541 6578 242 1338 1203
is_linear=0
shrinkage=0.05


Tree=34
num_leaves=31
num_cat=0
split_feature=4 32 22 14 39 9 18 32 38 0 7 32 21 21 14 25 22 34 7 39 22 18 18 39 38 38 21 25 2 2
split_gain=865.758 157.529 176.05 71.0281 65.0784 54.8426 31.8366 28.4829 28.7195 22.2175 20.644 20.0349 19.5598 45.7737 17.8867 16.7455 14.3694 13.3262 12.3013 11.7389 9.94482 7.89898 7.36892 7.22913 26.3291 20.1026 11.2455 7.92307 7.15561 2.052
threshold=1.0000000180025095e-35 14.500000000000002 0.08511782065033914 -1.0000000180025095e-35 1.9768069386482241 0.0032854347955435519 539.80685424804699 19.500000000000004 0.17825287580490115 0.20170141011476519 0.090018317103385939 2.5000000000000004 1.0000000180025095e-35 0.97499999403953563 1.0000000180025095e-35 0.35498261451721197 0.49848422408103948 3.5000000000000004 0.046923417598009116 -1.0000000180025095e-35 0.45551881194114691 31344.922851562504 -4677.9338378906241 0.075535457581281676 0.30095177888870245 0.2464515566825867 0.52500000596046459 0.06607267260551454 0.10874300822615625 0.081226810812950148
decision_type=2 2 2 2 2 2 2 2 2 2 2 2 2 2 2 2 2 2 2 2 2 2 2 2 2 2 2 2 2 2
left_child=1 2 12 20 -5 6 11 10 9 -9 15 16 14 -14 -1 -7 -2 -12 19 -8 -4 -20 -13 25 26 27 -25 -3 -10 -26
right_child=5 23 3 4 -6 7 18 8 28 -11 17 22 13 -15 -16 -17 -18 -19 21 -21 -22 -23 -24 24 29 -27 -28 -29 -30 -31
leaf_value=-0.00018861761677495329 -0.00017763775547577771 0.0016132060235877475 -2.5218922062284627e-05 -0.00018861761677495329 -0.00018861761677495329 8.3820292838570837e-05 -9.3671778088853458e-05 0.0012951001228131542 0.0012471806510491357 0.0043711185729562478 0.00048729989568196096 0.0015140816959888137 -0.00018861761677495329 -0.00018861761677495329 0.00030264240978061709 0.00035173754323809315 0.00014234951912701216 0.0019561459925627601 0.00048922510682940441 0.00018560709424625174 0.0010234341884725283 0.0013604570574223592 0.00020476939213414717 -0.00071497222282658989 0.0043991979567042103 -0.00082487507044345725 0.00016287995435483561 0.00031594137291328915 -0.0014181427700180581 0.014682103203887464
leaf_weight=4632 20296 1537 2989 34863 6947 33203 3602 2848 70 670 2866 335 3872 2209 146 8643 4215 2610 2545 7455 526 650 2731 601 30 92 898 1512 153 95
leaf_count=4632 20296 1537 2989 34863 6947 33203 3602 2848 70 670 2866 335 3872 2209 146 8643 4215 2610 2545 7455 526 650 2731 601 30 92 898 1512 153 95
internal_value=-0.00203603 -0.00666664 -0.00740691 -0.00603696 -0.00661086 0.00100224 -0.000340075 0.00210182 0.00630179 0.00740478 0.00176979 -0.00133173 -0.0131251 -0.011244 -0.015519 0.00139201 -0.00180837 0.00465668 0.00157873 0.000789093 0.000789474 0.00431142 0.0024788 0.00206191 -0.000646552 0.00346227 -0.00248499 0.0041571 -0.0110987 0.0214
internal_weight=153841 60949 56184 45325 41810 92892 41829 51063 3741 3518 47322 27577 10859 6081 4778 41846 24511 5476 14252 11057 3515 3195 3066 4765 1624 3141 1499 3049 223 125
internal_count=153841 60949 56184 45325 41810 92892 41829 51063 3741 3518 47322 27577 10859 6081 4778 41846 24511 5476 14252 11057 3515 3195 3066 4765 1624 3141 1499 3049 223 125
is_linear=0
shrinkage=0.05


Tree=35
num_leaves=31
num_cat=0
split_feature=4 13 13 13 13 22 13 13 13 3 21 13 3 34 37 25 34 1 22 2 34 1 21 14 3 13 37 13 37 3
split_gain=838.952 213.196 342.696 136.785 53.7008 51.383 35.3238 25.3111 38.8974 24.9527 24.2737 29.8221 23.9498 21.8229 23.3489 20.0394 18.066 16.6764 16.1706 14.0361 12.8483 11.2598 10.7965 9.48014 9.14232 8.98055 8.52161 5.43469 5.37934 4.31178
threshold=1.0000000180025095e-35 12.92698907852173 -3.9830549955368038 0.00075226789808231222 -1.2792892423564917e-13 0.26275002956390386 -40.278293609619134 112.09263229370119 -241.99971008300778 -0.20921241492033002 0.97499999403953563 693.05023193359386 -0.0099072270095348341 1.0000000180025095e-35 1.0000000180025095e-35 0.3816142082214356 5.0000000000000009 0.34781159460544592 0.10247942805290224 0.70106673240661632 2.5000000000000004 0.27335494756698614 0.12500000372529033 1.0000000180025095e-35 0.03949809446930886 86.935379028320327 1.0000000180025095e-35 137.46549987792972 1.0000000180025095e-35 -0.35053816437721247
decision_type=2 2 2 2 2 2 2 2 2 2 2 2 2 2 2 2 2 2 2 2 2 2 2 2 2 2 2 2 2 2
left_child=1 2 6 4 -4 7 21 8 16 -5 11 19 23 14 -12 -15 -2 -8 24 -7 -14 -1 -10 -9 29 28 -13 -26 -20 -3
right_child=5 18 3 9 -6 10 17 12 22 -11 13 26 20 15 -16 -17 -18 -19 25 -21 -22 -23 -24 -25 27 -27 -28 -29 -30 -31
leaf_value=4.0254137012622416e-05 0.00011732791895640912 -0.0003461434535334431 -0.00017918673593620563 -1.1447736881522618e-05 -0.00017918673593620563 0.00023335117248579029 -0.00017918673593620563 3.0696378828570102e-05 -0.0002947965301186399 -0.00017918673593620563 0.00025608895996586528 0.0014638103493762836 7.5251981075140196e-05 5.1165950097728684e-05 -0.00054095405319086454 0.00063513115278776642 0.0040158308224637028 -0.00017918673593620563 8.1987631584624172e-05 0.00097945782349259073 0.00047815027104057014 -0.00023897543391662872 -0.00011378898091585245 -0.00025253555689146845 -0.00018104273214246164 0.00018621248292833919 0.00065605942715600942 -2.0159844701733885e-05 -0.00021467973314671051 -4.9390373185610825e-05
leaf_weight=6981 6762 61 5808 1389 14635 22450 10680 3967 5153 7597 1393 2516 2831 12082 2498 3846 460 341 2758 1685 4506 350 17113 1822 1123 3427 3808 215 4442 1142
leaf_count=6981 6762 61 5808 1389 14635 22450 10680 3967 5153 7597 1393 2516 2831 12082 2498 3846 460 341 2758 1685 4506 350 17113 1822 1123 3427 3808 215 4442 1142
internal_value=-0.00204676 -0.00660511 -0.00815753 -0.0115014 -0.0137614 0.000944107 -0.00279534 -0.000333224 -0.00114623 -0.00635989 0.00202673 0.00291293 0.00149322 0.000664766 -0.00269211 0.00148481 0.00204237 -0.00458443 -0.000972053 0.00211208 0.00339035 -0.000105715 -0.00218045 -0.000911211 -0.00455529 -0.000115272 0.00596932 -0.0073991 -0.00111806 -0.00139235
internal_weight=153841 60949 47781 29429 20443 92892 18352 42614 29488 8986 50278 30459 13126 19819 3891 15928 7222 11021 13168 24135 7337 7331 22266 5789 2541 10627 6324 1338 7200 1203
internal_count=153841 60949 47781 29429 20443 92892 18352 42614 29488 8986 50278 30459 13126 19819 3891 15928 7222 11021 13168 24135 7337 7331 22266 5789 2541 10627 6324 1338 7200 1203
is_linear=0
shrinkage=0.05


Tree=36
num_leaves=31
num_cat=0
split_feature=4 3 24 22 14 10 22 22 22 24 0 18 38 7 18 3 7 14 38 25 34 38 21 38 38 37 38 22 0 3
split_gain=822.517 168.645 105.102 49.4825 37.8657 35.2125 34.9599 28.8583 21.9946 21.8896 21.8463 20.022 17.7065 16.356 16.0447 10.7363 10.2477 10.1223 9.88107 9.42277 9.25442 8.49433 10.3294 8.14884 7.9627 9.06384 7.94009 4.83071 4.6467 3.0738
threshold=1.0000000180025095e-35 -0.1595446318387985 2.5000000000000004 0.11577921360731126 -1.0000000180025095e-35 0.030795574188232425 0.069670796394348158 0.066147454082965865 0.27963037788867956 1.5000000000000002 0.55615735054016124 1891.0000000000002 0.30095177888870245 0.015409344341605903 -2519.322631835937 -1.7320105433464048 0.085104662925004973 -1.0000000180025095e-35 0.11525200679898263 0.12997728586196902 3.5000000000000004 0.11252592876553537 0.27500000596046453 0.011059731245040895 0.20396047830581668 1.0000000180025095e-35 -0.43764922022819513 0.17335622012615207 -0.23161368072032926 -0.27034932374954218
decision_type=2 2 2 2 2 2 2 2 2 2 2 2 2 2 2 2 2 2 2 2 2 2 2 2 2 2 2 2 2 2
left_child=1 8 7 19 27 11 -6 18 17 -9 13 14 15 -7 -5 -10 -12 28 -3 24 -19 22 -21 -13 26 -26 -2 -4 -1 -23
right_child=3 2 4 5 6 10 -8 9 12 -11 16 23 -14 -15 -16 -17 -18 20 -20 21 -22 29 -24 -25 25 -27 -28 -29 -30 -31
leaf_value=0.0043540174616325013 0.0013403587485411046 -0.00017022739913939534 -0.00017022739913939534 0.00020242728870349791 -0.00017022739913939534 -5.4298063971539723e-05 -0.00017022739913939534 -0.00017022739913939534 0.00051969455991716831 -0.00017022739913939534 0.00064490509963774096 0.00044271604985606975 -0.00026748212949016299 0.00027711619331201553 -9.58669859548597e-05 -0.00017007177442413324 0.0039400660758190254 -0.00017022739913939534 -0.00017022739913939534 -0.00029982462514415071 -0.00016279589872387036 -0.00067705656223021485 0.00010587055736589469 -2.2933668381215461e-05 0.00059295368123326729 -0.00041401017865714661 -0.00025039609138470152 0.00027264494269510812 0.00014245831658579481 -0.00035018425181112883
leaf_weight=32 44 4413 1169 7829 1918 4811 21852 6627 1827 8441 1492 4369 216 39018 23988 7182 463 3924 563 700 1234 77 2133 1562 225 94 5819 1224 327 268
leaf_count=32 44 4413 1169 7829 1918 4811 21852 6627 1827 8441 1492 4369 216 39018 23988 7182 463 3924 563 700 1234 77 2133 1562 225 94 5819 1224 327 268
internal_value=-0.00207276 -0.00658624 -0.00807183 0.000888666 -0.0059846 0.00127496 -0.00658814 -0.0107962 -0.00192986 -0.009706 0.0022071 0.000144379 -0.000436314 0.00197643 -0.000352799 -9.71251e-05 0.00737852 -0.00442722 -0.0140977 -0.00255876 -0.00499225 -0.00034613 0.000555948 0.0028115 -0.00369621 0.00399687 -0.00411479 1.04471e-05 0.00369081 -0.00775362
internal_weight=153841 60949 46207 92892 26163 83532 23770 20044 14742 15068 45784 37748 9225 43829 31817 9009 1955 5517 4976 9360 5158 3178 2833 5931 6182 319 5863 2393 359 345
internal_count=153841 60949 46207 92892 26163 83532 23770 20044 14742 15068 45784 37748 9225 43829 31817 9009 1955 5517 4976 9360 5158 3178 2833 5931 6182 319 5863 2393 359 345
is_linear=0
shrinkage=0.05


Tree=37
num_leaves=31
num_cat=0
split_feature=8 13 13 32 13 22 13 39 39 34 1 39 1 32 22 32 34 13 0 3 34 3 13 38 13 3 32 13 38 22
split_gain=794.549 214.556 345.5 219.243 167.377 44.493 33.3579 28.3906 43.625 30.6625 19.3466 18.0964 15.9755 15.8997 15.7406 14.5828 30.9352 15.4107 11.6181 10.275 9.32176 9.30836 8.81732 8.65276 8.52786 7.51775 6.55598 5.93217 5.8762 4.86516
threshold=1.0000000180025095e-35 12.92698907852173 -3.9830549955368038 14.500000000000002 0.00075226789808231222 0.32099767029285436 -19.322152137756344 1.8624963164329531 -0.052058435976505273 1.5000000000000002 0.10665842518210412 2.9499136209487919 0.27335494756698614 14.500000000000002 0.10247942805290224 2.5000000000000004 1.0000000180025095e-35 467.68917846679693 0.49761769175529486 0.41302186250686651 1.5000000000000002 0.03949809446930886 15.890574455261232 0.069386679679155364 86.935379028320327 0.31943830847740179 14.500000000000002 137.46549987792972 -0.43764922022819513 0.17815802991390231
decision_type=2 2 2 2 2 2 2 2 2 2 2 2 2 2 2 2 2 2 2 2 2 2 2 2 2 2 2 2 2 2
left_child=1 2 6 4 -4 7 12 8 9 -2 15 -8 -1 -10 21 17 -17 -7 20 -5 -12 -3 23 -9 26 -20 -16 -23 -24 -26
right_child=5 14 3 19 -6 10 11 22 13 -11 18 -13 -14 -15 24 16 -18 -19 25 -21 -22 27 28 -25 29 -27 -28 -29 -30 -31
leaf_value=-6.4024718417198678e-05 -0.00033736744887294948 -9.6998779835782981e-05 -0.00016171602918242558 0.00023858988158710124 -0.00016171602918242558 0.00011119877573868045 -0.00016171602918242558 -0.00038523854891678305 8.8036968120973168e-05 -3.5363407960239612e-05 -0.00027818400874688246 -0.00016171602918242558 -0.00021724666661453634 0.00084643085797697637 -0.00017857774201156118 -0.00047651424676710305 0.0016450769466662099 0.00048696751758994832 0.002335406466971337 0.0050502859549373409 0.0015269692545649793 -0.00016515572007343862 0.0010425742468615016 -0.00014174254367956969 -9.5548008855904156e-05 0.000542699700025931 0.00085330458155712878 4.4304680241699864e-05 -0.00011839126271925294 0.00030688394918462926
leaf_weight=10942 4795 1215 18420 2689 8237 25976 6385 1957 27312 12440 465 784 550 2707 6822 799 3165 8066 1020 146 404 1132 106 915 852 486 465 220 1585 2784
leaf_count=10942 4795 1215 18420 2689 8237 25976 6385 1957 27312 12440 465 784 550 2707 6822 799 3165 8066 1020 146 404 1132 106 915 852 486 465 220 1585 2784
internal_value=-0.00208673 -0.00648127 -0.00804259 -0.0114116 -0.0128175 0.000851428 -0.00271824 -0.000118204 0.000245482 -0.0017595 0.00209566 -0.00539476 -0.00104856 0.00139662 -0.00090808 0.00182208 0.00469223 0.00148787 0.00647368 0.00180776 0.00186997 -0.00443124 -0.00388451 -0.00557103 -8.01062e-05 0.00913015 -0.00106697 -0.0072855 -0.00102011 0.00189769
internal_weight=153841 61643 48153 29492 26657 92198 18661 51817 47254 17235 40381 7169 11492 30019 13490 38006 3964 34042 2375 2835 869 2567 4563 2872 10923 1506 7287 1352 1691 3636
internal_count=153841 61643 48153 29492 26657 92198 18661 51817 47254 17235 40381 7169 11492 30019 13490 38006 3964 34042 2375 2835 869 2567 4563 2872 10923 1506 7287 1352 1691 3636
is_linear=0
shrinkage=0.05


Tree=38
num_leaves=31
num_cat=0
split_feature=5 13 13 32 13 10 13 32 13 13 0 7 37 39 2 5 34 1 13 1 38 13 1 39 2 14 1 1 21 32
split_gain=781.065 209.475 345.266 215.665 170.64 42.2499 33.7345 26.2895 25.2952 33.413 20.383 19.597 19.5435 17.3388 16.6873 14.2009 11.9537 11.4537 10.9071 11.4555 10.7127 10.6042 9.08907 9.04506 8.79009 5.96298 4.3499 4.34848 5.5107 3.3291
threshold=1.0000000180025095e-35 12.92698907852173 -3.9830549955368038 14.500000000000002 0.00075226789808231222 0.030795574188232425 -40.278293609619134 14.500000000000002 101.08408355712892 -64.348365783691392 0.49761769175529486 0.036674650385975845 1.0000000180025095e-35 2.9499136209487919 0.058991258963942535 20.07499980926514 1.5000000000000002 0.27335494756698614 137.46549987792972 0.28938786685466772 0.065897300839424147 10509.211425781252 -0.4405550211668014 -0.052058435976505273 0.78842890262603771 -1.0000000180025095e-35 0.15814532339572909 -3.0804568529129024 0.62500000000000011 20.500000000000004
decision_type=2 2 2 2 2 2 2 2 2 2 2 2 2 2 2 2 2 2 2 2 2 2 2 2 2 2 2 2 2 2
left_child=1 2 6 4 -4 8 17 11 9 20 12 14 -9 -8 -7 -11 -13 -1 19 25 -2 23 -5 -10 -21 -3 -23 -20 -29 -12
right_child=5 18 3 22 -6 7 13 10 21 15 29 16 -14 -15 -16 -17 -18 -19 27 24 -22 26 -24 -25 -26 -27 -28 28 -30 -31
leaf_value=4.9218265770175062e-05 0.00015682758026663163 0.0003681593899634945 -0.00015363022772330428 -0.00078740904367029631 -0.00015363022772330428 -8.7095384782139289e-05 -0.00015363022772330428 9.1534839044270241e-05 -6.511837689639095e-05 -0.00013204784222333992 0.0015924684371715445 7.0019927784672854e-05 0.0019878703396706654 -0.00015363022772330428 0.00012797559258078675 -0.00039956596236367226 0.0004776353474158512 -0.00020765295893310069 -0.0013620473394476346 -0.00019051001426880385 -0.00022712156985736192 0.0011783202766773686 0.00053284549538324365 0.00025296717777249133 0.0020269205463464023 -0.00015204049598164143 0.003784513588866003 0.00055297625632005811 4.9691884526416671e-06 0.0077473063507934974
leaf_weight=6981 11487 629 18400 252 8198 9452 10019 1713 3247 15428 91 6246 2323 1002 11800 4607 16708 350 49 487 1647 199 2579 7689 31 9443 66 1164 1365 189
leaf_count=6981 11487 629 18400 252 8198 9452 10019 1713 3247 15428 91 6246 2323 1002 11800 4607 16708 350 49 487 1647 199 2579 7689 31 9443 66 1164 1365 189
internal_value=-0.00210428 -0.00650257 -0.00804138 -0.0113978 -0.0127942 0.000781553 -0.00265911 0.00180124 -0.000333559 -0.00102731 0.00552595 0.00143759 0.00462091 -0.00440749 0.000343497 -0.0023122 0.00245055 -3.06916e-05 -0.000918894 -0.0016289 0.000932694 0.00172083 0.00172201 0.00148135 -0.00888031 -0.00125596 0.0116038 0.00199767 0.00228351 0.0185714
internal_weight=153841 60949 47781 29429 26598 92892 18352 48522 44370 33169 4316 44206 4036 11021 21252 20035 22954 7331 13168 10590 13134 11201 2831 10936 518 10072 265 2578 2529 280
internal_count=153841 60949 47781 29429 26598 92892 18352 48522 44370 33169 4316 44206 4036 11021 21252 20035 22954 7331 13168 10590 13134 11201 2831 10936 518 10072 265 2578 2529 280
is_linear=0
shrinkage=0.05


Tree=39
num_leaves=31
num_cat=0
split_feature=4 13 13 32 13 22 32 13 7 3 38 34 25 32 22 1 13 3 3 25 38 21 13 38 37 38 22 38 37 3
split_gain=773.842 208.921 347.907 206.584 171.225 40.9895 38.063 32.9496 27.7873 23.9799 23.5276 22.8669 21.2825 17.2809 15.0713 14.3635 14.0961 9.77834 9.07973 7.902 7.9886 8.27418 7.83621 7.31818 8.66835 7.43989 6.26367 6.20113 5.3977 4.42319
threshold=1.0000000180025095e-35 12.92698907852173 -3.9830549955368038 14.500000000000002 0.00075226789808231222 0.11577921360731126 14.500000000000002 -24.38671779632568 0.039870209991931922 0.034540135413408286 0.30095177888870245 1.5000000000000002 0.044103698804974563 8.5000000000000018 0.10247942805290224 0.27335494756698614 3851.228881835938 0.41302186250686651 0.03949809446930886 0.12363040447235109 0.11252592876553537 0.32500000298023229 365.37376403808599 0.20396047830581668 1.0000000180025095e-35 -0.43764922022819513 0.2075925096869469 -0.15003602951765058 1.0000000180025095e-35 -0.35053816437721247
decision_type=2 2 2 2 2 2 2 2 2 2 2 2 2 2 2 2 2 2 2 2 2 2 2 2 2 2 2 2 2 2
left_child=1 2 7 4 -4 19 8 15 12 10 -8 -11 -7 -9 18 -1 -10 -5 29 23 21 -21 28 25 -25 -2 -24 -20 -16 -3
right_child=5 14 3 17 -6 6 9 13 16 11 -12 -13 -14 -15 22 -17 -18 -19 27 20 -22 -23 26 24 -26 -27 -28 -29 -30 -31
leaf_value=-2.881488666497305e-05 0.0012637990343689961 -0.00030787294710892985 -0.00014594871633713907 0.00020274576674183774 -0.00014594871633713907 -0.00015920951570261622 0.00059050543923554904 -0.00014594871633713907 0.00021646830696016837 0.00052600961379559651 -0.001360590499860772 0.0037387660354180801 4.7990450627587037e-05 0.00030403977676686218 0.00013232455938280534 -0.00019727031098644567 0.00088065451459382591 0.0047711293824213123 -0.00018603660426981124 -0.00025321232402241789 -0.00039928265836897613 9.3549353454530125e-05 -0.0001831906944262031 0.00057536978407819197 -0.00037054578558537373 -0.00023199646252630688 0.0013432211478967401 -0.00014622402308620146 -0.00017172113273168928 -2.7102157008124783e-05
leaf_weight=9480 43 61 18400 2685 8198 10972 4624 7743 27290 855 186 1353 34418 655 4155 474 3834 146 144 782 352 2158 170 225 91 5709 391 1194 5911 1142
leaf_count=9480 43 61 18400 2685 8198 10972 4624 7743 27290 855 186 1353 34418 655 4155 474 3834 146 144 782 352 2158 170 225 91 5709 391 1194 5911 1142
internal_value=-0.00211728 -0.00649518 -0.00803196 -0.0114012 -0.0127679 0.000755178 0.00110676 -0.00262914 0.000783517 0.00463095 0.00265073 0.00894475 -5.50782e-06 -0.0049357 -0.000918894 -0.000683142 0.0019342 0.00143942 -0.0043782 -0.00238248 -0.000410085 0.000442177 -9.17474e-05 -0.00345254 0.0039557 -0.00385953 0.00565954 -0.00721226 -0.000412279 -0.0012261
internal_weight=153841 60949 47781 29429 26598 92892 83532 18352 76514 7018 4810 2208 45390 8398 13168 9954 31124 2831 2541 9360 3292 2940 10627 6068 316 5752 561 1338 10066 1203
internal_count=153841 60949 47781 29429 26598 92892 83532 18352 76514 7018 4810 2208 45390 8398 13168 9954 31124 2831 2541 9360 3292 2940 10627 6068 316 5752 561 1338 10066 1203
is_linear=0
shrinkage=0.05


Tree=40
num_leaves=31
num_cat=0
split_feature=4 13 13 32 13 22 13 39 39 34 38 34 39 2 32 38 22 22 1 37 3 3 2 3 34 1 38 3 3 22
split_gain=760.972 208.83 350.317 203.589 171.411 40.4223 32.6016 24.684 35.8981 27.9197 23.244 21.3934 19.4672 18.5184 15.0779 26.0162 14.9333 14.6917 14.4485 12.6068 8.97937 8.87435 8.1902 7.19125 9.43845 7.33911 5.86114 5.14391 4.45126 2.54634
threshold=1.0000000180025095e-35 12.92698907852173 -3.9830549955368038 14.500000000000002 0.00075226789808231222 0.32099767029285436 -24.38671779632568 -0.052058435976505273 1.8624963164329531 5.0000000000000009 -0.053582279011607163 1.5000000000000002 2.9499136209487919 0.80164751410484325 14.500000000000002 0.30095177888870245 0.17335622012615207 0.10247942805290224 0.27335494756698614 1.0000000180025095e-35 0.03949809446930886 0.41302186250686651 0.51574569940567028 -1.1688111424446104 1.0000000180025095e-35 -0.80715614557266224 -0.15003602951765058 0.4027125239372254 -0.35053816437721247 0.38195927441120153
decision_type=2 2 2 2 2 2 2 2 2 2 2 2 2 2 2 2 2 2 2 2 2 2 2 2 2 2 2 2 2 2
left_child=1 2 6 4 -4 7 18 9 16 11 -11 -2 -8 14 19 -16 -9 20 -1 -7 28 -5 -10 24 -19 -25 -22 -15 -3 -29
right_child=5 17 3 21 -6 13 12 8 22 10 -12 -13 -14 27 15 -17 -18 23 -20 -21 26 -23 -24 25 -26 -27 -28 29 -30 -31
leaf_value=-2.7374142331724422e-05 -0.0003200607800562751 -0.00029247929975348332 -0.0001386512805202821 0.00019260847840474587 -0.0001386512805202821 0.00034137109845077432 -0.0001386512805202821 -2.1717795314827106e-06 -0.00024498194915226499 0.0095542743730717365 2.9214337945825121e-05 -7.1251684679672983e-05 -0.0001386512805202821 0.0036236523994408586 0.0015704685457302574 -0.0012113678796802825 0.00022679047923089383 0.0013223384315899052 -0.00018740679543712338 8.0520971128215246e-05 -0.00017673477405632067 0.0045325729133002465 0.0015140309135443935 -0.00039404768208395926 0.00015547071819699623 -1.7867770492398433e-05 -0.0001389128219318914 0.0015677459272100112 -2.5747049157718555e-05 0.00042136442800823202
leaf_weight=9480 4857 61 18400 2685 8198 15545 7539 13739 4548 233 307 12005 859 203 3068 142 16479 283 474 21528 144 146 67 613 871 8860 1194 47 1142 124
leaf_count=9480 4857 61 18400 2685 8198 15545 7539 13739 4548 233 307 12005 859 203 3068 142 16479 283 474 21528 144 146 67 613 871 8860 1194 47 1142 124
internal_value=-0.00213743 -0.00647878 -0.00801522 -0.0113961 -0.0127528 0.000711041 -0.00259372 -0.000209151 0.000559096 -0.00174693 0.00944444 -0.00210533 -0.00488807 0.00189328 0.00179046 0.00507788 0.00118638 -0.000903706 -0.000658027 0.00150581 -0.00431917 0.00135111 -0.00354821 -8.70424e-05 0.00363951 -0.000541011 -0.00713752 0.0129679 -0.00118454 0.00657895
internal_weight=153841 60949 47781 29429 26598 92892 18352 52235 34833 17402 540 16862 8398 40657 40283 3210 30218 13168 9954 37073 2541 2831 4615 10627 1154 9473 1338 374 1203 171
internal_count=153841 60949 47781 29429 26598 92892 18352 52235 34833 17402 540 16862 8398 40657 40283 3210 30218 13168 9954 37073 2541 2831 4615 10627 1154 9473 1338 374 1203 171
is_linear=0
shrinkage=0.05


Tree=41
num_leaves=31
num_cat=0
split_feature=4 13 13 13 13 22 13 3 13 13 13 2 1 2 22 34 21 18 34 38 14 38 3 0 34 2 13 3 25 22
split_gain=746.199 205.393 351.517 141.552 57.4817 37.2187 31.8165 25.4397 21.91 33.4201 22.2459 17.753 16.1993 15.8193 14.4486 14.013 18.528 14.4761 13.9323 17.4704 13.1439 8.57774 6.98825 9.2684 7.81709 5.94915 6.07291 4.88815 4.19441 2.60614
threshold=1.0000000180025095e-35 12.92698907852173 -3.9830549955368038 0.00075226789808231222 -1.2792892423564917e-13 0.32973782718181616 -19.322152137756344 -0.20921241492033002 -494.82939147949213 44.719928741455085 -21.848697662353512 0.80164751410484325 0.27335494756698614 0.10034083947539331 0.073686014860868468 1.0000000180025095e-35 0.97499999403953563 -5296.1154785156241 5.0000000000000009 -0.19103112071752545 -1.0000000180025095e-35 -0.053582279011607163 -1.1688111424446104 -0.71135804057121266 1.0000000180025095e-35 -0.0042462476994842282 137.46549987792972 0.4027125239372254 0.011377709452062847 0.38195927441120153
decision_type=2 2 2 2 2 2 2 2 2 2 2 2 2 2 2 2 2 2 2 2 2 2 2 2 2 2 2 2 2 2
left_child=1 2 6 4 -4 8 12 -5 18 10 -10 15 -1 -11 25 16 -7 -17 19 -2 -8 -20 24 -24 -16 28 -27 -13 -3 -29
right_child=5 14 3 7 -6 11 20 -9 9 13 -12 27 -14 -15 22 17 -18 -19 21 -21 -22 -23 23 -25 -26 26 -28 29 -30 -31
leaf_value=-4.6684538030354348e-05 -0.00065051570541139938 -0.00024786789363696649 -0.00013171871649426801 2.0937608011943523e-05 -0.00013171871649426801 0.00026270902474947143 0.00010997677259695209 -0.00013171871649426801 -3.5480156580624225e-05 -4.9516103562200284e-05 -0.00024888107744724648 0.0033903187490561711 -0.00017803645566526722 0.00019773454292521827 0.0012562215100104098 0.00063011023260173965 -0.0003152785157553514 0.00019748255413418287 0.01150547321071619 0.00024709697191105991 -0.00013171871649426801 0.0013110395035541588 -0.00051396627447094795 -5.2621027607352178e-05 0.00014769718228714644 -0.00015108219704493866 0.00017304243627934001 0.0013307952649777499 0.00053940259603895194 0.00040029620660782033
leaf_weight=10677 354 33 5808 1389 14635 4113 720 7597 14045 9003 11503 201 542 12196 283 8217 3335 23443 165 5890 6413 263 354 10493 871 870 143 40 121 124
leaf_count=10677 354 33 5808 1389 14635 4113 720 7597 14045 9003 11503 201 542 12196 283 8217 3335 23443 165 5890 6413 263 354 10493 871 870 143 40 121 124
internal_value=-0.00215271 -0.00645171 -0.00797545 -0.0113621 -0.0136612 0.00066798 -0.00254468 -0.00613176 -0.000192347 -0.000574903 -0.0017927 0.00183227 -0.00088466 0.000892731 -0.000922691 0.00172983 -0.000221536 0.00218888 0.00248801 0.00188981 -0.00515561 0.011215 -0.000406216 -0.00079976 0.00329289 -0.00623393 -0.00762586 0.0128082 0.00292208 0.00640244
internal_weight=153841 60949 47781 29429 20443 92892 18352 8986 53419 46747 25548 39473 11219 21199 13168 39108 7448 31660 6672 6244 7133 428 12001 10847 1154 1167 1013 365 154 164
internal_count=153841 60949 47781 29429 20443 92892 18352 8986 53419 46747 25548 39473 11219 21199 13168 39108 7448 31660 6672 6244 7133 428 12001 10847 1154 1167 1013 365 154 164
is_linear=0
shrinkage=0.05


Tree=42
num_leaves=31
num_cat=0
split_feature=4 13 13 32 13 13 13 13 4 32 3 32 22 21 13 22 22 34 34 3 32 3 18 37 3 3 25 13 25 3
split_gain=729.831 204.459 348.899 200.508 173.304 35.6551 50.9715 31.6929 23.7763 21.3215 24.4865 17.0107 15.1081 14.1699 13.3904 12.8046 11.9487 11.7652 10.5088 10.2366 9.57463 8.87435 8.39689 8.15293 6.95849 8.17725 6.87713 6.57876 4.65892 4.4536
threshold=1.0000000180025095e-35 12.92698907852173 -3.9830549955368038 14.500000000000002 0.00075226789808231222 411.50425720214849 -270.54681396484369 -19.322152137756344 10.924999713897707 20.500000000000004 0.081926357001066222 14.500000000000002 0.073686014860868468 0.97499999403953563 21.836496353149418 0.4869313389062882 0.26687470078468328 1.5000000000000002 5.0000000000000009 -0.23777956515550611 14.500000000000002 0.41302186250686651 -6838.4746093749991 1.0000000180025095e-35 0.28204661607742315 0.35972993075847631 0.11926377192139627 42.592325210571296 0.098036963492631926 0.013722450006753208
decision_type=2 2 2 2 2 2 2 2 2 2 2 2 2 2 2 2 2 2 2 2 2 2 2 2 2 2 2 2 2 2
left_child=1 2 7 4 -4 6 18 19 15 13 17 -9 23 16 -10 -8 -7 -11 20 -1 -2 -5 -20 28 27 -26 -15 -14 -3 -25
right_child=5 12 3 21 -6 9 8 11 14 10 -12 -13 24 26 -16 -17 -18 -19 22 -21 -22 -23 -24 29 25 -27 -28 -29 -30 -31
leaf_value=0.00017521764769795321 0.00017821280478218064 2.2488312860243767e-05 -0.0001251327806695546 0.00018956399030922201 -0.0001251327806695546 0.00012311766826362728 -2.9199659231865863e-05 -0.0001251327806695546 -0.00025934652145583238 -0.00052678531578793865 0.006518794872329238 0.00050380424611343644 -0.00012933612945492925 -0.00020194316470643764 -4.0220657633533931e-05 0.00027840357780566582 0.00065570269312295669 0.0028038178173876663 0.0062834874869062505 -0.00016196912123208585 0.0011593779054987444 0.004312530203459947 0.00072507221657827159 -0.00020844269439202406 -0.00024474084644984399 -9.1345615636472411e-05 0.00012727532551893469 0.0001288809438928184 -0.00014090054026580996 -0.00014531363909633379
leaf_weight=3490 19536 436 18400 2685 8198 5588 23031 6647 12605 261 440 486 4864 1751 8557 6465 7164 391 337 7729 1622 146 645 120 588 816 4499 5733 280 331
leaf_count=3490 19536 436 18400 2685 8198 5588 23031 6647 12605 261 440 486 4864 1751 8557 6465 7164 391 337 7729 1622 146 645 120 588 816 4499 5733 280 331
internal_value=-0.00215336 -0.00640495 -0.00792522 -0.0112992 -0.0126457 0.000636223 0.000121569 -0.00251471 -0.000753089 0.00250075 0.00929487 -0.00512057 -0.000888518 0.0021103 -0.00203194 0.000164429 0.00306619 0.00314417 0.00212285 -0.00085792 0.00188817 0.00135111 0.00717923 -0.00631962 -0.000360387 -0.00366809 0.00016 7.78522e-05 -0.00300279 -0.0115854
internal_weight=153841 60949 47781 29429 26598 92892 72798 18352 50658 20094 1092 7133 13168 19002 21162 29496 12752 652 22140 11219 21158 2831 982 1167 12001 1404 6250 10597 716 451
internal_count=153841 60949 47781 29429 26598 92892 72798 18352 50658 20094 1092 7133 13168 19002 21162 29496 12752 652 22140 11219 21158 2831 982 1167 12001 1404 6250 10597 716 451
is_linear=0
shrinkage=0.05


Tree=43
num_leaves=31
num_cat=0
split_feature=4 13 13 13 13 13 13 13 3 4 0 4 1 39 22 2 0 34 38 38 2 3 13 1 34 13 38 22 38 2
split_gain=718.44 203.807 351.746 143.603 59.1476 32.103 45.6317 30.8175 24.5825 24.1643 16.4254 18.1903 16.371 16.1684 14.5495 13.7097 12.4841 10.7751 18.2404 11.3874 9.52045 8.99203 8.57117 7.45161 6.40759 5.95764 5.9072 5.80206 5.38243 4.60881
threshold=1.0000000180025095e-35 12.92698907852173 -3.9830549955368038 0.00075226789808231222 -1.2792892423564917e-13 498.19921875000006 -595.16293334960926 -19.322152137756344 -0.20921241492033002 11.72499990463257 0.38980324566364294 36.574998855590827 0.27335494756698614 2.9499136209487919 0.10247942805290224 0.70106673240661632 -0.20431675016880033 5.0000000000000009 -0.34707100689411158 -0.26290866732597346 0.056309804320335395 0.03949809446930886 38.24376296997071 0.10119010880589487 2.5000000000000004 365.37376403808599 -0.15003602951765058 0.12780115753412249 0.16759372502565387 0.77363860607147228
decision_type=2 2 2 2 2 2 2 2 2 2 2 2 2 2 2 2 2 2 2 2 2 2 2 2 2 2 2 2 2 2
left_child=1 2 7 4 -4 6 17 12 -5 15 16 23 -1 -9 21 -8 28 18 -2 -19 -18 -3 -11 -12 -13 29 -23 -27 -7 -16
right_child=5 14 3 8 -6 10 9 13 -10 22 11 24 -14 -15 25 -17 20 19 -20 -21 -22 26 -24 -25 -26 27 -28 -29 -30 -31
leaf_value=-4.1179754496928388e-05 -0.0011617222001050649 -7.0635376697783525e-05 -0.00011887614163607688 2.6147366644824072e-05 -0.00011887614163607688 0.00066818151888938058 1.205839358556192e-05 -0.00011887614163607688 -0.00011887614163607688 -0.00020713894000379732 0.00019073412385140905 0.0010687953173430936 -0.00016103617682039958 -0.00011887614163607688 -5.4246032450515218e-05 0.00083749801965961985 -0.00018040921872623206 0.0073750943004977547 0.00029520824583279226 0.00093059135286475525 0.00020766609654388098 -0.00015502076318910153 -3.2707708187229396e-05 0.0013064556822264565 0.0042001264001222619 -0.00050993963153955497 -0.00012286932298218278 0.00083958803488911747 0.0015123484300413959 0.0010521808053821505
leaf_weight=10677 249 1203 5808 1389 14635 2306 35302 6354 7597 15251 812 109 542 779 9935 976 2139 232 14361 475 11591 144 7458 1104 270 37 1194 524 257 131
leaf_count=10677 249 1203 5808 1389 14635 2306 35302 6354 7597 15251 812 109 542 779 9935 976 2139 232 14361 475 11591 144 7458 1104 270 37 1194 524 257 131
internal_value=-0.00217026 -0.00638854 -0.00790639 -0.0112941 -0.0136098 0.000597468 0.000132564 -0.00247384 -0.00602604 -0.000498839 0.00245589 0.00641612 -0.000840093 -0.00504346 -0.000880923 0.000301836 0.00189805 0.00256414 0.00227242 0.00859264 0.00130007 -0.00427981 -0.00177793 0.00443633 0.0164248 -6.82225e-05 -0.00710015 0.00494652 0.00510144 -0.000347705
internal_weight=153841 60949 47781 29429 20443 92892 74304 18352 8986 58987 18588 2295 11219 7133 13168 36278 16293 15317 14610 707 13730 2541 22709 1916 379 10627 1338 561 2563 10066
internal_count=153841 60949 47781 29429 20443 92892 74304 18352 8986 58987 18588 2295 11219 7133 13168 36278 16293 15317 14610 707 13730 2541 22709 1916 379 10627 1338 561 2563 10066
is_linear=0
shrinkage=0.05


Tree=44
num_leaves=31
num_cat=0
split_feature=4 13 13 13 13 7 13 4 7 3 39 1 20 22 4 0 25 34 9 22 13 38 37 13 21 39 22 3 1 3
split_gain=707.469 202.034 353 144.498 59.8327 32.1334 30.0928 26.0577 37.0829 24.3149 16.4699 16.4226 14.7838 14.1697 13.1684 12.7289 12.5821 11.9034 10.6572 10.5206 10.3362 8.5992 8.3414 8.04158 8.02479 7.8154 16.968 10.6086 4.98188 4.7898
threshold=1.0000000180025095e-35 12.92698907852173 -3.9830549955368038 0.00075226789808231222 -1.2792892423564917e-13 0.080966081470251097 -19.322152137756344 17.22500038146973 0.015409344341605903 -0.20921241492033002 2.9499136209487919 0.27335494756698614 -1.0000000180025095e-35 0.073686014860868468 4.3250000476837167 0.57766079902648937 0.35498261451721197 3.5000000000000004 0.050441849976778037 0.18120648711919787 101.08408355712892 0.001903286552987993 1.0000000180025095e-35 531.17214965820324 0.37500000000000006 2.8427296876907353 0.1244507096707821 0.28204661607742315 0.14991363883018496 0.013722450006753208
decision_type=2 2 2 2 2 2 2 2 2 2 2 2 2 2 2 2 2 2 2 2 2 2 2 2 2 2 2 2 2 2
left_child=1 2 6 4 -4 7 11 8 14 -5 -8 -1 20 22 -2 17 -10 21 -14 -19 -9 -7 -3 24 -17 27 -27 -15 -25 -24
right_child=5 13 3 9 -6 15 10 12 16 -11 -12 -13 18 25 -16 23 -18 19 -20 -21 -22 -23 29 28 -26 26 -28 -29 -30 -31
leaf_value=-3.9120766772081984e-05 1.5548186736500694e-05 -0.00010743292321504564 -0.00011293233455427303 2.4839998312582887e-05 -0.00011293233455427303 0.00039538561073547526 -0.00011293233455427303 -0.00011154098610417357 0.0001167418201782785 -0.00011293233455427303 -0.00011293233455427303 -0.0001529843679793796 -0.00035083026691406279 5.2312736057136963e-05 -0.00014381843268921864 -0.00047193178880239122 0.00036517101847920977 -0.00046145254439900564 -0.00011103731725355671 0.0013134762123577894 0.00031969642796768853 -0.00036068613078040195 -0.00019448879083753366 0.001930898412972141 0.0023020227324990878 -0.00018506196018136485 0.00014874782356857452 -0.00016819310808836925 0.0071794606125266253 -0.0001317854266929587
leaf_weight=10677 10405 716 5808 1389 14635 4286 6354 6232 35138 7597 779 542 4593 10041 10022 159 8733 392 4465 3559 3103 1296 120 80 245 333 421 1206 184 331
leaf_count=10677 10405 716 5808 1389 14635 4286 6354 6232 35138 7597 779 542 4593 10041 10022 159 8733 392 4465 3559 3103 1296 120 80 245 333 421 1206 184 331
internal_value=-0.00218619 -0.00637213 -0.00788336 -0.0112771 -0.0136 0.000560328 -0.00244115 0.000233701 0.00070842 -0.00599266 -0.00498037 -0.000826723 -0.00142581 -0.000888518 -0.0010513 0.00320802 0.00152777 0.00274048 -0.00286487 0.00484055 -2.9459e-05 0.00125403 -0.00614824 0.00988024 0.00544554 -0.000377052 -0.00530504 -4.66791e-05 0.0166667 -0.0114745
internal_weight=153841 60949 47781 29429 20443 92892 18352 82691 64298 8986 7133 11219 18393 13168 20427 10201 43871 9533 9058 3951 9335 5582 1167 668 404 12001 754 11247 264 451
internal_count=153841 60949 47781 29429 20443 92892 18352 82691 64298 8986 7133 11219 18393 13168 20427 10201 43871 9533 9058 3951 9335 5582 1167 668 404 12001 754 11247 264 451
is_linear=0
shrinkage=0.05


Tree=45
num_leaves=31
num_cat=0
split_feature=7 13 13 32 13 32 13 22 34 37 37 34 34 22 38 1 22 13 34 1 38 3 1 25 38 0 38 37 34 38
split_gain=698.764 199.713 355.401 196.042 177.058 32.1705 29.6064 27.9694 22.3827 25.1918 22.0862 76.0184 73.5075 44.231 24.8741 17.4691 14.3551 14.1742 11.7635 11.3311 10.5322 8.99203 8.15779 8.07345 12.4573 9.43642 5.9072 5.70468 12.163 11.6964
threshold=1.0000000180025095e-35 12.92698907852173 -3.9830549955368038 14.500000000000002 0.00075226789808231222 10.500000000000002 -40.278293609619134 0.17335622012615207 5.0000000000000009 1.0000000180025095e-35 1.0000000180025095e-35 1.5000000000000002 1.5000000000000002 0.96546417474746715 0.23002020269632342 0.34781159460544592 0.10247942805290224 567.14498901367199 1.0000000180025095e-35 0.27335494756698614 -0.32030953466892237 0.03949809446930886 -0.4405550211668014 0.06607267260551454 0.15261784195899966 -0.14578364044427869 -0.15003602951765058 1.0000000180025095e-35 2.5000000000000004 -0.088332090526819215
decision_type=2 2 2 2 2 2 2 2 2 2 2 2 2 2 2 2 2 2 2 2 2 2 2 2 2 2 2 2 2 2
left_child=1 2 6 4 -4 7 19 23 9 -9 12 14 18 -14 -12 -8 21 -13 -7 -1 -10 -3 -5 24 -2 -25 -23 28 -18 -29
right_child=5 16 3 22 -6 10 15 8 20 -11 11 17 13 -15 -16 -17 27 -19 -20 -21 -22 26 -24 25 -26 -27 -28 29 -30 -31
leaf_value=6.3224115873834497e-05 -0.00019348578583170328 -6.1731961702142084e-05 -0.00010728571782655937 -0.00077508602591979834 -0.00010728571782655937 0.00053614999164062691 -0.00010728571782655937 0.00018590930754334609 0.010366536188640186 -2.3890127171432435e-05 -0.00010928919981271109 0.0018876077128881176 -0.00083565973005066867 0.0076211335028144329 -0.0014456451905399429 -0.00010728571782655937 0.00038814051673494838 0.0050172438231369434 0.0024820790859608533 -0.0001453351495804106 0.00073884591279208846 -0.00014068045369499852 0.00048621935118680352 -0.00059233196537670108 0.00032051179819244432 -2.2067137614538611e-05 -0.00010932295116775695 0.00059346591434032063 -0.00018059359413931318 -0.00016022949679875764
leaf_weight=6981 7642 1203 18400 252 8198 561 10680 26414 188 36457 1455 2417 2139 121 170 341 2523 477 715 350 1531 144 2579 229 707 11669 1194 588 1991 5525
leaf_count=6981 7642 1203 18400 252 8198 561 10680 26414 188 36457 1455 2417 2139 121 170 341 2523 477 715 350 1531 144 2579 229 707 11669 1194 588 1991 5525
internal_value=-0.00219561 -0.00635572 -0.00785825 -0.0112635 -0.0125949 0.000533953 -0.00239756 0.000247239 0.000755535 0.000601629 0.00355369 0.00586966 0.000593891 -0.00482301 -0.00278462 -0.00403548 -0.000903706 0.0107291 0.0101881 6.47933e-05 0.00638453 -0.00427981 0.00124514 -0.00137428 -0.00256618 -0.000537906 -0.00710015 -9.64524e-05 0.00125166 -0.00109194
internal_weight=153841 60949 47781 29429 26598 92892 18352 84837 64590 62871 8055 4519 3536 2260 1625 11021 13168 2894 1276 7331 1719 2541 2831 20247 8349 11898 1338 10627 4514 6113
internal_count=153841 60949 47781 29429 26598 92892 18352 84837 64590 62871 8055 4519 3536 2260 1625 11021 13168 2894 1276 7331 1719 2541 2831 20247 8349 11898 1338 10627 4514 6113
is_linear=0
shrinkage=0.05


Tree=46
num_leaves=31
num_cat=0
split_feature=4 13 13 32 13 7 13 32 25 4 37 34 34 1 32 22 0 34 22 1 13 20 38 1 21 13 21 13 32 1
split_gain=689.958 201.756 356.712 193.834 177.683 29.1623 29.0309 24.53 25.2751 23.2915 19.0681 73.0519 55.9994 16.5435 16.2079 13.3884 12.0264 12.0654 9.69888 8.45888 12.4684 9.17631 8.21255 8.0241 7.96328 7.09341 7.03903 5.57143 5.53167 4.56304
threshold=1.0000000180025095e-35 12.92698907852173 -3.9830549955368038 14.500000000000002 0.00075226789808231222 0.080966081470251097 -19.322152137756344 14.500000000000002 0.045775545760989196 10.924999713897707 1.0000000180025095e-35 1.5000000000000002 1.5000000000000002 0.27335494756698614 8.5000000000000018 0.10247942805290224 0.60882842540740978 3.5000000000000004 0.18120648711919787 0.20909637212753299 52.485153198242195 -1.0000000180025095e-35 -0.029406004585325714 -0.4405550211668014 0.97499999403953563 498.19921875000006 0.37500000000000006 71.036128997802749 8.5000000000000018 0.12620035558938983
decision_type=2 2 2 2 2 2 2 2 2 2 2 2 2 2 2 2 2 2 2 2 2 2 2 2 2 2 2 2 2 2
left_child=1 2 6 4 -4 7 13 8 24 -10 11 -9 -12 -1 -8 19 17 22 -19 21 -21 -3 -7 -5 -2 26 -18 28 -17 -29
right_child=5 15 3 23 -6 16 14 10 9 -11 12 -13 -14 -15 -16 27 25 18 -20 20 -22 -23 -24 -25 -26 -27 -28 29 -30 -31
leaf_value=-3.8413704421183527e-05 -8.7046881563531856e-05 1.6631920481980594e-06 -0.0001019214319352314 -0.00073633172462380834 -0.0001019214319352314 0.00083911408843230723 -0.0001019214319352314 0.0014978782971534093 0.0001143804115474035 -6.018299865047485e-05 -0.00032556585545032298 -0.0007666881413874282 0.0020833888339666304 -0.00013806839210139007 0.00031583351812031635 -0.00015221802195881977 -0.00046155562333312708 -0.00041737444820202051 0.0012893099477476193 -0.00012101580723124766 -0.00012316755888513545 -0.00011526393362401395 1.9723616391181983e-05 0.00046190838362746326 -0.0002981380210844058 0.0058399249930055509 0.002240499773835163 7.3249644759405645e-05 0.00080230603466986932 0.00067808548141478741
leaf_weight=10677 13986 1174 18400 252 8198 1291 6558 1230 33469 23334 1553 1982 2578 542 575 6049 128 397 3625 205 185 977 4345 2579 4559 215 200 3615 529 434
leaf_count=10677 13986 1174 18400 252 8198 1291 6558 1230 33469 23334 1553 1982 2578 542 575 6049 128 397 3625 205 185 977 4345 2579 4559 215 200 3615 529 434
internal_value=-0.00220796 -0.00634178 -0.00785197 -0.0112635 -0.0125874 0.000504349 -0.00238121 0.000193189 -7.5649e-05 0.0004476 0.00295179 6.22665e-05 0.0051985 -0.000795525 -0.00487523 -0.000861938 0.00302666 0.00261959 0.00471159 -0.00412239 -0.0108974 -0.002894 0.00112669 0.0011745 -0.00167835 0.010267 0.00564024 -8.23374e-05 -0.000980541 0.00137688
internal_weight=153841 60949 47781 29429 26598 92892 18352 82691 75348 56803 7343 3212 4131 11219 7133 13168 10201 9658 4022 2541 390 2151 5636 2831 18545 543 328 10627 6578 4049
internal_count=153841 60949 47781 29429 26598 92892 18352 82691 75348 56803 7343 3212 4131 11219 7133 13168 10201 9658 4022 2541 390 2151 5636 2831 18545 543 328 10627 6578 4049
is_linear=0
shrinkage=0.05


Tree=47
num_leaves=31
num_cat=0
split_feature=5 13 13 13 13 13 9 18 3 0 39 1 1 3 7 13 22 38 0 18 1 13 39 38 37 2 37 34 38 34
split_gain=683.289 200.617 357.753 146.927 61.1071 29.4127 27.7206 24.2159 24.1137 19.1267 16.9785 16.6475 15.4443 15.0305 14.7976 13.1996 12.8163 11.4623 11.0137 8.96565 8.60693 12.4684 7.32986 7.10625 6.76495 5.92396 5.45202 11.7969 11.1283 5.27566
threshold=1.0000000180025095e-35 12.92698907852173 -3.9830549955368038 0.00075226789808231222 -1.2792892423564917e-13 -19.322152137756344 0.05673975124955178 393.90202331542974 -0.20921241492033002 0.55615735054016124 2.9499136209487919 0.27335494756698614 -0.22092624008655545 -0.57151401042938221 0.014122946187853815 38.24376296997071 0.10247942805290224 0.014184430707246067 -1.1507896184921262 91424.945312500015 0.20909637212753299 52.485153198242195 -0.027744126506149765 0.0065040125045925387 1.0000000180025095e-35 0.16204221546649936 1.0000000180025095e-35 2.5000000000000004 -0.022543641738593575 2.5000000000000004
decision_type=2 2 2 2 2 2 2 2 2 2 2 2 2 2 2 2 2 2 2 2 2 2 2 2 2 2 2 2 2 2
left_child=1 2 5 4 -4 11 7 13 -5 14 -7 -1 -11 23 22 -15 20 19 -16 -9 25 -22 -8 -2 -14 -3 27 -18 -28 -19
right_child=6 16 3 8 -6 10 9 17 -10 12 -12 -13 24 15 18 -17 26 29 -20 -21 21 -23 -24 -25 -26 -27 28 -29 -30 -31
leaf_value=-3.6493019200124419e-05 0.00036194480528187883 -0.00010279303007661213 -9.6825360338469833e-05 3.4058355885043228e-05 -9.6825360338469833e-05 -9.6825360338469833e-05 -0.0002136928916331717 0.000144330256743673 -9.6825360338469833e-05 -0.0012684348112055408 -9.6825360338469833e-05 -0.00013116497249632055 0.0026279817888708694 -0.00020474628199705874 0.0011005336690632233 4.3163891375516511e-06 0.00037266955627771639 -0.00017080814352369124 0.0001537748920201679 0.0015380300719057744 -0.00011496501686968529 -0.00011700918094087866 8.802140639758289e-06 -0.0004303647497675481 0.00049894370814927182 0.00047381555199044894 0.00036564126862411546 -0.00016505263598770643 -0.00015374681399966234 7.8480941781484796e-05
leaf_weight=10677 3205 1909 5808 1389 14635 6354 1949 13023 7597 99 779 542 671 17748 914 7598 2523 2910 37954 566 205 185 2864 536 1081 242 1111 1991 5002 1774
leaf_count=10677 3205 1909 5808 1389 14635 6354 1949 13023 7597 99 779 542 671 17748 914 7598 2523 2910 37954 566 205 185 2864 536 1081 242 1111 1991 5002 1774
internal_value=-0.00222389 -0.00633768 -0.0078436 -0.0112602 -0.0136025 -0.00236486 0.000475283 -0.000371622 -0.00593145 0.00135619 -0.00487523 -0.000768785 0.00633441 -0.00126775 0.00114523 -0.00170441 -0.000873329 0.00105484 0.00146907 0.00179005 -0.00406336 -0.0108974 -0.00146998 0.00169072 0.00742009 -0.00282427 -0.000110567 0.00120735 -0.00108376 -0.00107814
internal_weight=153841 60949 47781 29429 20443 18352 92892 47360 8986 45532 7133 11219 1851 29087 43681 25346 13168 18273 38868 13589 2541 390 4813 3741 1752 2151 10627 4514 6113 4684
internal_count=153841 60949 47781 29429 20443 18352 92892 47360 8986 45532 7133 11219 1851 29087 43681 25346 13168 18273 38868 13589 2541 390 4813 3741 1752 2151 10627 4514 6113 4684
is_linear=0
shrinkage=0.05


Tree=48
num_leaves=31
num_cat=0
split_feature=4 13 13 32 13 13 32 7 37 34 34 22 23 25 34 32 13 22 25 22 34 13 0 0 13 20 0 37 34 38
split_gain=676.14 198.821 360.142 190.178 179.455 29.321 27.4176 25.3613 19.0085 63.3086 60.0884 42.9756 22.7426 16.8062 17.1577 14.8392 13.6596 12.883 11.6501 11.466 16.5895 9.26366 8.70363 7.75882 13.3666 8.00297 7.04004 4.90293 10.5766 10.247
threshold=1.0000000180025095e-35 12.92698907852173 -3.9830549955368038 14.500000000000002 0.00075226789808231222 -19.322152137756344 14.500000000000002 0.04257465340197087 1.0000000180025095e-35 1.5000000000000002 1.5000000000000002 0.96546417474746715 1.0000000180025095e-35 0.045775545760989196 5.0000000000000009 14.500000000000002 567.14498901367199 0.10247942805290224 0.19745174050331118 0.20285527408123019 3.5000000000000004 -185.9236145019531 -0.12748190760612485 0.27388224005699163 52.485153198242195 -1.0000000180025095e-35 0.070591352880001082 1.0000000180025095e-35 2.5000000000000004 -0.11181402578949927
decision_type=2 2 2 2 2 2 2 2 2 2 2 2 2 2 2 2 2 2 2 2 2 2 2 2 2 2 2 2 2 2
left_child=1 2 5 4 -4 21 7 13 10 12 18 -12 -10 26 -15 -7 -11 23 -8 -9 -21 -1 -5 25 -25 -3 -2 28 -19 -29
right_child=6 17 3 22 -6 15 8 19 9 16 11 -13 -14 14 -16 -17 -18 27 -20 20 -22 -23 -24 24 -26 -27 -28 29 -30 -31
leaf_value=0.00034369954891195001 -0.00017965375409577326 -3.7959813745641787e-06 -9.1984092321546342e-05 -0.00063574672358807213 -9.1984092321546342e-05 -9.1984092321546342e-05 0.00042796129241737572 -7.6697412910740553e-05 -0.00085784471589719392 0.0016941707588093724 -0.00076323108107977209 0.0072505782394098666 0.00097649731452778945 -5.2270327217206553e-06 0.00071608125162824811 0.00048461833561951772 0.0046567366233906731 0.0003540360784638306 0.0024342125205145493 0.00012041579310733929 0.00073408033726098251 -0.00011973960710309734 0.0004525685497517324 -0.00010921676602620103 -0.00010972044177841288 -0.00010436108543898267 -1.3347071246101825e-05 0.00066837068064876581 -0.00015680000418832115 -0.00013691978016089568
leaf_weight=1549 10438 1203 18400 441 8198 6647 613 4920 972 2416 2139 121 653 39635 917 486 477 2523 663 16819 7815 9670 2390 190 171 977 4294 419 1991 5694
leaf_count=1549 10438 1203 18400 441 8198 6647 613 4920 972 2416 2139 121 653 39635 917 486 477 2523 663 16819 7815 9670 2390 190 171 977 4294 419 1991 5694
internal_value=-0.00223234 -0.00632455 -0.00782372 -0.0112517 -0.012563 -0.00232672 0.000452676 0.000188005 0.00324063 0.00538955 0.00049491 -0.00440265 -0.00250769 -0.000444071 8.1377e-05 -0.00483317 0.00982544 -0.000884721 0.00916928 0.00137037 0.00181051 -0.000733131 0.00106853 -0.00408304 -0.0108726 -0.00295872 -0.00189044 -0.000119977 0.00112982 -0.00104286
internal_weight=153841 60949 47781 29429 26598 18352 92892 84838 8054 4518 3536 2260 1625 55284 40552 7133 2893 13168 1276 29554 24634 11219 2831 2541 361 2180 14732 10627 4514 6113
internal_count=153841 60949 47781 29429 26598 18352 92892 84838 8054 4518 3536 2260 1625 55284 40552 7133 2893 13168 1276 29554 24634 11219 2831 2541 361 2180 14732 10627 4514 6113
is_linear=0
shrinkage=0.05


Tree=49
num_leaves=31
num_cat=0
split_feature=4 13 13 32 13 13 7 4 7 32 32 20 22 0 4 34 4 2 13 22 32 2 13 20 2 13 38 14 13 22
split_gain=665.452 198.485 360.532 195.265 180.111 28.8396 25.5584 22.6813 28.8521 18.4299 14.7944 13.1267 12.7803 11.5885 11.5163 10.3161 10.1998 9.03647 8.97027 8.84052 8.22586 8.02816 11.9994 8.2684 7.03158 6.93021 5.4101 5.03307 5.49775 4.52381
threshold=1.0000000180025095e-35 12.92698907852173 -3.9830549955368038 14.500000000000002 0.00075226789808231222 -19.322152137756344 0.080966081470251097 17.22500038146973 0.015409344341605903 14.500000000000002 8.5000000000000018 -1.0000000180025095e-35 0.10247942805290224 0.60882842540740978 4.3250000476837167 3.5000000000000004 31.024999618530277 0.25408300757408148 101.08408355712892 0.069670796394348158 2.5000000000000004 0.27275429666042333 52.485153198242195 -1.0000000180025095e-35 0.49753846228122717 567.14498901367199 0.8683454990386964 -1.0000000180025095e-35 71.036128997802749 0.52277684211730968
decision_type=2 2 2 2 2 2 2 2 2 2 2 2 2 2 2 2 2 2 2 2 2 2 2 2 2 2 2 2 2 2
left_child=1 2 5 4 -4 19 7 8 14 -10 -7 18 21 15 -2 20 -13 -17 -9 -1 -8 23 -23 -3 -5 26 -15 -14 -29 -27
right_child=6 12 3 24 -6 10 13 11 9 -11 -12 16 27 25 -16 17 -18 -19 -20 -21 -22 22 -24 -25 -26 29 -28 28 -30 -31
leaf_value=-0.00020192482154014697 1.5102882498558863e-05 6.3119989260316396e-06 -8.7384887705469031e-05 0.00011987038380021093 -8.7384887705469031e-05 -8.7384887705469031e-05 7.4967071368306503e-05 -0.00011055141008642781 0.00010051913535166474 0.0010385928171313126 0.00028065219345024817 -0.0001585791587040357 0.00044160153028595335 0.00096956463212514098 -0.00013118984374564424 0.00041277241383125691 -0.0003984771639575627 0.0017396085480254498 0.00030120354504550341 -4.0069235375483819e-05 0.0019840754811578545 -0.00010375592772489098 -0.0001056726998049141 -9.9143031167033522e-05 0.0026369625353160511 0.0071716731442424382 0.0057427993910916996 -0.00013007379115285089 0.00010622175198935747 0.0022312566272504985
leaf_weight=737 10405 1163 18400 2672 8198 6558 5147 6232 40134 3737 575 6567 607 303 10022 2206 2491 1816 3103 10482 489 213 188 977 159 126 32 6108 3912 82
leaf_count=737 10405 1163 18400 2672 8198 6558 5147 6232 40134 3737 575 6567 607 303 10022 2206 2491 1816 3103 10482 489 213 188 977 159 126 32 6108 3912 82
internal_value=-0.00223364 -0.00629338 -0.00779128 -0.0112211 -0.0125498 -0.0022913 0.000430069 0.00013877 0.000581667 0.00130439 -0.00477709 -0.0014095 -0.000858141 0.00279139 -0.000970529 0.0023918 -0.00276551 0.00432621 -9.37333e-05 -0.000710848 0.00101136 -0.00404368 -0.0105362 -0.0028271 0.0012628 0.00989871 0.00544776 -9.64524e-05 -0.000364271 0.0170673
internal_weight=153841 60949 47781 29429 26598 18352 92892 82691 64298 43871 7133 18393 13168 10201 20427 9658 9058 4022 9335 11219 5636 2541 401 2140 2831 543 335 10627 10020 208
internal_count=153841 60949 47781 29429 26598 18352 92892 82691 64298 43871 7133 18393 13168 10201 20427 9658 9058 4022 9335 11219 5636 2541 401 2140 2831 543 335 10627 10020 208
is_linear=0
shrinkage=0.05


Tree=50
num_leaves=31
num_cat=0
split_feature=4 13 13 32 13 13 18 18 0 39 32 4 34 32 38 9 22 0 3 25 38 3 3 3 34 38 37 38 38 3
split_gain=658.337 197.348 362.214 191.596 180.822 28.9478 24.7353 48.5327 18.6017 17.599 16.9695 15.9008 15.7287 15.7682 12.7481 12.7299 12.311 11.2765 9.93109 9.55109 9.51995 8.49823 7.46722 6.55287 6.45505 6.37772 4.82938 10.0972 9.37612 4.646
threshold=1.0000000180025095e-35 12.92698907852173 -3.9830549955368038 14.500000000000002 0.00075226789808231222 -19.322152137756344 -5296.1154785156241 539.80685424804699 0.42942768335342413 2.9499136209487919 20.500000000000004 9.9749999046325701 5.0000000000000009 14.500000000000002 -0.28505955636501307 0.17376467585563662 0.10247942805290224 -0.43425576388835901 0.33071994781494146 0.36725123226642614 0.21128143370151523 0.03949809446930886 -0.77293133735656727 0.18934284895658496 5.0000000000000009 -0.15003602951765058 1.0000000180025095e-35 -0.060671037063002579 -0.0054282464552670709 -0.31411927938461298
decision_type=2 2 2 2 2 2 2 2 2 2 2 2 2 2 2 2 2 2 2 2 2 2 2 2 2 2 2 2 2 2
left_child=1 2 5 4 -4 18 12 11 19 -7 -10 24 13 15 -14 -2 21 -15 -1 -9 -13 29 -16 -5 -8 -23 28 -28 -18 -3
right_child=6 16 3 23 -6 9 7 8 10 -11 -12 20 14 17 22 -17 26 -19 -20 -21 -22 25 -24 -25 -26 -27 27 -29 -30 -31
leaf_value=-3.0360182239812241e-05 -5.4137775914821218e-05 -0.00029699586137120178 -8.3015643320195581e-05 -5.288921404979479e-05 -8.3015643320195581e-05 -8.3015643320195581e-05 -3.7101310222014848e-05 5.9059582897210905e-05 0.00064232889148929629 -8.3015643320195581e-05 0.0050932638322162341 -0.00022270395790583146 0.0067799108243027269 0.0063913150158305416 -0.0014536590065619131 0.00029520658525137216 -0.00019894047278607796 0.0010970466939749061 -0.0001166162817475755 0.00033800092468221879 0.00017469942815284811 -0.00012476549198326087 0.0015736335805102281 0.0029458741372918778 0.00078832588779146825 -8.4625996093062427e-05 0.00041939377186826906 -0.00013270979473399189 0.00031155187011777945 -2.4870550829725338e-06
leaf_weight=10374 6035 83 18400 2223 8198 6354 22022 26737 2589 779 223 15908 190 166 63 8860 961 1367 845 6298 1494 144 347 608 593 1194 765 5348 3553 1120
leaf_count=10374 6035 83 18400 2223 8198 6354 22022 26737 2589 779 223 15908 190 166 63 8860 961 1367 845 6298 1494 144 347 608 593 1194 765 5348 3553 1120
internal_value=-0.00223981 -0.00627779 -0.00777139 -0.0112092 -0.0125254 -0.00225861 0.000409615 2.30676e-05 0.00135925 -0.00474905 0.00526316 -0.00117388 0.00213178 0.00184137 0.0100833 0.00134441 -0.000858141 0.00666993 -0.000675194 0.00102694 -0.00231008 -0.00398465 0.00512195 0.00115684 -0.00029958 -0.00672646 -0.000110567 -0.0010265 0.00112982 -0.000935162
internal_weight=153841 60949 47781 29429 26598 18352 92892 75864 35847 7133 2812 40017 17028 16428 600 14895 13168 1533 11219 33035 17402 2541 410 2831 22615 1338 10627 6113 4514 1203
internal_count=153841 60949 47781 29429 26598 18352 92892 75864 35847 7133 2812 40017 17028 16428 600 14895 13168 1533 11219 33035 17402 2541 410 2831 22615 1338 10627 6113 4514 1203
is_linear=0
shrinkage=0.05


Tree=51
num_leaves=30
num_cat=0
split_feature=4 13 13 32 13 13 0 39 39 22 32 39 1 4 1 22 37 1 13 20 2 4 14 13 2 13 39 39 22
split_gain=651.531 193.919 360.926 192.238 181.92 28.839 23.361 22.1047 22.68 29.0271 17.4538 17.3855 15.9928 14.5234 12.8779 11.7388 9.74957 8.90688 12.4684 8.17861 6.39804 5.98624 4.99556 5.12734 4.73807 4.1865 3.93878 2.49028 0.749452
threshold=1.0000000180025095e-35 12.92698907852173 -3.9830549955368038 14.500000000000002 0.00075226789808231222 -19.322152137756344 0.55615735054016124 1.8624963164329531 -0.052058435976505273 0.48131601512432104 20.500000000000004 2.9499136209487919 0.27335494756698614 3.2250000238418584 -0.21460137516260144 0.10247942805290224 1.0000000180025095e-35 0.20909637212753299 52.485153198242195 -1.0000000180025095e-35 0.33917412161827093 7.6250000000000009 -1.0000000180025095e-35 71.036128997802749 0.51574569940567028 15.890574455261232 1.0955861806869509 -1.0000000180025095e-35 0.44704014062881475
decision_type=2 2 2 2 2 2 2 2 2 2 2 2 2 2 2 2 2 2 2 2 2 2 2 2 2 2 2 2 2
left_child=1 2 5 4 -4 12 7 8 9 -2 14 -7 -1 -10 26 17 -16 19 -19 -3 -5 -12 27 -24 25 -9 -8 -17 -23
right_child=6 15 3 20 -6 11 10 24 13 -11 21 -13 -14 -15 16 22 -18 18 -20 -21 -22 28 23 -25 -26 -27 -28 -29 -30
leaf_value=-2.8842173127821645e-05 -0.00011304327804497498 8.3057419222128028e-06 -7.8864861154185798e-05 7.5022945204387095e-06 -7.8864861154185798e-05 -7.8864861154185798e-05 -0.0012292175254260311 -0.00024649182674392256 0.00031776518089275761 0.00023873957038215087 0.0023779470212370647 -7.8864861154185798e-05 -0.00011078546766019673 7.5736416410885843e-05 0.0018355051654812896 -0.00015158526986160223 0.00020848542767150369 -9.4336831533993313e-05 -9.6157765010015277e-05 -8.9954579804028736e-05 0.0029406368369801193 0.0081405253078862712 -0.00011693461185850875 9.6508641824809938e-05 0.0012789588429839521 -8.3463001857862683e-05 0.00061341457993068112 0.00062745143733254909 0.0020268808847777337
leaf_weight=10677 23909 1174 18400 2418 8198 6354 146 3314 7940 9571 59 779 542 43036 940 128 1895 205 185 977 413 128 6108 3912 46 1824 34 479 50
leaf_count=10677 23909 1174 18400 2418 8198 6354 146 3314 7940 9571 59 779 542 43036 940 128 1895 205 185 977 413 128 6108 3912 46 1824 34 479 50
internal_value=-0.00224761 -0.00626466 -0.00774523 -0.0111769 -0.0124953 -0.00224226 0.000388085 0.000237059 0.000431586 -0.00057945 0.00455105 -0.00472802 -0.000661824 0.00109561 0.00352405 -0.000892315 0.00434744 -0.0039453 -0.0108974 -0.0026848 0.00120982 0.017616 -0.000162322 -0.000429142 -0.0029321 -0.00307513 -0.00944444 0.00424217 0.022191
internal_weight=153841 60949 47781 29429 26598 18352 92892 89640 84456 33480 3252 7133 11219 50976 3015 13168 2835 2541 390 2151 2831 237 10627 10020 5184 5138 180 607 178
internal_count=153841 60949 47781 29429 26598 18352 92892 89640 84456 33480 3252 7133 11219 50976 3015 13168 2835 2541 390 2151 2831 237 10627 10020 5184 5138 180 607 178
is_linear=0
shrinkage=0.05


Tree=52
num_leaves=31
num_cat=0
split_feature=4 13 13 32 13 13 13 13 13 13 32 22 32 38 4 0 38 0 22 2 13 38 20 37 0 13 22 32 0 22
split_gain=643.532 194.083 365.12 185.716 183.104 27.933 23.4936 27.0807 22.2651 18.2567 14.1565 11.7627 10.8382 11.892 11.7185 10.1074 9.03892 8.93968 8.4189 8.32279 11.9994 8.11862 7.95674 7.52919 5.5122 4.8389 6.17795 5.09388 3.3069 2.05128
threshold=1.0000000180025095e-35 12.92698907852173 -3.9830549955368038 14.500000000000002 0.00075226789808231222 -19.322152137756344 1814.6960449218752 -270.54681396484369 36.243595123291023 -13.842182159423826 14.500000000000002 0.10247942805290224 8.5000000000000018 0.23002020269632342 61.875000000000007 0.44302579760551458 0.8683454990386964 -0.20431675016880033 0.069670796394348158 0.27275429666042333 52.485153198242195 -0.12615383416414258 -1.0000000180025095e-35 1.0000000180025095e-35 -0.12748190760612485 387.67622375488287 0.12780115753412249 14.500000000000002 0.39820475876331335 0.56183752417564403
decision_type=2 2 2 2 2 2 2 2 2 2 2 2 2 2 2 2 2 2 2 2 2 2 2 2 2 2 2 2 2 2
left_child=1 2 5 4 -4 18 7 16 9 -9 -7 19 14 23 17 -10 21 -8 -1 22 -21 -2 -3 -14 -5 27 -27 -13 -16 -18
right_child=6 11 3 24 -6 10 12 8 15 -11 -12 25 13 -15 28 -17 29 -19 -20 20 -22 -23 -24 -25 -26 26 -28 -29 -30 -31
leaf_value=-0.00018886846269475791 -0.00011344584403281903 6.649605593847443e-06 -7.4921618096476504e-05 -0.00060768356062221123 -7.4921618096476504e-05 -7.4921618096476504e-05 0.00099112446330834668 -3.1261030887676583e-05 2.6394769896546413e-05 -0.0002341166239631441 0.00045444883438974847 -6.8761608969785962e-05 0.00072083070694144993 -0.0014967950941902218 0.0015202032859679923 0.00062333292899818956 0.00051306580270706059 0.00013068809001904637 -3.5105655838327951e-05 -8.9619989957293641e-05 -9.1349876759514513e-05 0.00020682414866314515 -8.5456850813827285e-05 0.0044266017540115915 0.00041123029542075189 -0.00054435408147056905 0.00084697510097141789 0.00070552797435520455 0.0030684362109232896 0.0059921813039850169
leaf_weight=737 2528 1163 18400 441 8198 6647 1173 19633 27106 12686 486 9504 311 49 183 1879 30 7141 10482 213 188 19534 977 495 2390 31 466 626 96 48
leaf_count=737 2528 1163 18400 441 8198 6647 1173 19633 27106 12686 486 9504 311 49 183 1879 30 7141 10482 213 188 19534 977 495 2390 31 466 626 96 48
internal_value=-0.00225184 -0.00624415 -0.00772535 -0.0111769 -0.0124727 -0.0021905 0.000367631 0.000100067 -0.000441244 -0.00134364 -0.0046369 -0.000869532 0.00273074 0.00809942 0.00219656 0.000564947 0.00159892 0.00185831 -0.000635083 -0.00392562 -0.0105362 0.00153885 -0.00268692 0.00955335 0.000997881 -0.000138797 0.00467807 -0.000375123 0.012276 0.0185897
internal_weight=153841 60949 47781 29429 26598 18352 92892 83444 61304 32319 7133 13168 9448 855 8593 28985 22140 8314 11219 2541 401 22062 2140 806 2831 10627 497 10130 279 78
internal_count=153841 60949 47781 29429 26598 18352 92892 83444 61304 32319 7133 13168 9448 855 8593 28985 22140 8314 11219 2541 401 22062 2140 806 2831 10627 497 10130 279 78
is_linear=0
shrinkage=0.05


Tree=53
num_leaves=31
num_cat=0
split_feature=4 13 13 32 13 13 7 2 32 4 1 7 3 13 2 32 1 22 18 34 0 0 1 13 20 0 13 37 38 34
split_gain=638.881 192.773 365.61 183.17 189.1 31.2001 21.3032 19.2385 16.4452 15.5613 15.1353 14.7393 13.1055 12.242 15.223 13.8633 12.0805 11.617 11.2641 10.5081 9.87774 9.05318 8.95737 12.4684 8.04398 6.44218 6.23928 4.63071 9.52132 9.23985
threshold=1.0000000180025095e-35 12.92698907852173 -3.4262548685073848 14.500000000000002 0.00075226789808231222 -19.322152137756344 0.04257465340197087 0.70106673240661632 2.5000000000000004 10.325000286102297 0.27335494756698614 0.012343410868197681 -0.11377381160855292 3851.228881835938 -0.23012874275445935 2.5000000000000004 0.1971368491649628 0.10247942805290224 1439.721374511719 1.5000000000000002 -0.065302174538373933 0.251431554555893 0.20909637212753299 52.485153198242195 -1.0000000180025095e-35 0.3409316092729569 1.0000000180025095e-35 1.0000000180025095e-35 -0.022543641738593575 2.5000000000000004
decision_type=2 2 2 2 2 2 2 2 2 2 2 2 2 2 2 2 2 2 2 2 2 2 2 2 2 2 2 2 2 2
left_child=1 2 5 4 -4 10 7 9 19 11 -1 -2 -7 14 15 -8 21 22 -16 -9 -11 -15 24 -24 -3 -18 -5 29 -29 -19
right_child=6 17 3 26 -6 12 13 8 -10 20 -12 -13 -14 16 18 -17 25 27 -20 -21 -22 -23 23 -25 -26 -27 -28 28 -30 -31
leaf_value=-2.56447816795141e-05 -6.3832694052878139e-05 7.5579745464097887e-06 -7.1175537191652674e-05 0.001053692540202054 -7.1175537191652674e-05 -7.1175537191652674e-05 0.00059735856088853991 0.00072198711561224894 0.0026574408363700822 -0.0002559003540849064 -0.00010308049350103433 9.8801606698823916e-05 -7.1175537191652674e-05 0.00085630798742932434 -3.5086483152644428e-05 0.004624910793054964 -8.263612368470675e-05 0.00032948772415039416 0.00026801467473671139 -0.0002232724401617512 -5.695359053198082e-05 -0.00031680627952014595 -8.5138990459428961e-05 -8.6782382921538794e-05 -8.1184008273135948e-05 0.0038878579922912455 -0.00024441695640478985 0.00034142018289435048 -0.00011829369719297333 -0.0001614089068112427
leaf_weight=10677 14013 1174 18002 1554 8198 2570 2824 779 191 5400 542 23813 4990 2775 15017 361 69 2523 9629 627 16315 783 205 185 977 296 1248 1111 5002 1991
leaf_count=10677 14013 1174 18002 1554 8198 2570 2824 779 191 5400 542 23813 4990 2775 15017 361 69 2523 9629 627 16315 783 205 185 977 296 1248 1111 5002 1991
internal_value=-0.00226711 -0.00624498 -0.00772117 -0.0112406 -0.0125401 -0.0022858 0.000342871 -0.00020282 0.0052129 -0.000348079 -0.0006128 0.000264368 -0.00476852 0.00139353 0.00102494 0.00427786 0.00400841 -0.000888518 0.000604561 0.00334282 -0.00141492 0.00311973 -0.00392562 -0.0108974 -0.00266155 0.0126712 0.000910064 -0.000162322 -0.00105922 0.00105228
internal_weight=153841 60949 47781 29002 26200 18779 92892 61138 1597 59541 11219 37826 7560 31754 27831 3185 3923 13168 24646 1406 21715 3558 2541 390 2151 365 2802 10627 6113 4514
internal_count=153841 60949 47781 29002 26200 18779 92892 61138 1597 59541 11219 37826 7560 31754 27831 3185 3923 13168 24646 1406 21715 3558 2541 390 2151 365 2802 10627 6113 4514
is_linear=0
shrinkage=0.05


Tree=54
num_leaves=31
num_cat=0
split_feature=5 13 13 32 13 13 32 2 34 39 25 22 1 2 3 39 3 1 22 2 1 13 2 13 32 13 2 32 13 2
split_gain=631.025 191.322 364.803 183.467 189.442 31.103 20.7492 18.7104 18.3384 20.2025 29.9977 22.2795 18.0228 24.6839 16.9728 16.2709 16.1163 14.8437 11.2892 10.431 9.05878 12.4684 8.46941 7.96618 7.1529 5.84519 5.59241 4.2893 5.29322 4.33909
threshold=1.0000000180025095e-35 12.92698907852173 -3.4262548685073848 14.500000000000002 0.00075226789808231222 -19.322152137756344 14.500000000000002 0.5375255048274995 5.0000000000000009 -0.82865750789642323 0.36725123226642614 0.20285527408123019 -0.68628385663032521 0.14348214864730838 -0.30756512284278864 2.9499136209487919 0.029314120300114158 0.27335494756698614 0.10247942805290224 0.28202185034751898 0.20909637212753299 52.485153198242195 0.40479560196399694 130.75054931640628 2.5000000000000004 1.0000000180025095e-35 0.16204221546649936 14.500000000000002 188.65530395507815 0.26765100657939916
decision_type=2 2 2 2 2 2 2 2 2 2 2 2 2 2 2 2 2 2 2 2 2 2 2 2 2 2 2 2 2 2
left_child=1 2 5 4 -4 17 8 12 9 10 -2 -11 13 -8 -9 -7 -14 -1 20 24 26 -22 -21 -16 -10 -5 -3 28 -20 -29
right_child=6 18 3 25 -6 15 7 14 19 11 -12 -13 16 -15 23 -17 -18 -19 27 22 21 -23 -24 -25 -26 -27 -28 29 -30 -31
leaf_value=-2.4362542595538373e-05 -0.00016441718932858862 -7.5736220313007808e-05 -6.7616760332070048e-05 0.0010010079131919515 -6.7616760332070048e-05 -6.7616760332070048e-05 0.0044489444442246109 -0.0024509935733242789 0.0006596459458745454 -5.6772709207636877e-05 0.00045270470861900398 0.00012518486256540978 -0.00011201134676943753 -0.0013736689241637559 0.0016827658541587994 -6.7616760332070048e-05 0.0010273677055248542 -9.7926468825982604e-05 -9.0410251920705281e-05 -0.00064541867962209182 -8.0882040936457514e-05 -8.2443263775461851e-05 0.00078447101759957861 0.0076148237741284477 0.0060861429285963622 -0.00023219610858455018 0.00045310460721488283 0.00096316063579094877 0.00028305469344353499 -0.00072910505332336511
leaf_weight=10677 19663 1909 18002 1554 8198 6720 907 62 2290 20532 2582 39451 4217 78 253 840 2310 542 8539 164 205 185 97 227 59 1248 242 524 1449 115
leaf_count=10677 19663 1909 18002 1554 8198 6720 907 62 2290 20532 2582 39451 4217 78 253 840 2310 542 8539 164 205 185 97 227 59 1248 242 524 1449 115
internal_value=-0.00227524 -0.00622857 -0.00769919 -0.0112147 -0.0125153 -0.00226982 0.00031865 0.00274398 8.84038e-05 -4.25646e-05 -0.00132951 0.000434707 0.00209665 0.00840102 0.0117159 -0.00474868 0.00114524 -0.00059943 -0.000892315 0.00421456 -0.00388627 -0.0108974 -0.0052682 0.0148958 0.0052682 0.000945753 -0.00261506 -0.000176437 -0.000430517 0.00379499
internal_weight=153841 60949 47781 29002 26200 18779 92892 8054 84838 82228 22245 59983 7512 985 542 7560 6527 11219 13168 2610 2541 390 261 480 2349 2802 2151 10627 9988 639
internal_count=153841 60949 47781 29002 26200 18779 92892 8054 84838 82228 22245 59983 7512 985 542 7560 6527 11219 13168 2610 2541 390 261 480 2349 2802 2151 10627 9988 639
is_linear=0
shrinkage=0.05


Tree=55
num_leaves=31
num_cat=0
split_feature=4 24 39 22 22 14 24 1 38 9 18 0 14 38 1 25 39 34 39 1 38 34 4 39 7 38 34 1 25 39
split_gain=627.162 150.453 56.0042 47.1819 35.6228 34.2295 31.94 23.5361 23.1173 19.8685 17.4724 15.4196 15.0123 14.7452 14.1689 12.3736 17.0395 10.8995 10.2543 10.0122 9.53378 8.35836 8.18051 8.10219 7.88773 6.55812 5.03932 4.43511 4.1422 3.38312
threshold=1.0000000180025095e-35 2.5000000000000004 2.895046710968018 0.066147454082965865 0.069670796394348158 -1.0000000180025095e-35 1.0000000180025095e-35 0.37024044990539556 0.2464515566825867 0.05673975124955178 393.90202331542974 0.55615735054016124 1.0000000180025095e-35 -0.060671037063002579 -0.22092624008655545 0.36725123226642614 -0.097500421106815324 1.5000000000000002 -2.5507825613021846 -0.68628385663032521 0.014184430707246067 2.5000000000000004 17.375000000000004 -0.76552671194076527 0.10909914970397951 0.41058568656444555 2.5000000000000004 -0.0028832409298047419 0.17279044538736346 -1.949779152870178
decision_type=2 2 2 2 2 2 2 2 2 2 2 2 2 2 2 2 2 2 2 2 2 2 2 2 2 2 2 2 2 2
left_child=1 3 4 12 18 -6 27 -8 13 10 19 15 21 -4 -13 16 -11 -17 -3 24 23 -1 -21 -12 -2 -16 -22 -5 -10 -14
right_child=9 2 8 6 5 -7 7 -9 28 11 20 14 29 -15 25 17 -18 -19 -20 22 26 -23 -24 -25 -26 -27 -28 -29 -30 -31
leaf_value=-6.4235922315466552e-05 6.6104543485295819e-05 0.00017610691870615839 -6.4235922315466552e-05 -6.4235922315466552e-05 0.0002687079253581964 -6.4235922315466552e-05 -6.4235922315466552e-05 -6.4235922315466552e-05 0.0018674658625323676 -8.8270744952393711e-05 -5.6539039445982486e-05 -0.00120536120467716 0.0005304000360306111 -6.4235922315466552e-05 0.00076445738958004809 2.2288323968254476e-05 0.00016264566268356061 0.00049511603218251911 -6.4235922315466552e-05 -7.9013645243130475e-05 -0.00017161746066565546 -6.4235922315466552e-05 -0.00025669328115940831 0.00021209775135529977 0.0016043935168919569 0.0047739813338185041 8.439888370280306e-05 -6.4235922315466552e-05 -6.4235922315466552e-05 -6.4235922315466552e-05
leaf_weight=3012 2718 74 1308 655 2618 28048 17421 878 193 14151 2317 99 31 2232 1695 3331 20292 5907 1529 18840 2910 2229 7135 11272 394 57 1774 407 73 241
leaf_count=3012 2718 74 1308 655 2618 28048 17421 878 193 14151 2317 99 31 2232 1695 3331 20292 5907 1529 18840 2910 2229 7135 11272 394 57 1774 407 73 241
internal_value=-0.00227751 -0.00621872 -0.00415593 -0.00921042 -0.00347935 -0.00309952 -0.0080484 -0.00755916 -0.00989228 0.000308423 -0.000408573 0.0010542 -0.0132913 -0.0109605 0.00552404 0.000864792 0.00042897 0.00248972 -0.0107455 -0.00116977 0.000803097 -0.0138857 -0.00149086 0.00147362 0.00151028 0.00656393 -0.00114219 -0.0164783 0.00432331 -0.00183824
internal_weight=153841 60949 36075 24874 32269 30666 19361 18299 3806 92892 47360 45532 5513 3540 1851 43681 34443 9238 1603 29087 18273 5241 25975 13589 3112 1752 4684 1062 266 272
internal_count=153841 60949 36075 24874 32269 30666 19361 18299 3806 92892 47360 45532 5513 3540 1851 43681 34443 9238 1603 29087 18273 5241 25975 13589 3112 1752 4684 1062 266 272
is_linear=0
shrinkage=0.05


Tree=56
num_leaves=31
num_cat=0
split_feature=4 3 32 24 22 25 3 32 7 25 38 3 3 7 20 22 38 37 38 0 25 0 38 39 0 25 3 21 18 0
split_gain=622.236 170.901 139.64 132.099 42.0561 35.8482 22.7732 20.0744 17.4564 17.435 17.2743 17.1516 16.9183 19.3335 16.2369 15.9117 27.7449 22.7543 13.9654 13.2762 11.8514 10.5519 9.32058 14.0105 10.5511 8.5404 7.95021 7.65479 5.69961 5.503
threshold=1.0000000180025095e-35 -0.10210046172142027 14.500000000000002 2.5000000000000004 0.069670796394348158 0.0050568901933729657 -0.32882358133792872 14.500000000000002 0.090018317103385939 0.045775545760989196 0.00083585685933940123 0.13886877894401553 0.036866260692477233 0.022583321668207649 1.0000000180025095e-35 0.65592148900032055 0.1074047163128853 1.0000000180025095e-35 -0.2351633086800575 0.71154659986495983 0.37481059134006506 -0.0091199791058897955 -0.023340757936239239 2.1863112449646001 -0.17101556062698361 0.070480674505233779 -0.32147389650344843 0.97499999403953563 81765.000000000015 0.60882842540740978
decision_type=2 2 2 2 2 2 2 2 2 2 2 2 2 2 2 2 2 2 2 2 2 2 2 2 2 2 2 2 2 2
left_child=1 6 3 5 -5 -3 10 8 9 27 20 -11 15 25 18 17 -17 -9 -8 28 -1 -12 23 -4 -24 -14 -16 -2 -10 -15
right_child=7 2 22 4 -6 -7 14 12 19 11 21 -13 13 29 26 16 -18 -19 -20 -21 -22 -23 24 -25 -26 -27 -28 -29 -30 -31
leaf_value=0.00030803329420680788 -7.0308096506674876e-05 -6.1024126199693217e-05 0.00068746759496550697 -6.1024126199693217e-05 -6.1024126199693217e-05 -6.1024126199693217e-05 0.0014379650682953644 -0.0004420499624487609 0.00029922865141012204 6.0808502621566808e-05 -9.559772648694852e-05 -0.0001308648732520252 0.0019459553936926654 0.0020622860060336722 -0.00013886202399661582 0.003247009311999702 -0.0012792534165964897 0.00056174485182241142 -6.1024126199693217e-05 0.0038877367368677302 -0.00036081540364871846 0.00015288884102458274 -0.00071622293251459796 -0.00093678173601312103 0.00082825074452578726 -0.00019232588576929019 -6.1024126199693217e-05 -0.00026264754382727902 0.0012187389824853496 0.0055582286511870957
leaf_weight=5138 14274 1955 448 1908 19379 14798 267 2301 6237 48291 1071 10203 428 1226 77 927 109 2099 9159 121 1537 388 161 435 2360 804 1868 4616 1096 160
leaf_count=5138 14274 1955 448 1908 19379 14798 267 2301 6237 48291 1071 10203 428 1226 77 927 109 2099 9159 121 1537 388 161 435 2360 804 1868 4616 1096 160
internal_value=-0.00228564 -0.00621134 -0.0080277 -0.0088959 -0.006282 -0.0122172 -0.00235196 0.000290122 6.36507e-05 -0.000158948 -0.00033194 0.000267549 0.00267569 0.00597785 -0.00379694 0.00108536 0.00666023 -0.000227273 -0.00293868 0.00237456 0.000745318 -0.00526045 0.0016745 -0.00274632 0.00322293 0.00142045 -0.0079563 -0.00147962 0.0021035 0.0100289
internal_weight=153841 60949 41444 38040 21287 16753 19505 92892 84838 77384 8134 58494 8054 2618 11371 5436 1036 4400 9426 7454 6675 1459 3404 883 2521 1232 1945 18890 7333 1386
internal_count=153841 60949 41444 38040 21287 16753 19505 92892 84838 77384 8134 58494 8054 2618 11371 5436 1036 4400 9426 7454 6675 1459 3404 883 2521 1232 1945 18890 7333 1386
is_linear=0
shrinkage=0.05


Tree=57
num_leaves=31
num_cat=0
split_feature=4 13 13 32 13 13 18 18 39 0 32 1 4 22 7 32 38 3 38 25 13 1 14 38 25 38 3 13 3 14
split_gain=619.873 192.657 367.337 176.585 189.899 32.0105 18.1502 37.6051 16.2381 14.8346 14.7548 14.7015 13.1374 11.1025 10.4481 11.5031 12.6543 9.25871 8.54733 7.97432 7.81722 7.05535 6.59163 6.42576 5.50034 5.23582 4.3959 4.33823 5.36365 4.07426
threshold=1.0000000180025095e-35 12.92698907852173 -3.4262548685073848 14.500000000000002 0.00075226789808231222 -19.322152137756344 -4677.9338378906241 539.80685424804699 2.9499136209487919 0.42942768335342413 20.500000000000004 0.27335494756698614 6.4249999523162851 0.10247942805290224 0.17281839996576312 2.5000000000000004 0.088583610951900496 0.03949809446930886 0.18249313533306125 0.72491061687469494 38.24376296997071 -0.26032507419586176 -1.0000000180025095e-35 -0.15003602951765058 0.039012638852000243 0.079529050737619414 -0.31411927938461298 30.924213409423832 -2.9855184555053706 -1.0000000180025095e-35
decision_type=2 2 2 2 2 2 2 2 2 2 2 2 2 2 2 2 2 2 2 2 2 2 2 2 2 2 2 2 2 2
left_child=1 2 5 4 -4 11 14 12 -7 18 -11 -1 24 17 15 25 -17 26 -9 22 -14 -5 -16 -19 -8 -2 -3 28 -15 -29
right_child=6 13 3 21 -6 8 7 9 -10 10 -12 -13 20 27 19 16 -18 23 -20 -21 -22 -23 -24 -25 -26 -27 -28 29 -30 -31
leaf_value=-2.2740549586284555e-05 6.4185742571962195e-05 -0.00026654648820005015 -5.7972919889708555e-05 -0.00066570387101680959 -5.7972919889708555e-05 -5.7972919889708555e-05 -0.00012203374287250939 0.00010155021848921256 -5.7972919889708555e-05 0.00052174580873340891 0.0041441135651440328 -8.6767142958925491e-05 -0.00020745470895855347 0.001818990168076331 -0.0013415484487347253 0.0013124457264046708 -0.00084955905424689512 -9.4646356843429061e-05 -0.00021222659924696586 -0.0012033102457720893 -4.1920053249841323e-05 0.00043303602842964165 0.0034801901936898794 -5.7073956060371998e-05 4.1432556325672262e-05 0.00028621913201536049 7.6352570051176429e-06 0.00061837090627676623 -9.9582029788974411e-05 2.7339127966727157e-05
leaf_weight=10677 12837 83 18002 493 8198 6720 3690 30516 840 2589 223 542 16025 57 42 1873 302 144 2519 67 7494 2309 568 1194 11752 2395 1120 331 3368 6871
leaf_count=10677 12837 83 18002 493 8198 6720 3690 30516 840 2589 223 542 16025 57 42 1873 302 144 2519 67 7494 2309 568 1194 11752 2395 1120 331 3368 6871
internal_value=-0.00229474 -0.00621298 -0.00768873 -0.0112165 -0.0124924 -0.00224053 0.000276127 -6.75061e-05 -0.00475529 0.00110121 0.00458748 -0.000545949 -0.00114281 -0.000858141 0.00169763 0.00146062 0.00486207 -0.00382723 0.00080445 0.00779173 -0.00188677 0.000713776 0.00959016 -0.00668909 -9.71377e-06 0.000974921 -0.000644223 -0.000148207 -0.00161314 0.000548459
internal_weight=153841 60949 47781 29002 26200 18779 92892 74808 7560 35847 2812 11219 38961 13168 18084 17407 2175 2541 33035 677 23519 2802 610 1338 15442 15232 1203 10627 3425 7202
internal_count=153841 60949 47781 29002 26200 18779 92892 74808 7560 35847 2812 11219 38961 13168 18084 17407 2175 2541 33035 677 23519 2802 610 1338 15442 15232 1203 10627 3425 7202
is_linear=0
shrinkage=0.05


Tree=58
num_leaves=31
num_cat=0
split_feature=5 13 13 32 13 13 9 21 18 1 3 32 3 22 13 13 7 1 13 13 38 20 38 0 0 3 25 1 2 2
split_gain=613.153 191.36 369.621 176.228 190.196 31.1806 17.328 15.5889 14.8756 14.7668 13.0319 12.0831 13.8195 10.3789 10.2547 17.1559 9.78102 9.47014 12.4684 8.69932 8.12793 7.45154 6.91008 6.73356 6.28589 6.25335 6.03342 4.82946 4.19091 5.2525
threshold=1.0000000180025095e-35 12.92698907852173 -3.4262548685073848 14.500000000000002 0.00075226789808231222 -19.322152137756344 0.05673975124955178 0.97499999403953563 393.90202331542974 0.27335494756698614 -0.11377381160855292 19.500000000000004 0.029314120300114158 0.10247942805290224 38.24376296997071 -13.842182159423826 0.14139872044324878 0.20909637212753299 52.485153198242195 -286.30595397949213 0.014184430707246067 -1.0000000180025095e-35 -0.002213730243965983 -0.10150742530822753 -0.098668817430734621 0.31092830002307897 0.15044230222702029 -0.18451109528541562 0.77363860607147228 0.58073779940605175
decision_type=2 2 2 2 2 2 2 2 2 2 2 2 2 2 2 2 2 2 2 2 2 2 2 2 2 2 2 2 2 2
left_child=1 2 5 4 -4 9 8 11 14 -1 -7 16 -13 17 15 -2 -8 21 -19 24 22 -3 -10 -16 -9 -5 -21 -22 29 -15
right_child=6 13 3 25 -6 10 7 19 20 -11 -12 12 -14 28 23 -17 -18 18 -20 26 27 -23 -24 -25 -26 -27 -28 -29 -30 -31
leaf_value=-2.1603522106970318e-05 -5.2909956414950483e-05 7.2534941548617686e-06 -5.5074273895223127e-05 -1.7639493956715657e-05 -5.5074273895223127e-05 -5.5074273895223127e-05 0.00011556949045011534 -0.00015939609551498396 -1.2245839056027747e-05 -8.2428785810979225e-05 -5.5074273895223127e-05 0.00046617949059445248 0.0033126309559838884 -3.0310972951748222e-06 0.00031393123756810195 -0.00024742964121051081 0.0013444338141114004 -6.7721238660858042e-05 -6.9204400357912157e-05 -0.00020811915239300622 -0.00024967939684611835 -6.4221296615052216e-05 0.00026419167330606709 -3.3364006265203249e-05 0.00028221892574276829 0.0041820930297481974 -9.3657889467985849e-06 1.1004155588329943e-05 0.001061835136723311 -0.00017616422391004581
leaf_weight=10677 12422 1174 18002 2441 8198 2570 26869 1270 4781 542 4990 1314 739 10058 2161 7937 1145 205 185 4544 1673 977 8808 6567 3507 361 6144 3011 139 430
leaf_count=10677 12422 1174 18002 2441 8198 2570 26869 1270 4781 542 4990 1314 739 10058 2161 7937 1145 205 185 4544 1673 977 8808 6567 3507 361 6144 3011 139 430
internal_value=-0.00229799 -0.00619493 -0.0076657 -0.0112044 -0.012479 -0.0022006 0.000258903 0.000955372 -0.000410684 -0.000528122 -0.00468254 0.00161888 0.00532148 -0.000858141 -0.00111304 -0.00172774 0.00134754 -0.00372885 -0.0108974 -0.000334627 0.000707328 -0.0024291 0.00132644 0.000320807 0.00143919 0.000713776 -0.00112743 -0.00108881 -0.000171732 -0.000286041
internal_weight=153841 60949 47781 29002 26200 18779 92892 45532 47360 11219 7560 30067 2053 13168 29087 20359 28014 2541 390 15465 18273 2151 13589 8728 4777 2802 10688 4684 10627 10488
internal_count=153841 60949 47781 29002 26200 18779 92892 45532 47360 11219 7560 30067 2053 13168 29087 20359 28014 2541 390 15465 18273 2151 13589 8728 4777 2802 10688 4684 10627 10488
is_linear=0
shrinkage=0.05


Tree=59
num_leaves=31
num_cat=0
split_feature=4 13 13 32 13 13 32 39 34 39 22 3 21 13 39 22 1 3 18 38 22 7 34 37 1 13 20 13 13 3
split_gain=605.747 189.563 368.322 177.85 189.942 31.1503 16.4788 16.4024 16.3098 16.063 18.5727 17.4932 15.6745 18.2907 15.3713 27.1469 14.4951 11.2988 10.6816 12.1667 10.3515 9.86597 9.61235 9.57599 9.47014 12.4684 7.45154 6.11225 4.13614 5.08963
threshold=1.0000000180025095e-35 12.92698907852173 -3.4262548685073848 14.500000000000002 0.00075226789808231222 -19.322152137756344 14.500000000000002 2.9499136209487919 5.0000000000000009 -0.82865750789642323 0.48131601512432104 -0.19978683441877362 0.72499999403953563 169.54162597656253 -2.5812519788742061 0.78105181455612194 0.27335494756698614 -0.060610502958297723 -3959.3371582031245 -0.28505955636501307 0.10247942805290224 0.2624726295471192 2.5000000000000004 1.0000000180025095e-35 0.20909637212753299 52.485153198242195 -1.0000000180025095e-35 1.0000000180025095e-35 36.243595123291023 -1.1688111424446104
decision_type=2 2 2 2 2 2 2 2 2 2 2 2 2 2 2 2 2 2 2 2 2 2 2 2 2 2 2 2 2 2
left_child=1 2 5 4 -4 16 8 -7 9 10 -2 -11 13 23 22 -16 -1 -15 19 -10 24 -20 -14 -8 26 -26 -3 -5 29 -22
right_child=6 20 3 27 -6 7 12 -9 18 11 -12 -13 14 17 15 -17 -18 -19 21 -21 28 -23 -24 -25 25 -27 -28 -29 -30 -31
leaf_value=-2.0523346001621783e-05 -0.00016367724054195052 6.8908194471186889e-06 -5.2320560200461967e-05 0.00080022996444023076 -5.2320560200461967e-05 -5.2320560200461967e-05 -0.00016826976497750267 -5.2320560200461967e-05 0.010152249062355741 0.00015587608425440271 9.0601519690440213e-05 -2.51354242677547e-05 -0.00121103959907665 0.00065861289827104201 2.5350538140721075e-05 0.0034550931328960451 -7.830734652043025e-05 0.0035126474054275603 0.0003548296631406963 0.0011309005685747424 0.0011048925139253093 -0.003183957519279133 3.5352852865477327e-05 0.0009659740796150424 -6.4335176727815148e-05 -6.5744180340016547e-05 -6.1010231784299626e-05 -0.00026470896701322118 6.3953968193134622e-05 -8.8295614266193108e-05
leaf_weight=10677 14911 1174 18002 1554 8198 6720 1068 840 133 20626 7334 39357 346 379 3462 390 542 804 1948 468 225 61 268 1337 205 185 977 1248 6530 3872
leaf_count=10677 14911 1174 18002 1554 8198 6720 1068 840 133 20626 7334 39357 346 379 3462 390 542 804 1948 468 225 61 268 1337 205 185 977 1248 6530 3872
internal_value=-0.00230026 -0.0061736 -0.00763745 -0.0111699 -0.0124504 -0.00218196 0.00024114 -0.0046627 3.59509e-05 -8.75614e-05 -0.00123511 0.000338012 0.00240253 0.00486343 0.000425437 0.00159657 -0.000510295 0.00995351 0.0039272 0.00977537 -0.000861938 0.0021777 -0.00692182 0.00235967 -0.00372885 -0.0108974 -0.0024291 0.000802998 -0.000176437 -0.00142177
internal_weight=153841 60949 47781 29002 26200 18779 92892 7560 84838 82228 22245 59983 8054 3588 4466 3852 11219 1183 2610 601 13168 2009 614 2405 2541 390 2151 2802 10627 4097
internal_count=153841 60949 47781 29002 26200 18779 92892 7560 84838 82228 22245 59983 8054 3588 4466 3852 11219 1183 2610 601 13168 2009 614 2405 2541 390 2151 2802 10627 4097
is_linear=0
shrinkage=0.05


Tree=60
num_leaves=31
num_cat=0
split_feature=4 13 13 32 13 13 13 13 4 2 3 13 3 7 32 0 38 3 3 2 2 34 13 3 2 3 38 0 38 2
split_gain=601.326 188.575 368.193 171.344 191.043 30.9522 15.9913 18.7079 13.8567 13.2197 13.0846 10.308 9.77266 14.1732 17.8436 11.3791 9.44735 9.00382 7.8515 8.31917 7.70287 7.34666 6.66845 6.51028 6.33575 6.15746 4.66664 4.39106 2.53489 1.66051
threshold=1.0000000180025095e-35 12.92698907852173 -3.4262548685073848 14.500000000000002 0.00075226789808231222 -19.322152137756344 1814.6960449218752 -595.16293334960926 10.424999713897707 0.70106673240661632 -0.11377381160855292 21.836496353149418 0.10509758070111276 0.1242388002574444 19.500000000000004 -0.20431675016880033 0.8683454990386964 0.33071994781494146 -0.090492833405733095 0.090515475720167174 0.80164751410484325 5.0000000000000009 137.46549987792972 0.31092830002307897 0.77363860607147228 -0.57151401042938221 0.10402005538344385 0.48001201450824743 -0.10067516565322875 0.49753846228122717
decision_type=2 2 2 2 2 2 2 2 2 2 2 2 2 2 2 2 2 2 2 2 2 2 2 2 2 2 2 2 2 2
left_child=1 2 5 4 -4 17 7 16 9 -9 -7 -10 15 14 -14 25 21 -1 19 26 -17 -2 24 -5 -20 -8 -3 -24 -21 -15
right_child=6 18 3 23 -6 10 12 8 11 -11 -12 -13 13 29 -16 20 -18 -19 22 28 -22 -23 27 -25 -26 -27 -28 -29 -30 -31
leaf_value=-1.9328940914743006e-05 0.00014687528773547309 1.9111546035239854e-06 -4.9704532190438871e-05 -3.9645317164126523e-05 -4.9704532190438871e-05 -4.9704532190438871e-05 0.00036301856530166317 1.133270668387497e-05 -0.00018225685383351631 0.00074414342528602889 -4.9704532190438871e-05 -1.9644060810979167e-05 0.00024888217632549546 0.0026878823608660687 0.0049523766769560664 1.7544769352071179e-05 0.0041245815315748887 -7.4802397178644919e-05 -6.3270169545312166e-05 0.0011622277526395666 0.0076642765196558663 0.0021546624004920118 3.888475871953873e-05 0.0039329768800387757 0.0010055456814774889 0.001896405977302319 -0.00020512020622873305 0.0033931785650946262 0.00057153343536253383 0.0045323750621130863
leaf_weight=10374 14551 3486 18002 2441 8198 2570 687 37123 15886 1025 4990 14093 1978 123 255 5736 66 845 6549 130 39 700 1348 361 123 544 293 86 1153 86
leaf_count=10374 14551 3486 18002 2441 8198 2570 687 37123 15886 1025 4990 14093 1978 123 255 5736 66 845 6549 130 39 700 1348 361 123 544 293 86 1153 86
internal_value=-0.00231196 -0.00617114 -0.00763117 -0.011163 -0.0124198 -0.00217663 0.000220148 -5.99204e-07 -0.000355586 0.000276554 -0.00464947 -0.00115998 0.00216977 0.00489353 0.00372817 0.00122038 0.00157831 -0.000510295 -0.000873329 0.000671671 0.000290043 0.00149662 -0.00183814 0.000588865 -0.002503 0.00558489 -0.000509394 0.00125523 0.00415043 0.0173445
internal_weight=153841 60949 47781 29002 26200 18779 92892 83444 68127 38148 7560 29979 9448 2442 2233 7006 15317 11219 13168 5062 5775 15251 8106 2802 6672 1231 3779 1434 1283 209
internal_count=153841 60949 47781 29002 26200 18779 92892 83444 68127 38148 7560 29979 9448 2442 2233 7006 15317 11219 13168 5062 5775 15251 8106 2802 6672 1231 3779 1434 1283 209
is_linear=0
shrinkage=0.05


Tree=61
num_leaves=31
num_cat=0
split_feature=4 13 13 32 13 13 39 22 25 39 37 32 39 39 34 1 0 0 38 2 1 2 34 38 20 1 13 1 0 1
split_gain=596.339 187.76 408.96 180.76 130.79 30.7225 16.5675 16.4314 15.6582 18.3342 25.3226 22.3577 20.1664 17.0584 16.6999 14.5113 13.0783 19.4801 14.0544 12.703 11.8541 12.6205 10.2678 10.0362 8.80884 9.91533 8.70708 7.81588 5.51661 4.71901
threshold=1.0000000180025095e-35 7.5542457103729257 -3.4262548685073848 10.500000000000002 0.00075226789808231222 -19.322152137756344 2.9499136209487919 0.088063146919012084 0.36725123226642614 -0.052058435976505273 1.0000000180025095e-35 8.5000000000000018 1.0349489450454714 -2.7810919284820552 1.5000000000000002 0.27335494756698614 -0.23161368072032926 -0.029319409281015393 0.02151050511747599 0.80164751410484325 -0.048678407445549958 0.3874464631080628 2.5000000000000004 0.21128143370151523 -1.0000000180025095e-35 0.20909637212753299 36.243595123291023 -0.26032507419586176 -0.10396570339798926 0.20909637212753299
decision_type=2 2 2 2 2 2 2 2 2 2 2 2 2 2 2 2 2 2 2 2 2 2 2 2 2 2 2 2 2 2
left_child=1 2 5 4 -4 15 -7 24 9 10 13 -12 19 -2 16 -1 18 -18 -10 -11 22 -22 -16 -14 25 -3 29 -5 -26 -9
right_child=8 7 3 27 -6 6 -8 26 14 12 11 -13 23 -15 20 -17 17 -19 -20 -21 21 -23 -24 -25 28 -27 -28 -29 -30 -31
leaf_value=-1.8530731655803587e-05 -0.00045277792738323988 -4.1111449761327851e-05 -4.7219305580916924e-05 -0.00064173339334758336 -4.7219305580916924e-05 -4.7219305580916924e-05 -4.7219305580916924e-05 -4.7219305580916924e-05 2.4625233053486227e-05 0.00011562099846275896 -7.2274729281187475e-05 0.00051909037638455465 -0.00013505377374734492 -0.00018963156677579107 0.00042555913645967841 -7.1062277319712677e-05 -0.00034045292795989543 8.6872293801880995e-05 0.0012947590662443749 0.001960741941027497 0.0013483147475872534 1.836989736176721e-05 5.9739249912783845e-05 0.00027667915778408148 0.0015040459924547866 -4.7219305580916924e-05 4.677761683124092e-05 0.00043705275219150537 -4.7219305580916924e-05 -4.7219305580916924e-05
leaf_weight=10677 997 1146 18000 462 5778 6720 840 6176 891 37014 22758 2631 8901 3784 4060 542 2045 2900 471 254 945 417 3883 941 48 324 6894 2098 854 390
leaf_count=10677 997 1146 18000 462 5778 6720 840 6176 891 37014 22758 2631 8901 3784 4060 542 2045 2900 471 254 945 417 3883 941 48 324 6894 2098 854 390
internal_value=-0.00231652 -0.00615966 -0.0078036 -0.0118232 -0.0131824 -0.00216598 -0.00462963 -0.00147486 0.000205077 -8.66977e-05 -0.00104906 -0.000420458 0.000529612 -0.00438716 0.00164937 -0.000505838 -0.000336927 -0.00153185 0.00400147 0.00106123 0.0029957 0.00730543 0.0022567 -0.00148344 -0.00531197 -0.00292517 -0.000798663 0.000800781 -0.00920177 -0.00210174
internal_weight=153841 60949 45117 26338 23778 18779 7560 15832 92892 77280 30170 25389 47110 4781 15612 11219 6307 4945 1362 37268 9305 1362 7943 9842 2372 1470 13460 2560 902 6566
internal_count=153841 60949 45117 26338 23778 18779 7560 15832 92892 77280 30170 25389 47110 4781 15612 11219 6307 4945 1362 37268 9305 1362 7943 9842 2372 1470 13460 2560 902 6566
is_linear=0
shrinkage=0.05


Tree=62
num_leaves=31
num_cat=0
split_feature=4 13 13 32 13 13 39 13 13 13 13 1 21 3 39 0 0 1 1 2 4 39 2 1 3 14 21 1 0 3
split_gain=590.255 186.864 368.204 173.992 191.386 30.168 16.8 15.1007 14.3387 15.9622 19.339 14.2098 11.9795 8.36408 9.73772 13.8375 8.25103 8.07371 7.66013 7.21267 6.87277 6.84724 9.76449 6.5516 6.25335 5.09481 4.5952 1.83048 0.975034 0.20119
threshold=1.0000000180025095e-35 12.92698907852173 -3.4262548685073848 14.500000000000002 0.00075226789808231222 -19.322152137756344 2.9499136209487919 8421.0712890625018 -595.16293334960926 36.243595123291023 -13.842182159423826 0.27335494756698614 0.97499999403953563 0.28204661607742315 2.8427296876907353 0.02892034221440554 0.71154659986495983 0.032885696738958366 -3.0804568529129024 0.67617648839950573 73.799999237060561 0.72958907485008251 0.77363860607147228 0.25197902321815496 0.31092830002307897 1.0000000180025095e-35 0.57500001788139354 0.082000128924846663 0.33029821515083319 -0.021706339903175827
decision_type=2 2 2 2 2 2 2 2 2 2 2 2 2 2 2 2 2 2 2 2 2 2 2 2 2 2 2 2 2 2
left_child=1 2 5 4 -4 11 -7 8 16 10 -10 -1 -11 14 17 -16 18 -3 -2 20 25 22 -15 -23 -5 -9 -18 -21 -22 -29
right_child=7 13 3 24 -6 6 -8 19 9 12 -12 -13 -14 21 15 -17 26 -19 -20 27 28 23 -24 -25 -26 -27 -28 29 -30 -31
leaf_value=-1.7604195073013443e-05 -0.00077595316002269173 -3.6119816800847435e-05 -4.4858340301871077e-05 -3.7035563500691272e-05 -4.4858340301871077e-05 -4.4858340301871077e-05 -4.4858340301871077e-05 0.0007059067081298672 -1.3040450885344527e-05 0.00011900675402356301 -0.00019335759177612952 -6.7509163453727042e-05 -5.4874796750616421e-05 -8.6525586487702847e-05 0.00014373360991625194 -0.00016799603080815402 0.00016279655421011562 0.0003952905016043361 0.00017470638316706508 0.0021147857650443396 0.0026230835832522304 0.00078053398462555603 0.00092365926934085709 -2.4243558293434105e-05 0.0037144753984272617 -0.00032968705343563965 0.0035781464378824377 0.0038750756984352232 0.0024764305264884999 0.0085717497507958526
leaf_weight=10677 76 9427 18002 2441 8198 6720 840 2249 26456 23511 12686 542 12137 1124 246 410 64 1533 15104 30 40 212 106 110 361 358 73 30 38 40
leaf_count=10677 76 9427 18002 2441 8198 6720 840 2249 26456 23511 12686 542 12137 1124 246 410 64 1533 15104 30 40 212 106 110 361 358 73 30 38 40
internal_value=-0.00231977 -0.00614325 -0.00759664 -0.0111285 -0.012395 -0.00214202 -0.00458333 0.000188929 7.68531e-05 -0.000208584 -0.000905677 -0.000496925 0.000556833 -0.000869532 -0.000408919 -0.00632622 0.00147059 -5.47445e-05 0.00136034 0.00381508 0.00332402 -0.00431701 -0.00601626 0.00217391 0.000713776 0.00288646 0.0136861 0.017 0.0179487 0.0214286
internal_weight=153841 60949 47781 29002 26200 18779 7560 92892 90107 74790 39142 11219 35648 13168 11616 656 15317 10960 15180 2785 2685 1552 1230 322 2802 2607 137 100 78 70
internal_count=153841 60949 47781 29002 26200 18779 7560 92892 90107 74790 39142 11219 35648 13168 11616 656 15317 10960 15180 2785 2685 1552 1230 322 2802 2607 137 100 78 70
is_linear=0
shrinkage=0.05


Tree=63
num_leaves=31
num_cat=0
split_feature=7 3 32 24 14 25 2 3 7 39 25 34 0 39 37 3 0 37 38 39 1 38 39 1 1 34 0 2 32 38
split_gain=588.354 171.374 130.349 131.925 41.7681 36.9324 22.4294 19.4193 14.9433 14.1936 13.9674 16.9363 13.327 13.2306 22.2274 19.2187 12.684 12.1991 22.3573 12.2192 10.3669 9.48992 16.0383 9.60559 9.46941 8.17626 10.2168 9.52523 6.80714 4.94333
threshold=1.0000000180025095e-35 -0.10210046172142027 14.500000000000002 2.5000000000000004 -1.0000000180025095e-35 0.0050568901933729657 0.01608435902744532 -0.42172704637050623 0.080966081470251097 -3.3704130649566646 0.36725123226642614 1.5000000000000002 0.00028498480969574308 -0.052058435976505273 1.0000000180025095e-35 -0.38584235310554499 -0.23161368072032926 1.0000000180025095e-35 -0.022543641738593575 2.2544243335723881 -0.0048372731544077388 -1.0000000180025095e-35 1.3725328445434573 -0.44882750511169428 0.15814532339572909 3.5000000000000004 0.25926521420478826 0.25408300757408148 20.500000000000004 0.2878114134073258
decision_type=2 2 2 2 2 2 2 2 2 2 2 2 2 2 2 2 2 2 2 2 2 2 2 2 2 2 2 2 2 2
left_child=1 6 3 5 -5 -3 7 9 10 -1 13 16 -9 14 -2 -15 -12 19 -19 -8 -13 22 -4 -23 25 26 -10 -27 29 -26
right_child=8 2 21 4 -6 -7 17 12 24 -11 11 20 -14 15 -16 -17 -18 18 -20 -21 -22 23 -24 -25 28 27 -28 -29 -30 -31
leaf_value=-0.00012654230556473397 -0.00027018291881103393 -4.2615423286777527e-05 0.00085686146445343935 3.6329071311767632e-05 -4.2615423286777527e-05 -4.2615423286777527e-05 0.00030178989998020555 -4.2615423286777527e-05 0.0002096729058061504 8.0694294163209332e-05 0.00056566073767362341 0.00026734220075500171 -0.00011756488301153045 0.00033953089761734942 -4.487738142265191e-05 -1.9038853201227072e-05 -0.00011876010270831048 0.00033996980218073473 -4.2615423286777527e-05 -4.2615423286777527e-05 0.0011815023568306285 -0.00086352848140018037 -0.00085670003841817788 0.00076128523535017836 0.0010183033876378527 0.00023101267324906474 -0.00079842702159453084 0.0014013368324355411 0.0057090779200175334 0.0042359350964179124
leaf_weight=606 4509 1955 419 2095 19192 14798 3103 7175 4372 3183 1171 6476 253 6250 23299 35573 4705 1685 3054 446 708 78 614 2293 915 2206 909 1595 117 87
leaf_count=606 4509 1955 419 2095 19192 14798 3103 7175 4372 3183 1171 6476 253 6250 23299 35573 4705 1685 3054 446 708 78 614 2293 915 2206 909 1595 117 87
internal_value=-0.00232757 -0.00614489 -0.00796376 -0.00880258 -0.0061904 -0.0121217 -0.00228018 -0.00373763 0.000177087 -0.000824756 -4.56519e-05 0.00145482 -0.00522348 -0.000327081 -0.00117232 0.000234919 -0.000536079 -0.000307674 -0.00196771 0.00190899 0.00308324 0.00141011 -0.00258955 0.00315268 0.00198265 0.00144792 0.000175156 0.00321626 0.00632261 0.00499002
internal_weight=153841 60949 41444 38040 21287 16753 19505 11217 92892 3789 82691 13060 7428 69631 27808 41823 5876 8288 4739 3549 7184 3404 1033 2371 10201 9082 5281 3801 1119 1002
internal_count=153841 60949 41444 38040 21287 16753 19505 11217 92892 3789 82691 13060 7428 69631 27808 41823 5876 8288 4739 3549 7184 3404 1033 2371 10201 9082 5281 3801 1119 1002
is_linear=0
shrinkage=0.05


Tree=64
num_leaves=31
num_cat=0
split_feature=4 13 13 13 13 13 3 1 18 18 14 4 9 0 22 1 13 3 38 38 3 38 10 20 7 38 24 21 37 38
split_gain=591.336 186.84 367.064 159.873 60.2982 29.8041 24.4112 14.7178 14.2051 26.6513 12.5801 12.2492 10.5369 11.7371 10.3889 9.36644 12.4684 8.14578 7.74266 11.0793 10.0586 8.80359 7.65755 7.23831 6.83835 5.97252 5.88906 4.604 4.23802 9.4322
threshold=1.0000000180025095e-35 12.92698907852173 -3.4262548685073848 0.00075226789808231222 -1.2792892423564917e-13 -19.322152137756344 -0.20921241492033002 0.27335494756698614 1439.721374511719 -4677.9338378906241 -1.0000000180025095e-35 5.9749999046325692 0.17376467585563662 0.26615048944950109 0.10247942805290224 0.20909637212753299 52.485153198242195 0.10509758070111276 0.18249313533306125 0.16759372502565387 0.18934284895658496 0.32185205817222601 0.26255336403846746 -1.0000000180025095e-35 0.04257465340197087 0.18672653287649157 1.5000000000000002 0.62500000000000011 1.0000000180025095e-35 0.09927366673946382
decision_type=2 2 2 2 2 2 2 2 2 2 2 2 2 2 2 2 2 2 2 2 2 2 2 2 2 2 2 2 2 2
left_child=1 2 5 4 -4 7 -5 -1 9 12 -7 26 13 -2 15 23 -17 -14 19 24 25 -22 -13 -3 -10 -20 -11 -21 29 -16
right_child=8 14 3 6 -6 10 -8 -9 18 11 -12 22 17 -15 28 16 -18 -19 20 27 21 -23 -24 -25 -26 -27 -28 -29 -30 -31
leaf_value=-1.6166031940645452e-05 9.1331914942998152e-05 7.475548364660055e-06 -4.0484652122438651e-05 8.5487547078449684e-05 -4.0484652122438651e-05 0.00015474722780376592 -4.0484652122438651e-05 -6.2002934116701803e-05 3.9753180842411979e-05 -0.00018081233872977982 -4.0484652122438651e-05 -0.00014855346273029039 0.00020486454411261287 -0.00054283776719653222 3.7886439131059901e-05 -4.9850365184854841e-05 -4.9037166962558394e-05 0.00059569492744691594 -0.0011035517307705659 0.0016230845957842608 5.8704816699644767e-05 0.0024910954070963432 5.5078382258076833e-06 -5.1298071006107999e-05 0.00035203316993694426 -0.00024278557116484169 3.7461826992629162e-05 0.00084846777434872402 -7.194492810744226e-05 0.00078432119700959336
leaf_weight=10677 6235 1174 5381 1389 14635 767 7597 542 14508 1566 6793 22846 8830 1092 4184 205 185 1927 74 86 161 81 6416 977 11213 1859 15861 137 6113 330
leaf_count=10677 6235 1174 5381 1389 14635 767 7597 542 14508 1566 6793 22846 8830 1092 4184 205 185 1927 74 86 161 81 6416 977 11213 1859 15861 137 6113 330
internal_value=-0.00234252 -0.0061695 -0.0076228 -0.0111492 -0.0136366 -0.00217663 -0.00560872 -0.000541492 0.000168475 -0.000238911 -0.00460317 -0.000870119 0.00139073 -7.16528e-05 -0.000896112 -0.0037682 -0.0108974 0.00238682 0.0011069 0.00134713 -0.00175862 0.00785124 -0.00149511 -0.00247559 0.00125092 -0.00296172 0.000179319 0.0124439 -0.000209372 0.000952592
internal_weight=153841 60949 47781 29002 20016 18779 8986 11219 92892 64773 7560 46689 18084 7327 13168 2541 390 10757 28119 25944 2175 242 29262 2151 25721 1933 17427 223 10627 4514
internal_count=153841 60949 47781 29002 20016 18779 8986 11219 92892 64773 7560 46689 18084 7327 13168 2541 390 10757 28119 25944 2175 242 29262 2151 25721 1933 17427 223 10627 4514
is_linear=0
shrinkage=0.05


Tree=65
num_leaves=31
num_cat=0
split_feature=7 13 13 32 13 13 39 1 39 32 21 25 34 39 13 38 22 1 13 20 3 38 38 3 7 13 3 3 38 34
split_gain=586.462 185.744 367.73 164.105 191.961 29.4821 16.8333 14.7341 14.0971 15.256 18.611 18.9804 15.5831 15.6112 13.1847 10.3684 10.3067 9.36644 12.4684 7.23831 6.70593 6.40241 6.79234 5.51187 5.15676 4.06959 4.4555 4.21589 3.61634 2.77611
threshold=1.0000000180025095e-35 12.92698907852173 -3.4262548685073848 14.500000000000002 0.00075226789808231222 -19.322152137756344 2.9499136209487919 0.27335494756698614 1.8624963164329531 14.500000000000002 0.72499999403953563 0.50130507349967968 5.0000000000000009 -0.82865750789642323 112.09263229370119 -0.32030953466892237 0.10247942805290224 0.20909637212753299 52.485153198242195 -1.0000000180025095e-35 0.31092830002307897 0.21128143370151523 -0.43764922022819513 0.21503996849060061 0.037620119750499732 30.924213409423832 0.28204661607742315 -2.9855184555053706 0.8683454990386964 3.5000000000000004
decision_type=2 2 2 2 2 2 2 2 2 2 2 2 2 2 2 2 2 2 2 2 2 2 2 2 2 2 2 2 2 2
left_child=1 2 5 4 -4 7 -7 -1 9 12 14 -12 13 -2 -11 -14 17 19 -19 -3 -5 22 23 -10 -24 27 -27 -18 29 -23
right_child=8 16 3 20 -6 6 -8 -9 21 10 11 -13 15 -15 -16 -17 25 18 -20 -21 -22 28 24 -25 -26 26 -28 -29 -30 -31
leaf_value=-1.5357730343613148e-05 -9.3551832195793409e-05 7.1017709464270365e-06 -3.8460419516316713e-05 -6.2359505101103335e-05 -3.8460419516316713e-05 -3.8460419516316713e-05 -3.8460419516316713e-05 -5.890278741086672e-05 0.0015736439512519106 0.00048051961688271933 -0.00014311276687284572 0.0028849776730170643 0.0085268499448705737 4.1104913122517674e-05 0.0026340300212783006 0.00041276552574250964 0.0016600351702743565 -4.7357846925612101e-05 -4.6585308614430474e-05 -4.8733167455802597e-05 0.0034927115993445114 0.00013399867620715445 -0.00014160739674978477 -7.9507239553651759e-05 -0.00042711812467141294 9.5432832455805125e-05 -0.00016221455479255054 -7.3692777009427786e-05 -0.00070068152150965044 0.00053034055944774737
leaf_weight=10677 22245 1174 18002 2441 8198 6720 840 542 66 2038 3716 502 197 55508 1301 2129 57 205 185 977 361 406 4006 98 506 6358 844 3368 34 140
leaf_count=10677 22245 1174 18002 2441 8198 6720 840 542 66 2038 3716 502 197 55508 1301 2129 57 205 185 977 361 406 4006 98 506 6358 844 3368 34 140
internal_value=-0.00235422 -0.0061654 -0.00761443 -0.0111441 -0.012374 -0.00216332 -0.00457672 -0.000537035 0.000146407 0.000297252 0.00244475 0.000237079 9.45941e-05 -2.6044e-05 0.0052336 0.00412726 -0.000907503 -0.0037682 -0.0108974 -0.00247559 0.000356888 -0.00236872 -0.00298332 0.0070122 -0.00334663 -0.000223487 0.000451264 -0.00164234 0.00258621 0.00357143
internal_weight=153841 60949 47781 29002 26200 18779 7560 11219 92892 87636 7557 4218 80079 77753 3339 2326 13168 2541 390 2151 2802 5256 4676 164 4512 10627 7202 3425 580 546
internal_count=153841 60949 47781 29002 26200 18779 7560 11219 92892 87636 7557 4218 80079 77753 3339 2326 13168 2541 390 2151 2802 5256 4676 164 4512 10627 7202 3425 580 546
is_linear=0
shrinkage=0.05


Tree=66
num_leaves=31
num_cat=0
split_feature=5 13 13 32 13 13 39 22 1 7 5 7 1 13 20 1 1 34 0 2 9 3 20 1 32 5 3 3 13 0
split_gain=585.125 185.015 410.959 169.415 132.479 29.0014 16.7001 15.8769 14.7341 13.4851 18.1295 14.3617 10.6299 8.91142 8.90457 9.22269 8.88626 7.67203 9.22229 9.01593 7.5975 10.5139 7.26313 6.99508 6.61849 6.33028 6.01544 5.90978 5.72455 5.51661
threshold=1.0000000180025095e-35 7.5542457103729257 -3.4262548685073848 10.500000000000002 0.00075226789808231222 -19.322152137756344 2.9499136209487919 0.088063146919012084 0.27335494756698614 0.080966081470251097 10.424999713897707 0.015409344341605903 -3.0804568529129024 30.924213409423832 -1.0000000180025095e-35 0.20909637212753299 0.15814532339572909 3.5000000000000004 0.25926521420478826 0.25408300757408148 0.062640000134706511 0.077321581542491927 -1.0000000180025095e-35 -0.43018215894699091 20.500000000000004 4.3250000476837167 -1.1005196571350095 0.28204661607742315 1390.925964355469 -0.10396570339798926
decision_type=2 2 2 2 2 2 2 2 2 2 2 2 2 2 2 2 2 2 2 2 2 2 2 2 2 2 2 2 2 2
left_child=1 2 5 4 -4 8 -7 14 -1 10 11 25 -13 26 15 -3 17 18 -11 -19 22 -22 -12 -5 28 -2 -9 -15 -18 -16
right_child=9 7 3 23 -6 6 -8 13 -10 16 20 12 -14 27 29 -17 24 19 -20 -21 21 -23 -24 -25 -26 -27 -28 -29 -30 -31
leaf_value=-1.4589843826432521e-05 1.4692062111760357e-05 -3.6842791331480334e-05 -3.653739854050088e-05 -0.0006924001304519391 -3.653739854050088e-05 -3.653739854050088e-05 -3.653739854050088e-05 0.0010792605331337074 -5.5957648040323382e-05 0.00019253399662415017 -4.415674810696814e-05 -0.00075519398465114418 0.00015181431817677169 7.4496911122264562e-05 0.0014377820167595242 -3.653739854050088e-05 0.00038055957889298578 0.00020536062630654647 -0.00077179996665604946 0.0013325442797885384 -9.2044540747577956e-05 0.00016298693215690511 -0.00018998975952745444 0.00030604505869127505 0.0052816792957471109 -9.9580243068372794e-05 -3.653739854050088e-05 -0.00014692149515186737 0.0019680265655020782 -3.653739854050088e-05
leaf_weight=10677 10405 1146 18000 238 5778 6720 840 238 542 4372 8470 236 29120 6720 48 324 646 2206 909 1595 12058 5964 9327 2322 117 7111 5605 897 356 854
leaf_count=10677 10405 1146 18000 238 5778 6720 840 238 542 4372 8470 236 29120 6720 48 324 646 2206 909 1595 12058 5964 9327 2322 117 7111 5605 897 356 854
internal_value=-0.00236267 -0.0061695 -0.00780138 -0.0118308 -0.0131466 -0.00215001 -0.00454365 -0.00151908 -0.000537035 0.000135103 -7.64896e-05 0.000570703 0.00124676 -0.000854383 -0.00529089 -0.00289116 0.00185031 0.00133231 9.9413e-05 0.00304525 -0.000923393 -0.000199756 -0.00165618 0.000390625 0.00605451 -0.000562343 -0.00232329 0.000272417 0.00474052 -0.00920177
internal_weight=153841 60949 45117 26338 23778 18779 7560 15832 11219 92892 82691 46872 29356 13460 2372 1470 10201 9082 5281 3801 35819 18022 17797 2560 1119 17516 5843 7617 1002 902
internal_count=153841 60949 45117 26338 23778 18779 7560 15832 11219 92892 82691 46872 29356 13460 2372 1470 10201 9082 5281 3801 35819 18022 17797 2560 1119 17516 5843 7617 1002 902
is_linear=0
shrinkage=0.05


Tree=67
num_leaves=30
num_cat=0
split_feature=4 13 13 32 13 13 39 22 1 2 39 32 38 3 20 3 13 1 3 38 13 3 1 3 38 13 4 18 1
split_gain=580.395 184.846 411.413 172.308 132.395 29.1326 16.7667 15.6293 14.8159 13.2898 12.2993 13.2325 17.8217 16.0817 9.09758 8.83934 8.48759 6.30709 5.94951 5.90066 6.4082 5.6782 5.51661 5.27691 2.48939 2.09875 1.69415 1.79184 1.0112
threshold=1.0000000180025095e-35 7.5542457103729257 -3.4262548685073848 10.500000000000002 0.00075226789808231222 -19.322152137756344 2.9499136209487919 0.088063146919012084 0.27335494756698614 0.80164751410484325 1.9768069386482241 14.500000000000002 0.30095177888870245 0.31943830847740179 -1.0000000180025095e-35 0.39519904553890234 30.924213409423832 -0.4405550211668014 -1.1005196571350095 0.064532347023487105 14.913418769836428 0.28204661607742315 -0.13229936361312863 0.37682336568832403 0.080557383596897139 -167.92826080322263 18.97500038146973 -193.98085784912107 0.0025164757389575247
decision_type=2 2 2 2 2 2 2 2 2 2 2 2 2 2 2 2 2 2 2 2 2 2 2 2 2 2 2 2 2
left_child=1 2 5 4 -4 8 -7 14 -1 10 11 13 -13 -2 15 -3 18 -5 -9 20 -12 -18 -16 25 -21 -11 27 -25 -27
right_child=9 7 3 17 -6 6 -8 16 -10 23 19 12 -14 -15 22 -17 21 -19 -20 24 -22 -23 -24 26 -26 28 -28 -29 -30
leaf_value=-1.3860351635110874e-05 1.599136031476111e-05 -3.5000651764906318e-05 -3.4710528613475839e-05 -0.00075865510855827815 -3.4710528613475839e-05 -3.4710528613475839e-05 -3.4710528613475839e-05 0.0010252975064770219 -5.3159765638307214e-05 0.0015057444760487296 -0.00019231827180421078 0.00047101047724157981 -0.0012289483687821943 -0.00032870484173024971 0.0013658929159215479 -3.4710528613475839e-05 7.0772065566151324e-05 0.00027181906248234316 -3.4710528613475839e-05 0.00041259378790218457 -5.2580060517862329e-05 -0.00013957542039427399 -3.4710528613475839e-05 0.0010083737088064798 -2.3586659920011267e-05 0.0027138343721103326 -0.00030329259879779085 0.00033012439264894363 0.0061611432872796072
leaf_weight=10677 77268 1297 18000 230 5778 6720 840 238 542 55 2010 7349 210 2937 48 173 6720 2330 5605 139 1305 897 854 69 1282 51 48 101 68
leaf_count=10677 77268 1297 18000 230 5778 6720 840 238 542 55 2010 7349 210 2937 48 173 6720 2330 5605 139 1305 897 854 69 1282 51 48 101 68
internal_value=-0.00236332 -0.00615474 -0.00778587 -0.0118175 -0.0131445 -0.00213137 -0.00453042 -0.00150644 -0.000514752 0.000124338 8.54054e-05 0.000219338 0.00221921 3.08584e-05 -0.00524874 -0.00282313 -0.000846954 0.000507813 -0.00228051 -0.00239654 -0.00355204 0.000252724 -0.00920177 0.00931122 0.000299085 0.0158046 0.00412844 0.00647059 0.0195378
internal_weight=153841 60949 45117 26338 23778 18779 7560 15832 11219 92892 92500 87764 7559 80205 2372 1470 13460 2560 5843 4736 3315 7617 902 392 1421 174 218 170 119
internal_count=153841 60949 45117 26338 23778 18779 7560 15832 11219 92892 92500 87764 7559 80205 2372 1470 13460 2560 5843 4736 3315 7617 902 392 1421 174 218 170 119
is_linear=0
shrinkage=0.05


Tree=68
num_leaves=31
num_cat=0
split_feature=5 13 13 32 13 13 3 1 7 5 7 14 1 39 2 24 2 34 2 3 3 5 38 38 3 13 38 13 13 7
split_gain=576.304 184.641 368.553 182.001 211.699 47.1321 24.0144 16.7042 12.603 13.696 12.7447 12.0442 11.2187 11.0369 10.813 10.4366 12.8631 9.17334 8.79249 7.46981 7.07701 5.94251 5.51346 9.6344 6.31763 3.60725 3.41026 2.87917 2.00694 2.27468
threshold=1.0000000180025095e-35 -13.842182159423826 0.00075226789808231222 10.500000000000002 -2.5585784847129834e-13 12.92698907852173 -0.20921241492033002 0.27335494756698614 0.091756902635097518 10.325000286102297 0.015409344341605903 -1.0000000180025095e-35 -3.0804568529129024 1.6970931291580202 0.78842890262603771 2.5000000000000004 0.042577724903821952 2.5000000000000004 0.65442737936973583 -0.090492833405733095 0.29093891382217413 4.3250000476837167 -0.19698385149240491 -0.22641336172819135 0.16026161611080172 -111.41680526733397 0.13058479875326159 -82.842575073242173 261.93348693847662 0.12917864322662356
decision_type=2 2 2 2 2 2 2 2 2 2 2 2 2 2 2 2 2 2 2 2 2 2 2 2 2 2 2 2 2 2
left_child=1 7 3 4 -3 6 -4 11 9 10 21 26 -12 -13 22 16 -11 -17 25 -7 -5 -2 23 -10 -24 -9 -1 -20 29 -16
right_child=8 2 5 20 -6 19 -8 18 14 15 12 13 -14 -15 28 17 -18 -19 27 -21 -22 -23 24 -25 -26 -27 -28 -29 -30 -31
leaf_value=0.00031224117658945036 1.2754160280930086e-05 -3.2975002182802044e-05 8.6698587058041884e-05 4.9375016437543283e-05 -3.2975002182802044e-05 6.5496538429877463e-05 -3.2975002182802044e-05 -0.00014699765581633641 0.00097816927536479659 -0.00013405117844712374 -0.00073456376582203213 -4.642847555674082e-05 0.00013932555117262426 -6.153733586861267e-05 0.0029160701611123576 -0.00017928406398721479 0.00016010977185882135 -3.2013438996991543e-05 0.0023929871397143569 -4.4519664628955697e-05 0.0049613136741811104 -9.5738083699326885e-05 0.00015043557735017513 0.002617796001812841 0.0012127656706678481 -5.0501777356391852e-05 0.0010478589938114639 -4.6176102314223743e-05 0.0059022034616689747 0.00076554967601692551
leaf_weight=1617 10405 9734 1389 2086 13726 5062 7597 121 681 3920 243 9169 29541 1404 34 12992 6908 14180 31 8106 354 7057 5924 141 756 282 108 163 72 38
leaf_count=1617 10405 9734 1389 2086 13726 5062 7597 121 681 3920 243 9169 29541 1404 34 12992 6908 14180 31 8106 354 7057 5924 141 756 282 108 163 72 38
internal_value=-0.00237014 -0.00614817 -0.00757377 -0.0116236 -0.0129753 -0.00283922 -0.00563098 -0.000835595 0.000108728 -6.56922e-05 0.000502688 -0.000439096 0.00113148 -0.00107112 0.00205336 -0.000772368 0.000540266 -0.00129545 -0.00900335 -0.000934083 0.00137295 -0.000569809 0.00179286 0.00565693 0.00131737 -0.0132134 0.00343478 -0.000257732 0.015625 0.00972222
internal_weight=153841 60949 48054 25900 23460 22154 8986 12895 92892 85246 47246 12298 29784 10573 7646 38000 10828 27172 597 13168 2440 17462 7502 822 6680 403 1725 194 144 72
internal_count=153841 60949 48054 25900 23460 22154 8986 12895 92892 85246 47246 12298 29784 10573 7646 38000 10828 27172 597 13168 2440 17462 7502 822 6680 403 1725 194 144 72
is_linear=0
shrinkage=0.05


Tree=69
num_leaves=30
num_cat=0
split_feature=5 13 13 32 13 13 39 1 2 18 18 5 22 9 32 38 3 37 39 22 3 2 38 13 34 13 14 21 10
split_gain=575.082 184.666 368.846 158.762 190.485 28.144 15.4611 14.6852 12.2835 11.913 24.52 9.62827 9.62362 9.4623 8.31148 21.0344 8.02182 6.58173 5.8705 16.0264 9.01128 4.99992 4.98705 4.93663 4.86272 3.08978 2.51349 1.24267 0.549242
threshold=1.0000000180025095e-35 12.92698907852173 -3.4262548685073848 14.500000000000002 0.00075226789808231222 -19.322152137756344 2.9499136209487919 0.27335494756698614 0.80164751410484325 539.80685424804699 -4677.9338378906241 6.6250000000000009 0.080769497901201262 0.17376467585563662 14.500000000000002 0.22453185915946963 0.31943830847740179 1.0000000180025095e-35 2.8427296876907353 0.1244507096707821 0.28204661607742315 -0.034994149580597871 0.077724941074848189 1.0000000180025095e-35 2.5000000000000004 -1262.2508544921873 1.0000000180025095e-35 0.77500000596046459 0.12069811299443246
decision_type=2 2 2 2 2 2 2 2 2 2 2 2 2 2 2 2 2 2 2 2 2 2 2 2 2 2 2 2 2
left_child=1 2 5 4 -4 7 -7 -1 9 10 13 -12 17 -2 16 -16 -11 22 20 -20 -14 -19 -3 -5 26 -26 27 -10 -27
right_child=8 12 3 23 -6 6 -8 -9 24 14 11 -13 18 -15 15 -17 -18 21 19 -21 -22 -23 -24 -25 25 28 -28 -29 -30
leaf_value=-1.3291715416696542e-05 -1.974627534687499e-05 -5.5204895908757075e-05 -3.1326252073661936e-05 0.00055335111744732638 -3.1326252073661936e-05 -3.1326252073661936e-05 -3.1326252073661936e-05 -4.7976688488572261e-05 0.00012960597940057575 6.8874440056980457e-05 -1.1751839967426726e-05 -0.00012897580894122843 2.8906436247667491e-05 0.00024488606374863803 0.00091730380396698268 -0.0012621150389183359 -0.0002429257413614867 0.00051132751803875285 -0.0001142206877636418 9.8188923905277725e-05 -6.6998271153988705e-05 -4.2293681397507913e-05 0.00091234498898296469 -0.0002528613798892088 0.0012614350812135931 0.0037849333247153881 0.0013862668494816312 0.0012888055366444976 0.0071680489515415953
leaf_weight=10677 7296 790 18002 1554 8198 6720 840 542 192 31163 15799 23030 9857 10701 2884 165 1462 33 275 421 1143 521 128 1248 34 30 38 40 58
leaf_count=10677 7296 790 18002 1554 8198 6720 840 542 192 31163 15799 23030 9857 10701 2884 165 1462 33 275 421 1143 521 128 1248 34 30 38 40 58
internal_value=-0.00237989 -0.00615392 -0.00759873 -0.0111337 -0.0123435 -0.00213936 -0.00449735 -0.000550406 9.63484e-05 5.89189e-05 -0.000390666 -0.00109776 -0.0009113 0.00113491 0.000775074 0.00327156 0.000541762 -0.00472147 -0.000431772 -0.00488506 -0.00015 -0.00902527 -0.00212418 0.000178444 0.00892857 0.0172131 0.00518519 0.00323276 0.0221591
internal_weight=153841 60949 47781 29002 26200 18779 7560 11219 92892 92500 56826 38829 13168 17997 35674 3049 32625 1472 11696 696 11000 554 918 2802 392 122 270 232 88
internal_count=153841 60949 47781 29002 26200 18779 7560 11219 92892 92500 56826 38829 13168 17997 35674 3049 32625 1472 11696 696 11000 554 918 2802 392 122 270 232 88
is_linear=0
shrinkage=0.05


Tree=70
num_leaves=31
num_cat=0
split_feature=4 13 13 13 32 13 3 39 13 13 13 13 21 22 3 9 38 8 37 2 3 39 25 4 25 39 22 22 3 4
split_gain=572.594 184.854 370.802 159.277 183.145 28.5907 23.5538 15.4611 11.8092 10.6513 11.9163 16.5956 10.4018 9.66878 8.29708 7.67156 7.65538 6.73405 6.73154 6.45727 6.31586 11.6349 7.95002 5.39733 5.18139 3.58513 2.11962 1.82843 1.47273 1.20401
threshold=1.0000000180025095e-35 12.92698907852173 -3.4262548685073848 0.00075226789808231222 10.500000000000002 -19.322152137756344 -0.20921241492033002 2.9499136209487919 8421.0712890625018 -595.16293334960926 36.243595123291023 -64.348365783691392 0.97499999403953563 0.073686014860868468 -0.23777956515550611 0.69249531626701366 0.8683454990386964 0.092900503426790251 1.0000000180025095e-35 0.67617648839950573 0.28204661607742315 2.8427296876907353 0.19745174050331118 73.799999237060561 0.0097199357114732283 -4.0763666629791251 0.49848422408103948 0.59430253505706798 0.23132795840501788 20.47500038146973
decision_type=2 2 2 2 2 2 2 2 2 2 2 2 2 2 2 2 2 2 2 2 2 2 2 2 2 2 2 2 2 2
left_child=1 2 5 4 -4 14 -5 -7 9 16 11 -11 -12 18 -1 19 17 -2 24 23 21 -15 -22 -10 -3 -20 -21 29 -18 -17
right_child=8 13 3 6 -6 7 -8 -9 15 10 12 -13 -14 20 -16 27 28 -19 25 26 22 -23 -24 -25 -26 -27 -28 -29 -30 -31
leaf_value=0.00019334037577460421 0.0001041689037726487 -0.00018686834230024769 -2.9759939469978846e-05 8.3929970308822875e-05 0.00019814473638051606 -2.9759939469978846e-05 -2.9759939469978846e-05 -2.9759939469978846e-05 0.00033718934659008882 1.7993168409468837e-05 9.8738041115334352e-05 -0.00013554737010464869 -6.1332985296229386e-05 2.8493406183637126e-05 -5.5929676738818961e-05 0.0026065320079681981 0.0002983665454448264 0.0012220230681322824 0.00038096857271167895 0.0066662250820298842 -6.3781788852514769e-05 -0.00013740669830219961 0.00020679735918300408 0.001914863341078095 -1.1691786000200583e-05 -4.0178997327632515e-05 0.0019050419817277357 0.0013962221199351019 0.0058633783453813674 0.0035761519368140353
leaf_weight=3490 14377 85 18000 1389 2016 6720 7597 840 2494 18673 23511 20469 12137 10041 7729 40 30 874 30 48 975 556 429 71 631 421 47 33 36 52
leaf_count=3490 14377 85 18000 1389 2016 6720 7597 840 2494 18673 23511 20469 12137 10041 7729 40 30 874 30 48 975 556 429 71 631 421 47 33 36 52
internal_value=-0.00238314 -0.00614899 -0.00759455 -0.0111389 -0.0136216 -0.00212072 -0.00560872 -0.00449735 8.77363e-05 -1.13754e-05 -0.000257387 -0.00085969 0.00040395 -0.000903706 -0.000519208 0.00329443 0.00118985 0.00111632 -0.0052485 0.00272556 -0.00048121 -6.36973e-05 -0.00363248 0.00225146 -0.00223464 -0.0100333 0.0155263 0.0154 0.0181818 0.0190217
internal_weight=153841 60949 47781 29002 20016 18779 8986 7560 92892 90107 74790 39142 35648 13168 11219 2785 15317 15251 1167 2660 12001 10597 1404 2565 716 451 95 125 66 92
internal_count=153841 60949 47781 29002 20016 18779 8986 7560 92892 90107 74790 39142 35648 13168 11219 2785 15317 15251 1167 2660 12001 10597 1404 2565 716 451 95 125 66 92
is_linear=0
shrinkage=0.05


Tree=71
num_leaves=31
num_cat=0
split_feature=4 13 13 13 32 13 3 3 1 22 21 21 32 4 3 13 22 22 22 39 25 25 0 0 25 37 13 22 39 25
split_gain=570.816 184.429 371.017 180.485 183.737 47.1019 36.2461 23.3149 14.6972 11.3168 13.4101 15.1703 27.3171 11.9712 11.8676 9.5658 9.41481 8.81647 8.54354 7.46276 6.47644 6.01388 4.08081 6.12606 7.65142 4.36786 3.08998 2.25485 3.48432 2.04036
threshold=1.0000000180025095e-35 -13.842182159423826 0.00075226789808231222 -2.5585784847129834e-13 14.500000000000002 12.92698907852173 -0.12204940244555472 -0.20921241492033002 0.27335494756698614 0.10386388003826143 0.97499999403953563 0.57500001788139354 10.500000000000002 20.47500038146973 0.13886877894401553 -185.9236145019531 0.080769497901201262 0.32661448419094091 0.088063146919012084 1.6690475940704348 0.72491061687469494 0.055788680911064155 0.1086518131196499 -0.024468470364809033 0.17483700811862948 1.0000000180025095e-35 -111.41680526733397 0.091555610299110426 -1.4882310032844541 0.044103698804974563
decision_type=2 2 2 2 2 2 2 2 2 2 2 2 2 2 2 2 2 2 2 2 2 2 2 2 2 2 2 2 2 2
left_child=1 8 3 6 -5 7 -3 -4 15 22 11 12 -11 14 -12 18 -7 26 -1 -17 -13 -15 23 25 -25 -2 -10 29 -29 -24
right_child=9 2 5 4 -6 16 -8 -9 17 10 13 20 -14 21 -16 19 -18 -19 -20 -21 -22 -23 27 24 -26 -27 -28 28 -30 -31
leaf_value=-0.00047835301222602016 -0.00021082560635809862 -2.82719424964799e-05 7.9733471793381723e-05 -2.82719424964799e-05 0.00035966880313711568 -3.8170047461250894e-05 -2.82719424964799e-05 -2.82719424964799e-05 -0.00013445245476415002 -4.075990176714752e-05 1.7144490021873614e-05 0.00020180963512681749 0.0012120741469947615 -0.0004708139381902354 -0.00023053527352232748 -4.1052742201721739e-05 -2.2769858983102446e-05 0.00012439315983797441 0.00051686246785804819 -5.5406159497999997e-05 -0.00014867657769739931 -0.00018001527805792795 -3.5347414656688399e-05 -7.1781415437432999e-05 0.0001665307893479103 -2.9828445459064356e-05 -4.2781370227202698e-05 -0.00051117885037759347 -2.5968532085720535e-05 -0.00029191707296295327
leaf_weight=73 1210 3001 1389 13727 1612 1472 7560 7597 118 29836 22238 21973 2786 957 3146 9235 11696 173 1396 1594 1123 3565 144 3084 1011 798 306 62 409 550
leaf_count=73 1210 3001 1389 13727 1612 1472 7560 7597 118 29836 22238 21973 2786 957 3146 9235 11696 173 1396 1594 1123 3565 144 3084 1011 798 306 62 409 550
internal_value=-0.00238899 -0.00614899 -0.00757377 -0.0116371 -0.0151004 -0.00282342 -0.00660686 -0.00561429 -0.000839473 7.80476e-05 0.000238835 0.000697261 3.06542e-06 -0.000615261 -0.000193035 -0.000467556 -0.000918894 -0.00850084 0.00331858 -0.000981162 0.00167778 -0.0029854 -0.00181618 -0.00129854 -0.000189255 -0.00356076 -0.0123821 -0.0045279 -0.00185775 -0.00634006
internal_weight=153841 60949 48054 25900 15339 22154 10561 8986 12895 92892 85624 55718 32622 29906 25384 12298 13168 597 1469 10829 23096 4522 7268 6103 4095 2008 424 1165 471 694
internal_count=153841 60949 48054 25900 15339 22154 10561 8986 12895 92892 85624 55718 32622 29906 25384 12298 13168 597 1469 10829 23096 4522 7268 6103 4095 2008 424 1165 471 694
is_linear=0
shrinkage=0.05


Tree=72
num_leaves=30
num_cat=0
split_feature=5 13 13 13 32 13 22 39 13 13 13 13 21 22 20 38 8 38 13 5 2 9 2 2 32 13 25 25 39
split_gain=565.158 189.616 371.807 159.354 181.434 28.2425 15.7532 15.5572 11.1779 10.1197 13.6635 13.9689 8.79745 8.09131 7.84 7.49897 16.3633 11.1225 7.44849 6.82894 7.64379 6.05731 5.13491 4.69957 4.4725 4.25448 2.58104 2.00443 0.526369
threshold=1.0000000180025095e-35 12.92698907852173 -3.4262548685073848 0.00075226789808231222 10.500000000000002 -19.322152137756344 0.31197471916675573 2.9499136209487919 3851.228881835938 -217.27296447753903 21.836496353149418 -13.842182159423826 0.97499999403953563 0.080769497901201262 -1.0000000180025095e-35 -0.12615383416414258 0.11566411703824998 -0.056803232058882706 -185.9236145019531 73.799999237060561 0.80164751410484325 0.6429295837879182 0.27275429666042333 -0.041166832670569413 2.5000000000000004 188.65530395507815 0.13655345886945727 0.091730494052171721 0.3223510086536408
decision_type=2 2 2 2 2 2 2 2 2 2 2 2 2 2 2 2 2 2 2 2 2 2 2 2 2 2 2 2 2
left_child=1 2 5 4 -4 18 -5 -7 9 15 11 -11 -12 14 22 16 -2 -17 -1 20 21 -10 -3 -16 25 -15 -26 -21 -29
right_child=8 13 3 6 -6 7 -8 -9 19 10 12 -13 -14 24 23 17 -18 -19 -20 27 -22 -23 -24 -25 26 -27 -28 28 -30
leaf_value=0.00032269850689526042 -0.00028897890212435109 2.2542605168620106e-05 -2.6858345371655905e-05 -2.6858345371655905e-05 0.00017381032072964254 -2.6858345371655905e-05 -2.6858345371655905e-05 -2.6858345371655905e-05 0.00021054477114619693 -2.8597492122284503e-05 7.7978188274794278e-05 -0.0001849418310052946 -6.5347067368932627e-05 -5.2008174284975429e-05 0.0008011826510105069 0.00053550672879551964 0.0027533528661384051 8.9205187506928411e-05 -4.7598205276528225e-05 0.00081765879546555071 0.0061967813250256047 0.0011908738998115025 -3.5379265558310538e-05 -3.6261545088188349e-05 0.00082460989528419207 0.00020502366446157501 -3.4713346861005668e-05 0.0031873339749466851 0.0020063951440870815
leaf_weight=1549 2557 706 18000 7125 2016 6720 1861 840 5055 17687 23292 10288 11969 9180 38 2095 137 19297 9670 51 40 353 220 508 606 1532 378 36 35
leaf_count=1549 2557 706 18000 7125 2016 6720 1861 840 5055 17687 23292 10288 11969 9180 38 2095 137 19297 9670 51 40 353 220 508 606 1532 378 36 35
internal_value=-0.00239127 -0.00613259 -0.00759664 -0.0111458 -0.0136291 -0.00211539 -0.00561429 -0.00447751 6.35146e-05 -7.50097e-05 -0.000407205 -0.00123235 0.000247441 -0.00082017 -0.00431386 0.000797144 -0.00168894 0.00111023 -0.000523665 0.00223519 0.0019732 0.00181213 -0.00151188 -0.00906593 -0.000380472 -0.000676811 0.00284553 0.0139344 0.0193662
internal_weight=153841 60949 47781 29002 20016 18779 8986 7560 92892 87322 63236 27975 35261 13168 1472 24086 2694 21392 11219 5570 5448 5408 926 546 11696 10712 984 122 71
internal_count=153841 60949 47781 29002 20016 18779 8986 7560 92892 87322 63236 27975 35261 13168 1472 24086 2694 21392 11219 5570 5448 5408 926 546 11696 10712 984 122 71
is_linear=0
shrinkage=0.05


Tree=73
num_leaves=31
num_cat=0
split_feature=5 13 13 13 13 13 3 39 13 34 18 18 2 38 22 20 3 9 38 2 2 2 5 2 3 39 39 22 5 3
split_gain=563.392 189.345 372.027 159.674 58.9349 28.1481 23.2714 15.3017 10.6352 9.66232 11.1997 13.9764 11.087 10.7783 8.23166 7.72832 7.71676 6.92691 6.76478 6.10198 5.8755 5.05211 4.97072 4.69957 4.19113 10.3518 7.58262 2.43227 1.69755 0.729293
threshold=1.0000000180025095e-35 12.92698907852173 -3.4262548685073848 0.00075226789808231222 -1.2792892423564917e-13 -19.322152137756344 -0.20921241492033002 2.9499136209487919 8421.0712890625018 5.0000000000000009 393.90202331542974 -4677.9338378906241 0.28202185034751898 1.0000000180025095e-35 0.080769497901201262 -1.0000000180025095e-35 0.33071994781494146 0.69249531626701366 -0.32030953466892237 0.67617648839950573 0.3874464631080628 0.27275429666042333 73.799999237060561 -0.041166832670569413 0.28204661607742315 2.8427296876907353 0.72958907485008251 0.49848422408103948 20.47500038146973 -0.11051172763109206
decision_type=2 2 2 2 2 2 2 2 2 2 2 2 2 2 2 2 2 2 2 2 2 2 2 2 2 2 2 2 2 2
left_child=1 2 5 4 -4 16 -5 -7 9 10 11 -2 18 -12 15 21 -1 19 -11 22 -14 -3 -10 -17 25 -16 -26 -21 29 -19
right_child=8 14 3 6 -6 7 -8 -9 17 12 13 -13 20 -15 24 23 -18 28 -20 27 -22 -23 -24 -25 26 -27 -28 -29 -30 -31
leaf_value=-1.4134588588309363e-05 7.3662798117493319e-05 2.141547491018908e-05 -2.5515428103073108e-05 7.7089715472295457e-05 -2.5515428103073108e-05 -2.5515428103073108e-05 -2.5515428103073108e-05 -2.5515428103073108e-05 0.00030542041463188144 0.0033184770543647131 0.0001199429534236041 -8.3991911123235645e-05 -0.00075029816707837104 -5.3570303083278015e-05 2.6528388186283174e-05 0.0007611235184599816 -3.8262391452016154e-05 0.0026011782144485327 0.00036995151284240134 0.0063244245844594378 -6.2468716831199858e-06 -3.3610302280395008e-05 0.0017417003651333434 -3.4448467833778932e-05 -6.208009720090473e-05 -0.00012903850080926975 0.00021650277585305241 0.0018013006391723965 0.0030701462080947798 0.00036810804729637235
leaf_weight=10374 16217 706 5381 1389 14635 6720 7597 840 2494 330 23438 36530 122 11146 9857 38 845 36 2158 48 166 220 71 508 1047 506 286 47 59 30
leaf_count=10374 16217 706 5381 1389 14635 6720 7597 840 2494 330 23438 36530 122 11146 9857 38 845 36 2158 48 166 220 71 508 1047 506 286 47 59 30
internal_value=-0.00239712 -0.00613259 -0.00759559 -0.0111458 -0.0136316 -0.00211273 -0.00560872 -0.0044709 5.38259e-05 -4.02299e-05 -0.000132542 -0.000591029 0.00286383 0.000566736 -0.000823967 -0.00434783 -0.000523665 0.00309695 0.00393891 0.00255639 -0.00642361 -0.00156587 0.00209552 -0.00906593 -0.000380472 -4.10113e-05 -0.0030195 0.015 0.0146 0.00909091
internal_weight=153841 60949 47781 29002 20016 18779 8986 7560 92892 90107 87331 52747 2776 34584 13168 1472 11219 2785 2488 2660 288 926 2565 546 11696 10363 1333 95 125 66
internal_count=153841 60949 47781 29002 20016 18779 8986 7560 92892 90107 87331 52747 2776 34584 13168 1472 11219 2785 2488 2660 288 926 2565 546 11696 10363 1333 95 125 66
is_linear=0
shrinkage=0.05


Tree=74
num_leaves=31
num_cat=0
split_feature=5 3 24 32 25 14 32 38 3 37 24 32 2 0 1 3 34 3 39 39 21 2 1 0 39 39 2 5 12 3
split_gain=560.533 163.207 117.804 106.802 37.6526 33.4134 32.1173 21.6549 20.717 19.516 17.7502 17.0359 14.5692 10.7855 18.5015 16.4904 27.6547 13.6081 13.5687 14.7117 10.4106 13.3543 9.37796 8.54031 7.54299 6.34499 5.84252 4.62288 3.75255 2.48268
threshold=1.0000000180025095e-35 -0.10210046172142027 2.5000000000000004 14.500000000000002 0.0050568901933729657 -1.0000000180025095e-35 10.500000000000002 0.10402005538344385 -0.23241005837917325 1.0000000180025095e-35 2.5000000000000004 14.500000000000002 0.21943420171737674 0.42942768335342413 -0.2116982042789459 -1.5139685869216917 2.5000000000000004 -0.46791341900825495 0.35307581722736364 -1.2835500836372373 0.12500000372529033 -0.20038617402315137 0.37024044990539556 -0.0077558977063745252 1.8960810303688052 -1.9181800484657285 0.61745002865791332 17.675000190734867 0.97739201784133922 -0.24904084950685498
decision_type=2 2 2 2 2 2 2 2 2 2 2 2 2 2 2 2 2 2 2 2 2 2 2 2 2 2 2 2 2 2
left_child=1 7 3 4 -3 22 -7 8 10 29 -1 -10 -11 17 27 26 -17 18 19 -2 25 -22 -4 -20 -5 -19 -16 28 -15 -9
right_child=13 2 5 24 -6 6 -8 9 11 12 -12 -13 -14 14 15 16 -18 20 23 -21 21 -23 -24 -25 -26 -27 -28 -29 -30 -31
leaf_value=-9.3052600542457237e-05 -6.0523107232255976e-05 -2.4239656697919455e-05 7.9095154681705244e-05 0.0011499311369567858 -2.4239656697919455e-05 -2.4239656697919455e-05 3.3513121204246241e-05 -4.3263964801053498e-05 -2.4239656697919455e-05 -3.6398052826293056e-05 0.00015366316567456004 0.00055065997895293835 0.00089683698591926618 -0.0010802433608382322 -0.0023347577315717951 3.3834657530725304e-05 0.001773248812022471 -0.00023725892368271271 -0.00028208965830067576 0.00039487008897121475 0.0019712828689268519 -1.5950446834088818e-05 -8.0518082294255087e-05 0.00026271229482615482 -0.0004119618254780071 -9.5317971666661298e-05 -0.00095065174542061342 0.0009902351553605956 0.00057660508529604215 0.00035839928007660841
leaf_weight=3169 5744 1955 2141 1025 14798 19191 1755 141 6781 1323 7000 520 142 233 69 3309 2267 1869 1187 10847 421 56593 60 313 519 9736 241 32 31 429
leaf_count=3169 5744 1955 2141 1025 14798 19191 1755 141 6781 1323 7000 520 142 233 69 3309 2267 1869 1187 10847 421 56593 60 313 519 9736 241 32 31 429
internal_value=-0.00240004 -0.00612602 -0.00790102 -0.0108993 -0.012059 -0.00553095 -0.00614676 -0.00235452 -0.00178592 -0.00723587 -0.000326974 -0.00381797 -0.0102901 4.46755e-05 0.00206244 0.00267584 0.00329986 -9.91812e-05 0.00112072 0.00153246 -0.000420802 -0.000142947 0.000329396 -0.00343333 0.00168394 -0.00178587 -0.00854839 -0.0101351 -0.0123106 0.000614035
internal_weight=153841 60949 41444 18297 16753 23147 20946 19505 17470 2035 10169 7301 1465 92892 6182 5886 5576 86710 18091 16591 68619 57014 2201 1500 1544 11605 310 296 264 570
internal_count=153841 60949 41444 18297 16753 23147 20946 19505 17470 2035 10169 7301 1465 92892 6182 5886 5576 86710 18091 16591 68619 57014 2201 1500 1544 11605 310 296 264 570
is_linear=0
shrinkage=0.05


Tree=75
num_leaves=31
num_cat=0
split_feature=4 13 13 13 32 13 3 39 0 32 34 34 3 34 25 39 34 3 32 22 20 3 3 3 3 39 25 0 0 34
split_gain=559.859 188.03 372.698 160.661 180.298 27.6785 22.818 15.1747 9.9325 15.0234 11.4788 19.1822 10.3766 9.77791 10.5146 15.5364 14.9754 8.31236 13.1852 8.16085 8.03124 7.61583 7.32436 5.78122 5.27089 7.4373 7.42209 4.14554 3.89053 3.80855
threshold=1.0000000180025095e-35 12.92698907852173 -3.4262548685073848 0.00075226789808231222 10.500000000000002 -19.322152137756344 -0.20921241492033002 2.9499136209487919 0.55615735054016124 20.500000000000004 3.5000000000000004 1.5000000000000002 -0.61164429783821095 5.0000000000000009 0.36725123226642614 -0.052058435976505273 1.5000000000000002 0.17640573531389239 27.500000000000004 0.080769497901201262 -1.0000000180025095e-35 -0.14038556814193723 0.33071994781494146 0.31092830002307897 0.28204661607742315 2.8427296876907353 0.19745174050331118 0.20854931324720385 0.0016808923101052644 1.5000000000000002
decision_type=2 2 2 2 2 2 2 2 2 2 2 2 2 2 2 2 2 2 2 2 2 2 2 2 2 2 2 2 2 2
left_child=1 2 5 4 -4 22 -5 -7 13 10 11 -10 -12 14 15 -2 -16 18 -15 20 27 -11 -1 -19 25 -21 -26 -3 -22 -23
right_child=8 19 3 6 -6 7 -8 -9 9 21 12 -13 -14 17 16 -17 -18 23 -20 24 28 29 -24 -25 26 -27 -28 -29 -30 -31
leaf_value=-1.489996163868768e-05 -9.8277082975225738e-05 2.4214020403417917e-05 -2.3027673863023482e-05 5.1827565033693266e-05 0.00018041072093390645 -2.3027673863023482e-05 -2.3027673863023482e-05 -2.3027673863023482e-05 0.0004805692198118158 -0.002282952190574155 -2.3219186079145513e-05 -0.00047671033659316066 0.0027998256904744794 0.00067951404368006617 -6.5745609832216533e-05 1.9043404679324092e-05 0.00029265601520851693 -0.00049383417154139401 -0.0029556989869364615 2.4386806190201341e-05 -5.4320431876772688e-05 0.00098778885144334559 -3.513728904451937e-05 0.00061020874241705806 -5.7825162906360747e-05 -0.00012137459293391027 0.00026647340725376254 -3.071780433147928e-05 -2.8328395035365493e-05 0.0058525164856475216
leaf_weight=10374 28228 692 18000 1389 2016 6720 7597 840 1308 32 236 1062 409 2428 6058 43436 9079 202 90 9857 281 62 845 119 941 506 392 234 265 143
leaf_count=10374 28228 692 18000 1389 2016 6720 7597 840 1308 32 236 1062 409 2428 6058 43436 9079 202 90 9857 281 62 845 119 941 506 392 234 265 143
internal_value=-0.00240557 -0.0061293 -0.00758722 -0.0111406 -0.0136341 -0.00209942 -0.00558647 -0.00443783 3.76782e-05 0.00275215 0.00179934 0.000189873 0.00771318 -6.07988e-05 -0.00015524 -0.000408155 0.00104215 0.0028267 0.00379269 -0.000839156 -0.00434783 0.0148734 -0.000523665 -0.00475078 -0.000397572 -1.6887e-05 -0.00335709 -0.00151188 -0.00915751 0.0184146
internal_weight=153841 60949 47781 29002 20016 18779 8986 7560 92892 3252 3015 2370 645 89640 86801 71664 15137 2839 2518 13168 1472 237 11219 321 11696 10363 1333 926 546 205
internal_count=153841 60949 47781 29002 20016 18779 8986 7560 92892 3252 3015 2370 645 89640 86801 71664 15137 2839 2518 13168 1472 237 11219 321 11696 10363 1333 926 546 205
is_linear=0
shrinkage=0.05


Tree=76
num_leaves=31
num_cat=0
split_feature=4 13 13 13 32 13 22 14 13 4 7 23 25 34 32 13 9 22 2 24 4 25 2 32 13 2 22 37 4 4
split_gain=554.926 190.689 373.951 160.462 180.171 27.4937 15.7459 11.7976 9.33707 8.58355 14.6481 13.1692 8.64918 9.36951 7.48498 6.94719 6.70642 6.46973 6.30645 5.83579 5.20193 4.4933 4.06277 3.63665 3.73175 2.91109 2.43227 1.84559 1.45999 0.481785
threshold=1.0000000180025095e-35 12.92698907852173 -3.4262548685073848 0.00075226789808231222 10.500000000000002 -19.322152137756344 0.31197471916675573 -1.0000000180025095e-35 8421.0712890625018 9.4249997138977069 0.077088959515094771 1.0000000180025095e-35 0.046694876626133926 1.0000000180025095e-35 2.5000000000000004 -185.9236145019531 0.69249531626701366 0.080769497901201262 0.67617648839950573 2.5000000000000004 61.875000000000007 0.0044128096196800479 0.49753846228122717 14.500000000000002 387.67622375488287 0.26765100657939916 0.49848422408103948 1.0000000180025095e-35 20.47500038146973 12.525000095367433
decision_type=2 2 2 2 2 2 2 2 2 2 2 2 2 2 2 2 2 2 2 2 2 2 2 2 2 2 2 2 2 2
left_child=1 2 5 4 -4 15 -5 -7 9 12 19 -12 14 -14 -2 -1 18 21 20 -11 -10 27 -23 24 -19 -25 -20 -3 29 -18
right_child=8 17 3 6 -6 7 -8 -9 16 10 11 -13 13 -15 -16 -17 28 23 26 -21 -22 22 -24 25 -26 -27 -28 -29 -30 -31
leaf_value=0.00030922729189674318 -9.0851854335735838e-05 -0.00019282975711218747 -2.1876290169872307e-05 -2.1876290169872307e-05 0.00017139018488721101 0.00015035578584581509 -2.1876290169872307e-05 -2.1876290169872307e-05 0.00026562148976878554 3.9964895840035805e-06 -2.547738681718398e-05 0.00085442530343941565 -9.2279013950289344e-05 0.00011887465060625262 0.00024713901426784462 -4.2685158894353562e-05 0.0022134848074036591 -4.0856464319256847e-05 0.0058490691872564969 -0.00010009625321077366 0.0014395861082842475 -2.8798040013355376e-05 0.0036972142480094037 0.00072894251189603457 0.00052244253150024857 -0.00054241497875011293 0.0016144566508791217 -0.00014784750138944959 0.0029028036192713194 0.0014750317399130795
leaf_weight=1549 9072 42 18000 7125 2016 767 1861 6793 2429 10688 4967 3268 6213 27397 1401 9670 34 10480 48 27101 136 1358 35 572 515 129 47 37 59 32
leaf_count=1549 9072 42 18000 7125 2016 767 1861 6793 2429 10688 4967 3268 6213 27397 1401 9670 34 10480 48 27101 136 1358 35 572 515 129 47 37 59 32
internal_value=-0.00240232 -0.00610962 -0.0075778 -0.0111372 -0.0136291 -0.00208078 -0.00558647 -0.00441138 3.01425e-05 -5.79866e-05 -0.00053559 0.00137523 0.000440646 0.000831598 -0.000813998 -0.000510295 0.00288151 -0.000782199 0.00234962 -0.000951997 0.00188109 -0.00390625 -0.00324838 -0.000389022 -0.000611642 0.00310271 0.015 -0.0155063 0.0142 0.00909091
internal_weight=153841 60949 47781 29002 20016 18779 8986 7560 92892 90107 46024 8235 44083 33610 10473 11219 2785 13168 2660 37789 2565 1472 1393 11696 10995 701 95 79 125 66
internal_count=153841 60949 47781 29002 20016 18779 8986 7560 92892 90107 46024 8235 44083 33610 10473 11219 2785 13168 2660 37789 2565 1472 1393 11696 10995 701 95 79 125 66
is_linear=0
shrinkage=0.05


Tree=77
num_leaves=29
num_cat=0
split_feature=4 13 13 13 13 13 3 39 1 2 39 1 0 38 13 3 2 0 38 3 13 38 2 2 3 1 11 1
split_gain=555.51 190.145 374.028 160.684 59.114 27.4006 22.54 15.3335 11.6347 9.14233 8.82199 8.45191 12.43 6.46806 5.49001 5.39081 7.05312 5.77257 5.70955 3.87633 3.93391 3.5419 3.44987 3.29991 3.2153 1.79817 1.77554 1.50095
threshold=1.0000000180025095e-35 12.92698907852173 -3.4262548685073848 0.00075226789808231222 -1.2792892423564917e-13 -19.322152137756344 -0.082226250320672975 2.9499136209487919 0.27335494756698614 0.80164751410484325 1.9768069386482241 -3.0804568529129024 -1.4874465465545652 0.064532347023487105 14.913418769836428 -0.16708673536777494 0.058991258963942535 -0.45384354889392847 0.10402005538344385 0.37682336568832403 -144.23081207275388 -0.25294733047485346 0.77363860607147228 0.036306036636233337 -0.22336097806692121 0.042569207027554519 0.9685216248035432 0.0025164757389575247
decision_type=2 2 2 2 2 2 2 2 2 2 2 2 2 2 2 2 2 2 2 2 2 2 2 2 2 2 2 2
left_child=1 2 5 4 -4 8 -5 -7 -1 10 11 21 -13 14 -12 16 18 -17 -3 20 -11 -2 -19 -15 -18 -21 -27 -22
right_child=9 15 3 6 -6 7 -8 -9 -10 19 13 12 -14 23 -16 17 24 22 -20 25 27 -23 -24 -25 -26 26 -28 -29
leaf_value=-1.6096621352502863e-05 9.6047926354050905e-05 -1.062044305935846e-05 -2.0782475661378688e-05 -2.0782475661378688e-05 -2.0782475661378688e-05 -2.0782475661378688e-05 -2.0782475661378688e-05 -2.0782475661378688e-05 -3.1246166647575715e-05 0.0010445526910145002 -0.00015275892047188458 0.00072360689731952035 7.9185950903420951e-06 0.00024173960459305101 -5.1764838536426907e-05 0.0024305563105126195 0.00056969600377000077 -3.4931295528965125e-05 -0.00018039330401470346 -0.00020044197110408984 0.0019087433892309735 -0.00085187356629884805 0.00092692021522327174 -9.2982400532529329e-05 0.0010713975062207838 0.0008465521501369622 -0.00013944547262641303 0.0046575379631660909
leaf_weight=10677 48 2443 5381 2859 14635 6720 6127 840 542 58 2010 945 86520 601 1305 34 1155 9089 169 34 50 251 139 820 139 120 64 66
leaf_count=10677 48 2443 5381 2859 14635 6720 6127 840 542 58 2010 945 86520 601 1305 34 1155 9089 169 34 50 251 139 820 139 120 64 66
internal_value=-0.00240037 -0.00610962 -0.00757571 -0.0111354 -0.0136291 -0.00207812 -0.0055809 -0.00440476 -0.000510295 3.33721e-05 1.08108e-06 0.000114512 0.0001432 -0.00210093 -0.00331071 -0.000789793 0.000768049 -0.00144677 -0.000727412 0.00765306 0.0132184 -0.00827759 -0.00152254 0.000721323 0.00378671 0.00321101 0.00516304 0.0185345
internal_weight=153841 60949 47781 29002 20016 18779 8986 7560 11219 92892 92500 87764 87465 4736 3315 13168 3906 9262 2612 392 174 299 9228 1421 1294 218 184 116
internal_count=153841 60949 47781 29002 20016 18779 8986 7560 11219 92892 92500 87764 87465 4736 3315 13168 3906 9262 2612 392 174 299 9228 1421 1294 218 184 116
is_linear=0
shrinkage=0.05


Tree=78
num_leaves=31
num_cat=0
split_feature=4 13 13 13 32 13 3 39 1 18 32 18 4 7 9 2 14 11 4 34 1 22 25 20 39 3 39 39 3 25
split_gain=551.189 190.601 376.75 160.906 180.171 28.2219 22.7319 15.3335 9.32543 9.00736 12.7269 12.3292 11.5279 9.72435 10.0883 9.25424 8.91139 8.72399 7.96335 7.91542 7.76629 7.21472 7.08542 6.46306 5.88043 5.38546 7.76159 7.02057 4.00705 2.36006
threshold=1.0000000180025095e-35 12.92698907852173 -3.4262548685073848 0.00075226789808231222 10.500000000000002 -19.322152137756344 -0.20921241492033002 2.9499136209487919 0.25197902321815496 4230.6164550781259 19.500000000000004 -4482.9084472656241 9.4249997138977069 0.17281839996576312 0.19746561348438266 0.5375255048274995 -1.0000000180025095e-35 0.60477614402771007 61.875000000000007 1.5000000000000002 -0.66433361172676075 0.073686014860868468 0.0044128096196800479 1.0000000180025095e-35 -0.027744126506149765 0.28204661607742315 0.72958907485008251 2.8427296876907353 -0.047816248610615723 0.47939355671405798
decision_type=2 2 2 2 2 2 2 2 2 2 2 2 2 2 2 2 2 2 2 2 2 2 2 2 2 2 2 2 2 2
left_child=1 2 5 4 -4 8 -5 -7 -1 11 17 13 24 14 -2 20 -15 29 -14 -19 -12 22 -3 -24 -13 27 -27 -23 -17 -11
right_child=9 21 3 6 -6 7 -8 -9 -10 10 15 12 18 16 -16 28 -18 19 -20 -21 -22 25 23 -25 -26 26 -28 -29 -30 -31
leaf_value=-1.3894454214010734e-05 -6.9562165006520352e-05 -0.00016184673214362561 -1.9743351878309755e-05 5.1369125073571145e-05 0.00016385979942591927 -1.9743351878309755e-05 -1.9743351878309755e-05 -1.9743351878309755e-05 -2.9683858315196932e-05 0.00079238835625137073 0.0060777376870981281 -5.587144093429104e-05 -9.0339082103805922e-05 -0.0016045707612319397 0.00020019784598181018 -1.7123513994018319e-05 0.0019416757283753786 -0.00011890131378689776 -0.00034035697594493142 0.00012278102842910483 0.00038043653899379524 2.3329082412111006e-05 -2.378562046034407e-05 -2.5611573236239352e-05 5.5621719945197352e-05 -5.1618893622971478e-05 0.000249527052533688 -0.0001115164752948037 0.0039693024555004647 3.9929333887189777e-05
leaf_weight=10637 7661 62 18000 1389 2016 6720 7597 840 582 954 187 10604 23971 49 10053 33 631 4956 1091 11525 1022 10041 802 303 19739 1110 294 556 177 239
leaf_count=10637 7661 62 18000 1389 2016 6720 7597 840 582 954 187 10604 23971 49 10053 33 631 4956 1091 11525 1022 10041 802 303 19739 1110 294 556 177 239
internal_value=-0.00239842 -0.00609321 -0.00756106 -0.0111337 -0.0136291 -0.00204351 -0.00557534 -0.00440476 -0.000452358 2.58365e-05 0.00099382 -0.000224597 -0.000596968 0.000897032 0.000671785 0.00554968 0.00676471 0.000628041 -0.00139055 0.000329167 0.00386683 -0.000767011 -0.00452014 -0.00359729 5.84978e-05 -0.00040205 -0.00331197 -1.65141e-05 0.0152381 0.00475692
internal_weight=153841 60949 47781 29002 20016 18779 8986 7560 11219 92892 19093 73799 55405 18394 17714 1419 680 17674 25062 16481 1209 13168 1167 1105 30343 12001 1404 10597 210 1193
internal_count=153841 60949 47781 29002 20016 18779 8986 7560 11219 92892 19093 73799 55405 18394 17714 1419 680 17674 25062 16481 1209 13168 1167 1105 30343 12001 1404 10597 210 1193
is_linear=0
shrinkage=0.05


Tree=79
num_leaves=28
num_cat=0
split_feature=4 13 13 13 32 13 3 39 2 21 21 22 4 22 3 1 22 18 3 3 39 39 32 39 22 7 14
split_gain=550.833 190.19 378.661 160.684 180.171 28.7334 22.54 15.3335 8.84771 8.1166 13.7602 11.9148 10.7994 10.0245 10.0211 7.69193 6.26023 6.14664 5.82897 6.84795 6.76778 5.13469 3.67109 3.59915 3.21017 2.79733 2.06912
threshold=1.0000000180025095e-35 12.92698907852173 -3.4262548685073848 0.00075226789808231222 10.500000000000002 -19.322152137756344 -0.082226250320672975 2.9499136209487919 0.80164751410484325 0.97499999403953563 0.12500000372529033 0.2543781846761704 20.47500038146973 0.199594222009182 0.13886877894401553 0.25197902321815496 0.073686014860868468 269.80349731445318 0.28204661607742315 0.35972993075847631 2.8427296876907353 -0.12337663397192954 20.500000000000004 -4.0763666629791251 0.028086829930543903 0.1596316993236542 1.0000000180025095e-35
decision_type=2 2 2 2 2 2 2 2 2 2 2 2 2 2 2 2 2 2 2 2 2 2 2 2 2 2 2
left_child=1 2 5 4 -4 15 -5 -7 9 10 13 -12 14 -2 -11 -1 21 -14 20 -20 -18 23 25 -3 -23 26 -10
right_child=8 16 3 6 -6 7 -8 -9 22 12 11 -13 17 -15 -16 -17 18 -19 19 -21 -22 24 -24 -25 -26 -27 -28
leaf_value=-1.3199731503310206e-05 -0.00014746601155092608 0.00036651255303270843 -1.8756184284394268e-05 -1.8756184284394268e-05 0.00015566680945462344 -1.8756184284394268e-05 -1.8756184284394268e-05 -1.8756184284394268e-05 0.00057508391577806991 7.3753429642291554e-06 5.345188142564725e-06 0.00022190639858886245 -0.00029773260939327156 -1.0093776184692121e-06 -0.00020445089942753257 -2.819966539943709e-05 2.2162628291505461e-05 -9.6589192879296823e-05 -0.00011115774666847021 -1.2117666617134788e-05 -0.00010594065153006352 -8.1683447019596182e-05 0.0045193435480732512 -2.5630596416497742e-05 -2.1862428041704313e-05 0.0068813875308446045 0.0012556367174368179
leaf_weight=10637 6040 30 18000 2859 2016 6720 6127 840 279 23114 22525 19410 2740 13480 3221 582 10041 1970 588 816 556 77 33 279 781 43 37
leaf_count=10637 6040 30 18000 2859 2016 6720 6127 840 279 23114 22525 19410 2740 13480 3221 582 10041 1970 588 816 556 77 33 279 781 43 37
internal_value=-0.00239387 -0.00608747 -0.00755373 -0.0111354 -0.0136291 -0.00202221 -0.0055809 -0.00440476 2.96043e-05 -2.16216e-06 0.00033073 0.000841183 -0.000661137 -0.000765881 -0.000266755 -0.000416704 -0.000767011 -0.00286624 -0.000427048 -0.00345442 -2.59507e-05 -0.00426307 0.00752551 -0.00978964 -0.00227273 0.0060585 0.00443038
internal_weight=153841 60949 47781 29002 20016 18779 8986 7560 92892 92500 61455 41935 31045 19520 26335 11219 13168 4710 12001 1404 10597 1167 392 309 858 359 316
internal_count=153841 60949 47781 29002 20016 18779 8986 7560 92892 92500 61455 41935 31045 19520 26335 11219 13168 4710 12001 1404 10597 1167 392 309 858 359 316
is_linear=0
shrinkage=0.05


Tree=80
num_leaves=31
num_cat=0
split_feature=4 13 13 13 32 13 3 39 22 32 3 2 34 3 2 37 1 22 3 3 39 39 0 4 21 13 34 22 32 3
split_gain=552.052 190.366 379.455 161.406 177.347 28.7976 22.4716 15.3335 8.30236 9.56997 16.7723 27.7626 18.9764 10.572 15.1582 11.3276 7.70418 6.10773 5.54227 6.52282 6.50796 5.21461 4.6881 5.20967 4.11867 3.85843 3.63577 3.25819 2.84694 2.20756
threshold=1.0000000180025095e-35 12.92698907852173 -3.4262548685073848 0.00075226789808231222 10.500000000000002 -19.322152137756344 -0.082226250320672975 2.9499136209487919 0.11577921360731126 14.500000000000002 0.044598495587706573 0.12298071384429933 1.5000000000000002 0.33071994781494146 0.74247610569000255 1.0000000180025095e-35 0.25197902321815496 0.073686014860868468 0.28204661607742315 0.35972993075847631 2.8427296876907353 -0.12337663397192954 0.1086518131196499 35.875000000000007 0.97499999403953563 7033.2026367187509 2.5000000000000004 0.057398274540901191 2.5000000000000004 0.12630619108676913
decision_type=2 2 2 2 2 2 2 2 2 2 2 2 2 2 2 2 2 2 2 2 2 2 2 2 2 2 2 2 2 2
left_child=1 2 5 4 -4 16 -5 -7 22 13 11 -11 -12 14 -10 -15 -1 21 20 -20 -19 26 23 24 -2 28 -3 -23 -24 -25
right_child=8 17 3 6 -6 7 -8 -9 9 10 12 -13 -14 15 -16 -17 -18 18 19 -21 -22 27 25 29 -26 -27 -28 -29 -30 -31
leaf_value=-1.2539744928144731e-05 7.7959192574501328e-06 -2.148896640318619e-06 -1.7818375070174552e-05 -1.7818375070174552e-05 0.00014788346898189243 -1.7818375070174552e-05 -1.7818375070174552e-05 -1.7818375070174552e-05 5.3701517666667094e-06 0.00041565174573939722 -7.442492950727187e-05 -0.00084031254245325719 0.0023527565272805349 0.00023520020776205653 0.00076089218496003849 -0.00035245830652271307 -2.6789682129465235e-05 2.1054496876930177e-05 -0.0001055998593350467 -1.1511783286278048e-05 -0.00010064361895356033 6.1168112802155909e-06 -0.00015028844319361662 -0.00023714336788013018 -0.00012121824231788935 0.0017780204363608482 -5.8714783154691156e-05 -3.9607996865601475e-05 -0.00071383101449208868 0.0003988668539057979
leaf_weight=10637 5516 179 18000 2859 2016 6720 6127 840 72302 3810 812 1098 1298 931 1092 2189 582 10041 588 816 556 416 1480 603 1432 36 130 442 247 46
leaf_count=10637 5516 179 18000 2859 2016 6720 6127 840 72302 3810 812 1098 1298 931 1092 2189 582 10041 588 816 556 416 1480 603 1432 36 130 442 247 46
internal_value=-0.00239224 -0.00608993 -0.00755687 -0.0111423 -0.0136416 -0.00201954 -0.00557534 -0.00440476 3.39103e-05 0.000192142 0.00195925 0.000356561 0.0056872 3.00599e-05 0.000151239 -0.00282051 -0.000412247 -0.000767011 -0.000431214 -0.00338319 -4.01057e-05 -0.00422022 -0.00137821 -0.000839147 -0.000438975 -0.00370108 -0.00978964 -0.00221445 -0.0040388 -0.00512327
internal_weight=153841 60949 47781 29002 20016 18779 8986 7560 92892 83532 7018 4908 2110 76514 73394 3120 11219 13168 12001 1404 10597 1167 9360 7597 6948 1763 309 858 1727 649
internal_count=153841 60949 47781 29002 20016 18779 8986 7560 92892 83532 7018 4908 2110 76514 73394 3120 11219 13168 12001 1404 10597 1167 9360 7597 6948 1763 309 858 1727 649
is_linear=0
shrinkage=0.05


Tree=81
num_leaves=28
num_cat=0
split_feature=4 13 13 13 32 13 3 3 2 1 1 32 34 1 3 3 38 2 1 2 34 25 38 10 14 4 13
split_gain=550.583 191.646 380.186 161.606 176.224 28.9263 22.4716 12.9833 8.25329 7.89257 11.8294 11.851 9.81537 7.72872 4.78035 7.32624 8.49686 5.88538 4.70529 4.54464 3.96802 4.10432 3.44735 3.54391 2.50528 1.16191 0.582201
threshold=1.0000000180025095e-35 12.92698907852173 -3.4262548685073848 0.00075226789808231222 10.500000000000002 -19.322152137756344 -0.082226250320672975 -0.11377381160855292 0.80164751410484325 -3.0804568529129024 -1.0380201935768125 2.5000000000000004 5.0000000000000009 0.25197902321815496 0.28204661607742315 0.35972993075847631 0.14459293335676196 0.67617648839950573 0.25197902321815496 0.20327090471982959 2.5000000000000004 0.34366941452026373 -0.25294733047485346 0.0050125627312809238 1.0000000180025095e-35 10.625000000000002 1520.1753540039065
decision_type=2 2 2 2 2 2 2 2 2 2 2 2 2 2 2 2 2 2 2 2 2 2 2 2 2 2 2
left_child=1 2 5 4 -4 13 -5 -7 9 22 11 -11 -12 -1 17 16 -16 19 -17 -3 24 26 -2 -24 25 -10 -22
right_child=8 14 3 6 -6 7 -8 -9 20 10 12 -13 -14 -15 15 18 -18 -19 -20 -21 21 -23 23 -25 -26 -27 -28
leaf_value=-1.1912757681737525e-05 9.4164198440435147e-05 -2.6398777769000626e-05 -1.6927456316665829e-05 -1.6927456316665829e-05 0.00014048929553279796 -1.6927456316665829e-05 -1.6927456316665829e-05 -1.6927456316665829e-05 0.00066215643790046091 0.00018061589306938273 -1.8033480747274568e-05 0.0025794670679804167 0.00039107173610529043 -2.5450198022991974e-05 -0.00010241223050100395 0.0002943526661175228 0.0018091131397427311 0.0041448050957908766 -2.5450667045053916e-05 0.00011907608273534002 0.0041210564752312074 9.2938919488655067e-05 -0.00058917811745176358 -0.00090662485375557923 0.0012181339780220684 -8.3755995108977628e-05 0.0048822298912907271
leaf_weight=10637 48 9233 18000 2859 2016 2570 6127 4990 124 5554 83579 831 2237 582 594 373 35 40 550 2343 38 34 101 150 38 108 50
leaf_count=10637 48 9233 18000 2859 2016 2570 6127 4990 124 5554 83579 831 2237 582 594 373 35 40 550 2343 38 34 101 150 38 108 50
internal_value=-0.00239224 -0.00608501 -0.00755687 -0.0111458 -0.0136466 -0.00201422 -0.00557534 -0.00440476 3.06808e-05 0 2.63012e-05 0.00210258 -0.000128181 -0.000403334 -0.000744228 -0.00335052 -0.00751192 -0.000396006 -0.000514626 -0.000462163 0.00727041 0.0147541 -0.00811037 -0.0104582 0.00388889 0.00193966 0.0204545
internal_weight=153841 60949 47781 29002 20016 18779 8986 7560 92892 92500 92201 6385 85816 11219 13168 1552 629 11616 923 11576 392 122 299 251 270 232 88
internal_count=153841 60949 47781 29002 20016 18779 8986 7560 92892 92500 92201 6385 85816 11219 13168 1552 629 11616 923 11576 392 122 299 251 270 232 88
is_linear=0
shrinkage=0.05


Tree=82
num_leaves=31
num_cat=0
split_feature=4 13 13 13 32 13 3 39 13 1 32 38 1 21 21 39 32 3 0 7 1 3 3 3 38 22 25 39 22 22
split_gain=549.269 191.197 380.707 161.829 176.224 28.7997 22.6889 15.3972 7.78947 10.0047 11.7152 23.7176 11.3858 9.07569 12.9478 12.5038 8.86178 12.0482 7.80127 9.4828 7.741 7.21753 5.75724 6.44686 8.49686 5.89007 6.31813 5.34367 4.70021 3.94223
threshold=1.0000000180025095e-35 12.92698907852173 -3.4262548685073848 0.00075226789808231222 10.500000000000002 -19.322152137756344 -0.20921241492033002 2.9499136209487919 1814.6960449218752 -1.0380201935768125 2.5000000000000004 0.1074047163128853 -3.0804568529129024 0.12500000372529033 0.97499999403953563 -1.2575875520706175 20.500000000000004 -0.084897842258214937 -0.20431675016880033 0.1126164346933365 0.25197902321815496 -0.55379974842071522 0.28204661607742315 0.35972993075847631 0.14459293335676196 0.069670796394348158 0.0044128096196800479 2.8427296876907353 0.092890832573175444 0.17205929011106494
decision_type=2 2 2 2 2 2 2 2 2 2 2 2 2 2 2 2 2 2 2 2 2 2 2 2 2 2 2 2 2 2
left_child=1 2 5 4 -4 20 -5 -7 9 10 12 -12 -2 15 -15 -11 18 -18 21 -20 -1 -10 25 24 -24 26 -3 -27 -25 -19
right_child=8 22 3 6 -6 7 -8 -9 16 13 11 -13 -14 14 -16 -17 17 29 19 -21 -22 -23 23 28 -26 27 -28 -29 -30 -31
leaf_value=-1.1317119797650631e-05 -0.00072720014550990285 -0.00014821718766943486 -1.6081083500832534e-05 5.147576960345432e-05 0.00013346483075615795 -1.6081083500832534e-05 -1.6081083500832534e-05 -1.6081083500832534e-05 0.00016730632262085509 -0.00023416016552486505 0.0033225701790942732 -0.0015293240074588277 0.00022818093810632464 6.0267934708844312e-05 -6.725396846788846e-05 -4.8837035386962993e-05 -0.00097548992105697435 0.0011704054180492821 -2.7382554126526016e-05 0.00091640206308223624 -2.4177688121842374e-05 0.0016885863092642958 -9.7291618975953772e-05 -1.825028483970888e-05 0.0017186574827555944 1.3324929808835598e-05 -2.1622081033136534e-05 -9.9324203057065289e-05 0.00013892541164419979 0.0049573705057827881
leaf_weight=10637 281 56 18000 1389 2016 6720 7597 840 676 3592 699 78 4997 35770 26346 11681 162 85 6675 1061 582 532 594 241 35 10162 832 566 682 257
leaf_count=10637 281 56 18000 1389 2016 6720 7597 840 676 3592 699 78 4997 35770 26346 11681 162 85 6675 1061 582 532 594 241 35 10162 832 566 682 257
internal_value=-0.00239419 -0.00608254 -0.00755269 -0.0111441 -0.0136466 -0.00200623 -0.00556978 -0.00439153 2.58365e-05 -0.00012823 0.00182907 0.00756113 0.000985222 -0.000281371 -1.28791e-05 -0.00137334 0.00138654 0.0078373 0.00102303 0.000439504 -0.000398877 0.00475993 -0.000748026 -0.00360825 -0.00751192 -0.000365875 -0.00427928 -4.19463e-05 -0.000947996 0.0131579
internal_weight=153841 60949 47781 29002 20016 18779 8986 7560 92892 83444 6055 777 5278 77389 62116 15273 9448 504 8944 7736 11219 1208 13168 1552 629 11616 888 10728 923 342
internal_count=153841 60949 47781 29002 20016 18779 8986 7560 92892 83444 6055 777 5278 77389 62116 15273 9448 504 8944 7736 11219 1208 13168 1552 629 11616 888 10728 923 342
is_linear=0
shrinkage=0.05


Tree=83
num_leaves=31
num_cat=0
split_feature=5 13 13 13 32 13 39 39 18 18 7 38 9 2 34 5 5 5 38 38 32 32 1 38 1 13 25 1 0 13
split_gain=546.387 192.886 381.595 162.475 175.104 28.8972 15.4292 14.5323 7.96529 14.4477 8.77192 8.78921 8.36639 7.90594 16.9256 12.9369 9.15833 7.72177 8.94087 7.37152 10.388 8.09235 7.31027 5.42765 4.61112 6.93268 4.07896 3.03352 6.34687 3.86249
threshold=1.0000000180025095e-35 12.92698907852173 -3.4262548685073848 0.00075226789808231222 10.500000000000002 -19.322152137756344 2.9499136209487919 0.81853067874908458 393.90202331542974 -4677.9338378906241 0.17281839996576312 -0.37418840825557703 0.17376467585563662 0.48264084756374365 2.5000000000000004 6.1250000000000009 19.32499980926514 61.875000000000007 -0.32030953466892237 0.22453185915946963 8.5000000000000018 14.500000000000002 0.25197902321815496 0.2464515566825867 0.28938786685466772 118.09861755371095 0.30122153460979467 0.046606576070189483 0.4552478045225144 411.50425720214849
decision_type=2 2 2 2 2 2 2 2 2 2 2 2 2 2 2 2 2 2 2 2 2 2 2 2 2 2 2 2 2 2
left_child=1 2 5 4 -4 22 -7 -5 9 10 12 -12 -2 19 16 -16 -15 18 -11 21 -21 -10 -1 -19 27 26 -26 28 -3 -29
right_child=8 24 3 7 -6 6 -8 -9 13 17 11 -13 -14 14 15 -17 -18 23 -20 20 -22 -23 -24 -25 25 -27 -28 29 -30 -31
leaf_value=-1.075126380776807e-05 -8.2308901562190651e-05 -2.1840578823550065e-05 -1.5277029325790907e-05 -1.5277029325790907e-05 0.00012679158921835004 -1.5277029325790907e-05 -1.5277029325790907e-05 -1.5277029325790907e-05 2.3998218332426868e-05 0.00054181245415949129 0.0086750574019567785 0.0010911041442870487 0.00017292864640381934 0.00019497703075690883 -0.00019286093412398936 0.0018989922369846706 -0.00042571632178004719 -0.0004400242056160974 -6.720704978683627e-05 -0.00013013092707738188 -0.0011929855405968847 0.00062134797961972915 -2.2968803715750255e-05 0.00010085745179051173 -3.9465826020096523e-05 0.0011568468169208216 0.00043638068801413318 2.5360594481662215e-05 -0.00011494856646171003 0.0013248644064796065
leaf_weight=10637 6984 10394 18000 5707 2016 6720 840 3279 28874 765 58 619 10423 1664 377 1210 666 654 36090 1475 201 2646 582 186 462 177 46 1799 209 81
leaf_count=10637 6984 10394 18000 5707 2016 6720 840 3279 28874 765 58 619 10423 1664 377 1210 666 654 36090 1475 201 2646 582 186 462 177 46 1799 209 81
internal_value=-0.00239322 -0.00607188 -0.0075485 -0.0111441 -0.0136516 -0.00199558 -0.00438492 -0.00555865 2.04539e-05 -0.000357213 0.000804579 0.00638848 0.000587407 0.000588069 0.00271254 0.00669502 0 -0.000914578 -0.000806539 0.00033739 -0.00289379 0.000509201 -0.000385507 -0.00565476 -0.000713852 -0.00470803 -0.00767717 -0.000494673 -0.00082288 0.00135638
internal_weight=153841 60949 47781 29002 20016 18779 7560 8986 92892 55779 18084 677 17407 37113 3917 1587 2330 37695 36855 33196 1676 31520 11219 840 13168 685 508 12483 10603 1880
internal_count=153841 60949 47781 29002 20016 18779 7560 8986 92892 55779 18084 677 17407 37113 3917 1587 2330 37695 36855 33196 1676 31520 11219 840 13168 685 508 12483 10603 1880
is_linear=0
shrinkage=0.05


Tree=84
num_leaves=30
num_cat=0
split_feature=5 13 13 13 13 13 3 3 18 18 5 2 21 1 9 2 3 2 38 3 3 8 9 22 1 0 2 7 7
split_gain=543.457 195.229 381.752 162.599 59.3964 28.8661 22.2838 13.0955 7.69741 7.60495 9.31598 9.95447 8.48387 7.32221 6.3309 9.20763 5.81902 5.81678 5.77481 7.70488 4.83706 4.44281 4.82196 3.79583 3.76436 3.10811 4.32609 3.96289 2.91987
threshold=1.0000000180025095e-35 12.92698907852173 -3.4262548685073848 0.00075226789808231222 -1.2792892423564917e-13 -19.322152137756344 -0.20921241492033002 -0.11377381160855292 91424.945312500015 -47627.753906249993 9.4249997138977069 0.46560677886009222 1.0000000180025095e-35 0.25197902321815496 0.16004778444767001 -0.21507957577705381 0.28204661607742315 0.67617648839950573 0.00083585685933940123 0.35972993075847631 0.10509758070111276 0.092900503426790251 0.23895432054996493 0.069670796394348158 -0.055497219786047929 0.118063572794199 0.28202185034751898 0.12917864322662356 0.11590837314724924
decision_type=2 2 2 2 2 2 2 2 2 2 2 2 2 2 2 2 2 2 2 2 2 2 2 2 2 2 2 2 2
left_child=1 2 5 4 -4 13 -5 -7 9 14 12 -12 -11 -1 15 -2 17 23 19 -18 -16 25 28 -3 -20 27 -27 -10 -23
right_child=8 16 3 6 -6 7 -8 -9 21 10 11 -13 -14 -15 20 -17 18 -19 24 -21 -22 22 -24 -25 -26 26 -28 -29 -30
leaf_value=-1.0213700617379627e-05 0.002023940781873203 -2.0748549882372565e-05 -1.4513177859501364e-05 4.966583258957116e-05 -1.4513177859501364e-05 -1.4513177859501364e-05 -1.4513177859501364e-05 -1.4513177859501364e-05 0.00059953889862014373 -7.5588967707323178e-05 -7.7916816548886765e-05 0.00019849846766101486 6.3431682870426949e-05 -2.1820363529962742e-05 0.00041133654937392579 -0.00033006290310846377 -9.1769577472416682e-05 0.003929967808371489 -0.00029893399569613013 -1.2049104411540656e-05 0.0010895333913740009 0.0037216072741306804 -0.00055496435953108776 -7.8548566066471377e-06 0.00071628367480953536 -0.0011240264870985125 0.00012335811122493324 -0.00091068354611570617 0.001461161341994538
leaf_weight=10637 201 888 5381 1389 14635 2570 7597 4990 1411 8741 38009 4644 34459 582 2362 1320 553 40 31 832 513 46 39 10688 136 91 559 130 367
leaf_count=10637 201 888 5381 1389 14635 2570 7597 4990 1411 8741 38009 4644 34459 582 2362 1320 553 40 31 832 513 46 39 10688 136 91 559 130 367
internal_value=-0.00238997 -0.00605875 -0.00754432 -0.0111406 -0.0136491 -0.00199026 -0.00555308 -0.00437831 1.72243e-05 -6.06655e-05 -0.000164525 -0.000688697 0.000353009 -0.00038105 0.0019677 -0.000641026 -0.000668287 -0.000284091 -0.00354381 -0.00460289 0.00334783 0.00267688 0.00719027 -0.000349862 0.00523952 0.00174578 -0.00115385 0.00296885 0.00877724
internal_weight=153841 60949 47781 29002 20016 18779 8986 7560 92892 90249 85853 42653 43200 11219 4396 1521 13168 11616 1552 1385 2875 2643 452 11576 167 2191 650 1541 413
internal_count=153841 60949 47781 29002 20016 18779 8986 7560 92892 90249 85853 42653 43200 11219 4396 1521 13168 11616 1552 1385 2875 2643 452 11576 167 2191 650 1541 413
is_linear=0
shrinkage=0.05


Tree=85
num_leaves=30
num_cat=0
split_feature=4 13 13 13 32 13 3 39 13 15 38 38 2 7 9 3 39 3 2 39 3 3 22 38 39 32 3 39 18
split_gain=539.046 198.634 381.974 162.599 175.042 28.9305 22.2838 15.1747 7.33584 6.46826 10.532 10.1897 8.17576 16.041 9.19315 6.42468 5.77148 5.17129 5.79312 4.90227 6.63365 4.57697 4.42714 3.94228 3.5575 3.47841 3.42547 3.375 0.416227
threshold=1.0000000180025095e-35 12.92698907852173 -3.4262548685073848 0.00075226789808231222 10.500000000000002 -19.322152137756344 -0.20921241492033002 2.9499136209487919 19835.107421875004 -0.64810839295387257 0.22453185915946963 -0.18378288298845288 0.042577724903821952 0.03386270999908448 0.34955403208732611 -0.23777956515550611 0.70472827553749096 0.28204661607742315 0.67617648839950573 0.72958907485008251 0.35972993075847631 0.3001589179039002 0.099764585494995131 0.36682778596878057 2.8427296876907353 8.5000000000000018 -0.21834377944469449 1.1238195300102236 67707.332031250015
decision_type=2 2 2 2 2 2 2 2 2 2 2 2 2 2 2 2 2 2 2 2 2 2 2 2 2 2 2 2 2
left_child=1 2 5 4 -4 15 -5 -7 9 10 11 -2 13 -11 -14 -1 21 18 24 20 -19 23 -21 -10 -3 -23 -12 28 -18
right_child=8 17 3 6 -6 7 -8 -9 16 12 26 -13 14 -15 -16 -17 27 19 -20 22 -22 25 -24 -25 -26 -27 -28 -29 -30
leaf_value=0.00018730052482480704 0.00032482576173830676 -8.3197607030923052e-06 -1.3787518966526296e-05 4.7182540960092608e-05 0.00012117766865040754 -1.3787518966526296e-05 -1.3787518966526296e-05 -1.3787518966526296e-05 0.0011805938597818776 -0.00010529291570242714 0.0010103043449230893 -9.0155437168577915e-05 2.6893831783777416e-05 0.00016509285887770787 0.00024188825562494189 -3.7506203948527239e-05 -0.0019832242361430314 -8.7181098598795853e-05 0.0037334694179529146 -1.9391379410891144e-05 -1.5126594847707779e-05 -0.0016899139191044197 0.00041516410883400364 0.002086196016885858 -6.7407471980593484e-05 0.0011153729017553912 0.00012658099018335954 0.00074868984730222174 -0.0012136771016194295
leaf_weight=3490 1974 10920 18000 1389 2016 6720 7597 840 889 12344 361 26790 33159 8249 8129 7729 37 487 40 88 743 46 234 41 656 30 772 36 35
leaf_count=3490 1974 10920 18000 1389 2016 6720 7597 840 889 12344 361 26790 33159 8249 8129 7729 37 487 40 88 743 46 234 41 656 30 772 36 35
internal_value=-0.00239094 -0.00604481 -0.00754327 -0.0111406 -0.0136491 -0.00198759 -0.00555308 -0.00437831 6.45911e-06 -4.24938e-05 -0.000646386 -0.000832638 0.000249269 -0.000564512 0.000655154 -0.000376593 0.0040395 -0.000607533 -0.000245351 -0.0033183 -0.0047561 0.00521869 0.00217391 0.0061828 -0.000310988 -0.00657895 0.00408208 -0.00694444 -0.0131944
internal_weight=153841 60949 47781 29002 20016 18779 8986 7560 92892 91778 29897 28764 61881 20593 41288 11219 1114 13168 11616 1552 1230 1006 322 930 11576 76 1133 108 72
internal_count=153841 60949 47781 29002 20016 18779 8986 7560 92892 91778 29897 28764 61881 20593 41288 11219 1114 13168 11616 1552 1230 1006 322 930 11576 76 1133 108 72
is_linear=0
shrinkage=0.05


Tree=86
num_leaves=31
num_cat=0
split_feature=4 13 13 13 32 13 3 39 21 34 37 2 38 21 32 39 39 32 22 0 22 38 39 3 3 2 39 2 0 39
split_gain=536.906 201.691 381.974 162.599 175.042 28.9305 22.2838 15.1747 7.21216 18.5476 15.2114 18.6538 13.5442 11.0763 16.3577 16.3623 14.7893 10.3006 18.0715 13.1808 7.08082 9.39945 7.99125 6.21957 4.08587 5.04841 4.03465 6.0793 3.999 3.59196
threshold=1.0000000180025095e-35 12.92698907852173 -3.4262548685073848 0.00075226789808231222 10.500000000000002 -19.322152137756344 -0.20921241492033002 2.9499136209487919 0.97499999403953563 1.0000000180025095e-35 1.0000000180025095e-35 0.048030192032456405 0.02413942385464907 0.57500001788139354 14.500000000000002 1.6393371224403384 -1.1009289622306822 2.5000000000000004 0.72094690799713146 0.2281666770577431 0.31197471916675573 -0.51251009106636036 -1.0412624478340147 -0.23777956515550611 0.28204661607742315 0.67617648839950573 0.72958907485008251 0.75919079780578624 0.48001201450824743 2.8427296876907353
decision_type=2 2 2 2 2 2 2 2 2 2 2 2 2 2 2 2 2 2 2 2 2 2 2 2 2 2 2 2 2 2
left_child=1 2 5 4 -4 23 -5 -7 13 10 11 -10 -12 14 16 -16 -2 19 -19 -11 21 -15 -22 -1 25 29 27 -26 -28 -3
right_child=8 24 3 6 -6 7 -8 -9 9 17 12 -13 -14 20 15 -17 -18 18 -20 -21 22 -23 -24 -25 26 -27 28 -29 -30 -31
leaf_value=0.00017793549858356671 -0.0001729189365452191 -7.903772667937738e-06 -1.3098143018199982e-05 4.4823413912087982e-05 0.00011511878521788723 -1.3098143018199982e-05 -1.3098143018199982e-05 -1.3098143018199982e-05 -0.00031074528311297227 -8.626570255527034e-06 -0.00066913008973453034 0.00039811100858404334 -0.00013773697115747156 0.0028914782993829679 0.00098260902173534742 -0.00071885919830389465 2.7764969649308333e-06 0.00017733386272463514 0.0020627102295009939 -0.00051814375097620005 0.00058025729063658146 3.4249388412051569e-05 0.0002098882249092493 -3.5630893751100881e-05 -4.6593985081790552e-05 0.003546795947055269 0.00036756655457994853 0.00082443479373388469 -0.00013336335204526794 -6.4037098381563811e-05
leaf_weight=3490 8138 10920 18000 1389 2016 6720 7597 840 867 21481 1989 1211 1136 136 2825 268 24647 2593 464 1330 1987 16951 6869 7729 1097 40 263 133 59 656
leaf_count=3490 8138 10920 18000 1389 2016 6720 7597 840 867 21481 1989 1211 1136 136 2825 268 24647 2593 464 1330 1987 16951 6869 7729 1097 40 263 133 59 656
internal_value=-0.00238672 -0.00603332 -0.00754327 -0.0111406 -0.0136491 -0.00198759 -0.00555308 -0.00437831 5.92085e-06 -0.000615526 -0.00333942 -2.40616e-05 -0.005544 0.000318258 -0.00025085 0.00322502 -0.000578771 -6.76512e-05 0.00265783 -0.000432905 0.00110531 0.000510622 0.00225271 -0.000376593 -0.000554374 -0.000232438 -0.00296392 -0.00426829 0.00201863 -0.000293711
internal_weight=153841 60949 47781 29002 20016 18779 8986 7560 92892 31071 5203 2078 3125 61821 35878 3093 32785 25868 3057 22811 25943 17087 8856 11219 13168 11616 1552 1230 322 11576
internal_count=153841 60949 47781 29002 20016 18779 8986 7560 92892 31071 5203 2078 3125 61821 35878 3093 32785 25868 3057 22811 25943 17087 8856 11219 13168 11616 1552 1230 322 11576
is_linear=0
shrinkage=0.05


Tree=87
num_leaves=31
num_cat=0
split_feature=4 3 24 32 24 22 0 38 3 39 24 0 2 32 39 21 34 21 1 32 2 4 0 34 22 0 32 0 38 0
split_gain=534.993 155.499 116.187 100.943 29.6558 27.7316 27.7006 21.8963 19.8652 18.7685 16.9374 16.3742 14.377 13.6549 7.24508 6.92779 18.0494 10.5153 11.6486 21.7806 10.8851 9.9411 9.17841 11.7905 10.0659 9.08583 6.29567 14.6008 10.0849 4.87036
threshold=1.0000000180025095e-35 -0.10210046172142027 2.5000000000000004 14.500000000000002 1.5000000000000002 0.069670796394348158 -0.12748190760612485 0.10402005538344385 -0.23241005837917325 -1.3175431489944456 2.5000000000000004 -0.071764949709177003 0.21943420171737674 14.500000000000002 1.8960810303688052 0.97499999403953563 1.0000000180025095e-35 0.12500000372529033 0.13344171643257144 20.500000000000004 -0.20038617402315137 20.47500038146973 0.46805934607982641 3.5000000000000004 0.87769630551338207 0.2281666770577431 19.500000000000004 -0.024468470364809033 0.079529050737619414 0.059062071144580848
decision_type=2 2 2 2 2 2 2 2 2 2 2 2 2 2 2 2 2 2 2 2 2 2 2 2 2 2 2 2 2 2
left_child=1 7 3 4 -3 13 -7 8 10 12 -1 -10 -9 -4 -5 17 26 22 20 -20 -19 25 24 -24 -2 -18 28 -28 -17 -23
right_child=15 2 5 14 -6 6 -8 9 11 -11 -12 -13 -14 -15 -16 16 21 18 19 -21 -22 29 23 -25 -26 -27 27 -29 -30 -31
leaf_value=-8.1167924550700271e-05 -0.00010991109957496539 -1.2443235867289983e-05 -1.2443235867289983e-05 0.0010213867051320328 -1.2443235867289983e-05 -1.2443235867289983e-05 -1.2443235867289983e-05 -2.4164118649931915e-05 -1.2443235867289983e-05 5.1736538653599474e-05 0.0001365569282259231 -1.2443235867289983e-05 0.00079688726177574 0.00013189747951417049 -0.00038077929620837367 -0.00029020154890354205 5.0152319403070321e-05 0.00094858084715264586 0.00050294390987532455 0.0054002664445525596 3.5209797673666636e-05 -0.00022426933752688101 8.8794828914484216e-05 0.0025470498054466135 0.00028683530864356924 -0.00038218416281633662 -0.0010904801315531471 -0.00048325486882277069 0.00019499826286742319 7.9502560185314936e-05
leaf_weight=3169 15461 7848 1908 1025 8905 2007 19030 1302 3596 590 7000 3705 143 202 519 3635 20486 1565 1755 258 38559 3141 1494 393 2336 1217 158 361 1049 1024
leaf_count=3169 15461 7848 1908 1025 8905 2007 19030 1302 3596 590 7000 3705 143 202 519 3635 20486 1565 1755 258 38559 3141 1494 393 2336 1217 158 361 1049 1024
internal_value=-0.00239322 -0.00603332 -0.0077659 -0.0107436 -0.011871 -0.00541215 -0.00486405 -0.00235196 -0.00178019 -0.00726044 -0.000351559 -0.00377003 -0.0103287 -0.0108768 0.00148964 -4.84434e-06 -0.000613917 0.000301273 0.000746968 0.00445852 0.000560762 -7.34498e-05 -0.000652814 0.00266296 -0.00100438 0.000355942 -0.00330098 -0.00852601 -0.00272203 -0.00231092
internal_weight=153841 60949 41444 18297 16753 23147 21037 19505 17470 2035 10169 7301 1445 2110 1544 92892 31071 61821 42137 2013 40124 25868 19684 1887 17797 21703 5203 519 4684 4165
internal_count=153841 60949 41444 18297 16753 23147 21037 19505 17470 2035 10169 7301 1445 2110 1544 92892 31071 61821 42137 2013 40124 25868 19684 1887 17797 21703 5203 519 4684 4165
is_linear=0
shrinkage=0.05


Tree=88
num_leaves=29
num_cat=0
split_feature=4 3 32 22 14 38 3 37 14 0 2 39 38 39 39 1 0 39 39 37 4 38 34 38 10 3 2 0
split_gain=538.219 154.824 104.334 95.1277 52.7651 21.9784 19.5805 19.3246 17.0493 16.3742 13.9668 13.9291 8.15405 23.3543 16.4374 6.95709 9.0339 16.3239 7.90665 19.9296 14.1966 6.48634 3.838 3.17137 3.5137 2.40758 1.41994 1.41057
threshold=1.0000000180025095e-35 -0.10210046172142027 14.500000000000002 0.064333289861679091 -1.0000000180025095e-35 0.10402005538344385 -0.23241005837917325 1.0000000180025095e-35 -1.0000000180025095e-35 -0.071764949709177003 0.21943420171737674 1.7898395061492922 0.30095177888870245 2.3309744596481328 1.7898395061492922 -3.0804568529129024 -1.4874465465545652 -1.0000000180025095e-35 -0.79354643821716297 1.0000000180025095e-35 2.7250000238418584 -0.34707100689411158 1.0000000180025095e-35 -0.25294733047485346 0.094131156802177443 -0.24904084950685498 -1.1961632370948789 -1.4874465465545652
decision_type=2 2 2 2 2 2 2 2 2 2 2 2 2 2 2 2 2 2 2 2 2 2 2 2 2 2 2 2
left_child=1 5 3 8 -5 6 11 25 -3 -8 -9 -1 14 -14 -4 23 17 21 19 -18 -20 -17 -19 -2 26 -7 -25 -26
right_child=15 2 12 4 -6 7 9 10 -10 -11 -12 -13 13 -15 -16 16 18 22 20 -21 -22 -23 -24 24 27 -27 -28 -29
leaf_value=-1.3365246368150048e-06 0.00012471745953786833 -1.1821074073925483e-05 0.00053913747283567542 -1.9413525741068761e-05 -1.1821074073925483e-05 -3.3103155497947314e-05 -1.1821074073925483e-05 -2.2785506256748324e-05 -1.1821074073925483e-05 -1.1821074073925483e-05 0.0007997866276082717 -6.2674336413567444e-05 -0.00095093822830380568 0.012490449999758591 -0.00062978517463649711 -0.00017271455354215816 -0.00028664431957482647 -0.00088711175623596957 0.00023965552695019311 -1.310329683727636e-05 2.1802585456929919e-06 0.001531244701882137 0.00035302035829457647 -0.0013044481878172242 -0.0011335470724768986 0.0003484769271358315 -0.00022719048323079517 -0.0005275012527954934
leaf_weight=9776 48 267 2284 2738 29891 141 3596 1323 5144 3705 142 393 42 116 962 92 3779 225 6755 21425 59689 420 208 33 83 429 93 42
leaf_count=9776 48 267 2284 2738 29891 141 3596 1323 5144 3705 142 393 42 116 962 92 3779 225 6755 21425 59689 420 208 33 83 429 93 42
internal_value=-0.00238964 -0.00604071 -0.00776952 -0.00851998 -0.00750176 -0.00236734 -0.0017945 -0.00728501 -0.01466 -0.00377003 -0.0103242 -0.000376143 0.000616921 0.0117089 7.70179e-05 5.92085e-06 3.05099e-05 0.00489418 -1.96404e-05 -0.000773687 0.00026639 0.0109375 -0.00225173 -0.0076087 -0.00986056 0.000526316 -0.00396825 -0.0158
internal_weight=153841 60949 41444 38040 32629 19505 17470 2035 5411 7301 1465 10169 3404 158 3246 92892 92593 945 91648 25204 66444 512 433 299 251 570 126 125
internal_count=153841 60949 41444 38040 32629 19505 17470 2035 5411 7301 1465 10169 3404 158 3246 92892 92593 945 91648 25204 66444 512 433 299 251 570 126 125
is_linear=0
shrinkage=0.05


Tree=89
num_leaves=28
num_cat=0
split_feature=5 13 13 13 32 13 3 39 13 1 1 34 25 14 39 3 2 3 38 38 5 39 25 25 38 38 1
split_gain=538.032 200.958 382.838 161.26 175.042 29.7363 21.9669 15.0167 7.0244 6.43917 8.94095 7.10755 7.03851 6.14387 4.92955 4.3535 5.05332 4.27678 5.81871 4.01668 3.86872 3.57471 3.45626 3.163 3.05269 3.17769 1.74927
threshold=1.0000000180025095e-35 12.92698907852173 -3.4262548685073848 0.00075226789808231222 10.500000000000002 -19.322152137756344 -0.082226250320672975 2.9499136209487919 19835.107421875004 -3.0804568529129024 -1.2053272724151609 5.0000000000000009 0.090714659541845336 -1.0000000180025095e-35 0.64328655600547802 0.28204661607742315 0.67617648839950573 0.35972993075847631 0.14459293335676196 0.36682778596878057 20.675000190734867 2.8427296876907353 0.29643185436725622 0.074423011392354979 -0.25294733047485346 -0.14252521842718122 0.077680200338363661
decision_type=2 2 2 2 2 2 2 2 2 2 2 2 2 2 2 2 2 2 2 2 2 2 2 2 2 2 2
left_child=1 2 5 4 -4 13 -5 -7 9 24 12 -12 -11 -1 19 16 21 18 -17 20 -10 -3 -19 -16 -2 -26 -25
right_child=8 15 3 6 -6 7 -8 -9 14 10 11 -13 -14 -15 23 17 -18 22 -20 -21 -22 -23 -24 26 25 -27 -28
leaf_value=0.00025418045707313299 0.00011848158656097485 -6.9426405842613462e-06 -1.123002037022921e-05 -1.123002037022921e-05 8.2171338763602141e-05 -1.123002037022921e-05 -1.123002037022921e-05 -1.123002037022921e-05 0.001783056208104944 -0.00024184409691371117 -1.8516021057764233e-05 0.00031915881237348234 0.00043552921169454106 -3.2101578027749102e-05 0.001294020696056896 -7.9279128917705759e-05 0.0033666822473613078 -1.4232188550505174e-05 0.0015577190774796182 0.0019210461944972038 0.00036852361947580377 -5.9622027965424843e-05 0.00077525829338971012 -0.0020946478939970802 -0.0014920320565945046 -0.00056557272910481154 -0.00086201644749855021
leaf_weight=1632 48 10920 18000 2859 2016 6720 6127 840 402 1087 84029 2398 3966 9587 34 594 40 819 35 38 553 656 104 31 35 215 56
leaf_count=1632 48 10920 18000 2859 2016 6720 6127 840 402 1087 84029 2398 3966 9587 34 594 40 819 35 38 553 656 104 31 35 215 56
internal_value=-0.00239192 -0.00604235 -0.00754955 -0.011151 -0.0136491 -0.00198759 -0.00558647 -0.00441138 3.22956e-06 -4.4673e-05 -2.07696e-05 -0.000140292 0.00202355 -0.00035431 0.00394973 -0.00057336 -0.000241047 -0.00306057 -0.00624006 0.00511078 0.00447644 -0.00030235 -0.000893824 -0.00557851 -0.00738255 -0.0096 -0.0106322
internal_weight=153841 60949 47781 29002 20016 18779 8986 7560 92892 91778 91480 86427 5053 11219 1114 13168 11616 1552 629 993 955 11576 923 121 298 250 87
internal_count=153841 60949 47781 29002 20016 18779 8986 7560 92892 91778 91480 86427 5053 11219 1114 13168 11616 1552 629 993 955 11576 923 121 298 250 87
is_linear=0
shrinkage=0.05


Tree=90
num_leaves=30
num_cat=0
split_feature=4 3 24 32 14 24 32 38 3 37 24 0 2 1 2 22 21 34 21 39 8 0 34 1 14 3 0 21 10
split_gain=534.752 153.918 116.087 97.5842 30.7214 29.6026 29.2551 22.8423 19.4793 18.9448 16.7184 15.9947 12.8115 9.26901 6.93844 6.46826 7.16735 16.517 10.6611 5.60514 4.62264 3.61855 2.97696 3.65534 2.58385 2.26085 2.01149 1.32414 0.9621
threshold=1.0000000180025095e-35 -0.10210046172142027 2.5000000000000004 14.500000000000002 -1.0000000180025095e-35 1.5000000000000002 10.500000000000002 0.10402005538344385 -0.23241005837917325 1.0000000180025095e-35 2.5000000000000004 -0.071764949709177003 0.090515475720167174 0.37024044990539556 0.80164751410484325 0.10386388003826143 0.97499999403953563 1.0000000180025095e-35 0.57500001788139354 1.8960810303688052 0.055493356660008437 0.1086518131196499 2.5000000000000004 -0.057422742247581475 1.0000000180025095e-35 -0.24904084950685498 0.44302579760551458 0.77500000596046459 0.14380901306867602
decision_type=2 2 2 2 2 2 2 2 2 2 2 2 2 2 2 2 2 2 2 2 2 2 2 2 2 2 2 2 2
left_child=1 7 3 5 13 -3 -6 8 10 25 -1 -10 -11 -4 15 20 18 -18 -17 -5 21 -2 24 -24 27 -9 -22 -16 -25
right_child=14 2 4 19 6 -7 -8 9 11 12 -12 -13 -14 -15 22 16 17 -19 -20 -21 26 -23 23 28 -26 -27 -28 -29 -30
leaf_value=-7.6481201072813051e-05 -3.1651598823870806e-05 -1.0668519351717749e-05 7.5556592781140044e-05 0.00093925192929546729 -1.0668519351717749e-05 -1.0668519351717749e-05 2.7274526041416817e-05 -3.0886496704538484e-05 -1.0668519351717749e-05 -2.2676713286029513e-05 0.00013135352874134925 -1.0668519351717749e-05 -8.9263337970258346e-06 -6.9543564376744891e-05 3.7191576148483574e-05 -1.5164398974122466e-05 -0.00027780826547369706 -8.6764803798860396e-07 0.00013342958778529433 -0.00032968957164761854 -0.00042958279276297687 -0.0001523230538925364 0.00053195738419503928 0.0020212178150072631 0.0011443843575868462 0.00033161458179755137 0.00025965562599821243 0.00089810620162832392 0.0062065896476283843
leaf_weight=3169 5924 7848 2141 1025 19191 8905 1755 141 3596 1041 7000 3705 424 60 192 32378 4944 24936 22974 519 300 1012 49 30 38 429 32 40 43
leaf_count=3169 5924 7848 2141 1025 19191 8905 1755 141 3596 1041 7000 3705 424 60 192 32378 4944 24936 22974 519 300 1012 49 30 38 429 32 40 43
internal_value=-0.00239322 -0.0060325 -0.00775625 -0.0107326 -0.00540351 -0.0118412 -0.00599398 -0.00236991 -0.00178592 -0.00738329 -0.000371226 -0.00375633 -0.0103925 0.000215811 -5.38259e-06 -3.35135e-05 8.85818e-05 -0.000535475 0.000425459 0.00129534 -0.00146533 -0.00118945 0.00663265 0.0131148 0.0037037 0.000350877 -0.00722892 0.00172414 0.0202055
internal_weight=153841 60949 41444 18297 23147 16753 20946 19505 17470 2035 10169 7301 1465 2201 92892 92500 85232 29880 55352 1544 7268 6936 392 122 270 570 332 232 73
internal_count=153841 60949 41444 18297 23147 16753 20946 19505 17470 2035 10169 7301 1465 2201 92892 92500 85232 29880 55352 1544 7268 6936 392 122 270 570 332 232 73
is_linear=0
shrinkage=0.05


Tree=91
num_leaves=31
num_cat=0
split_feature=4 13 13 13 32 13 3 39 2 18 18 4 38 32 32 4 25 3 2 39 3 38 22 3 3 13 22 4 18 1
split_gain=533.829 200.65 384.567 161.083 172.933 28.2033 21.8994 15.4611 6.67325 6.39889 11.0118 7.64244 7.115 12.0093 8.94396 6.86961 5.88506 3.95197 3.83179 6.2709 3.78319 5.63343 3.56383 3.30317 3.11524 3.10046 2.4875 2.74047 1.50804 1.0473
threshold=1.0000000180025095e-35 12.92698907852173 -3.4262548685073848 0.00075226789808231222 10.500000000000002 -19.322152137756344 -0.082226250320672975 2.9499136209487919 0.80164751410484325 447.08734130859381 -4482.9084472656241 73.799999237060561 0.22453185915946963 8.5000000000000018 8.5000000000000018 6.4249999523162851 0.073427964001894011 0.28204661607742315 0.20327090471982959 2.7840145826339726 0.35972993075847631 0.14459293335676196 0.092890832573175444 -1.1688111424446104 0.37682336568832403 -35.92979431152343 0.37438043951988226 17.22500038146973 315.25280761718756 -0.031756978482007973
decision_type=2 2 2 2 2 2 2 2 2 2 2 2 2 2 2 2 2 2 2 2 2 2 2 2 2 2 2 2 2 2
left_child=1 2 5 4 -4 16 -5 -7 9 10 11 -2 14 -14 -11 -12 -1 18 23 -20 21 -19 -22 -3 25 28 -26 -28 -10 -27
right_child=8 17 3 6 -6 7 -8 -9 24 12 15 -13 13 -15 -16 -17 -18 20 19 -21 22 -23 -24 -25 26 29 27 -29 -30 -31
leaf_value=-8.7305689805688988e-05 5.4629843900828959e-05 0.0002827163626914181 -1.0135093384131862e-05 -1.0135093384131862e-05 9.4547250407803042e-05 -1.0135093384131862e-05 -1.0135093384131862e-05 -1.0135093384131862e-05 -0.00030903557065062559 3.5205421837539162e-05 -2.0316538051886724e-06 0.0011784320137316097 -9.8531302605413962e-05 -0.0011788506969123461 0.0005736840568043932 -9.7709766785258195e-05 5.4935941015195008e-05 -7.4781746504234582e-05 0.00026064293760882966 -0.00012996807603512218 -1.298715315539403e-05 0.0014803665495732232 7.241207194170758e-05 -2.9493778868812731e-05 0.0011660447462656072 0.0016547712282550338 0.00026741795282223018 -0.00093859763027820745 0.0012553724664812896 0.0034863075942678811
leaf_weight=5579 18060 986 18000 2859 2016 6720 6127 840 32 31377 15004 244 1673 204 3375 22563 5640 594 2217 166 241 35 682 8247 56 37 128 34 37 68
leaf_count=5579 18060 986 18000 2859 2016 6720 6127 840 32 31377 15004 244 1673 204 3375 22563 5640 594 2217 166 241 35 682 8247 56 37 128 34 37 68
internal_value=-0.00239062 -0.00602676 -0.00753281 -0.0111423 -0.0136391 -0.0019583 -0.0055809 -0.00431878 -4.84434e-06 -3.24324e-05 -0.000369154 0.000636473 0.000481176 -0.00251731 0.000643128 -0.000859132 -0.00036768 -0.000561968 -0.000245351 0.00154217 -0.0029317 -0.0059221 -0.000893824 -0.000706704 0.0065051 0.0114943 0.00252294 -0.000617284 0.00326087 0.0169048
internal_weight=153841 60949 47781 29002 20016 18779 8986 7560 92892 92500 55871 18304 36629 1877 34752 37567 11219 13168 11616 2383 1552 629 923 9233 392 174 218 162 69 105
internal_count=153841 60949 47781 29002 20016 18779 8986 7560 92892 92500 55871 18304 36629 1877 34752 37567 11219 13168 11616 2383 1552 629 923 9233 392 174 218 162 69 105
is_linear=0
shrinkage=0.05


Tree=92
num_leaves=28
num_cat=0
split_feature=4 13 13 13 32 13 3 39 2 34 1 1 13 25 3 2 3 38 2 25 38 38 34 1 14 3 10
split_gain=527.693 196.252 378.761 156.62 169.533 28.0782 21.8994 15.5251 6.93956 6.38089 6.28981 7.40959 6.70322 6.34526 4.07923 3.74212 3.62192 5.63343 3.58782 3.16293 2.99378 3.2386 2.97696 3.65534 2.58385 1.17868 0.9621
threshold=1.0000000180025095e-35 12.92698907852173 -3.4262548685073848 0.00075226789808231222 10.500000000000002 -19.322152137756344 -0.082226250320672975 2.9499136209487919 0.80164751410484325 5.0000000000000009 -3.0804568529129024 -1.2053272724151609 1814.6960449218752 0.090714659541845336 0.28204661607742315 0.67617648839950573 0.35972993075847631 0.14459293335676196 0.58073779940605175 0.29643185436725622 -0.25294733047485346 -0.14252521842718122 2.5000000000000004 -0.057422742247581475 1.0000000180025095e-35 0.37682336568832403 0.14380901306867602
decision_type=2 2 2 2 2 2 2 2 2 2 2 2 2 2 2 2 2 2 2 2 2 2 2 2 2 2 2
left_child=1 2 5 4 -4 9 -5 -7 10 -1 20 13 -13 -12 15 18 17 -16 -3 -18 -2 -22 24 -24 25 -10 -25
right_child=8 14 3 6 -6 7 -8 -9 22 -11 11 12 -14 -15 16 -17 19 -19 -20 -21 21 -23 23 26 -26 -27 -28
leaf_value=-2.3423470713894494e-05 0.00011248638298082345 -1.2246329536689638e-05 -9.6283387149252685e-06 -9.6283387149252685e-06 8.9819887887412832e-05 -9.6283387149252685e-06 -9.6283387149252685e-06 -9.6283387149252685e-06 0.0011087556346292332 0.0010428461172945964 -0.00022952570710836723 -2.1874364472685046e-05 0.00014664891390820355 0.00040931258823207199 -7.1042659179022851e-05 0.0031804239502527948 -1.3071706893246882e-05 0.0014063482220945619 -0.00057223653150392036 0.00073340820109072519 -0.0014165706511258137 -0.00054946589675991411 0.00044259089166122232 0.0018038481157435623 0.0010667683921783602 -6.5851807425264258e-06 0.0057219447855335719
leaf_weight=10753 48 11455 18000 2859 2016 6720 6127 840 44 466 1087 78254 8868 3992 594 40 819 35 121 104 35 216 49 30 38 188 43
leaf_count=10753 48 11455 18000 2859 2016 6720 6127 840 44 466 1087 78254 8868 3992 594 40 819 35 121 104 35 216 49 30 38 188 43
internal_value=-0.00237794 -0.00599313 -0.00748258 -0.0110648 -0.0135267 -0.00195032 -0.0055809 -0.00430556 -5.92085e-06 -0.000363223 -3.40541e-05 -1.05747e-05 -0.000118799 0.00184584 -0.000588548 -0.000266873 -0.00299613 -0.0059221 -0.000319627 -0.00100217 -0.00727425 -0.00946215 0.00663265 0.0131148 0.0037037 0.00172414 0.0202055
internal_weight=153841 60949 47781 29002 20016 18779 8986 7560 92892 11219 92500 92201 87122 5079 13168 11616 1552 629 11576 923 299 251 392 122 270 232 73
internal_count=153841 60949 47781 29002 20016 18779 8986 7560 92892 11219 92500 92201 87122 5079 13168 11616 1552 629 11576 923 299 251 392 122 270 232 73
is_linear=0
shrinkage=0.05


Tree=93
num_leaves=31
num_cat=0
split_feature=4 13 13 13 32 13 3 39 15 38 38 4 22 7 1 0 13 3 0 22 34 22 34 34 38 21 38 1 38 38
split_gain=525.278 201.158 377.226 157.279 169.533 27.6051 22.1216 15.5572 6.52836 9.82637 8.55682 8.53979 7.22315 6.84198 6.25195 10.8375 6.14541 3.61054 7.75205 9.19841 7.20811 9.47116 6.98743 3.34441 6.44117 3.12497 2.81923 2.58254 2.4084 5.39111
threshold=1.0000000180025095e-35 12.92698907852173 -3.4262548685073848 0.00075226789808231222 10.500000000000002 -19.322152137756344 -0.082226250320672975 2.9499136209487919 -0.70898979902267445 0.22453185915946963 -0.18378288298845288 22.274999618530277 0.11577921360731126 0.083655152469873442 -3.0804568529129024 -1.4874465465545652 -185.9236145019531 -1.1688111424446104 -0.71135804057121266 0.29652534425258642 1.0000000180025095e-35 0.90294119715690624 1.0000000180025095e-35 1.5000000000000002 0.23813173174858096 0.47499999403953558 -0.32030953466892237 -0.091324564069509492 -0.43764922022819513 -0.25294733047485346
decision_type=2 2 2 2 2 2 2 2 2 2 2 2 2 2 2 2 2 2 2 2 2 2 2 2 2 2 2 2 2 2
left_child=1 2 5 4 -4 16 -5 -7 9 10 13 -12 28 -2 26 -16 -1 20 19 -19 21 -3 -20 25 -25 -11 -14 -22 -10 -30
right_child=8 17 3 6 -6 7 -8 -9 12 23 11 -13 14 -15 15 -17 -18 18 22 -21 27 -23 -24 24 -26 -27 -28 -29 29 -31
leaf_value=0.00030038193188891424 0.0001212467251204781 0.0024193307777723339 -9.1469217791790043e-06 -9.1469217791790043e-06 8.5328893493042107e-05 -9.1469217791790043e-06 -9.1469217791790043e-06 -9.1469217791790043e-06 0.00076468855772732864 4.9254798545549441e-05 -5.4810081982245921e-05 -0.0002362420241158468 9.8478976207462551e-05 0.001641383357931298 0.00081108666121190135 3.7781823385119563e-05 -3.189871673271153e-05 0.0016485250419109344 -5.1747033238953498e-05 -0.0005025640551556712 -0.00018890140572295247 0.00044736110551805226 2.3755699566153556e-07 0.0013743924906836258 -0.00012220113061938505 0.00095242095579202999 -0.00063610165800286056 0.00069899748448114187 -0.00023495080636087661 -5.3729439474925547e-05
leaf_weight=1549 1568 118 18000 2859 2016 6720 6127 840 63 193 21759 3684 31 303 628 57774 9670 37 2120 317 785 165 9540 83 456 323 175 86 246 5606
leaf_count=1549 1568 118 18000 2859 2016 6720 6127 840 63 193 21759 3684 31 303 628 57774 9670 37 2120 317 785 165 9540 83 456 323 175 86 246 5606
internal_value=-0.00236982 -0.00597672 -0.00748467 -0.0110596 -0.0135267 -0.00196363 -0.00556421 -0.00429894 -3.22956e-06 -0.000635377 -0.000818262 -0.00105825 0.000274708 0.00244522 0.000442772 0.000473443 -0.000389963 -0.000505012 -0.000761611 -0.00805085 0.00216638 0.00909894 -0.000540309 0.00409953 0.00134508 0.00697674 -0.00825243 -8.61079e-05 -0.00139053 -0.00149522
internal_weight=153841 60949 47781 29002 20016 18779 8986 7560 92892 28369 27314 25443 64523 1871 58608 58402 11219 13168 12014 354 1154 283 11660 1055 539 516 206 871 5915 5852
internal_count=153841 60949 47781 29002 20016 18779 8986 7560 92892 28369 27314 25443 64523 1871 58608 58402 11219 13168 12014 354 1154 283 11660 1055 539 516 206 871 5915 5852
is_linear=0
shrinkage=0.05


Tree=94
num_leaves=30
num_cat=0
split_feature=4 13 13 13 32 13 39 22 13 4 7 0 20 39 4 0 39 39 38 32 39 32 1 34 38 13 22 24 1
split_gain=524.953 198.833 378.552 157.279 169.533 27.9841 15.5572 15.1669 6.59032 5.90537 11.6993 9.51733 7.84829 6.98162 16.3415 9.06616 5.62495 4.6259 4.63808 4.06036 2.89352 2.78444 3.91169 4.02698 3.94708 3.04432 5.7636 4.16072 0.904068
threshold=1.0000000180025095e-35 12.92698907852173 -3.4262548685073848 0.00075226789808231222 10.500000000000002 -19.322152137756344 2.9499136209487919 0.31197471916675573 19835.107421875004 9.4249997138977069 0.077088959515094771 0.4552478045225144 -1.0000000180025095e-35 -1.7696225047111509 3.3249999284744267 0.28088290989398962 -2.6133313179016109 0.70472827553749096 0.36682778596878057 19.500000000000004 1.1238195300102236 2.5000000000000004 -0.080943223088979707 3.5000000000000004 -0.0065743450541049233 199.34710693359378 0.20429347455501559 1.5000000000000002 0.15814532339572909
decision_type=2 2 2 2 2 2 2 2 2 2 2 2 2 2 2 2 2 2 2 2 2 2 2 2 2 2 2 2 2
left_child=1 2 5 4 -4 16 -7 -5 9 13 12 -12 -11 14 -2 -15 -1 18 19 -10 28 25 23 -23 -24 27 -27 -3 -19
right_child=8 21 3 7 -6 6 -8 -9 17 10 11 -13 -14 15 -16 -17 -18 20 -20 -21 -22 22 24 -25 -26 26 -28 -29 -30
leaf_value=0.00015751252120256828 -0.00019034563246400567 -6.0751993094248764e-05 -8.6895756902200544e-06 -8.6895756902200544e-06 8.1062448818390077e-05 -8.6895756902200544e-06 -8.6895756902200544e-06 -8.6895756902200544e-06 0.00073669415219386177 -3.0386685466184118e-06 0.00010343275176468784 0.0012491937101611131 -0.00011066649030739943 9.0004780594855546e-05 5.7159065077660477e-05 -0.00017836671798452031 -3.1785498315224067e-05 -0.0022023300357848544 0.0018624409376252274 0.0043108710363696998 0.00056261855872586709 0.00048749545592343264 -0.00033688848221568863 0.0038671897362818025 0.00015679263059704721 -0.00014984449731980602 0.00055099236542645205 -1.4337749883220957e-05 -0.0009576623402165977
leaf_weight=1586 3709 1297 18000 7125 2016 6720 840 1861 898 17419 7566 1187 21194 31259 5558 3886 9633 38 41 67 36 433 145 94 463 603 956 9177 34
leaf_count=1586 3709 1297 18000 7125 2016 6720 840 1861 898 17419 7566 1187 21194 31259 5558 3886 9633 38 41 67 36 433 145 94 463 603 956 9177 34
internal_value=-0.00237339 -0.00597918 -0.00747839 -0.0110596 -0.0135267 -0.00194765 -0.00429894 -0.00556421 -7.53563e-06 -5.39345e-05 -0.0004423 0.00120816 -0.000816435 0.000360263 -0.000860581 0.000682174 -0.000363223 0.00381508 0.00487078 0.00417098 -0.00601852 -0.000539186 0.00182819 0.00498102 -0.000904605 -0.000762486 0.00129891 -0.00106931 -0.0118056
internal_weight=153841 60949 47781 29002 20016 18779 7560 8986 92892 91778 47366 8753 38613 44412 9267 35145 11219 1114 1006 965 108 13168 1135 527 608 12033 1559 10474 72
internal_count=153841 60949 47781 29002 20016 18779 7560 8986 92892 91778 47366 8753 38613 44412 9267 35145 11219 1114 1006 965 108 13168 1135 527 608 12033 1559 10474 72
is_linear=0
shrinkage=0.05


Tree=95
num_leaves=31
num_cat=0
split_feature=4 13 13 13 13 13 3 3 0 1 38 37 1 3 25 22 7 1 3 22 3 7 3 37 38 38 2 38 25 0
split_gain=520.46 200.45 378.148 157.346 57.7406 27.7658 21.9187 14.0031 6.78092 12.3293 7.90161 10.9267 6.58427 8.43778 5.91468 8.53773 7.62704 7.34132 14.0734 7.10631 5.50449 4.96565 4.17462 3.33698 13.8681 11.1332 5.41457 5.23037 3.84871 3.53856
threshold=1.0000000180025095e-35 12.92698907852173 -3.4262548685073848 0.00075226789808231222 -1.2792892423564917e-13 -19.322152137756344 -0.082226250320672975 -0.10819913819432257 0.55615735054016124 0.096356604248285307 0.8683454990386964 1.0000000180025095e-35 -0.21460137516260144 0.22023219615221026 0.36725123226642614 0.08353451639413835 0.1596316993236542 -0.068023350089788423 0.21503996849060061 0.25623680651187902 -0.23777956515550611 0.028752477839589122 0.022789358161389831 1.0000000180025095e-35 -0.010515488684177397 -0.022543641738593575 0.052275896072387702 0.097845792770385756 0.17483700811862948 0.30509483814239508
decision_type=2 2 2 2 2 2 2 2 2 2 2 2 2 2 2 2 2 2 2 2 2 2 2 2 2 2 2 2 2 2
left_child=1 2 5 4 -4 20 -5 -7 14 12 11 -11 22 -14 15 21 -17 19 -19 -16 -1 -2 -10 24 29 28 -27 -26 -25 -3
right_child=8 23 3 6 -6 7 -8 -9 9 10 -12 -13 13 -15 17 16 -18 18 -20 -21 -22 -23 -24 25 27 26 -28 -29 -30 -31
leaf_value=0.00015695353472959953 -7.0965424978388684e-05 -8.4773261537475213e-05 -8.2550969057090513e-06 -8.2550969057090513e-06 -8.2550969057090513e-06 -8.2550969057090513e-06 -8.2550969057090513e-06 -8.2550969057090513e-06 -0.0011404370689113636 0.002334726157875311 0.0049354054625133231 3.5758283081163693e-05 0.00035755886334695351 -0.00045047599201501304 -0.00012324155044990057 -1.9763700176083332e-05 0.0008182587270263317 0.00057596846191404797 -0.00022336725908155485 0.00011052306063030031 -3.4238462005092108e-05 -0.00028814083174262078 8.3860289039072038e-06 0.00034889972912981941 8.6695196248781138e-05 -9.0223187473268483e-05 -3.1788862778857094e-05 0.00056583288622480811 -0.00011917847106749907 0.00023948928611346957
leaf_weight=3490 2663 1470 5381 2859 14635 2677 6127 4883 118 699 55 783 1048 482 2600 69954 1202 1903 853 9861 7729 604 67 1085 3972 1766 3964 526 271 114
leaf_count=3490 2663 1470 5381 2859 14635 2677 6127 4883 118 699 55 783 1048 482 2600 69954 1202 1903 853 9861 7729 604 67 1085 3972 1766 3964 526 271 114
internal_value=-0.00236917 -0.00595949 -0.00746479 -0.0110441 -0.0135117 -0.001937 -0.00554752 -0.0042791 -1.34565e-05 0.0022294 0.00548146 0.00479082 -0.000685131 0.000392157 -9.48237e-05 -0.000278476 -0.000163725 0.000803378 0.00313861 0.000286895 -0.000358766 -0.00277778 -0.00959459 -0.000497418 0.000361723 -0.00123483 -0.00219895 0.00177857 0.00283923 -0.00366162
internal_weight=153841 60949 47781 29002 20016 18779 8986 7560 92892 3252 1537 1482 1715 1530 89640 74423 71156 15217 2756 12461 11219 3267 185 13168 6082 7086 5730 4498 1356 1584
internal_count=153841 60949 47781 29002 20016 18779 8986 7560 92892 3252 1537 1482 1715 1530 89640 74423 71156 15217 2756 12461 11219 3267 185 13168 6082 7086 5730 4498 1356 1584
is_linear=0
shrinkage=0.05


Tree=96
num_leaves=28
num_cat=0
split_feature=4 3 32 22 14 38 3 37 14 0 39 2 38 39 39 2 3 34 2 37 1 34 34 18 3 38 8
split_gain=522.833 160.045 99.2611 92.9253 50.466 23.9773 20.7254 18.9448 16.7185 15.8859 14.1096 12.8115 8.89456 22.0939 14.371 6.70861 6.17226 18.8778 13.8454 10.3444 8.53329 17.6717 9.01622 2.84491 2.26085 2.0364 2.5702
threshold=1.0000000180025095e-35 -0.10210046172142027 14.500000000000002 0.064333289861679091 -1.0000000180025095e-35 0.10402005538344385 -0.23241005837917325 1.0000000180025095e-35 -1.0000000180025095e-35 -0.071764949709177003 1.7898395061492922 0.090515475720167174 0.30095177888870245 2.3309744596481328 1.7898395061492922 0.80164751410484325 0.31943830847740179 2.5000000000000004 0.59652218222618114 1.0000000180025095e-35 0.14129775762557986 1.0000000180025095e-35 5.0000000000000009 56690.328125000007 -0.24904084950685498 0.071105107665061965 0.03077162150293589
decision_type=2 2 2 2 2 2 2 2 2 2 2 2 2 2 2 2 2 2 2 2 2 2 2 2 2 2 2
left_child=1 5 3 8 -5 6 10 24 -3 -8 -1 -9 14 -14 -4 16 20 19 -19 -18 22 -22 -2 25 -7 26 -17
right_child=15 2 12 4 -6 7 9 11 -10 -11 -12 -13 13 -15 -16 23 17 18 -20 -21 21 -23 -24 -25 -26 -27 -28
leaf_value=1.9565708954351505e-06 -1.2750134513306225e-05 -7.8423420604235994e-06 0.00046934847042815874 -1.5632654212699861e-05 -7.8423420604235994e-06 -2.7049420545603297e-05 -7.8423420604235994e-06 -1.9250126298019779e-05 -7.8423420604235994e-06 -7.8423420604235994e-06 -6.3254043687736793e-05 -6.1872657834662799e-06 -0.00095023909696707149 0.011866210974142317 -0.00060393613189559006 0.00095400808977691171 3.1984066582905345e-05 0.00026425904439450617 0.0052392481202311022 -0.00045761955383038654 0.0016853920400987925 0.00012464218229577586 0.00042351723678460255 0.0025909196728275564 0.00030089077229227045 -0.00035236981522388422 6.3311359110330981e-05
leaf_weight=9776 82120 267 2284 2738 29891 141 3596 1041 5144 3705 393 424 42 116 962 206 933 905 101 2104 589 3232 2516 45 429 31 110
leaf_count=9776 82120 267 2284 2738 29891 141 3596 1041 5144 3705 393 424 42 116 962 206 933 905 101 2104 589 3232 2516 45 429 31 110
internal_value=-0.00238314 -0.00598164 -0.00773936 -0.00847135 -0.00746499 -0.00224686 -0.00164854 -0.00738329 -0.0145398 -0.003681 -0.000189301 -0.0103925 0.000440658 0.0120253 -0.000123229 -2.20686e-05 -4.97297e-05 -0.00196018 0.00397614 -0.00392657 3.75889e-05 0.00234886 -6.67565e-05 0.0065051 0.000350877 0.00497118 0.00617089
internal_weight=153841 60949 41444 38040 32629 19505 17470 2035 5411 7301 10169 1465 3404 158 3246 92892 92500 4043 1006 3037 88457 3821 84636 392 570 347 316
internal_count=153841 60949 41444 38040 32629 19505 17470 2035 5411 7301 10169 1465 3404 158 3246 92892 92500 4043 1006 3037 88457 3821 84636 392 570 347 316
is_linear=0
shrinkage=0.05


Tree=97
num_leaves=31
num_cat=0
split_feature=4 13 13 32 13 13 39 13 24 1 2 12 38 38 2 7 9 0 32 37 38 38 34 1 3 4 3 9 11 1
split_gain=521.39 195.048 418.796 150.518 130.015 27.6397 15.6536 11.4423 9.03371 7.43783 5.94196 5.74904 9.43309 7.31442 6.49582 17.0044 9.68218 5.53845 3.35936 3.24483 12.9301 8.47931 3.06987 3.37721 2.53226 2.44631 2.4131 1.81452 1.60579 0.951859
threshold=1.0000000180025095e-35 7.5542457103729257 -3.4262548685073848 10.500000000000002 0.00075226789808231222 -19.322152137756344 2.9499136209487919 12.92698907852173 2.5000000000000004 -0.43018215894699091 0.80164751410484325 -0.74853721261024464 0.22453185915946963 -0.18378288298845288 0.042577724903821952 0.037926977500319488 0.34955403208732611 -1.0383247733116148 2.5000000000000004 1.0000000180025095e-35 -0.010515488684177397 -0.079373091459274278 2.5000000000000004 -0.057422742247581475 -0.20921241492033002 10.625000000000002 0.34838911890983587 0.018831762485206131 0.99981656670570385 0.32907520234584814
decision_type=2 2 2 2 2 2 2 2 2 2 2 2 2 2 2 2 2 2 2 2 2 2 2 2 2 2 2 2 2 2
left_child=1 2 5 4 -4 17 -7 8 26 -5 11 12 13 -2 15 -13 -16 -1 -10 20 -9 -21 25 -24 -14 28 -3 -27 -12 -25
right_child=10 7 3 9 -6 6 -8 19 18 -11 22 14 24 -15 16 -17 -18 -19 -20 21 -22 -23 23 29 -26 27 -28 -29 -30 -31
leaf_value=-0.0006754795242028737 0.00028700517389407281 -7.4502249574024195e-06 -7.4502249574024195e-06 -0.00071494087365328964 -7.4502249574024195e-06 -7.4502249574024195e-06 -7.4502249574024195e-06 -7.0937921366350581e-05 -7.4502249574024195e-06 0.00015516493688715958 0.00077841460957122461 -9.5750640486487248e-05 0.00083904052738439428 -8.518556185008667e-05 1.6877703862996483e-05 0.00022606886667164551 0.00021952481025924809 -3.9203166720755933e-06 0.00034367251720448443 0.00036106610326625015 0.00013649755450001832 -4.3671308605821713e-05 0.00021805280431140829 0.005185558598115805 0.000135710012623989 0.00056524146335803409 -7.4502249574024195e-06 -0.00046111063852295866 -0.00023538187219309601 0.0026002251281811717
leaf_weight=534 1807 995 18000 238 5778 6720 840 1584 1394 2322 103 14024 322 24277 34646 7732 9018 10685 196 772 4498 6314 49 38 674 62 79 62 43 35
leaf_count=534 1807 995 18000 238 5778 6720 840 1584 1394 2322 103 14024 322 24277 34646 7732 9018 10685 196 772 4498 6314 49 38 674 62 79 62 43 35
internal_value=-0.00237827 -0.0059718 -0.00764734 -0.011715 -0.0129553 -0.00194233 -0.0042791 -0.00119694 -0.00418544 -0.000195313 -2.04539e-05 -4.64865e-05 -0.000659158 -0.000841512 0.000207123 -0.000498713 0.000558813 -0.00036768 -0.00179245 -0.000592345 0.00025485 -0.0013195 0.00612245 0.0127049 0.00411647 0.00314815 -0.00772812 -0.00201613 0.00753425 0.0195205
internal_weight=153841 60949 45117 26338 23778 18779 7560 15832 2664 2560 92892 92500 27080 26084 65420 21756 43664 11219 1590 13168 6082 7086 392 122 996 270 1074 124 146 73
internal_count=153841 60949 45117 26338 23778 18779 7560 15832 2664 2560 92892 92500 27080 26084 65420 21756 43664 11219 1590 13168 6082 7086 392 122 996 270 1074 124 146 73
is_linear=0
shrinkage=0.05


Tree=98
num_leaves=31
num_cat=0
split_feature=4 13 13 32 13 13 39 13 22 1 0 1 32 38 1 3 25 1 2 8 39 25 39 3 0 34 38 10 22 13
split_gain=522.122 196.186 419.872 150.058 130.015 27.7352 15.6858 11.6122 8.07964 7.40336 5.76677 11.648 8.30511 9.19249 6.45563 7.52241 5.7286 5.64172 6.98477 12.2362 7.55568 5.25898 4.43308 3.09213 9.23007 5.96999 2.82131 2.71816 1.19415 0.263677
threshold=1.0000000180025095e-35 7.5542457103729257 -3.4262548685073848 10.500000000000002 0.00075226789808231222 -19.322152137756344 2.9499136209487919 12.92698907852173 0.035777354612946517 -0.43018215894699091 0.55615735054016124 0.096356604248285307 27.500000000000004 0.32185205817222601 -0.21460137516260144 0.22023219615221026 0.011862914543598892 -3.0804568529129024 -0.20038617402315137 0.10818327590823175 -0.052058435976505273 0.027781608514487747 1.0645261406898501 -1.1688111424446104 -0.71135804057121266 1.0000000180025095e-35 -0.25294733047485346 0.0050125627312809238 0.38958252966403967 10.550772666931154
decision_type=2 2 2 2 2 2 2 2 2 2 2 2 2 2 2 2 2 2 2 2 2 2 2 2 2 2 2 2 2 2
left_child=1 2 5 4 -4 21 -7 8 29 -5 17 14 13 -13 22 -16 -10 26 19 -19 -20 -1 -12 25 -25 -9 -2 -28 -14 -3
right_child=10 7 3 9 -6 6 -8 23 16 -11 11 12 28 -15 15 -17 -18 18 20 -21 -22 -23 -24 24 -26 -27 27 -29 -30 -31
leaf_value=-0.00013781507441982369 0.00010458503781895484 -7.3533307033912586e-06 -7.0777137095322989e-06 -0.00067919382997062513 -7.0777137095322989e-06 -7.0777137095322989e-06 -7.0777137095322989e-06 0.001022140776086061 -7.0777137095322989e-06 0.00014740669004280164 -0.0010446702969149223 0.00040647315120674149 0.0050847127221868077 0.003729189726907868 0.00033678556114908974 -0.00043779333417135391 -7.0777137095322989e-06 0.0001278517257918565 -6.1011590754420048e-05 0.0019479508931978435 1.4321735352201132e-05 1.8895907416852163e-05 0.00049888257584198366 -0.00044073918921900618 -1.007645767662354e-05 -9.5532103885413895e-05 -0.0004029092791303998 -0.00071426062967098493 0.0044666543964160645 -7.3533307033912586e-06
leaf_weight=2802 48 47 18000 238 5778 6720 840 283 378 2322 150 1338 91 76 1048 482 2207 6161 30118 463 52599 8417 35 354 11660 871 101 150 32 32
leaf_count=2802 48 47 18000 238 5778 6720 840 283 378 2322 150 1338 91 76 1048 482 2207 6161 30118 463 52599 8417 35 354 11660 871 101 150 32 32
internal_value=-0.00236754 -0.00596359 -0.00764401 -0.0117169 -0.0129553 -0.00193168 -0.00427249 -0.00117484 -0.00418544 -0.000214844 -8.07389e-06 0.00206027 0.00522121 0.0041372 -0.000772595 0.000294118 -0.00370406 -8.31102e-05 -6.01627e-05 0.00150211 -0.00018527 -0.00035431 -0.00959459 -0.000565765 -0.00080323 0.00190641 -0.0069398 -0.00906375 0.0176829 -0.0199367
internal_weight=153841 60949 45117 26338 23778 18779 7560 15832 2664 2560 92892 3252 1537 1414 1715 1530 2585 89640 89341 6624 82717 11219 185 13168 12014 1154 299 251 123 79
internal_count=153841 60949 45117 26338 23778 18779 7560 15832 2664 2560 92892 3252 1537 1414 1715 1530 2585 89640 89341 6624 82717 11219 185 13168 12014 1154 299 251 123 79
is_linear=0
shrinkage=0.05


Tree=99
num_leaves=31
num_cat=0
split_feature=4 13 13 13 13 13 3 39 13 24 10 38 13 38 37 7 8 34 2 13 18 2 18 2 13 22 3 1 34 3
split_gain=519.159 195.752 421.736 107.158 58.4513 28.4336 21.3475 15.6858 11.6854 9.03371 5.50066 7.3961 8.38148 7.83392 7.36239 6.69815 6.28683 6.0231 10.7806 7.62488 6.03698 7.3938 6.73333 5.9373 5.41217 4.31108 3.0637 6.14846 5.96999 3.06307
threshold=1.0000000180025095e-35 7.5542457103729257 -3.4262548685073848 0.00075226789808231222 -1.2792892423564917e-13 -19.322152137756344 -0.20921241492033002 2.9499136209487919 12.92698907852173 2.5000000000000004 0.36735826730728155 0.18249313533306125 19835.107421875004 0.13058479875326159 1.0000000180025095e-35 0.046447684988379485 0.0027218735776841645 5.0000000000000009 0.28202185034751898 64.429073333740249 393.90202331542974 0.49054430425167089 -4482.9084472656241 0.40479560196399694 -40.278293609619134 0.035777354612946517 -1.1688111424446104 -0.80715614557266224 1.0000000180025095e-35 -0.082226250320672975
decision_type=2 2 2 2 2 2 2 2 2 2 2 2 2 2 2 2 2 2 2 2 2 2 2 2 2 2 2 2 2 2
left_child=1 2 5 4 -4 24 -5 -7 9 25 17 13 16 15 -15 -12 -13 20 19 -19 22 -22 -2 -20 -1 -3 28 -28 -10 -11
right_child=10 8 3 6 -6 7 -8 -9 26 29 11 12 -14 14 -16 -17 -18 18 23 -21 21 -23 -24 -25 -26 -27 27 -29 -30 -31
leaf_value=2.914449705035162e-05 1.5377203342005487e-05 -6.985664168221696e-06 -6.723828024055683e-06 8.0613019757794625e-05 -6.723828024055683e-06 -6.723828024055683e-06 -6.723828024055683e-06 -6.723828024055683e-06 0.00097103373728175783 8.3667906073186393e-05 1.2795233358833641e-05 0.00044742842454850132 0.0014312583892858034 1.6757707077013489e-05 0.0013510527764608031 0.00041883494648018718 -0.00039222601648474209 0.0013217001443904233 -0.00058614432944377839 -0.00010424745856208347 7.2043940604241137e-06 0.00046063516942900927 -6.9305021550610148e-05 9.3754372835658069e-05 -6.0615700803159124e-05 -6.723828024055683e-06 -0.00030579596883916231 -8.908949485269571e-06 -9.0755498691143252e-05 -6.723828024055683e-06
leaf_weight=7331 16505 64 5381 944 14635 6720 5378 840 283 549 11964 223 56 263 369 5001 1042 1390 147 566 20655 2503 32081 127 3888 1010 613 11401 871 1041
leaf_count=7331 16505 64 5381 944 14635 6720 5378 840 283 549 11964 223 56 263 369 5001 1042 1390 147 566 20655 2503 32081 127 3888 1010 613 11401 871 1041
internal_value=-0.00236299 -0.00594883 -0.00762739 -0.0117093 -0.0135017 -0.00190239 -0.00603448 -0.00427249 -0.00116536 -0.00418544 -1.02269e-05 0.000750608 -0.00285768 0.00102148 0.00648734 0.00081786 -0.00369565 -0.000204802 0.00235426 0.00365542 -0.000284344 0.000379998 -0.000600996 -0.00693431 -0.000305286 -0.00772812 -0.000554374 -0.000790744 0.00190641 -0.00179245
internal_weight=153841 60949 45117 26338 20016 18779 6322 7560 15832 2664 92892 18918 1321 17597 632 16965 1265 73974 2230 1956 71744 23158 48586 274 11219 1074 13168 12014 1154 1590
internal_count=153841 60949 45117 26338 20016 18779 6322 7560 15832 2664 92892 18918 1321 17597 632 16965 1265 73974 2230 1956 71744 23158 48586 274 11219 1074 13168 12014 1154 1590
is_linear=0
shrinkage=0.05


Tree=100
num_leaves=31
num_cat=0
split_feature=5 13 13 13 32 13 3 39 5 7 34 2 9 2 21 2 38 39 1 20 5 34 34 1 3 2 39 39 38 2
split_gain=519.191 195.377 380.204 158.097 171.121 28.6587 21.8706 15.718 5.5385 10.2651 8.48612 13.4679 8.19081 7.58062 10.5201 9.88271 9.13245 8.36313 8.89809 6.94732 14.1695 6.23455 5.08087 4.93129 2.81997 7.34375 5.11385 4.60807 4.94668 3.56213
threshold=1.0000000180025095e-35 12.92698907852173 -3.4262548685073848 0.00075226789808231222 10.500000000000002 -19.322152137756344 -0.082226250320672975 2.9499136209487919 9.4249997138977069 0.077088959515094771 2.5000000000000004 0.4731090664863587 0.3011706024408341 0.72677344083786022 1.0000000180025095e-35 0.55647179484367382 0.033461993560194976 -1.0000000180025095e-35 0.02229828201234341 -1.0000000180025095e-35 25.524999618530277 2.5000000000000004 5.0000000000000009 -0.16593228280544278 -0.090492833405733095 0.090515475720167174 -3.5573898553848262 -2.6133313179016109 -0.28505955636501307 -0.027132844552397724
decision_type=2 2 2 2 2 2 2 2 2 2 2 2 2 2 2 2 2 2 2 2 2 2 2 2 2 2 2 2 2 2
left_child=1 2 5 4 -4 22 -5 -7 13 19 12 -12 -11 14 16 -16 -2 23 -19 21 -21 -10 -1 -15 25 26 -3 29 -29 -26
right_child=8 24 3 6 -6 7 -8 -9 9 10 11 -13 -14 17 15 -17 -18 18 -20 20 -22 -23 -24 -25 27 -27 -28 28 -30 -31
leaf_value=-1.7171686757791462e-05 -0.00016862499355250164 -0.00014338102596389465 -6.3876366228528992e-06 -6.3876366228528992e-06 9.2826497872240243e-05 -6.3876366228528992e-06 -6.3876366228528992e-06 -6.3876366228528992e-06 6.4986802492622746e-05 -0.00032482755436635748 0.00020568509356914469 0.0015810907234839961 0.00057165100711399142 -0.00049934347266611216 7.4071945586986698e-05 -0.00049007924513344277 0.00011839174956493853 -0.0004368565586803798 0.00089694269216913686 -5.5039722467318913e-05 -0.0002581115761144663 -7.8004524954187684e-05 0.0009978985903455063 0.0025319842504592377 -0.0002263069971925953 0.0005449234479734912 -3.0960447892267781e-06 -7.5646314931168072e-05 -7.3620184840385126e-06 -7.3367051997126173e-05
leaf_weight=10753 7000 501 18000 2859 2016 6720 6127 840 9857 2771 4707 1249 587 31 33879 1214 1510 289 461 17652 3791 7735 466 159 41 1283 3278 201 7461 403
leaf_count=10753 7000 501 18000 2859 2016 6720 6127 840 9857 2771 4707 1249 587 31 33879 1214 1510 289 461 17652 3791 7735 466 159 41 1283 3278 201 7461 403
internal_value=-0.00235714 -0.00594308 -0.00742921 -0.0110182 -0.0134917 -0.00188642 -0.00550857 -0.00426587 -4.30608e-06 -0.000374878 0.0011166 0.00224983 -0.000893389 0.00039793 0.000302158 0.000684609 -0.00127497 0.00484043 0.00246667 -0.000730754 -0.00133493 5.6844e-06 -0.000283002 0.0142105 -0.000550577 0.000375346 -0.000734321 -0.00112879 -0.000841817 -0.00608108
internal_weight=153841 60949 47781 29002 20016 18779 8986 7560 92892 48349 9314 5956 3358 44543 43603 35093 8510 940 750 39035 21443 17592 11219 190 13168 5062 3779 8106 7662 444
internal_count=153841 60949 47781 29002 20016 18779 8986 7560 92892 48349 9314 5956 3358 44543 43603 35093 8510 940 750 39035 21443 17592 11219 190 13168 5062 3779 8106 7662 444
is_linear=0
shrinkage=0.05


Tree=101
num_leaves=31
num_cat=0
split_feature=4 24 32 24 39 22 14 22 38 0 32 1 25 0 10 34 37 32 25 39 39 8 38 38 37 7 38 8 1 1
split_gain=518.125 140.371 85.3964 46.1932 45.9496 40.6225 31.5263 24.7116 18.9395 13.4371 9.37041 8.16821 7.35578 5.81893 5.31867 6.40254 10.8714 13.4643 6.91884 9.38899 8.57826 6.76339 6.15695 6.67444 6.44755 5.80215 5.29764 7.24136 3.31326 3.28996
threshold=1.0000000180025095e-35 2.5000000000000004 14.500000000000002 1.0000000180025095e-35 3.0046374797821049 0.064333289861679091 -1.0000000180025095e-35 0.069670796394348158 0.2464515566825867 -0.090376328676938997 14.500000000000002 0.34781159460544592 0.17073982954025271 -0.11673517525196074 0.36146824061870581 5.0000000000000009 1.0000000180025095e-35 27.500000000000004 0.36725123226642614 -0.052058435976505273 -1.0000000180025095e-35 0.012103496585041286 0.18249313533306125 0.13058479875326159 1.0000000180025095e-35 0.046923417598009116 0.18672653287649157 0.038666753098368652 0.34781159460544592 -0.019487836398184296
decision_type=2 2 2 2 2 2 2 2 2 2 2 2 2 2 2 2 2 2 2 2 2 2 2 2 2 2 2 2 2 2
left_child=1 2 3 29 6 -5 11 -8 9 -6 -10 -3 13 -4 15 18 21 -18 19 -2 -20 -17 23 25 -25 -16 -24 -28 -14 -1
right_child=14 4 12 5 8 -7 7 -9 10 -11 -12 -13 28 -15 22 16 17 -19 20 -21 -22 -23 26 24 -26 -27 27 -29 -30 -31
leaf_value=-6.0682547917102541e-06 -9.8330378411363742e-05 0.00022087827125088881 -0.00066659736631311179 -6.0682547917102541e-06 -6.0682547917102541e-06 -6.0682547917102541e-06 -6.0682547917102541e-06 -6.0682547917102541e-06 -6.0682547917102541e-06 -6.0682547917102541e-06 0.011166306119042735 -8.756304274438384e-05 0.0023465643805107451 0.00017516944168868305 1.4351809655231218e-05 0.00020217533799347234 0.0014687515658942274 -0.0031880549480394847 0.00040588237779662242 -1.5733722287169724e-06 1.6188250127370517e-08 -0.00048153859341732938 -0.000881007899555434 3.4732598216903959e-06 0.0012620952950580509 0.00038978797497246209 -0.00025126740752720415 0.001020646855626535 -0.0023788227279097802 -6.0682547917102541e-06
leaf_weight=676 22571 2759 316 4332 330 17154 1448 28325 200 2908 54 51 353 1328 12272 168 1525 74 3148 37023 8622 449 55 264 375 5046 1207 93 52 663
leaf_count=676 22571 2759 316 4332 330 17154 1448 28325 200 2908 54 51 353 1328 12272 168 1525 74 3148 37023 8622 449 55 264 375 5046 1207 93 52 663
internal_value=-0.00236657 -0.00594883 -0.00883855 -0.00971632 -0.00395634 -0.0091548 -0.00337216 -0.00384996 -0.00940722 -0.0104385 0.00374016 0.00169039 0.000939483 -0.000547445 -1.61478e-05 -0.000209976 0.00243682 0.00461226 -0.000292164 -0.000510957 0.000815633 -0.00320097 0.000722349 0.000967589 0.00598592 0.000782423 -0.00252768 -0.00188462 0.00697531 -0.0187267
internal_weight=153841 60949 24874 22825 36075 21486 32583 29773 3492 3238 254 2810 2049 1644 92892 73580 2216 1599 71364 59594 11770 617 19312 17957 639 17318 1355 1300 405 1339
internal_count=153841 60949 24874 22825 36075 21486 32583 29773 3492 3238 254 2810 2049 1644 92892 73580 2216 1599 71364 59594 11770 617 19312 17957 639 17318 1355 1300 405 1339
is_linear=0
shrinkage=0.05


Tree=102
num_leaves=31
num_cat=0
split_feature=4 3 24 32 25 14 32 38 3 37 0 39 2 38 21 34 37 39 38 25 32 21 32 37 39 25 22 38 4 22
split_gain=515.996 156.757 116.499 91.8338 39.5926 29.6325 28.6912 23.0685 20.4925 18.4663 15.8859 13.6669 12.3385 6.12968 5.50694 14.6183 14.8216 17.3546 12.0226 10.4533 9.5997 8.16505 12.3353 14.9272 11.4248 7.9751 8.6868 6.70537 6.69061 5.44236
threshold=1.0000000180025095e-35 -0.10210046172142027 2.5000000000000004 14.500000000000002 0.0050568901933729657 -1.0000000180025095e-35 10.500000000000002 0.10402005538344385 -0.23241005837917325 1.0000000180025095e-35 -0.071764949709177003 1.7898395061492922 0.090515475720167174 -0.056803232058882706 0.97499999403953563 1.0000000180025095e-35 1.0000000180025095e-35 -2.0937999486923213 0.02413942385464907 0.3816142082214356 14.500000000000002 0.57500001788139354 10.500000000000002 1.0000000180025095e-35 -1.1009289622306822 0.72491061687469494 0.31197471916675573 0.061989651992917068 11.325000286102297 0.51037761569023143
decision_type=2 2 2 2 2 2 2 2 2 2 2 2 2 2 2 2 2 2 2 2 2 2 2 2 2 2 2 2 2 2
left_child=1 7 3 4 -3 13 -7 8 11 -9 -10 -1 -11 -4 21 16 17 -16 -18 28 -21 22 24 -24 -2 26 -23 -27 -17 -5
right_child=14 2 5 29 -6 6 -8 9 10 12 -12 -13 -14 -15 15 19 18 -19 -20 20 -22 25 23 -25 -26 27 -28 -29 -30 -31
leaf_value=3.5441252559410704e-06 -0.00016000075940006609 -5.7648420521247416e-06 -2.6590859502338565e-05 3.5105715811757643e-05 -5.7648420521247416e-06 -5.7648420521247416e-06 1.2465896502699554e-05 5.1288717950153654e-05 -5.7648420521247416e-06 -1.6602237077841108e-05 -5.7648420521247416e-06 -5.8405958598072279e-05 -4.1925195890152888e-06 0.00012773462521156284 -0.0004942258173102395 1.4412933972545828e-05 -0.00060390580796220112 0.00013830959897885402 -0.00011821794363443827 0.00014451755378450324 0.002337694763837426 4.2048212955850262e-05 -0.00018768623856962389 0.001477527871798105 8.2084662624513915e-07 -8.0394651260580488e-05 0.00034151251581205754 -0.00066148009956990385 -0.00012407739745639592 0.0042813116824207392
leaf_weight=9776 8137 1955 326 1467 14798 19191 1755 570 3596 1041 3705 393 424 1875 283 12702 1989 1795 1136 4284 412 16579 1329 1765 24647 945 8180 239 8470 77
leaf_count=9776 8137 1955 326 1467 14798 19191 1755 570 3596 1041 3705 393 424 1875 283 12702 1989 1795 1136 4284 412 16579 1329 1765 24647 945 8180 239 8470 77
internal_value=-0.00236819 -0.00594308 -0.00768266 -0.0106643 -0.0117397 -0.00532574 -0.00590566 -0.00224686 -0.00165999 -0.00728501 -0.003681 -0.000208968 -0.010256 0.000193094 -2.26069e-05 -0.00056564 -0.00298386 0.000288739 -0.00516 -7.92485e-05 0.00205494 0.000250319 -0.000238308 0.00277957 -0.000523121 0.000926069 0.00111778 -0.00308277 -0.000552617 0.00100389
internal_weight=153841 60949 41444 18297 16753 23147 20946 19505 17470 2035 7301 10169 1465 2201 92892 31071 5203 2078 3125 25868 4696 61821 35878 3094 32784 25943 24759 1184 21172 1544
internal_count=153841 60949 41444 18297 16753 23147 20946 19505 17470 2035 7301 10169 1465 2201 92892 31071 5203 2078 3125 25868 4696 61821 35878 3094 32784 25943 24759 1184 21172 1544
is_linear=0
shrinkage=0.05


Tree=103
num_leaves=29
num_cat=0
split_feature=4 3 24 25 14 39 24 38 3 37 0 39 2 1 1 0 39 38 39 37 4 14 25 38 38 34 3 7
split_gain=515.714 156.757 115.86 31.9234 28.974 23.9401 23.6436 23.0685 20.4925 18.4663 15.8859 13.6669 12.3385 9.1823 5.19675 6.2659 13.6325 6.18753 5.86794 18.385 12.1252 4.45861 3.14544 5.15202 3.42412 2.77802 2.26085 2.2022
threshold=1.0000000180025095e-35 -0.10210046172142027 2.5000000000000004 0.0050568901933729657 -1.0000000180025095e-35 3.052970409393311 1.0000000180025095e-35 0.10402005538344385 -0.23241005837917325 1.0000000180025095e-35 -0.071764949709177003 1.7898395061492922 0.090515475720167174 0.37024044990539556 -3.0804568529129024 -1.4874465465545652 -1.0000000180025095e-35 -0.34707100689411158 -0.79354643821716297 1.0000000180025095e-35 2.7250000238418584 1.0000000180025095e-35 0.11052900552749635 -0.2351633086800575 -0.12943381816148755 1.0000000180025095e-35 -0.24904084950685498 0.033079354092478759
decision_type=2 2 2 2 2 2 2 2 2 2 2 2 2 2 2 2 2 2 2 2 2 2 2 2 2 2 2 2
left_child=1 7 3 21 13 -6 -5 8 11 26 -10 -1 -11 -4 22 16 17 -16 19 -17 -20 -3 23 -2 -24 -18 -9 -26
right_child=14 2 4 6 5 -7 -8 9 10 12 -12 -13 -14 -15 15 18 25 -19 20 -21 -22 -23 24 -25 27 -27 -28 -29
leaf_value=3.3669189931440173e-06 0.00039706793741365053 -5.4765999495185044e-06 5.5378702453504026e-05 -5.4765999495185044e-06 -5.4765999495185044e-06 -5.4765999495185044e-06 -5.4765999495185044e-06 -2.6576002510553137e-05 -5.4765999495185044e-06 -1.5772125223949056e-05 -5.4765999495185044e-06 -5.5485660668168666e-05 -3.9828936095645242e-06 -6.6929839133054176e-05 -0.00024060879307922294 -0.00025277047642839189 -0.00089893604958836003 0.0013219228382395313 0.00020882958110543005 -9.5473141545168387e-06 -1.9233457920606395e-06 -5.4765999495185044e-06 -0.0013224363726506241 -0.00054252637500261727 0.00039322398576345562 0.00025976207487956839 0.0002573295638148011 -0.0006339685286193609
leaf_weight=9776 30 2099 2141 986 17965 2981 15147 141 3596 1041 3705 393 424 60 92 3779 225 420 6755 21425 59689 65 54 36 62 208 429 117
leaf_count=9776 30 2099 2141 986 17965 2981 15147 141 3596 1041 3705 393 424 60 92 3779 225 420 6755 21425 59689 65 54 36 62 208 429 117
internal_value=-0.00236917 -0.00594308 -0.00768266 -0.0106561 -0.00533222 -0.00590566 -0.00989122 -0.00224686 -0.00165999 -0.00728501 -0.003681 -0.000208968 -0.010256 0.000124943 -2.42217e-05 -2.96999e-06 0.00404762 0.00957031 -4.47364e-05 -0.000694334 0.000201674 -0.0163586 -0.00660535 0.0030303 -0.00933476 -0.00248268 0.000350877 -0.00600559
internal_weight=153841 60949 41444 18297 23147 20946 16133 19505 17470 2035 7301 10169 1465 2201 92892 92593 945 512 91648 25204 66444 2164 299 66 233 433 570 179
internal_count=153841 60949 41444 18297 23147 20946 16133 19505 17470 2035 7301 10169 1465 2201 92892 92593 945 512 91648 25204 66444 2164 299 66 233 433 570 179
is_linear=0
shrinkage=0.05


Tree=104
num_leaves=30
num_cat=0
split_feature=7 13 13 13 13 13 3 3 20 13 0 2 13 13 14 38 38 34 8 0 21 34 10 22 23 2 37 38 34
split_gain=515.094 195.905 376.909 154.501 64.3078 25.6129 21.4013 13.4832 5.05945 5.04649 5.34132 7.50023 4.83566 15.366 9.17331 7.54421 7.44714 6.65751 6.06367 4.42677 7.14627 4.9688 3.44357 2.66489 4.74673 2.59343 2.53638 11.1852 7.42899
threshold=1.0000000180025095e-35 12.92698907852173 -3.9830549955368038 0.00075226789808231222 -1.2792892423564917e-13 -19.322152137756344 -0.082226250320672975 -0.10819913819432257 -1.0000000180025095e-35 19835.107421875004 0.25926521420478826 0.4731090664863587 -64.348365783691392 14.913418769836428 1.0000000180025095e-35 -0.12615383416414258 0.037382680922746665 5.0000000000000009 0.055493356660008437 -0.0044757784344255916 0.22500000149011615 3.5000000000000004 0.086314491927623763 0.028086829930543903 1.0000000180025095e-35 0.67617648839950573 1.0000000180025095e-35 -0.010515488684177397 1.0000000180025095e-35
decision_type=2 2 2 2 2 2 2 2 2 2 2 2 2 2 2 2 2 2 2 2 2 2 2 2 2 2 2 2 2
left_child=1 2 5 4 -4 8 -5 -7 -1 12 19 22 14 18 17 -15 -16 -2 -14 20 -11 -21 -12 24 -3 -13 27 -25 -28
right_child=9 23 3 6 -6 7 -8 -9 -10 10 11 25 13 15 16 -17 -18 -19 -20 21 -22 -23 -24 26 -26 -27 28 -29 -30
leaf_value=-3.5240428662384155e-05 1.7299614630763086e-06 -0.00010149285079116206 -5.2027699520425785e-06 -5.2027699520425785e-06 -5.2027699520425785e-06 -5.2027699520425785e-06 -5.2027699520425785e-06 -5.2027699520425785e-06 6.5203863757337565e-05 0.0015385476817063343 0.00032653608372292881 0.00037467260398882168 -7.990773547921264e-05 0.0002259919380618227 0.00061992026406166309 -3.1530851603818813e-06 -0.00010781831022940308 0.00085338109784124103 -0.00044938968034414567 0.00038138018820361096 -0.00069543625173241336 0.0025116473568858703 -0.0015108681431042681 -6.8084683123391141e-05 0.0003228539344386275 0.0029609311355964646 -9.7193507229995611e-05 0.00014159762608779942 -3.7480989413007141e-06
leaf_weight=4961 30184 54 5808 2859 14635 2531 6127 4602 6258 53 32 175 15187 3860 1928 37303 609 1269 1438 225 235 237 124 1552 37 33 1503 4468 5554
leaf_count=4961 30184 54 5808 2859 14635 2531 6127 4602 6258 53 32 175 15187 3860 1928 37303 609 1269 1438 225 235 237 124 1552 37 33 1503 4468 5554
internal_value=-0.00236722 -0.00593898 -0.00742712 -0.0109339 -0.0133359 -0.00180362 -0.00546962 -0.00414622 -0.000314199 -2.36834e-05 0.00332136 -0.00164835 -6.42856e-05 -0.000342632 0.000408944 0.000175522 0.00330114 0.000175659 -0.00162556 0.00573333 0.000868056 0.00876623 -0.0099359 -0.000539186 -0.00906593 0.00456731 -0.00047985 0.000274086 -0.001123
internal_weight=153841 60949 47781 29429 20443 18352 8986 7133 11219 92892 1114 364 91778 57788 33990 41163 2537 31453 16625 750 288 462 156 13168 91 208 13077 6020 7057
internal_count=153841 60949 47781 29429 20443 18352 8986 7133 11219 92892 1114 364 91778 57788 33990 41163 2537 31453 16625 750 288 462 156 13168 91 208 13077 6020 7057
is_linear=0
shrinkage=0.05


Tree=105
num_leaves=31
num_cat=0
split_feature=4 3 32 22 14 38 3 21 37 0 2 14 0 38 3 4 2 34 38 3 2 8 25 21 2 38 2 7 34 22
split_gain=510.594 153.383 96.8458 92.5879 48.5348 23.3787 20.8172 18.0287 17.8605 15.7054 12.3385 9.0825 8.0871 9.33304 8.57656 5.14565 9.39488 31.2078 13.4509 10.2032 8.82675 10.7768 8.89973 6.27685 13.0595 8.15098 6.39307 8.69474 6.05284 5.80774
threshold=1.0000000180025095e-35 -0.10210046172142027 14.500000000000002 0.064333289861679091 -1.0000000180025095e-35 0.10402005538344385 -0.23241005837917325 0.97499999403953563 1.0000000180025095e-35 -0.071764949709177003 0.090515475720167174 -1.0000000180025095e-35 -0.17606109380722043 0.30095177888870245 0.10763790458440782 9.4249997138977069 0.46560677886009222 2.5000000000000004 0.8683454990386964 -0.55379974842071522 -0.18567474931478498 0.10818327590823175 0.72491061687469494 1.0000000180025095e-35 0.70106673240661632 0.033461993560194976 -0.25003533065319056 0.047293214127421386 1.0000000180025095e-35 0.64281371235847484
decision_type=2 2 2 2 2 2 2 2 2 2 2 2 2 2 2 2 2 2 2 2 2 2 2 2 2 2 2 2 2 2
left_child=1 5 3 7 -5 6 11 -3 -7 -8 -10 -1 14 -14 -4 23 20 18 -18 -19 21 -17 -22 24 25 -2 27 -25 -28 -26
right_child=15 2 12 4 -6 8 9 -9 10 -11 -12 -13 13 -15 -16 16 17 19 -20 -21 22 -23 -24 26 29 -27 28 -29 -30 -31
leaf_value=0.00065648589844411744 -0.0001608313313723622 -4.9426314544404502e-06 -0.00080940330134106483 -1.2343427999102897e-05 -4.9426314544404502e-06 3.6117942359508027e-05 -4.9426314544404502e-06 -4.9426314544404502e-06 -1.4723380465149472e-05 -4.9426314544404502e-06 -3.523610431484169e-06 -1.7795282641301793e-05 3.3095188004521416e-05 0.0056355864778673201 0.0029708798314482597 0.00010394788671792347 -0.00019222529181683081 -0.00062254547317686321 0.003404723580184621 0.0015594717762849085 -5.4693712347774971e-05 0.002036659724668064 -0.00034860652400460907 0.0021570028091728102 0.00067490009949563968 0.00012227710077231807 -8.9473106520281137e-05 -7.4602344567444728e-05 7.5821201409681174e-05 0.0034012332399845358
leaf_weight=689 6953 4241 159 2738 29891 570 3596 1170 1041 3705 424 9480 3064 149 32 2078 3453 208 87 1861 38543 443 1676 344 305 1510 5644 341 29365 81
leaf_count=689 6953 4241 159 2738 29891 570 3596 1170 1041 3705 424 9480 3064 149 32 2078 3453 208 87 1861 38543 443 1676 344 305 1510 5644 341 29365 81
internal_value=-0.00236234 -0.00591847 -0.00763922 -0.00836225 -0.00735772 -0.00226224 -0.00167144 -0.0144197 -0.00733415 -0.0037084 -0.010256 -0.000208968 0.000440658 0.00103486 -0.00955497 -2.9066e-05 -0.000386254 0.00153771 -0.00131356 0.00641614 -0.000638746 0.00223126 -0.000818643 0.000358642 -0.000833428 -0.00124365 0.000654172 0.00543796 0.00056057 0.00816062
internal_weight=153841 60949 41444 38040 32629 19505 17470 5411 2035 7301 1465 10169 3404 3213 191 92892 48349 5609 3540 2069 42740 2521 40219 44543 8849 8463 35694 685 35009 386
internal_count=153841 60949 41444 38040 32629 19505 17470 5411 2035 7301 1465 10169 3404 3213 191 92892 48349 5609 3540 2069 42740 2521 40219 44543 8849 8463 35694 685 35009 386
is_linear=0
shrinkage=0.05


Tree=106
num_leaves=29
num_cat=0
split_feature=4 13 13 13 32 13 39 24 25 1 0 39 39 37 4 38 32 32 1 0 1 0 1 0 25 38 38 34
split_gain=512 197.847 379.754 154.912 163.252 26.1776 16.8122 14.1343 5.21262 4.9385 5.47103 12.092 5.68746 17.2018 10.9059 5.58552 3.30065 2.57762 4.10785 7.1365 2.69182 6.93356 4.27984 2.63302 2.57064 4.55808 3.69563 2.15491
threshold=1.0000000180025095e-35 12.92698907852173 -3.9830549955368038 0.00075226789808231222 10.500000000000002 -19.322152137756344 2.9499136209487919 2.5000000000000004 0.073427964001894011 -3.0804568529129024 -1.4874465465545652 -1.0000000180025095e-35 -0.79354643821716297 1.0000000180025095e-35 2.7250000238418584 -0.34707100689411158 14.500000000000002 2.5000000000000004 -0.052341995760798447 0.00028498480969574308 0.046606576070189483 0.4552478045225144 0.28938786685466772 -0.15371266752481458 0.11052900552749635 -0.2351633086800575 -0.12943381816148755 1.0000000180025095e-35
decision_type=2 2 2 2 2 2 2 2 2 2 2 2 2 2 2 2 2 2 2 2 2 2 2 2 2 2 2 2
left_child=1 2 5 4 -4 8 -7 -5 -1 24 11 15 13 -12 -14 -11 -13 20 23 -20 21 -3 -22 -19 25 -2 -26 -28
right_child=9 17 3 7 -6 6 -8 -9 -10 10 12 16 14 -15 -16 -17 -18 18 19 -21 22 -23 -24 -25 26 -27 27 -29
leaf_value=-9.23221718694297e-05 0.00038516960903843241 -2.5006344464850663e-05 -4.695499881718428e-06 -4.695499881718428e-06 1.5982482517203771e-05 -4.695499881718428e-06 -4.695499881718428e-06 -4.695499881718428e-06 4.6655962777445143e-05 -0.00027999741409889811 -0.00024037677704354752 -0.00058149208085180645 0.00019554560463719772 -1.0181882846131524e-05 -1.2671495282647918e-06 0.0012568261301849886 0.0033354335439867606 -7.6474115267206519e-05 -0.0008466033315818345 6.4614943139801366e-05 0.00010288893478275635 -0.00012982847828965822 -1.9924343868756055e-05 0.00085193575602513839 -0.0012463185430990715 -0.00051248175613708184 0.0004355700788161148 -0.00055556618363920179
leaf_weight=5579 30 9462 18398 3741 2045 6354 779 5245 5640 92 3779 366 6755 21425 59689 420 67 202 61 441 1717 203 651 431 54 36 34 145
leaf_count=5579 30 9462 18398 3741 2045 6354 779 5245 5640 92 3779 366 6755 21425 59689 420 67 202 61 441 1717 203 651 431 54 36 34 145
internal_value=-0.00235909 -0.00592011 -0.0074156 -0.0109356 -0.0133408 -0.00177092 -0.00413921 -0.00546406 -0.000265175 -2.26069e-05 -1.88999e-06 0.00378307 -4.09174e-05 -0.000680448 0.000201674 0.00898438 -0.00236721 -0.000493621 0.00178414 -0.00159363 -0.000708468 -0.00107863 0.000802365 0.00446288 -0.00643813 0.00227273 -0.00890558 -0.00544693
internal_weight=153841 60949 47781 29429 20443 18352 7133 8986 11219 92892 92593 945 91648 25204 66444 512 433 13168 1135 502 12033 9665 2368 633 299 66 233 179
internal_count=153841 60949 47781 29429 20443 18352 7133 8986 11219 92892 92593 945 91648 25204 66444 512 433 13168 1135 502 12033 9665 2368 633 299 66 233 179
is_linear=0
shrinkage=0.05


Tree=107
num_leaves=27
num_cat=0
split_feature=4 13 13 13 32 13 3 39 0 1 4 0 34 24 3 34 24 22 23 32 34 1 38 9 3 0
split_gain=507.731 197.041 380.21 153.69 162.359 26.4361 21.8995 16.9143 5.23451 4.94099 4.96656 8.36816 29.8033 5.59176 5.37596 7.46884 5.63681 2.703 4.74673 2.93345 4.32794 2.75094 2.0917 2.26173 2.31655 1.77487
threshold=1.0000000180025095e-35 12.92698907852173 -3.9830549955368038 0.00075226789808231222 10.500000000000002 -19.322152137756344 -0.082226250320672975 2.9499136209487919 -1.0383247733116148 -3.0804568529129024 9.4249997138977069 0.42942768335342413 2.5000000000000004 2.5000000000000004 0.33071994781494146 1.0000000180025095e-35 1.5000000000000002 0.028086829930543903 1.0000000180025095e-35 2.5000000000000004 1.0000000180025095e-35 -2.4581794738769527 -0.25294733047485346 0.077513489872217192 -2.2390713691711421 -1.4874465465545652
decision_type=2 2 2 2 2 2 2 2 2 2 2 2 2 2 2 2 2 2 2 2 2 2 2 2 2 2
left_child=1 2 5 4 -4 8 -5 -7 -1 22 14 13 -13 -12 16 -16 -11 18 -3 21 -21 -19 -2 24 -24 -25
right_child=9 17 3 6 -6 7 -8 -9 -10 10 11 12 -14 -15 15 -17 -18 19 -20 20 -22 -23 23 25 -26 -27
leaf_value=-0.00064799435054574319 8.9186563966042577e-05 -9.4920759455639401e-05 -4.4607248876325063e-06 -4.4607248876325063e-06 1.5183358391343549e-05 -4.4607248876325063e-06 -4.4607248876325063e-06 -4.4607248876325063e-06 8.4774631015040988e-07 -8.90756120943091e-05 3.0055524085755665e-05 -0.00019057001488483744 0.0015340534585533453 -7.3960062988003353e-05 -0.00050319598153094702 -6.1890668435834331e-05 5.715387241427041e-05 -0.00073732541520452576 0.00030820868651266071 -0.00029615568347371197 0.00049598495839789434 -1.1333531851114759e-05 -0.0007737540487469084 -0.0011657078694724641 0.00019387947073757248 -0.0001939214688464648
leaf_weight=534 48 54 18398 2859 2045 6354 6127 779 10685 3740 12832 2196 1566 31742 316 1319 38882 348 37 193 932 11604 97 58 63 33
leaf_count=534 48 54 18398 2859 2045 6354 6127 779 10685 3740 12832 2196 1566 31742 316 1319 38882 348 37 193 932 11604 97 58 63 33
internal_value=-0.00234772 -0.00589386 -0.0073863 -0.0109085 -0.0133041 -0.00173823 -0.00545849 -0.00411818 -0.000225065 -2.09921e-05 -2.69999e-07 -0.00035067 0.00191388 -0.000541796 0.000382425 -0.00243119 0.000490357 -0.000478433 -0.00906593 -0.000418674 0.00202222 -0.000648427 -0.00643813 -0.00826693 -0.0046875 -0.0145604
internal_weight=153841 60949 47781 29429 20443 18352 8986 7133 11219 92892 92593 48336 3762 44574 44257 1635 42622 13168 91 13077 1125 11952 299 251 160 91
internal_count=153841 60949 47781 29429 20443 18352 8986 7133 11219 92892 92593 48336 3762 44574 44257 1635 42622 13168 91 13077 1125 11952 299 251 160 91
is_linear=0
shrinkage=0.05


Tree=108
num_leaves=31
num_cat=0
split_feature=4 13 13 32 13 13 3 13 22 3 22 0 10 38 13 25 34 13 32 7 39 38 18 7 18 38 22 23 32 25
split_gain=481.958 186.822 409.478 141.465 123.736 27.0111 17.3762 12.5869 9.26272 6.93543 5.23307 5.04304 4.72548 6.13003 6.48531 5.60605 9.54947 9.45664 9.36994 7.12136 5.63481 5.59672 8.57969 5.33463 4.72975 4.60663 2.71018 3.06905 2.39864 0.39652
threshold=1.0000000180025095e-35 6.8573131561279306 -3.4262548685073848 10.500000000000002 0.00075226789808231222 -19.322152137756344 -0.10819913819432257 12.92698907852173 0.035777354612946517 -0.082226250320672975 0.088063146919012084 -1.0383247733116148 0.36146824061870581 0.18249313533306125 19835.107421875004 0.36725123226642614 3.5000000000000004 -1856.4384765624998 19.500000000000004 0.2142710015177727 -0.052058435976505273 0.15261784195899966 -1439.0661621093748 0.045200429856777198 -32098.457031249996 0.18672653287649157 0.028086829930543903 1.0000000180025095e-35 2.5000000000000004 0.035278188064694412
decision_type=2 2 2 2 2 2 2 2 2 2 2 2 2 2 2 2 2 2 2 2 2 2 2 2 2 2 2 2 2 2
left_child=1 2 5 4 -4 11 -7 8 29 -10 -5 -1 15 21 25 19 18 -18 -17 20 -2 23 -23 -14 -21 -15 27 -9 -28 -3
right_child=12 7 3 10 -6 6 -8 26 9 -11 -12 -13 13 14 -16 16 17 -19 -20 24 -22 22 -24 -25 -26 -27 28 -29 -30 -31
leaf_value=-0.00061559463301845592 -7.7205976630795499e-05 -4.4864329802085926e-06 -4.2376886432508807e-06 0.00073796304906182113 -4.2376886432508807e-06 -4.2376886432508807e-06 -4.2376886432508807e-06 -9.0174721482857433e-05 -4.2376886432508807e-06 -4.2376886432508807e-06 -0.00035021636169135925 8.0535899464288949e-07 1.7922002701580705e-05 -0.00083730141479607708 0.0012999149084041738 -1.749788705752639e-05 -0.00025684392559569279 0.0011647936251033171 0.0012959327985845445 0.0033641088951136705 -7.4468679310130126e-06 -0.00091846188643795654 0.0013985510801821192 0.00036290956102389641 0.00063587804689578466 -0.00023566765123167398 -1.2981582369835431e-05 0.00029279825218702765 0.00022500706460296222 -4.4864329802085926e-06
leaf_weight=534 23206 49 18000 776 5456 2677 4883 54 993 1921 1767 10685 12247 54 58 9451 416 1218 748 203 38051 38 260 5412 287 1243 11952 37 1125 40
leaf_count=534 23206 49 18000 776 5456 2677 4883 54 993 1921 1767 10685 12247 54 58 9451 416 1218 748 203 38051 38 260 5412 287 1243 11952 37 1125 40
internal_value=-0.00228466 -0.00573963 -0.00740319 -0.0114668 -0.0126812 -0.00177725 -0.0040873 -0.0011332 -0.00405428 -0.00356898 -0.000265435 -0.000220608 -1.77626e-05 0.000678335 -0.00256458 -0.000200462 0.000796501 0.00434517 0.000227964 -0.000391517 -0.000439542 0.000923038 0.00771812 0.00080837 0.00561224 -0.00329607 -0.000467041 -0.00906593 -0.000407203 -0.0199438
internal_weight=153841 60949 44778 25999 23456 18779 7560 16171 3003 2914 2543 11219 92892 19312 1355 73580 11833 1634 10199 61747 61257 17957 298 17659 490 1297 13168 91 13077 89
internal_count=153841 60949 44778 25999 23456 18779 7560 16171 3003 2914 2543 11219 92892 19312 1355 73580 11833 1634 10199 61747 61257 17957 298 17659 490 1297 13168 91 13077 89
is_linear=0
shrinkage=0.05


Tree=109
num_leaves=31
num_cat=0
split_feature=4 3 13 13 13 13 24 1 22 2 13 38 0 18 18 8 0 9 8 38 3 38 3 2 4 1 13 3 39 38
split_gain=481 186.695 189.68 260.137 105.022 28.4504 14.7552 12.5836 11.1291 9.02512 9.96168 7.08346 5.65976 4.597 7.85153 6.9441 6.8595 12.9379 5.94802 5.75505 11.1533 8.02087 6.31087 5.83959 4.99787 4.95865 4.55977 4.19884 3.85241 4.14468
threshold=1.0000000180025095e-35 -0.10210046172142027 12.92698907852173 -3.9830549955368038 0.00075226789808231222 -13.842182159423826 1.5000000000000002 -0.027250551618635651 0.092890832573175444 0.056309804320335395 -25.710027694702145 0.061989651992917068 0.065983854234218611 269.80349731445318 -4482.9084472656241 0.018744092434644703 0.26615048944950109 0.2343661114573479 0.1609185263514519 0.21970647573471072 0.21010185033082965 0.32185205817222601 0.31943830847740179 0.06203060224652291 42.175001144409187 -2.0014209747314449 12.92698907852173 -1.5139685869216917 -2.6133313179016109 -0.28505955636501307
decision_type=2 2 2 2 2 2 2 2 2 2 2 2 2 2 2 2 2 2 2 2 2 2 2 2 2 2 2 2 2 2
left_child=1 6 3 5 -5 -3 9 8 -8 10 -1 -11 -9 14 16 27 18 -18 -2 22 25 -22 23 -15 -24 -21 -17 -16 -4 -30
right_child=13 2 28 4 -6 -7 7 12 -10 11 -12 -13 -14 19 15 26 17 -19 -20 20 21 -23 24 -25 -26 -27 -28 -29 29 -31
leaf_value=4.5259555064009439e-05 8.4929118236984358e-05 -1.2565887238773742e-05 -6.9785415210537268e-05 -4.0258042110883368e-06 -4.0258042110883368e-06 -4.0258042110883368e-06 -4.0258042110883368e-06 0.00057347735126602221 -4.0258042110883368e-06 0.00094962578727318919 -4.0258042110883368e-06 -0.00011219873165382171 0.00026604659057268156 -1.1390706597872413e-05 0.00046190029615144886 -0.00019265985814161208 -0.00061008672766625768 0.00014184429919246317 0.0033503405650803816 0.00062531947358473181 -7.4602432866102339e-05 0.0020430689536941431 -0.00023856074452640078 0.0001175047681631597 0.00087195339600702054 -0.00031058130822919053 -4.6113945835552644e-05 -2.1067052598656991e-05 -6.4881075681760369e-05 -4.6085280541935567e-06
leaf_weight=423 15182 7036 462 16225 6357 3545 1006 365 14790 250 2045 74 552 13746 430 7676 1314 1678 220 100 119 100 1821 22478 211 1837 4687 21293 202 7617
leaf_count=423 15182 7036 462 16225 6357 3545 1006 365 14790 250 2045 74 552 13746 430 7676 1314 1678 220 100 119 100 1821 22478 211 1837 4687 21293 202 7617
internal_value=-0.00228564 -0.00573717 -0.0076356 -0.00932591 -0.0123572 -0.00285654 -0.00170341 -0.00114133 -0.00147189 -0.00506805 -0.00609806 0.00277778 0.00455289 -2.09921e-05 -0.000329649 -0.000778912 0.000502881 -0.00168783 0.000928451 0.000379838 -0.00213358 0.00856164 0.000521487 0.000673587 -0.00218996 -0.0033428 -0.0017249 -0.000240528 -0.000866441 -0.000604297
internal_weight=153841 60949 41444 33163 22582 10581 19505 16713 15796 2792 2468 324 917 92892 52480 34086 18394 2992 15402 40412 2156 219 38256 36224 2032 1937 12363 21723 8281 7819
internal_count=153841 60949 41444 33163 22582 10581 19505 16713 15796 2792 2468 324 917 92892 52480 34086 18394 2992 15402 40412 2156 219 38256 36224 2032 1937 12363 21723 8281 7819
is_linear=0
shrinkage=0.05


Tree=110
num_leaves=29
num_cat=0
split_feature=4 13 13 32 13 13 3 13 22 1 3 2 0 3 34 2 37 1 34 4 10 22 25 14 1 34 7 25
split_gain=480.534 187.478 410.378 138.01 124.898 27.1056 17.5059 12.5766 9.28214 7.13979 7.07181 4.99306 4.87377 4.50986 15.3539 12.7758 10.1156 7.63382 16.7577 7.95899 2.94907 2.71976 2.93409 2.71165 2.50783 2.4404 1.51816 0.39652
threshold=1.0000000180025095e-35 6.8573131561279306 -3.4262548685073848 10.500000000000002 0.00075226789808231222 -19.322152137756344 -0.10819913819432257 12.92698907852173 0.035777354612946517 -0.43018215894699091 -0.082226250320672975 0.80164751410484325 -1.0383247733116148 0.31943830847740179 2.5000000000000004 0.59652218222618114 1.0000000180025095e-35 0.14129775762557986 1.0000000180025095e-35 21.57499980926514 0.28891681134700781 0.028086829930543903 0.076992645859718337 1.0000000180025095e-35 -2.4581794738769527 2.5000000000000004 0.095773678272962584 0.035278188064694412
decision_type=2 2 2 2 2 2 2 2 2 2 2 2 2 2 2 2 2 2 2 2 2 2 2 2 2 2 2 2
left_child=1 2 5 4 -4 12 -7 8 27 -5 -10 13 -1 17 16 -16 -15 19 -19 -2 23 22 -9 26 -23 -22 -13 -3
right_child=11 7 3 9 -6 6 -8 21 10 -11 -12 20 -14 14 15 -17 -18 18 -20 -21 25 24 -24 -25 -26 -27 -28 -29
leaf_value=-0.00058461361115697886 1.3637469328712897e-05 -4.0608211206437464e-06 -3.82451400053392e-06 -0.00059921049772004723 -3.82451400053392e-06 -3.82451400053392e-06 -3.82451400053392e-06 -0.00010218662775378809 -3.82451400053392e-06 9.6512221753067637e-05 -3.82451400053392e-06 -0.00011030673837039811 1.3250106950051112e-06 4.676120520125953e-05 0.00022629426275054266 0.0045406100873091482 -0.00041926080899073738 0.0015593949765867186 9.3624243639924787e-05 -9.5357116278521874e-05 0.00043492372083564214 -0.00069215580897096754 0.00048523196798534507 0.0010046034975670734 -3.0964233174921726e-06 0.0037874463360471943 0.0018132039617118928 -4.0608211206437464e-06
leaf_weight=534 69890 49 18000 236 5456 2677 4883 59 993 2307 1921 186 10685 933 905 101 2104 589 3232 14746 57 361 32 31 12716 49 69 40
leaf_count=534 69890 49 18000 236 5456 2677 4883 59 993 2307 1921 186 10685 933 905 101 2104 589 3232 14746 57 361 32 31 12716 49 69 40
internal_value=-0.00228239 -0.00573225 -0.00739872 -0.0114668 -0.0126663 -0.0017666 -0.00408069 -0.00111774 -0.00403763 -0.000403067 -0.00355182 -1.88391e-05 -0.000207238 -4.27027e-05 -0.00167574 0.00367793 -0.00344913 3.19364e-05 0.00221801 -6.67565e-05 0.00561224 -0.000451853 -0.00906593 0.00297203 -0.000391909 0.0127358 0.00127451 -0.0199438
internal_weight=153841 60949 44778 25999 23456 18779 7560 16171 3003 2543 2914 92892 11219 92500 4043 1006 3037 88457 3821 84636 392 13168 91 286 13077 106 255 89
internal_count=153841 60949 44778 25999 23456 18779 7560 16171 3003 2543 2914 92892 11219 92500 4043 1006 3037 88457 3821 84636 392 13168 91 286 13077 106 255 89
is_linear=0
shrinkage=0.05


Tree=111
num_leaves=30
num_cat=0
split_feature=4 3 13 13 32 13 14 13 13 25 22 25 32 39 21 34 37 25 21 32 25 7 4 0 39 22 22 0 25
split_gain=471.978 194.898 191.376 260.914 151.713 28.6717 13.4083 13.867 40.4577 5.09366 4.5998 5.39691 5.78843 4.8542 4.7775 13.0643 12.8289 9.00577 7.74562 13.0338 6.84618 4.68448 4.29415 4.29285 3.92616 3.8614 3.67817 3.386 2.65009
threshold=1.0000000180025095e-35 -0.10210046172142027 12.92698907852173 -3.9830549955368038 14.500000000000002 -13.842182159423826 -1.0000000180025095e-35 3.6173341274261479 -2.5585784847129834e-13 1.141688406467438 0.07188716903328897 0.3816142082214356 14.500000000000002 1.6393371224403384 0.97499999403953563 1.0000000180025095e-35 1.0000000180025095e-35 0.3816142082214356 0.57500001788139354 14.500000000000002 0.72491061687469494 0.02301808446645737 18.774999618530277 -0.14989548176527021 -2.6133313179016109 0.028086829930543903 0.091555610299110426 -0.14170248061418531 0.55047348141670238
decision_type=2 2 2 2 2 2 2 2 2 2 2 2 2 2 2 2 2 2 2 2 2 2 2 2 2 2 2 2 2
left_child=1 6 3 5 -5 -3 9 8 -8 26 11 13 28 22 18 16 -16 -17 19 -12 -20 -15 -2 -9 27 -26 -1 -4 -13
right_child=10 2 24 4 -6 -7 7 23 -10 -11 14 12 -14 21 15 17 -18 -19 20 -21 -22 -23 -24 -25 25 -27 -28 -29 -30
leaf_value=-5.8835144161512075e-05 -0.0001253858901966606 -1.2003843411585291e-05 -0.00027498470873698358 -3.6332883005072236e-06 -1.4796920137684269e-05 -3.6332883005072236e-06 -3.6332883005072236e-06 -8.1528750053693277e-06 -3.6332883005072236e-06 -0.0011269081451069525 -4.20806950234642e-05 0.00019049071968326735 0.0017750716848716004 0.00016177526828533859 1.4886717064339483e-05 -3.5062916594811103e-05 -0.00044122669536304939 0.0002157447385591917 0.00011656344738825882 0.00067596748198753449 -0.0002061735298234035 -0.00013127130382616502 -0.00032450524877641147 7.4839028375608279e-05 -4.7931708369768651e-05 -6.0835188649498688e-06 0.00051819537733576121 -6.2288513177123609e-05 -0.0002979999114049602
leaf_weight=84 1176 7036 45 20308 2274 3545 8496 2593 3587 38 31691 78 38 492 2032 20897 3112 4696 23921 2972 1182 185 373 3622 81 7738 1085 417 47
leaf_count=84 1176 7036 45 20308 2274 3545 8496 2593 3587 38 31691 78 38 492 2032 20897 3112 4696 23921 2972 1182 185 373 3622 81 7738 1085 417 47
internal_value=-0.00226484 -0.00568385 -0.00762354 -0.00932138 -0.0123572 -0.00284236 -0.00156242 -0.00189911 -0.00288629 0.00354184 -2.15304e-05 -0.00218711 0.00659509 -0.00283019 3.56342e-05 -0.000470931 -0.00277022 -8.79147e-06 0.000296155 -0.000188241 0.000965024 0.000701625 -0.00437379 2.01126e-05 -0.000824176 -0.000559534 0.00412746 -0.00530303 0.0014
internal_weight=153841 60949 41444 33163 22582 10581 19505 18298 12083 1207 92892 2389 163 2226 90503 30737 5144 25593 59766 34663 25103 677 1549 6215 8281 7819 1169 462 125
internal_count=153841 60949 41444 33163 22582 10581 19505 18298 12083 1207 92892 2389 163 2226 90503 30737 5144 25593 59766 34663 25103 677 1549 6215 8281 7819 1169 462 125
is_linear=0
shrinkage=0.05


Tree=112
num_leaves=29
num_cat=0
split_feature=5 3 24 32 25 14 32 2 0 24 25 34 3 0 39 1 0 39 38 18 5 0 32 25 38 38 34 25
split_gain=474.241 190.213 119.468 87.2133 40.3739 28.7466 28.1537 13.473 14.2116 13.3146 8.73674 6.97369 5.54803 5.31845 4.95209 4.69652 4.85569 11.2741 5.20129 4.35196 4.81361 4.73854 3.30065 2.47289 4.55808 3.25127 2.15491 0.340562
threshold=1.0000000180025095e-35 -0.10210046172142027 2.5000000000000004 14.500000000000002 0.0050568901933729657 -1.0000000180025095e-35 10.500000000000002 0.21098118275403979 0.16325838863849643 1.5000000000000002 0.34366941452026373 2.5000000000000004 -0.72040659189224232 0.025512470863759521 1.9768069386482241 -3.0804568529129024 -1.4874465465545652 -1.0000000180025095e-35 -0.34707100689411158 52178.466796875007 9.4249997138977069 0.73370802402496349 14.500000000000002 0.11052900552749635 -0.2351633086800575 -0.12943381816148755 1.0000000180025095e-35 0.10632364451885225
decision_type=2 2 2 2 2 2 2 2 2 2 2 2 2 2 2 2 2 2 2 2 2 2 2 2 2 2 2 2
left_child=1 7 3 4 -3 13 -7 8 9 -1 11 -9 -12 -4 -5 23 17 18 -17 20 -18 -21 -19 24 -2 -25 -27 -10
right_child=15 2 5 14 -6 6 -8 10 27 -11 12 -13 -14 -15 -16 16 19 22 -20 21 -22 -23 -24 25 -26 26 -28 -29
leaf_value=-3.4516238854818621e-06 0.00034598033867338032 -3.4516238854818621e-06 0.00032758393348700574 0.0007782875571364288 -3.4516238854818621e-06 -3.4516238854818621e-06 1.7692121296530687e-05 0.0014936666346488329 -2.2580885158857477e-05 -3.4516238854818621e-06 0.0024635436689683433 0.00069864034676355314 -0.0008179164100512291 -2.5909065756102995e-05 -0.00031908599537276602 -0.00033409417299592949 2.1334124475297714e-05 -0.00055734056277935689 0.0011797534503329285 0.00022052307287679721 -3.9762951325682946e-05 0.0019606277636846138 0.0031322658043273417 -0.001186698421479674 -0.00045791484795715953 0.00047012756807469675 -0.00053764407337842312 -3.4516238854818621e-06
leaf_weight=2737 30 1955 663 1039 14798 19191 1755 250 30 15536 40 777 82 1538 505 92 42707 366 420 4337 44561 43 67 54 36 34 145 53
leaf_count=2737 30 1955 663 1039 14798 19191 1755 250 30 15536 40 777 82 1538 505 92 42707 366 420 4337 44561 43 67 54 36 34 145 53
internal_value=-0.00226321 -0.00569041 -0.00760665 -0.0106261 -0.011674 -0.0052199 -0.00579108 -0.00161882 -0.00194759 -0.00185383 0.00363359 0.00513632 -0.00901639 0.000215811 0.000744819 -1.4533e-05 5.66998e-06 0.00357143 0.00859375 -3.10972e-05 -0.000108287 0.00150685 -0.00236721 -0.0062709 0.00227273 -0.00869099 -0.00544693 -0.0225904
internal_weight=153841 60949 41444 18297 16753 23147 20946 19505 18356 18273 1149 1027 122 2201 1544 92892 92593 945 512 91648 87268 4380 433 299 66 233 179 83
internal_count=153841 60949 41444 18297 16753 23147 20946 19505 18356 18273 1149 1027 122 2201 1544 92892 92593 945 512 91648 87268 4380 433 299 66 233 179 83
is_linear=0
shrinkage=0.05


Tree=113
num_leaves=31
num_cat=0
split_feature=7 3 13 13 32 13 13 13 13 0 3 0 2 12 38 38 7 2 7 14 9 3 1 34 7 22 22 22 25 2
split_gain=474.156 190.127 194.242 261.052 150.571 28.7457 13.3151 53.4373 17.1787 10.2863 12.3953 9.17616 8.32023 4.17836 8.75482 6.49736 6.33873 5.68246 13.3333 9.79591 8.65715 7.54886 7.26442 5.64286 5.33318 3.71955 4.16149 3.64022 2.7033 5.22041
threshold=1.0000000180025095e-35 -0.10210046172142027 12.92698907852173 -3.9830549955368038 14.500000000000002 -13.842182159423826 -3.9830549955368038 2.5585784847129844e-13 -6.3964462117824584e-14 -0.027654435485601422 -0.23777956515550611 -0.013039838988333939 0.21098118275403979 -0.74853721261024464 0.22453185915946963 -0.1715494021773338 0.083655152469873442 0.042577724903821952 0.03386270999908448 -1.0000000180025095e-35 0.34955403208732611 -0.21834377944469449 -3.0804568529129024 1.0000000180025095e-35 0.1596316993236542 0.028086829930543903 0.057398274540901191 0.02285436820238829 0.30616429448127752 -0.096626114100217805
decision_type=2 2 2 2 2 2 2 2 2 2 2 2 2 2 2 2 2 2 2 2 2 2 2 2 2 2 2 2 2 2
left_child=1 6 3 5 -5 -3 9 8 -8 10 -1 -11 -9 14 15 16 -2 18 19 -15 21 -19 -20 -17 -22 27 -27 -4 29 -16
right_child=13 2 25 4 -6 -7 7 12 -10 11 -12 -13 -14 17 28 23 -18 20 22 -21 24 -23 -24 -25 -26 26 -28 -29 -30 -31
leaf_value=4.9334452673042848e-05 7.7976951782503939e-05 -1.1264986596077513e-05 -1.4557178473432901e-06 -3.279042691207769e-06 -2.3243038226127173e-05 -3.279042691207769e-06 -3.279042691207769e-06 -3.279042691207769e-06 -3.279042691207769e-06 0.00063514202939567361 -3.279042691207769e-06 0.00011294413867563465 0.00078993886482107392 0.00025990906229251686 -0.00061804494227276404 -0.00020199367396605552 0.0012318846926898058 0.00018639713000240108 -0.00072548052990574138 -0.0001151937353348253 0.0001762759457529982 -2.0587420556409536e-05 0.00016429201303115438 -4.6606722554418289e-05 0.0034155168217352874 2.5324589047481074e-05 -1.9765419663928091e-05 -0.00021123243042754257 0.00077895435197618485 0.00035187473640556702
leaf_weight=3679 1637 7036 46 20308 2274 3545 1831 7169 2148 286 2090 1716 586 1109 86 3825 316 8192 137 11730 8907 26676 8780 20401 184 356 7844 35 152 760
leaf_count=3679 1637 7036 46 20308 2274 3545 1831 7169 2148 286 2090 1716 586 1109 86 3825 316 8192 137 11730 8907 26676 8780 20401 184 356 7844 35 152 760
internal_value=-0.00226516 -0.00569205 -0.00760786 -0.00931837 -0.012355 -0.00283763 -0.00162138 -0.00268451 -0.00739507 -1.60854e-05 -0.00108771 0.00307193 -0.000267569 -1.6686e-05 -0.000538139 -0.000713358 0.00206093 0.000198965 -0.000461942 -0.0014935 0.000526058 0.000167776 0.00102333 -0.00093701 0.00190023 -0.000757759 -0.000652439 -0.0114198 0.00405812 0.00295508
internal_weight=153841 60949 41444 33163 22582 10581 19505 11734 3979 7771 5769 2002 7755 92892 27177 26179 1953 65715 21756 12839 43959 34868 8917 24226 9091 8281 8200 81 998 846
internal_count=153841 60949 41444 33163 22582 10581 19505 11734 3979 7771 5769 2002 7755 92892 27177 26179 1953 65715 21756 12839 43959 34868 8917 24226 9091 8281 8200 81 998 846
is_linear=0
shrinkage=0.05


Tree=114
num_leaves=31
num_cat=0
split_feature=4 13 13 13 32 13 3 3 25 21 34 37 2 38 25 32 21 1 32 2 4 10 38 39 1 3 1 13 22 34
split_gain=467.369 187.174 364.003 148.912 155.438 27.9641 27.6224 20.147 5.88724 4.23139 11.7226 11.2378 15.8378 10.5699 8.93013 9.32695 6.09829 9.06684 20.6773 7.47359 5.9531 5.33571 8.08554 3.77319 2.53155 6.94599 5.17995 3.33257 3.24465 3.19743
threshold=1.0000000180025095e-35 12.92698907852173 -3.4262548685073848 0.00075226789808231222 10.500000000000002 -13.842182159423826 -0.084897842258214937 -0.10819913819432257 0.027781608514487747 0.97499999403953563 1.0000000180025095e-35 1.0000000180025095e-35 0.06203060224652291 0.02413942385464907 0.3816142082214356 14.500000000000002 0.12500000372529033 0.13344171643257144 20.500000000000004 -0.20038617402315137 20.47500038146973 0.24139575660228732 0.083851836621761336 -4.5574824810028067 -2.4581794738769527 -2.030936479568481 -1.7091773152351377 209.65491485595706 0.76530429720878612 1.0000000180025095e-35
decision_type=2 2 2 2 2 2 2 2 2 2 2 2 2 2 2 2 2 2 2 2 2 2 2 2 2 2 2 2 2 2
left_child=1 2 5 4 -4 8 -5 -7 -1 16 11 12 -11 -13 20 -16 21 19 -19 -18 -12 23 -23 -2 25 27 28 -3 -26 -28
right_child=9 24 3 6 -6 7 -8 -9 -10 10 14 13 -14 -15 15 -17 17 18 -20 -21 -22 22 -24 -25 26 -27 29 -29 -30 -31
leaf_value=-3.9055789110561316e-05 0.0003486486157411149 0.00027965753327733098 -3.1150905566473806e-06 -2.8891112214042752e-06 1.9499679684415948e-05 -3.1150905566473806e-06 -3.1150905566473806e-06 -3.1150905566473806e-06 2.6631575667564099e-06 -0.00021467007553101349 -1.0221704710398559e-05 -0.00054477149400674468 0.0004749719795594864 -7.4095567932402564e-05 0.00011537813366980788 0.0021678214894567554 0.00077129604023209704 0.00034108009136357302 0.0044627564213078506 2.4919942851601118e-05 -0.00016864374510518391 2.3110773935294124e-06 0.00049331895458500422 -8.5059363935151668e-05 0.0017900276564190778 -0.00095350922367480834 -3.2671656730811286e-05 -0.00095696047483094624 0.00058261882680519259 -8.6995897872228303e-08
leaf_weight=3342 337 205 18000 2808 2016 1987 6178 3897 9553 1077 17709 1989 1001 1136 4284 412 1565 1755 258 38559 3463 4419 840 14088 32 67 2366 89 205 10204
leaf_count=3342 337 205 18000 2808 2016 1987 6178 3897 9553 1077 17709 1989 1001 1136 4284 412 1565 1755 258 38559 3463 4419 840 14088 32 67 2366 89 205 10204
internal_value=-0.00224794 -0.00565022 -0.00710481 -0.0106165 -0.0130171 -0.0016814 -0.00526931 -0.00453773 -0.000378054 -1.56095e-05 -0.000491616 -0.00265712 0.000192493 -0.004552 -5.60538e-05 0.00191652 0.00022363 0.000563044 0.00383756 0.000398764 -0.000493576 -0.000502947 0.00086043 -0.001 -0.000372114 -0.00450139 -0.00025572 -0.00119048 0.00706751 -0.000393795
internal_weight=153841 60949 47781 29002 20016 18779 8986 5884 12895 92892 31071 5203 2078 3125 25868 4696 61821 42137 2013 40124 21172 19684 5259 14425 13168 361 12807 294 237 12570
internal_count=153841 60949 47781 29002 20016 18779 8986 5884 12895 92892 31071 5203 2078 3125 25868 4696 61821 42137 2013 40124 21172 19684 5259 14425 13168 361 12807 294 237 12570
is_linear=0
shrinkage=0.05


Tree=115
num_leaves=31
num_cat=0
split_feature=4 13 13 13 3 13 3 3 14 4 2 34 38 13 2 8 25 2 2 14 21 1 39 3 1 3 1 13 34 25
split_gain=465.474 187.131 366.457 149.104 77.4992 28.4878 27.6224 20.147 5.59454 4.16885 8.50082 32.5516 10.4112 8.91756 7.25923 10.2799 8.03567 5.57833 8.96501 6.97112 6.87382 6.33497 9.05113 3.4405 2.54087 6.94599 5.16891 3.33257 3.06632 2.97277
threshold=1.0000000180025095e-35 12.92698907852173 -3.4262548685073848 0.00075226789808231222 -0.10210046172142027 -13.842182159423826 -0.084897842258214937 -0.10819913819432257 -1.0000000180025095e-35 10.125000000000002 0.48264084756374365 2.5000000000000004 0.8683454990386964 47.452568054199226 -0.18567474931478498 0.10818327590823175 0.72491061687469494 0.72677344083786022 0.55647179484367382 1.0000000180025095e-35 1.0000000180025095e-35 0.015089316293597223 -1.5880557894706724 0.41302186250686651 -2.4581794738769527 -2.030936479568481 -1.7091773152351377 209.65491485595706 1.0000000180025095e-35 0.054756958037614829
decision_type=2 2 2 2 2 2 2 2 2 2 2 2 2 2 2 2 2 2 2 2 2 2 2 2 2 2 2 2 2 2
left_child=1 2 5 4 -4 8 -5 -7 -1 17 14 12 -12 -13 15 -11 -16 18 20 -20 -2 22 -19 -23 25 27 29 -3 -28 -26
right_child=9 24 3 6 -6 7 -8 -9 -10 10 11 13 -14 -15 16 -17 -18 21 19 -21 -22 23 -24 -25 26 -27 28 -29 -30 -31
leaf_value=0.00022330545549034339 -6.8599356300865641e-05 0.00026567465661346442 -2.9593360288150113e-06 -2.7446556603340612e-06 -2.9593360288150113e-06 -2.9593360288150113e-06 -2.9593360288150113e-06 -2.9593360288150113e-06 -1.5390008154964964e-05 6.8794594813485771e-05 -0.00018874145674816872 0.00053633065120124452 0.0032047262808091504 0.0021684700796578888 -4.7332280036255056e-05 0.0019993201145006474 -0.00033885534010702283 0.00062915472646961487 -0.00060744812878749533 0.0012354994459173397 5.2794271363935422e-05 0.0014207999110906339 -0.00043653609381713891 0.000145411676451113 0.00089621281734131764 -0.00090583376249106788 -3.1038073894270717e-05 -0.00090911245108939902 -8.2646102978616879e-08 0.00083996587930470741
leaf_weight=1843 8708 205 4069 2808 15947 1987 6178 3897 11052 1879 2991 700 86 1021 36413 433 1559 127 1408 161 36498 397 326 185 46 67 2366 89 10204 191
leaf_count=1843 8708 205 4069 2808 15947 1987 6178 3897 11052 1879 2991 700 86 1021 36413 433 1559 127 1408 161 36498 397 326 185 46 67 2366 89 10204 191
internal_value=-0.00224664 -0.00564201 -0.00709644 -0.01062 -0.0130221 -0.00165477 -0.00526931 -0.00453773 -0.000339279 -1.88391e-05 -0.000363782 0.00162568 -0.00145434 0.00713248 -0.000600735 0.00211938 -0.000766354 0.000306421 0.000226082 -0.00348948 0.000355041 0.0039372 -0.000496689 0.00738832 -0.00036452 -0.00450139 -0.000247911 -0.00119048 -0.000385839 0.00706751
internal_weight=153841 60949 47781 29002 20016 18779 8986 5884 12895 92892 45082 4798 3077 1721 40284 2312 37972 47810 46775 1569 45206 1035 453 582 13168 361 12807 294 12570 237
internal_count=153841 60949 47781 29002 20016 18779 8986 5884 12895 92892 45082 4798 3077 1721 40284 2312 37972 47810 46775 1569 45206 1035 453 582 13168 361 12807 294 12570 237
is_linear=0
shrinkage=0.05


Tree=116
num_leaves=28
num_cat=0
split_feature=5 13 13 13 32 13 39 39 13 5 18 21 34 37 32 21 32 22 34 1 13 21 0 0 22 13 0
split_gain=462.923 188.882 366.24 149.104 154.386 28.4353 14.9584 14.8642 5.07053 4.04009 6.23293 4.21668 10.4507 9.83771 8.16413 5.78871 9.51357 6.15134 2.66495 2.41026 2.48362 4.73384 3.20061 1.70419 1.28597 0.944547 1.30884
threshold=1.0000000180025095e-35 12.92698907852173 -3.4262548685073848 0.00075226789808231222 10.500000000000002 -13.842182159423826 3.0046374797821049 0.81853067874908458 -185.9236145019531 109.04999923706056 -34438.080078124993 0.97499999403953563 1.0000000180025095e-35 1.0000000180025095e-35 2.5000000000000004 0.57500001788139354 14.500000000000002 0.061793224886059768 1.5000000000000002 -3.0804568529129024 137.46549987792972 0.62500000000000011 0.52061906456947338 0.28088290989398962 0.3493716567754746 152.80306243896487 -0.81152173876762379
decision_type=2 2 2 2 2 2 2 2 2 2 2 2 2 2 2 2 2 2 2 2 2 2 2 2 2 2 2
left_child=1 2 5 4 -4 8 -7 -5 -1 11 -11 15 13 -13 -14 16 -2 -17 24 25 22 -22 -21 -20 -12 26 -3
right_child=9 19 3 7 -6 6 -8 -9 -10 10 18 12 14 -15 -16 17 -18 -19 23 20 21 -23 -24 -25 -26 -27 -28
leaf_value=0.00026261050065732108 -3.4583648187602256e-05 -0.00071055292593245325 -2.8113692273742608e-06 -2.8113692273742608e-06 1.867266250163563e-05 -2.8113692273742608e-06 -2.8113692273742608e-06 -2.8113692273742608e-06 -1.3375678645035059e-05 0.00059868172010319506 8.6314678023887561e-06 1.3971499379561004e-05 -2.7532874355385396e-05 -0.00040311068785521146 0.00034171095795949293 -0.00018020584704530896 0.0005266000577680782 9.239884389465681e-05 -0.00092833872699851641 -9.4532308858731483e-06 0.00039108288942719943 -0.00010249563964551505 -5.0437060846812037e-05 -0.00037571354400814318 -0.0011817548235852798 -0.0014052047755460679 0.00029531740209766958
leaf_weight=1549 32548 38 18000 5707 2016 5211 673 3279 11346 50 139 2072 22783 3123 3050 517 3050 25284 147 10192 1164 1365 330 97 32 43 36
leaf_count=1549 32548 38 18000 5707 2016 5211 673 3279 11346 50 139 2072 22783 3123 3050 517 3050 25284 147 10192 1164 1365 330 97 32 43 36
internal_value=-0.00225021 -0.00563627 -0.00709749 -0.01062 -0.0130221 -0.00165744 -0.00453773 -0.00526931 -0.000343156 -2.85278e-05 -0.00467742 -5.13919e-06 -0.000480211 -0.00252647 -6.87106e-05 0.000234939 -0.000178381 0.000805201 -0.00668675 -0.000334143 -0.000270094 0.00113681 -0.000608249 -0.010041 -0.00190058 -0.00747863 -0.00405405
internal_weight=153841 60949 47781 29002 20016 18779 5884 8986 12895 92892 465 92427 31028 5195 25833 61399 35598 25801 415 13168 13051 2529 10522 244 171 117 74
internal_count=153841 60949 47781 29002 20016 18779 5884 8986 12895 92892 465 92427 31028 5195 25833 61399 35598 25801 415 13168 13051 2529 10522 244 171 117 74
is_linear=0
shrinkage=0.05


Tree=117
num_leaves=28
num_cat=0
split_feature=4 13 13 13 32 13 24 32 24 4 18 18 7 38 38 32 32 18 34 0 21 13 2 0 1 0 10
split_gain=461.177 188.203 366.188 149.244 154.21 28.2577 13.5615 9.87619 4.92927 4.03168 6.23293 4.0018 6.66861 6.10396 5.35271 9.31698 5.33542 5.22007 2.66495 2.44282 8.41581 5.27658 4.31963 2.98407 2.5089 1.70419 1.29418
threshold=1.0000000180025095e-35 12.92698907852173 -3.4262548685073848 0.00075226789808231222 10.500000000000002 -13.842182159423826 2.5000000000000004 14.500000000000002 1.0000000180025095e-35 109.04999923706056 -34438.080078124993 269.80349731445318 0.1908216327428818 -0.37418840825557703 0.21970647573471072 8.5000000000000018 8.5000000000000018 -149.81927490234372 1.5000000000000002 0.52061906456947338 0.42499999701976782 71.036128997802749 0.77363860607147228 0.49761769175529486 -2.4581794738769527 0.28088290989398962 0.070457626134157195
decision_type=2 2 2 2 2 2 2 2 2 2 2 2 2 2 2 2 2 2 2 2 2 2 2 2 2 2 2
left_child=1 2 5 4 -4 8 -5 -7 -1 11 -11 12 17 -14 16 -16 -13 -2 26 23 21 -21 -22 24 -3 -20 -12
right_child=9 19 3 6 -6 7 -8 -9 -10 10 18 14 13 -15 15 -17 -18 -19 25 20 22 -23 -24 -25 -26 -27 -28
leaf_value=-0.0001940335439634916 -1.1267573872089567e-05 -0.00058339083660638273 -2.670800766005548e-06 -2.670800766005548e-06 1.7739029376553918e-05 -2.670800766005548e-06 -2.670800766005548e-06 0.00042521820120307259 -7.6931852888035474e-06 0.00056874763409803556 2.7050205329073528e-05 2.6591479864418804e-05 0.010262605023051995 0.00099266164464743042 -8.7415380236434423e-05 -0.00089529692330020643 0.00040827428268798844 -7.8034358450367917e-05 -0.00088192179064859046 -3.5602882560897169e-05 -0.00019764854636243235 0.0020765513974530755 -0.00015977525209893325 0.0035237250684574855 -2.2510039637417029e-06 -0.00035692786680773599 -0.00094533907933116849
leaf_weight=70 42930 361 18000 3741 2016 5460 5245 424 12825 50 129 34435 36 536 1901 236 3697 8656 147 151 137 100 59 42 12318 97 42
leaf_count=70 42930 361 18000 3741 2016 5460 5245 424 12825 50 129 34435 36 536 1901 236 3697 8656 147 151 137 100 59 42 12318 97 42
internal_value=-0.00225086 -0.00563053 -0.00708911 -0.0106113 -0.0130146 -0.00164945 -0.00525818 -0.00452073 -0.000339279 -3.33721e-05 -0.00467742 -1.00079e-05 -0.000299091 0.00506993 0.000364424 -0.00207066 0.000500892 -0.000358624 -0.00668675 -0.00033794 -0.00397092 0.00209163 -0.0117347 -0.000210282 -0.000254358 -0.010041 -0.00190058
internal_weight=153841 60949 47781 29002 20016 18779 8986 5884 12895 92892 465 92427 52158 572 40269 2137 38132 51586 415 13168 447 251 196 12721 12679 244 171
internal_count=153841 60949 47781 29002 20016 18779 8986 5884 12895 92892 465 92427 52158 572 40269 2137 38132 51586 415 13168 447 251 196 12721 12679 244 171
is_linear=0
shrinkage=0.05


Tree=118
num_leaves=31
num_cat=0
split_feature=4 24 32 22 39 24 14 22 0 14 22 1 0 34 22 1 4 0 34 9 4 4 24 24 22 39 25 34 7 18
split_gain=460.641 147.122 73.3656 46.8191 45.0904 29.423 23.9046 22.0592 16.8654 15.7282 13.7095 7.94259 5.29276 7.31575 7.11596 4.47275 3.82188 6.64153 25.1251 9.44295 8.67567 5.59759 6.04234 4.78087 8.1342 6.85386 6.3283 5.96112 4.88831 3.67948
threshold=1.0000000180025095e-35 2.5000000000000004 14.500000000000002 0.064333289861679091 2.895046710968018 1.5000000000000002 -1.0000000180025095e-35 0.069670796394348158 -0.090376328676938997 1.0000000180025095e-35 0.1428034380078316 -0.39653104543685908 -0.11053571477532385 2.5000000000000004 0.51037761569023143 -0.16112720221281049 9.4249997138977069 0.42942768335342413 2.5000000000000004 0.45131307840347296 36.574998855590827 91.299999237060561 2.5000000000000004 2.5000000000000004 0.35283140838146215 0.26376391947269445 0.72491061687469494 2.5000000000000004 0.010986366309225561 -27922.994140624996
decision_type=2 2 2 2 2 2 2 2 2 2 2 2 2 2 2 2 2 2 2 2 2 2 2 2 2 2 2 2 2 2
left_child=1 2 3 9 6 -5 11 -8 15 -1 -10 -3 13 -4 -14 -6 23 21 19 -19 -20 22 -18 24 28 26 -25 -26 -2 -23
right_child=16 4 12 5 8 -7 7 -9 10 -11 -12 -13 14 -15 -16 -17 17 18 20 -21 -22 29 -24 25 27 -27 -28 -29 -30 -31
leaf_value=-2.5372607277052707e-06 -5.7976165135986498e-05 0.0017259372708506165 -0.0007972649128272901 -2.5372607277052707e-06 -2.5372607277052707e-06 -2.5372607277052707e-06 -2.5372607277052707e-06 -2.5372607277052707e-06 -2.5372607277052707e-06 -2.5372607277052707e-06 -2.5372607277052707e-06 4.2657949098517858e-05 0.00015844926826632627 0.0017153737116742751 0.0050209162434876374 -2.5372607277052707e-06 4.0716879798658861e-05 -0.00029259351499145455 0.0010760839672805638 0.00063031666646637266 0.0023355798284144871 0.0009976449830042249 -6.5579455521418928e-05 5.1628907645630273e-05 -8.6657435662069321e-05 -8.7710685950407206e-05 0.0004723884609851535 -0.00061335819244300006 0.00013900833490257131 -0.00045787251278435351
leaf_weight=4439 2940 292 197 7763 301 10381 1434 28048 2293 242 1140 2495 1550 204 98 72 12602 1890 1247 306 319 45 31406 29623 2102 2565 1955 1216 4142 534
leaf_count=4439 2940 292 197 7763 301 10381 1434 28048 2293 242 1140 2495 1550 204 98 72 12602 1890 1247 306 319 45 31406 29623 2102 2565 1955 1216 4142 534
internal_value=-0.00225119 -0.00562889 -0.00858728 -0.00940088 -0.00358905 -0.00825066 -0.00298196 -0.00340038 -0.00873621 -0.0138592 -0.00763909 0.00144421 0.000475842 -0.00467581 0.00172937 -0.0188338 -3.49869e-05 -0.00034282 0.00167464 -0.00177596 0.00651341 -0.000513042 -0.000448782 0.000299149 -0.000639423 0.000585039 0.00078694 -0.00268234 0.000317707 -0.00539724
internal_weight=153841 60949 24874 22825 36075 18144 32269 29482 3806 4681 3433 2787 2049 401 1648 373 92892 48349 3762 2196 1566 44587 44008 44543 10400 34143 31578 3318 7082 579
internal_count=153841 60949 24874 22825 36075 18144 32269 29482 3806 4681 3433 2787 2049 401 1648 373 92892 48349 3762 2196 1566 44587 44008 44543 10400 34143 31578 3318 7082 579
is_linear=0
shrinkage=0.05


Tree=119
num_leaves=30
num_cat=0
split_feature=4 13 13 13 32 13 22 1 25 10 38 38 18 13 38 38 21 21 4 1 0 34 38 1 25 34 37 0 13
split_gain=462.077 190.45 364.795 149.94 152.757 28.6235 14.3289 8.85668 5.55606 3.69303 6.46998 6.02788 8.08552 5.32193 5.25502 4.5324 4.4912 8.00936 6.94682 6.52808 6.46006 6.03176 3.83671 2.42566 5.05624 2.39063 6.4916 5.55872 0.704271
threshold=1.0000000180025095e-35 12.92698907852173 -3.4262548685073848 0.00075226789808231222 10.500000000000002 -13.842182159423826 0.054519345983862884 0.34781159460544592 0.027781608514487747 0.36146824061870581 0.18249313533306125 0.15261784195899966 1620.5567016601565 19835.107421875004 -0.34707100689411158 0.18672653287649157 0.97499999403953563 0.12500000372529033 22.274999618530277 0.13344171643257144 0.063354823738336577 1.0000000180025095e-35 0.026671548373997215 -3.0804568529129024 0.26722472906112676 1.0000000180025095e-35 1.0000000180025095e-35 -0.71135804057121266 145.24861907958987
decision_type=2 2 2 2 2 2 2 2 2 2 2 2 2 2 2 2 2 2 2 2 2 2 2 2 2 2 2 2 2
left_child=1 2 5 4 -4 8 -5 -7 -1 16 11 14 -13 15 -11 -12 17 22 21 -19 -20 -18 -2 24 -3 26 -25 -27 -26
right_child=9 23 3 6 -6 7 -8 -9 -10 10 13 12 -14 -15 -16 -17 18 19 20 -21 -22 -23 -24 25 28 27 -28 -29 -30
leaf_value=-3.5842176894048163e-05 -0.00010893586029892724 0.00063344495695765877 -2.4103976913200074e-06 -2.4103976913200074e-06 2.7003547359530368e-06 -2.4103976913200074e-06 -2.4103976913200074e-06 -2.4103976913200074e-06 2.8299570055775882e-06 -0.00057357464578131697 -0.00081486269493639702 -0.00015557791453559141 0.0015666028039180756 0.0012333356563028746 7.581738003950984e-05 -0.00022874518900435834 -0.00017803156734672067 3.4510629287551159e-05 -0.00024659252629558102 0.00071266615890916213 0.00010426044677849383 -1.2327834948267121e-06 2.9577351904653412e-05 7.857786870969896e-05 -0.0006457288747691262 -0.0002731175990822187 -8.7838806358472475e-05 3.8965698960555198e-06 -0.0013442553985561531
leaf_weight=3342 12210 46 18000 768 2016 5695 8218 189 9553 351 54 136 162 58 17308 1243 3761 31408 2590 1662 764 17288 3897 1035 41 354 1506 10156 30
leaf_count=3342 12210 46 18000 768 2016 5695 8218 189 9553 351 54 136 162 58 17308 1243 3761 31408 2590 1662 764 17288 3897 1035 41 354 1506 10156 30
internal_value=-0.00225249 -0.00563545 -0.00710272 -0.0106182 -0.0130271 -0.00167341 -0.00525262 -0.00456322 -0.000354789 -3.28338e-05 0.000582539 0.000833937 0.00788591 -0.00274908 0.000714933 -0.00341172 -0.000194346 8.08305e-05 -0.000748883 0.000526157 -0.00286225 -0.000412134 -0.000833489 -0.000311361 -0.00747863 -0.000247108 -0.00162338 8.56327e-05 -0.0158451
internal_weight=153841 60949 47781 29002 20016 18779 8986 5884 12895 92892 19312 17957 298 1355 17659 1297 73580 49177 24403 33070 3354 21049 16107 13168 117 13051 2541 10510 71
internal_count=153841 60949 47781 29002 20016 18779 8986 5884 12895 92892 19312 17957 298 1355 17659 1297 73580 49177 24403 33070 3354 21049 16107 13168 117 13051 2541 10510 71
is_linear=0
shrinkage=0.05


Tree=120
num_leaves=31
num_cat=0
split_feature=7 3 24 32 24 0 22 1 22 37 34 39 0 22 39 39 3 34 2 2 39 1 21 21 1 38 22 21 34 21
split_gain=461.177 185.131 120.192 83.1085 30.9935 26.6681 27.8957 12.8313 15.7811 11.4628 11.1128 7.96665 5.25613 14.6602 4.71724 4.48962 3.8388 11.8153 9.73606 9.27145 8.20999 7.68224 8.83791 6.65335 5.55982 5.35284 4.92066 3.91593 8.65447 4.81667
threshold=1.0000000180025095e-35 -0.10210046172142027 2.5000000000000004 14.500000000000002 1.5000000000000002 -0.12748190760612485 0.069670796394348158 -0.022654294036328789 0.066147454082965865 1.0000000180025095e-35 3.5000000000000004 0.93651720881462108 0.065983854234218611 0.14864231646060946 2.4376730918884282 1.9768069386482241 0.31943830847740179 2.5000000000000004 0.59652218222618114 0.74247610569000255 2.5612684488296513 0.096356604248285307 1.0000000180025095e-35 0.22500000149011615 0.40330043435096746 -0.11181402578949927 0.15509780496358874 0.97499999403953563 1.0000000180025095e-35 0.57500001788139354
decision_type=2 2 2 2 2 2 2 2 2 2 2 2 2 2 2 2 2 2 2 2 2 2 2 2 2 2 2 2 2 2
left_child=1 7 3 4 -3 10 -7 8 11 -10 -4 -1 14 -14 -9 -5 19 20 25 27 24 22 -21 -23 -18 -19 -22 29 -29 -2
right_child=16 2 5 15 -6 6 -8 12 9 -11 -12 -13 13 -15 -16 -17 17 18 -20 21 26 23 -24 -25 -26 -27 -28 28 -30 -31
leaf_value=-2.2898778067540068e-06 -1.4126123758897297e-05 -2.2898778067540068e-06 -2.2898778067540068e-06 0.00072983024826411044 -2.2898778067540068e-06 -2.2898778067540068e-06 -2.2898778067540068e-06 0.00071686649499336122 -1.5600333600260651e-06 -2.2898778067540068e-06 -2.2898778067540068e-06 -2.2898778067540068e-06 -1.9739146364934477e-05 0.0010716274235270243 -3.5110684399601507e-05 -0.00028714098636843449 -0.00036478240901195356 -0.00044669059521597549 0.0039293717465300566 0.0037756837088368279 -0.00012099315348585605 0.00040988349638754716 4.6909944295770586e-05 0.0029545787027871265 0.00020352905635166783 0.00041071296667862195 0.00076177902762990539 -0.00017759276069991733 -6.5492265319612101e-06 7.3296081708883187e-05
leaf_weight=456 32198 7848 1500 1039 8905 2083 19030 312 7479 10241 534 425 250 284 58 505 2654 210 110 51 88 181 761 147 384 695 170 5177 25083 24983
leaf_count=456 32198 7848 1500 1039 8905 2083 19030 312 7479 10241 534 425 250 284 58 505 2654 210 110 51 88 181 761 147 384 695 170 5177 25083 24983
internal_value=-0.00225086 -0.00563053 -0.00752099 -0.0105495 -0.0115726 -0.00512701 -0.00460025 -0.00161369 -0.0018964 -0.00157167 -0.0105949 -0.00842792 0.00420354 0.00102996 0.00878378 0.000550518 -3.33721e-05 -0.00149037 0.0032266 3.75363e-05 -0.00294296 0.00451754 0.00190887 0.0109756 -0.00367018 0.00151934 0.00562016 -2.08712e-05 -0.000480833 0.000222539
internal_weight=153841 60949 41444 18297 16753 23147 21113 19505 18601 17720 2034 881 904 534 370 1544 92892 4311 1015 88581 3296 1140 812 328 3038 905 258 87441 30260 57181
internal_count=153841 60949 41444 18297 16753 23147 21113 19505 18601 17720 2034 881 904 534 370 1544 92892 4311 1015 88581 3296 1140 812 328 3038 905 258 87441 30260 57181
is_linear=0
shrinkage=0.05


Tree=121
num_leaves=28
num_cat=0
split_feature=4 13 13 13 32 3 13 3 24 18 4 39 34 0 13 3 0 0 34 1 3 1 3 0 34 3 2
split_gain=462.623 190.259 363.685 144.991 147.618 27.7122 25.6711 19.0959 4.90907 3.68851 4.30021 8.43827 8.09686 6.91188 6.22517 5.48068 4.17231 3.3152 3.48217 3.58571 3.03643 2.42052 2.95188 7.57163 4.70489 1.74828 1.23001
threshold=1.0000000180025095e-35 12.92698907852173 -3.9830549955368038 0.00075226789808231222 10.500000000000002 -0.084897842258214937 -13.842182159423826 -0.10819913819432257 1.0000000180025095e-35 91424.945312500015 21.57499980926514 -0.12337663397192954 5.0000000000000009 0.40819515287876135 19835.107421875004 0.31943830847740179 0.27388224005699163 0.73370802402496349 1.5000000000000002 0.17574552446603778 -2.030936479568481 -3.0804568529129024 -1.1688111424446104 -0.71135804057121266 1.5000000000000002 -7.0460891723632804 -1.1961632370948789
decision_type=2 2 2 2 2 2 2 2 2 2 2 2 2 2 2 2 2 2 2 2 2 2 2 2 2 2 2
left_child=1 2 6 4 -4 -5 8 -8 -1 10 14 12 -12 -13 15 -2 -16 18 19 -11 -20 25 24 -24 -23 -3 -27
right_child=9 21 3 5 -6 -7 7 -9 -10 17 11 13 -14 -15 16 -17 -18 -19 20 -21 -22 22 23 -25 -26 26 -28
leaf_value=-0.00018423200768887294 1.2555855432130892e-05 0.00028421018317617114 -2.1753839164163066e-06 -1.9714375663594037e-06 -3.3926175414050744e-05 -2.1753839164163066e-06 -2.1753839164163066e-06 -2.1753839164163066e-06 -7.2086669479192846e-06 -0.00032277245852814431 -0.00025205625279309756 -3.4522771006683092e-05 0.0020605121889561173 0.00056113781932300177 0.0017510980990814752 -0.00014892784886365014 -0.00047516212735260156 0.0019334690948335385 -0.00085828364415765153 0.0034953968009676472 0.00050223450456886765 0.00056854630355737982 -0.0003910926274350978 -5.4306331215990856e-06 -0.00015903286600573677 -0.0010803504248994382 -0.0010948807942476166
leaf_weight=70 70694 33 18398 2808 2045 6178 1841 3616 12825 590 4557 10125 330 1094 246 3129 74 30 93 33 1897 544 343 11660 504 33 51
leaf_count=70 70694 33 18398 2808 2045 6178 1841 3616 12825 590 4557 10125 330 1094 246 3129 74 30 93 33 1897 544 343 11660 504 33 51
internal_value=-0.00225541 -0.00564037 -0.0071069 -0.0105517 -0.0128785 -0.00525818 -0.00158293 -0.00445758 -0.000366421 -3.44486e-05 -8.83666e-05 -0.000828884 -0.00256292 -7.3536e-05 7.2495e-05 4.2331e-05 0.00703125 0.00180666 0.00161692 -0.00164526 0.00263819 -0.000318955 -0.00025477 -0.000476964 0.00229008 -0.00747863 -0.0113095
internal_weight=153841 60949 47781 29429 20443 8986 18352 5457 12895 92892 90249 16106 4887 11219 74143 73823 320 2643 2613 623 1990 13168 13051 12003 1048 117 84
internal_count=153841 60949 47781 29429 20443 8986 18352 5457 12895 92892 90249 16106 4887 11219 74143 73823 320 2643 2613 623 1990 13168 13051 12003 1048 117 84
is_linear=0
shrinkage=0.05


Tree=122
num_leaves=27
num_cat=0
split_feature=4 13 13 13 3 3 13 3 25 4 18 15 38 2 7 9 21 25 1 25 3 0 34 0 39 3
split_gain=459.611 192.955 364.073 145.415 81.8408 27.5626 25.8173 19.0959 5.27546 3.66069 4.06142 3.37969 6.58489 5.72342 12.6431 7.43119 5.0762 3.42265 2.4566 5.05624 2.82876 5.71254 4.70489 2.13633 2.28135 1.88204
threshold=1.0000000180025095e-35 12.92698907852173 -3.9830549955368038 0.00075226789808231222 -0.10210046172142027 -0.084897842258214937 -13.842182159423826 -0.10819913819432257 0.027781608514487747 109.04999923706056 -34438.080078124993 -0.76144087314605702 0.21970647573471072 0.042577724903821952 0.037926977500319488 0.34955403208732611 0.92499998211860668 0.3111968487501145 -3.0804568529129024 0.26722472906112676 -1.1688111424446104 -0.71135804057121266 1.5000000000000002 0.4552478045225144 0.49840891361236578 -5.5044207572937003
decision_type=2 2 2 2 2 2 2 2 2 2 2 2 2 2 2 2 2 2 2 2 2 2 2 2 2 2
left_child=1 2 6 4 -4 -5 8 -8 -1 11 -11 12 16 14 -13 -15 -2 -14 19 -3 22 -22 -20 24 -12 -21
right_child=9 18 3 5 -6 -7 7 -9 -10 10 23 13 17 15 -16 -17 -18 -19 20 25 21 -23 -24 -25 -26 -27
leaf_value=-3.3575140811612089e-05 -5.7856697693214196e-06 0.00062211747605456344 -2.0666147205954911e-06 -1.8728656880414336e-06 -2.0666147205954911e-06 -2.0666147205954911e-06 -2.0666147205954911e-06 -2.0666147205954911e-06 2.7964180547295978e-06 0.00043357466046535547 -0.0012623359315998056 -8.6990479999987666e-05 0.00020207480963183987 1.5707262981345949e-05 0.0001615300429515805 0.00018232786635363936 -0.00011395326590670861 0.00077693587298344159 0.00054011898837951096 -0.001058088717168522 -0.00037153799606334293 -5.1591014655191694e-06 -0.00015108122270544996 0.00087689338883079569 -0.00035843836674958078 -0.0010599466710948565
leaf_weight=3342 15687 46 4218 2808 16225 6178 1841 3616 9553 50 75 14110 817 34811 7749 9141 9974 138 544 34 343 11660 504 36 304 37
leaf_count=3342 15687 46 4218 2808 16225 6178 1841 3616 9553 50 75 14110 817 34811 7749 9141 9974 138 544 34 343 11660 504 36 304 37
internal_value=-0.00225086 -0.00562478 -0.00710167 -0.0105483 -0.0128785 -0.00524705 -0.00157476 -0.00445758 -0.000354789 -3.71399e-05 -0.00446237 -1.48766e-05 -0.000490307 0.000177402 -0.000483782 0.000506234 -0.000642025 0.00358639 -0.000265796 -0.00747863 -0.000201134 -0.000418645 0.00229008 -0.00608434 -0.00718997 -0.0158451
internal_weight=153841 60949 47781 29429 20443 8986 18352 5457 12895 92892 465 92427 26616 65811 21859 43952 25661 955 13168 117 13051 12003 1048 415 379 71
internal_count=153841 60949 47781 29429 20443 8986 18352 5457 12895 92892 465 92427 26616 65811 21859 43952 25661 955 13168 117 13051 12003 1048 415 379 71
is_linear=0
shrinkage=0.05


Tree=123
num_leaves=27
num_cat=0
split_feature=4 13 13 13 32 3 13 3 13 4 0 1 0 39 39 25 0 21 13 34 0 1 3 7 8 7
split_gain=459.236 193.185 365.622 145.415 147.618 27.5626 25.8306 19.429 4.92036 3.67049 3.41996 3.22417 4.707 9.4042 4.40081 2.74016 2.40488 6.56135 5.63891 5.06204 2.94716 2.44135 2.15756 2.05168 1.32973 0.84899
threshold=1.0000000180025095e-35 12.92698907852173 -3.9830549955368038 0.00075226789808231222 10.500000000000002 -0.084897842258214937 -13.842182159423826 -0.10819913819432257 -185.9236145019531 109.04999923706056 0.46805934607982641 -3.0804568529129024 -1.4874465465545652 -1.0000000180025095e-35 -0.79354643821716297 0.11052900552749635 0.52061906456947338 0.42499999701976782 27.433041572570804 3.5000000000000004 0.49761769175529486 -2.4581794738769527 -0.23777956515550611 0.017378530465066436 0.2010651230812073 0.044777365401387222
decision_type=2 2 2 2 2 2 2 2 2 2 2 2 2 2 2 2 2 2 2 2 2 2 2 2 2 2
left_child=1 2 6 4 -4 -5 8 -8 -1 11 22 15 13 -13 -14 25 20 19 -19 -18 21 -3 -11 -17 -24 -2
right_child=9 16 3 5 -6 -7 7 -9 -10 10 -12 12 14 -15 -16 23 17 18 -20 -21 -22 -23 24 -25 -26 -27
leaf_value=0.00025393729104829704 0.00024260894918422504 -0.00050562305609554495 -1.9632839845657166e-06 -1.779222403639362e-06 -3.2126535907317509e-05 -1.9632839845657166e-06 -1.9632839845657166e-06 -1.9632839845657166e-06 -1.2077612460338753e-05 0.00024175069715803613 0.00051516133518489935 0.00081395157623533314 -4.3226667742677852e-05 -0.00036768408235303732 1.715146623481878e-05 0.00059410433979672833 -1.7876546878414766e-05 0.00031931213619645161 -0.00019244697304191029 0.0059925172520427332 0.0033443807652552057 -1.0783654206413647e-06 -0.00053357877632392089 -0.00068071511631597175 1.1213408920284287e-05 -8.5879736282112016e-05
leaf_weight=1549 30 361 18398 2808 2045 6178 1841 3616 11346 38 58 512 25161 433 66023 33 199 38 158 52 42 12318 315 199 54 36
leaf_count=1549 30 361 18398 2808 2045 6178 1841 3616 11346 38 58 512 25161 433 66023 33 199 38 158 52 42 12318 315 199 54 36
internal_value=-0.00224404 -0.00561658 -0.00709435 -0.0105483 -0.0128785 -0.00524705 -0.00155569 -0.00443925 -0.000335401 -3.12191e-05 -0.00446237 -8.92596e-06 7.8694e-06 0.00351852 -2.85138e-05 -0.00520134 -0.000254405 -0.00385906 -0.0107143 0.00149402 -0.000127742 -0.000171543 -0.00608108 -0.00775862 -0.00724932 0.00378788
internal_weight=153841 60949 47781 29429 20443 8986 18352 5457 12895 92892 465 92427 92129 945 91184 298 13168 447 196 251 12721 12679 407 232 369 66
internal_count=153841 60949 47781 29429 20443 8986 18352 5457 12895 92892 465 92427 92129 945 91184 298 13168 447 196 251 12721 12679 407 232 369 66
is_linear=0
shrinkage=0.05


Tree=124
num_leaves=29
num_cat=0
split_feature=4 13 13 13 32 13 39 39 25 4 25 25 39 7 38 25 18 39 21 25 21 34 22 37 25 1 25 1
split_gain=461.472 192.409 364.515 145.415 147.618 25.5872 15.8025 14.773 5.00214 3.69073 5.33098 8.92241 6.18809 5.94157 5.89113 4.35231 4.75682 5.66325 4.52181 6.08112 4.8141 4.18358 3.73386 3.4433 2.21694 1.96467 4.54493 2.34851
threshold=1.0000000180025095e-35 12.92698907852173 -3.9830549955368038 0.00075226789808231222 10.500000000000002 -13.842182159423826 3.0046374797821049 0.81853067874908458 0.027781608514487747 9.4249997138977069 0.72491061687469494 0.41949391365051275 -1.0000000180025095e-35 0.1596316993236542 0.061989651992917068 0.053690373897552497 -802.07827758789051 -4.0763666629791251 1.0000000180025095e-35 0.2323294132947922 0.97499999403953563 1.5000000000000002 0.92974010109901439 1.0000000180025095e-35 2.3506062030792241 -3.0804568529129024 0.26722472906112676 -1.2686873674392698
decision_type=2 2 2 2 2 2 2 2 2 2 2 2 2 2 2 2 2 2 2 2 2 2 2 2 2 2 2 2
left_child=1 2 5 4 -4 8 -7 -5 -1 15 11 13 -13 -11 21 16 17 -2 19 -17 -20 -12 -18 -16 25 26 -3 -27
right_child=9 24 3 7 -6 6 -8 -9 -10 10 14 12 -14 -15 23 18 22 -19 20 -21 -22 -23 -24 -25 -26 27 -28 -29
leaf_value=-3.1292503148014549e-05 0.00077312223525187343 0.00061629275505661245 -1.8651197853374308e-06 -1.8651197853374308e-06 -3.0520209111951915e-05 -1.8651197853374308e-06 -1.8651197853374308e-06 -1.8651197853374308e-06 3.0023451702201093e-06 -4.4060620122358433e-05 -0.00035161272603835179 0.00074996189635961191 7.1379229276988083e-05 0.00066605020109028251 -0.00067823227367742119 -0.00015170910045605551 1.7995259155171403e-05 -0.00019689998492583173 0.00015406652065213315 0.00011179636607975509 1.9328002131571363e-05 2.1381631888464995e-05 -0.00041629115983580871 0.00058545162581273319 -0.0011541507593321183 0.00029216006399715677 -0.00097990312850531887 -8.1028564386638872e-06
leaf_weight=3342 54 46 18398 5707 2045 4845 612 3279 9553 40904 491 1095 2975 1447 417 3539 8119 3154 13743 2105 13484 984 345 36 52 658 69 12343
leaf_count=3342 54 46 18398 5707 2045 4845 612 3279 9553 40904 491 1095 2975 1447 417 3539 8119 3154 13743 2105 13484 984 345 36 52 658 69 12343
internal_value=-0.00224404 -0.00562478 -0.00709958 -0.0105483 -0.0128785 -0.00156931 -0.00443925 -0.00524705 -0.000354789 -2.58365e-05 -0.000328342 -0.000221344 0.00201474 -0.000436235 -0.00290456 0.000302517 -0.000526902 -0.00216646 0.000597031 -0.000690999 0.000864032 -0.00137288 9.4518e-05 -0.00789183 -0.00027339 -0.00023254 -0.00673913 -0.000174987
internal_weight=153841 60949 47781 29429 20443 18352 5457 8986 12895 92892 48349 46421 4070 42351 1928 44543 11672 3208 32871 5644 27227 1475 8464 453 13168 13116 115 13001
internal_count=153841 60949 47781 29429 20443 18352 5457 8986 12895 92892 48349 46421 4070 42351 1928 44543 11672 3208 32871 5644 27227 1475 8464 453 13168 13116 115 13001
is_linear=0
shrinkage=0.05


Tree=125
num_leaves=30
num_cat=0
split_feature=4 3 24 32 24 0 22 14 24 34 38 1 2 21 0 0 2 3 34 0 37 1 34 4 21 14 1 10 21
split_gain=458.153 183.565 122.16 81.0993 30.6173 27.155 27.234 12.7876 11.3959 11.1128 10.3843 4.9975 4.27932 4.768 3.86126 3.56993 3.36308 3.88274 12.3169 10.6044 9.25175 5.82783 15.8145 6.00837 2.47405 3.25737 3.02885 2.33266 1.95952
threshold=1.0000000180025095e-35 -0.10210046172142027 2.5000000000000004 14.500000000000002 1.5000000000000002 -0.12748190760612485 0.069670796394348158 -1.0000000180025095e-35 1.5000000000000002 3.5000000000000004 -0.2351633086800575 -0.022654294036328789 0.097084917128086104 0.77500000596046459 -0.17606109380722043 -0.45384354889392847 0.80164751410484325 0.31943830847740179 2.5000000000000004 0.57766079902648937 1.0000000180025095e-35 0.14129775762557986 1.0000000180025095e-35 21.57499980926514 0.52500000596046459 1.0000000180025095e-35 0.036227108910679824 0.28891681134700781 0.77500000596046459
decision_type=2 2 2 2 2 2 2 2 2 2 2 2 2 2 2 2 2 2 2 2 2 2 2 2 2 2 2 2 2
left_child=1 7 3 4 -3 9 -7 12 11 -4 -10 -9 15 -14 -5 -1 17 21 20 -20 -19 23 -23 -2 25 27 28 -18 -26
right_child=16 2 5 14 -6 6 -8 8 10 -11 -12 -13 13 -15 -16 -17 24 18 19 -21 -22 22 -24 -25 26 -27 -28 -29 -30
leaf_value=0.0010128118979879437 1.0863256734053827e-05 -1.7718637960705594e-06 -1.7718637960705594e-06 -0.00063199386493525695 -1.7718637960705594e-06 -1.7718637960705594e-06 -1.7718637960705594e-06 -1.8083560184069566e-06 0.0010252753384117894 -1.7718637960705594e-06 -1.7718637960705594e-06 0.00078169902818929287 -0.0001502057566910558 0.001908355137000101 0.00021245272000825974 -1.9429105521433218e-05 -0.00035900190156908237 6.3331669519692353e-05 0.00019147707447267088 0.0039730714241271656 -0.00037820029518108929 0.0014166544436156397 5.4508468891552661e-05 -7.8697955314917988e-05 0.0025184938420671783 0.00092337165162961396 0.0028836796069374262 0.00081239878886223138 -9.0869360410880678e-05
leaf_weight=191 69890 7848 1500 98 8905 2083 19030 2540 484 534 15170 104 91 267 1446 658 149 933 922 84 2104 589 3232 14746 33 30 56 53 71
leaf_count=191 69890 7848 1500 98 8905 2083 19030 2540 484 534 15170 104 91 267 1446 658 149 933 922 84 2104 589 3232 14746 33 30 56 53 71
internal_value=-0.00223981 -0.00560838 -0.00749083 -0.0105441 -0.0115546 -0.00507733 -0.00454578 -0.00160856 -0.00193737 -0.0105949 -0.00142456 -0.00497352 0.00337614 0.00796089 0.000420984 0.00144287 -2.96043e-05 -4.91892e-05 -0.00156443 0.00323062 -0.00315278 2.00662e-05 0.00193012 -6.61657e-05 0.00459184 0.0012931 0.009375 -0.000990099 0.00432692
internal_weight=153841 60949 41444 18297 16753 23147 21113 19505 18298 2034 15654 2644 1207 358 1544 849 92892 92500 4043 1006 3037 88457 3821 84636 392 232 160 202 104
internal_count=153841 60949 41444 18297 16753 23147 21113 19505 18298 2034 15654 2644 1207 358 1544 849 92892 92500 4043 1006 3037 88457 3821 84636 392 232 160 202 104
is_linear=0
shrinkage=0.05


Tree=126
num_leaves=27
num_cat=0
split_feature=4 3 24 32 25 14 32 14 24 32 25 1 25 25 4 18 18 1 1 3 39 1 25 34 38 18
split_gain=459.286 182.194 122.527 79.7888 42.1257 26.7925 25.6458 12.2865 11.2527 10.3831 5.09358 4.9975 4.93101 4.04705 3.49104 3.42065 3.10598 2.99638 4.32037 2.72871 2.7003 3.52381 2.63883 2.38477 1.67622 1.43158
threshold=1.0000000180025095e-35 -0.10210046172142027 2.5000000000000004 14.500000000000002 0.0050568901933729657 -1.0000000180025095e-35 10.500000000000002 -1.0000000180025095e-35 1.5000000000000002 2.5000000000000004 0.0044128096196800479 -0.022654294036328789 1.141688406467438 0.1557339206337929 109.04999923706056 -34438.080078124993 494595.42187500006 -3.0804568529129024 -1.2053272724151609 -0.20921241492033002 0.46533881127834326 -0.85710671544075001 0.11052900552749635 1.5000000000000002 -0.51251009106636036 -540.38027954101551
decision_type=2 2 2 2 2 2 2 2 2 2 2 2 2 2 2 2 2 2 2 2 2 2 2 2 2 2
left_child=1 7 3 4 -3 10 -7 12 11 -10 -4 -9 19 -5 16 -16 17 22 -19 -1 21 -18 -2 25 -25 -17
right_child=14 2 5 13 -6 6 -8 8 9 -11 -12 -13 -14 -15 15 23 20 18 -20 -21 -22 -23 -24 24 -26 -27
leaf_value=0.00058402087817352097 9.3942806984646983e-05 -1.6832706062670313e-06 -9.1516224262509533e-05 -0.00013762625434656853 -1.6832706062670313e-06 -1.6832706062670313e-06 1.3872777548865414e-05 -1.7179382174866087e-06 -1.6832706062670313e-06 0.00025191208491471482 3.7317728316668777e-05 0.0007426140767798281 -0.0011151596505670242 0.0025114852056515626 0.00035685113860005617 -0.00072232371316816014 -0.00070144650857393231 0.00019591736695513085 -6.9257314904936848e-06 1.9596842730513443e-06 -0.0010708300091972177 0.0020981386810272539 -0.00056540315174082945 -3.6894813434188574e-05 -0.00064054230494057921 7.5580328913930127e-05
leaf_weight=758 66 1955 84 1215 14798 19191 1755 2540 14115 1539 2117 104 38 329 50 51 37 5057 86780 411 33 222 232 47 197 120
leaf_count=758 66 1955 84 1215 14798 19191 1755 2540 14115 1539 2117 104 38 329 50 51 37 5057 86780 411 33 222 232 47 197 120
internal_value=-0.00224631 -0.00561904 -0.00749445 -0.0105523 -0.0115546 -0.00507733 -0.00562876 -0.0016342 -0.0019565 -0.00144691 0.000170377 -0.00497352 0.00325186 0.000323834 -3.33721e-05 -0.00435484 -1.16308e-05 -2.79481e-05 -1.17055e-05 0.00382806 0.00513699 0.00685328 -0.00503356 -0.00584337 -0.00901639 -0.00131579
internal_weight=153841 60949 41444 18297 16753 23147 20946 19505 18298 15654 2201 2644 1207 1544 92892 465 92427 92135 91837 1169 292 259 298 415 244 171
internal_count=153841 60949 41444 18297 16753 23147 20946 19505 18298 15654 2201 2644 1207 1544 92892 465 92427 92135 91837 1169 292 259 298 415 244 171
is_linear=0
shrinkage=0.05


Tree=127
num_leaves=28
num_cat=0
split_feature=4 13 13 13 32 13 22 1 0 0 1 34 4 2 37 34 34 37 34 34 0 1 0 25 34 10 38
split_gain=462.263 194.235 369.084 145.608 148.64 25.995 14.1828 9.55501 5.50155 3.19734 5.74526 5.13219 3.14975 3.21888 9.18552 99.9957 66.5815 8.74482 22.0202 21.1915 2.7438 2.34225 6.32189 3.86932 2.33514 2.15299 1.37159
threshold=1.0000000180025095e-35 12.92698907852173 -3.9830549955368038 0.00075226789808231222 10.500000000000002 -13.842182159423826 0.054519345983862884 0.34781159460544592 -1.0383247733116148 0.52061906456947338 -0.080943223088979707 3.5000000000000004 109.04999923706056 0.056309804320335395 1.0000000180025095e-35 2.5000000000000004 2.5000000000000004 1.0000000180025095e-35 2.5000000000000004 2.5000000000000004 0.46805934607982641 -2.4581794738769527 -1.2837300300598142 1.3021721839904787 1.5000000000000002 0.12069811299443246 -0.51251009106636036
decision_type=2 2 2 2 2 2 2 2 2 2 2 2 2 2 2 2 2 2 2 2 2 2 2 2 2 2 2
left_child=1 2 5 4 -4 8 -5 -7 -1 21 -11 -12 13 17 15 -15 -16 18 -2 -19 24 23 -23 -3 25 -14 -26
right_child=12 9 3 6 -6 7 -8 -9 -10 10 11 -13 20 14 16 -17 -18 19 -20 -21 -22 22 -24 -25 26 -27 -28
leaf_value=-0.00054321325305285099 -2.3444843370242637e-06 -0.0002849878957562141 -1.5991070759536797e-06 -1.5991070759536797e-06 -3.2735521939437909e-05 -1.5991070759536797e-06 -1.5991070759536797e-06 -1.5991070759536797e-06 -3.3019885725166922e-06 -0.0015646150046802099 -3.3862008227675494e-05 0.0025746133572666888 6.4087388854709715e-05 0.00051521896028918249 -0.00018912691652539027 -0.00014900765624543331 0.00024865024056465701 -0.00011976029194078291 -0.0002501117541080068 0.00021515446499104641 0.00043531219798085625 0.0011283755951111694 -2.9635367907290628e-06 -0.00072239256231433884 -3.6265010876561715e-05 -0.00085982850818630573 -0.00059678975032592934
leaf_weight=560 12630 321 18398 768 2045 5281 8218 176 12335 40 325 82 142 9336 19158 14067 13103 7861 5143 11129 58 159 12201 40 46 30 189
leaf_count=560 12630 321 18398 768 2045 5281 8218 176 12335 40 325 82 142 9336 19158 14067 13103 7861 5143 11129 58 159 12201 40 46 30 189
internal_value=-0.00225509 -0.00563873 -0.00712051 -0.0105907 -0.0129225 -0.00155569 -0.005286 -0.00444841 -0.000331524 -0.000261999 -0.00441834 -0.00264128 -3.49869e-05 -1.43356e-05 0.00022546 0.000979575 -0.000321596 -0.000377418 -0.00117453 0.000368615 -0.00413978 -0.00011595 0 -0.00408587 -0.00558968 -0.00116279 -0.00882979
internal_weight=153841 60949 47781 29429 20443 18352 8986 5457 12895 13168 447 407 92892 92427 55664 23403 32261 36763 17773 18990 465 12721 12360 361 407 172 235
internal_count=153841 60949 47781 29429 20443 18352 8986 5457 12895 13168 447 407 92892 92427 55664 23403 32261 36763 17773 18990 465 12721 12360 361 407 172 235
is_linear=0
shrinkage=0.05


Tree=128
num_leaves=30
num_cat=0
split_feature=4 13 13 13 32 3 13 3 0 0 21 2 3 4 13 38 37 38 11 13 32 11 2 38 0 3 0 20 3
split_gain=460.755 193.687 369.529 145.608 148.64 26.4245 26.0931 18.5155 5.12062 3.35977 7.24697 4.31963 3.68935 3.16835 4.58693 3.83643 4.3522 3.10814 5.50215 7.29598 6.28127 4.29111 8.02207 5.0669 2.29249 2.1834 6.63825 5.51297 1.80985
threshold=1.0000000180025095e-35 12.92698907852173 -3.9830549955368038 0.00075226789808231222 10.500000000000002 -0.084897842258214937 -13.842182159423826 -0.10819913819432257 -1.0383247733116148 0.52061906456947338 0.42499999701976782 0.77363860607147228 0.44951760768890386 91.299999237060561 1656.266052246094 0.2464515566825867 1.0000000180025095e-35 -0.28505955636501307 0.23356410861015323 -270.54681396484369 27.500000000000004 0.36557516455650335 0.042577724903821952 0.11906004324555398 0.33029821515083319 -1.1688111424446104 -0.71135804057121266 -1.0000000180025095e-35 0.036866260692477233
decision_type=2 2 2 2 2 2 2 2 2 2 2 2 2 2 2 2 2 2 2 2 2 2 2 2 2 2 2 2 2
left_child=1 2 6 4 -4 -5 8 -8 -1 25 12 -12 -11 17 15 28 -17 18 20 -20 -2 23 -23 -19 -16 27 -27 -3 -15
right_child=13 9 3 5 -6 -7 7 -9 -10 10 11 -13 -14 14 24 16 -18 21 19 -21 -22 22 -24 -25 -26 26 -28 -29 -30
leaf_value=-0.00051605259040020857 0.00076603815824471391 -0.00058481011892929822 -1.5191517221559957e-06 -1.3885666783754613e-06 -3.1098745842465804e-05 -1.5191517221559957e-06 -1.5155937304781972e-06 -1.5191517221559957e-06 -3.1368891438908573e-06 0.0006492406295224778 -0.00017529675527750528 -0.00016490508118909982 -5.9848414123283158e-05 -0.00060736388661967533 -0.00031179338165547441 0.00043028317733557098 -0.00098030019165842668 -4.948759867601368e-05 -0.00083020541188657854 0.00026186541838062958 -0.00099740244534865909 -4.6436706723199934e-05 5.974049757671296e-05 0.00010933968347030979 0.001682212164548476 -0.00036267962343591685 -1.9653845260545657e-06 0.00060999547389228967 -0.00038031328732302146
leaf_weight=560 1002 383 18398 2808 2045 6178 1841 3616 12335 194 137 59 57 151 45 105 39 34637 451 1044 94 16263 34786 3916 53 354 11279 705 306
leaf_count=560 1002 383 18398 2808 2045 6178 1841 3616 12335 194 137 59 57 151 45 105 39 34637 451 1044 94 16263 34786 3916 53 354 11279 705 306
internal_value=-0.00226061 -0.00563873 -0.00711842 -0.0105907 -0.0129225 -0.005286 -0.00155024 -0.00444841 -0.000323769 -0.000269593 -0.0045302 -0.0117347 0.00109562 -4.41373e-05 -0.00339771 -0.00503328 0.00208333 -1.87107e-05 0.00168854 -0.000284281 0.00437956 -6.80788e-05 0.00023262 -0.000466241 0.00663265 -0.000119881 -0.00032021 0.00202206 -0.00727571
internal_weight=153841 60949 47781 29429 20443 8986 18352 5457 12895 13168 447 196 251 92892 699 601 144 92193 2591 1495 1096 89602 51049 38553 98 12721 11633 1088 457
internal_count=153841 60949 47781 29429 20443 8986 18352 5457 12895 13168 447 196 251 92892 699 601 144 92193 2591 1495 1096 89602 51049 38553 98 12721 11633 1088 457
is_linear=0
shrinkage=0.05


Tree=129
num_leaves=31
num_cat=0
split_feature=4 3 24 32 25 0 22 14 34 24 38 1 25 2 25 4 2 34 3 32 2 8 25 2 2 34 1 32 39 3
split_gain=460.042 179.169 121.897 80.6612 42.1257 27.07 27.622 12.336 11.1128 10.5933 10.1008 4.96237 4.90799 4.7497 3.94118 3.12621 6.39207 22.5252 8.9317 8.36319 5.38708 8.24944 6.69678 5.10877 12.6798 8.45596 8.032 6.39392 6.38299 5.15494
threshold=1.0000000180025095e-35 -0.10210046172142027 2.5000000000000004 14.500000000000002 0.0050568901933729657 -0.12748190760612485 0.069670796394348158 -1.0000000180025095e-35 3.5000000000000004 1.5000000000000002 0.25620965659618383 -0.022654294036328789 1.141688406467438 0.097084917128086104 0.1557339206337929 9.4249997138977069 0.48264084756374365 2.5000000000000004 -0.5229734182357787 31.500000000000004 -0.20038617402315137 0.10818327590823175 0.76709699630737316 0.70106673240661632 0.55647179484367382 1.5000000000000002 0.28938786685466772 2.5000000000000004 -1.6657541394233701 0.22559004276990893
decision_type=2 2 2 2 2 2 2 2 2 2 2 2 2 2 2 2 2 2 2 2 2 2 2 2 2 2 2 2 2 2
left_child=1 7 3 4 -3 8 -7 12 -4 11 -11 -9 13 -1 -5 23 20 19 -19 -18 21 -17 -22 24 28 29 -27 -26 -2 -25
right_child=15 2 5 14 -6 6 -8 9 -10 10 -12 -13 -14 -15 -16 16 17 18 -20 -21 22 -23 -24 25 27 26 -28 -29 -30 -31
leaf_value=0.00011638896231005239 -5.2107801140587749e-05 -1.4431941360481961e-06 -1.4431941360481961e-06 -0.000130589028689335 -1.4431941360481961e-06 -1.4431941360481961e-06 -1.4431941360481961e-06 -1.4763062662906846e-06 -1.4431941360481961e-06 -1.4431941360481961e-06 -3.8831881672603132e-05 0.00070568446349391712 -0.0010575068639073232 0.0012578631047653853 0.0023860668583088902 4.9937243158980526e-05 -0.00015320987201256162 -0.00072301358649852357 0.0013773873883919725 0.0026475817881909305 -4.0185014854863049e-05 0.0018573268127957559 -0.00031634972925737096 0.001735963690120589 -0.0004474555917235987 -0.0002779256027433678 0.0023517051180687205 -0.0022423746769710258 5.6480949279602741e-05 0.00040590687114962638
leaf_weight=825 9471 1955 1500 1215 14798 2083 19030 2540 534 15303 351 104 38 344 329 1936 3186 205 1616 82 39455 426 1443 236 1122 570 55 86 32674 329
leaf_count=825 9471 1955 1500 1215 14798 2083 19030 2540 534 15303 351 104 38 344 329 1936 3186 205 1616 82 39455 426 1443 236 1122 570 55 86 32674 329
internal_value=-0.00226159 -0.00563709 -0.00749686 -0.0105468 -0.0115546 -0.00508597 -0.00455525 -0.00168547 -0.0105949 -0.00200842 -0.00151399 -0.0049357 0.00321044 0.00378529 0.000388601 -4.68286e-05 -0.000325239 0.00135095 0.00580725 -0.00113219 -0.000522423 0.00179932 -0.000656511 0.000255371 0.000166655 0.00348739 -0.00052 -0.00488411 0.000311425 0.00792035
internal_weight=153841 60949 41444 18297 16753 23147 21113 19505 2034 18298 15654 2644 1207 1169 1544 92892 48349 5089 1821 3268 43260 2362 40898 44543 43353 1190 625 1208 42145 565
internal_count=153841 60949 41444 18297 16753 23147 21113 19505 2034 18298 15654 2644 1207 1169 1544 92892 48349 5089 1821 3268 43260 2362 40898 44543 43353 1190 625 1208 42145 565
is_linear=0
shrinkage=0.05


Tree=130
num_leaves=30
num_cat=0
split_feature=4 13 13 13 32 3 13 3 0 0 21 2 34 4 13 18 2 25 38 25 32 25 39 34 3 0 3 9 0
split_gain=461.819 194.235 368.001 147.165 147.109 27.3985 26.1778 18.6821 4.90198 3.73447 6.8039 4.31963 4.27445 3.45717 3.8196 3.14819 3.6963 3.98788 3.12424 2.92095 6.42186 3.61107 2.82446 2.16962 10.0411 6.3682 1.991 1.91296 1.76342
threshold=1.0000000180025095e-35 12.92698907852173 -3.9830549955368038 0.00075226789808231222 10.500000000000002 -0.084897842258214937 -13.842182159423826 -0.10819913819432257 -1.0383247733116148 0.52061906456947338 0.42499999701976782 0.77363860607147228 3.5000000000000004 91.299999237060561 1656.266052246094 494595.42187500006 0.24990835040807727 0.15044230222702029 0.2464515566825867 2.3506062030792241 2.5000000000000004 1.3021721839904787 0.49840891361236578 1.0000000180025095e-35 -1.1005196571350095 -0.71135804057121266 0.036866260692477233 0.16438939422369006 0.33029821515083319
decision_type=2 2 2 2 2 2 2 2 2 2 2 2 2 2 2 2 2 2 2 2 2 2 2 2 2 2 2 2 2
left_child=1 2 6 4 -4 -5 8 -8 -1 23 12 -12 -11 15 18 19 27 -18 26 21 -21 -2 -20 24 -3 -25 -15 -17 -16
right_child=13 9 3 5 -6 -7 7 -9 -10 10 11 -13 -14 14 28 16 17 -19 22 20 -22 -23 -24 25 -26 -27 -28 -29 -30
leaf_value=-0.0004901778011733957 -4.5930420917715202e-06 0.00088706161785894334 -1.3710344292457862e-06 -1.2469786376542783e-06 -2.3014357115874741e-05 -1.3710344292457862e-06 -1.3659987306397532e-06 -1.3710344292457862e-06 -3.4282658619179677e-06 -2.9764046835030586e-05 -0.00016645975780682758 -0.00015658766742284239 0.0055323487493499912 -0.00057498644154594834 -0.00029419446182995732 -0.00085731312654581816 -0.00077536890936848396 0.0027547731456057322 -0.00062840565400743985 -9.2015592429038625e-05 -0.0025473108719503974 0.0003000919542820149 0.0004340729281486206 -0.00033210058509312748 -3.92759049701996e-05 6.4890193522549687e-06 -0.00035928837221412728 0.00077186371708015439 0.0015292321869014539
leaf_weight=560 90136 289 18398 2808 2045 6178 1841 3616 12335 199 137 59 52 151 45 81 59 108 42 327 54 1388 102 424 2234 9774 306 40 53
leaf_count=560 90136 289 18398 2808 2045 6178 1841 3616 12335 199 137 59 52 151 45 81 59 108 42 327 54 1388 102 424 2234 9774 306 40 53
internal_value=-0.00225671 -0.00563873 -0.00712051 -0.0105856 -0.0129299 -0.00525262 -0.00156386 -0.00446674 -0.000335401 -0.000261999 -0.00475391 -0.0117347 0.000697211 -3.76782e-05 -0.00354077 -1.1118e-05 0.00520833 0.0100299 -0.00503328 -2.7474e-05 -0.00439633 -9.28718e-06 0.00138889 -0.000104158 -0.00141696 0.000220631 -0.00705689 -0.00144628 0.00561224
internal_weight=153841 60949 47781 29429 20443 8986 18352 5457 12895 13168 447 196 251 92892 699 92193 288 167 601 91905 381 91524 144 12721 2523 10198 457 121 98
internal_count=153841 60949 47781 29429 20443 8986 18352 5457 12895 13168 447 196 251 92892 699 92193 288 167 601 91905 381 91524 144 12721 2523 10198 457 121 98
is_linear=0
shrinkage=0.05


Tree=131
num_leaves=28
num_cat=0
split_feature=4 13 13 13 32 3 13 3 0 1 0 39 3 32 39 37 4 0 1 2 25 1 3 3 7 3 7
split_gain=458.755 193.91 367.394 145.856 146.318 27.3985 26.4735 18.6821 4.68466 3.07661 3.58196 8.36202 5.11276 3.95898 3.92699 17.5469 9.35557 2.88457 5.8883 5.87866 2.67638 2.35154 6.63332 5.47626 2.0006 2.04923 0.84899
threshold=1.0000000180025095e-35 12.92698907852173 -3.9830549955368038 0.00075226789808231222 10.500000000000002 -0.084897842258214937 -13.842182159423826 -0.10819913819432257 0.73370802402496349 -3.0804568529129024 -1.4874465465545652 -1.3469454646110532 -1.3293060660362241 14.500000000000002 -0.79354643821716297 1.0000000180025095e-35 2.7250000238418584 0.52061906456947338 -0.080943223088979707 0.75919079780578624 0.11052900552749635 -2.4581794738769527 -2.030936479568481 -1.1688111424446104 0.017378530465066436 -1.8692067265510557 0.044777365401387222
decision_type=2 2 2 2 2 2 2 2 2 2 2 2 2 2 2 2 2 2 2 2 2 2 2 2 2 2 2
left_child=1 2 6 4 -4 -5 8 -8 -1 20 11 12 -11 -13 15 -12 -16 21 -19 -20 26 22 -3 -23 -22 -26 -2
right_child=9 17 3 5 -6 -7 7 -9 -10 10 14 13 -14 -15 16 -17 -18 18 19 -21 24 23 -24 -25 25 -27 -28
leaf_value=-6.7030862760018203e-06 0.00020715044212429669 -7.6717426336450631e-05 -1.3024827077834969e-06 -1.1846297057715644e-06 -2.1863639260080726e-05 -1.3024827077834969e-06 -1.2976987941077654e-06 -1.3024827077834969e-06 0.0013322482993237024 0.00056874319343921465 -0.0002333716671634933 -0.00039240080120388942 0.0041641560149293213 0.0031760324725062178 0.00018542157739951729 -2.8460911293062829e-06 -4.967246620087018e-06 -0.0014692242690851802 -6.0416149332502905e-05 0.00059272923112901226 0.00059783373594570084 0.0006598592013895738 -0.00062481534941801083 -4.8379378438214839e-06 -0.00097823828163967163 -7.6648660061930286e-05 -7.2539775076355817e-05
leaf_weight=12826 30 294 18398 2808 2045 6178 1841 3616 69 362 3779 431 69 83 6755 21425 59689 40 264 143 33 744 67 11616 148 52 36
leaf_count=12826 30 294 18398 2808 2045 6178 1841 3616 69 362 3779 431 69 83 6755 21425 59689 40 264 143 33 744 67 11616 148 52 36
internal_value=-0.00224826 -0.00561904 -0.00709958 -0.0105619 -0.0128956 -0.00525262 -0.00154752 -0.00446674 -0.000312136 -3.66016e-05 -2.02499e-05 0.00304233 0.00817865 -0.00126459 -5.18287e-05 -0.000583241 0.00014975 -0.00024681 -0.00419463 -0.00239558 -0.00510033 -0.000108089 -0.00408587 8.09061e-06 -0.00761803 -0.0095 0.00378788
internal_weight=153841 60949 47781 29429 20443 8986 18352 5457 12895 92892 92593 945 431 514 91648 25204 66444 13168 447 407 299 12721 361 12360 233 200 66
internal_count=153841 60949 47781 29429 20443 8986 18352 5457 12895 92892 92593 945 431 514 91648 25204 66444 13168 447 407 299 12721 361 12360 233 200 66
is_linear=0
shrinkage=0.05


Tree=132
num_leaves=30
num_cat=0
split_feature=4 13 13 13 3 3 13 3 0 0 21 34 2 2 13 0 39 3 2 39 37 4 25 34 3 0 37 4 7
split_gain=457.231 192.771 367.174 147.559 81.6671 28.7247 26.6715 18.6821 4.67348 3.56312 6.52753 4.27445 4.12698 3.0039 3.51691 3.32694 6.54119 7.44365 5.2466 3.93478 16.5678 8.36555 2.52766 2.24883 9.30803 5.60555 1.96598 0.916341 0.82451
threshold=1.0000000180025095e-35 12.92698907852173 -3.9830549955368038 0.00075226789808231222 -0.10210046172142027 -0.084897842258214937 -13.842182159423826 -0.10819913819432257 0.73370802402496349 0.52061906456947338 0.42499999701976782 3.5000000000000004 0.77363860607147228 -1.1961632370948789 -343.36230468749994 -1.1507896184921262 -0.61569482088088978 -1.7320105433464048 -0.096626114100217805 -0.79354643821716297 1.0000000180025095e-35 4.8250000476837167 0.17656463384628299 1.0000000180025095e-35 -1.1005196571350095 -0.8829713463783263 1.0000000180025095e-35 3.0249999761581425 0.060531569644808776
decision_type=2 2 2 2 2 2 2 2 2 2 2 2 2 2 2 2 2 2 2 2 2 2 2 2 2 2 2 2 2
left_child=1 2 6 4 -4 -5 8 -8 -1 23 11 -11 -12 14 28 16 17 -15 -18 20 -17 -21 26 24 -3 -25 -16 -24 -2
right_child=13 9 3 5 -6 -7 7 -9 -10 10 12 -13 -14 15 22 19 18 -19 -20 21 -22 -23 27 25 -26 -27 -28 -29 -30
leaf_value=-6.3679319622017194e-06 -0.00091381587013343146 0.00080971557689651745 -1.2373585723943221e-06 -1.1253982204829862e-06 -1.2373585723943221e-06 -1.2373585723943221e-06 -1.2328138544023772e-06 -1.2373585723943221e-06 0.0012656358843575173 -2.525503702665391e-05 -0.00015511596244986107 0.0052587521193491167 -0.00013436026008076477 -5.1522277412820172e-06 0.00083142352577198842 -0.00023221771660375743 -0.00033562476890859307 0.0016388690539526751 0.0011037465485208466 0.00010704505656483621 -4.5642719338392921e-06 -1.1311632184837425e-05 -0.00092924184001256594 -0.00047264041644553152 -3.7070212829498541e-05 5.7414779761119648e-06 -0.00082068406312536888 -0.00054162302379394693 -0.0018984364835481723
leaf_weight=12826 34 289 4218 2808 16225 6178 1841 3616 69 199 137 52 59 347 60 3773 775 502 65 13899 21235 52047 57 238 2234 9960 34 34 30
leaf_count=12826 34 289 4218 2808 16225 6178 1841 3616 69 199 137 52 59 347 60 3773 775 502 65 13899 21235 52047 57 238 2234 9960 34 34 30
internal_value=-0.00224566 -0.00561084 -0.00708702 -0.0105483 -0.0128956 -0.0052081 -0.00153662 -0.00446674 -0.000296627 -0.000254405 -0.00464206 0.000697211 -0.0114796 -3.76782e-05 -0.00552209 -2.29375e-05 0.00217584 0.00527091 -0.000952381 -6.37685e-05 -0.000597809 0.00013875 -0.00202703 -0.000100228 -0.00143678 0.000230437 0.0037234 -0.00796703 -0.015625
internal_weight=153841 60949 47781 29429 20443 8986 18352 5457 12895 13168 447 251 196 92892 249 92643 1689 849 840 90954 25008 65946 185 12721 2523 10198 94 91 64
internal_count=153841 60949 47781 29429 20443 8986 18352 5457 12895 13168 447 251 196 92892 249 92643 1689 849 840 90954 25008 65946 185 12721 2523 10198 94 91 64
is_linear=0
shrinkage=0.05


Tree=133
num_leaves=27
num_cat=0
split_feature=4 13 13 13 32 3 13 3 0 1 22 25 32 9 1 0 9 7 25 38 39 1 3 1 3 22
split_gain=455 194.527 367.841 147.559 146.318 28.7247 26.8205 18.6821 4.66511 3.07073 3.00133 7.70859 7.68563 4.98003 3.76021 19.3942 6.10893 2.29623 2.89847 4.28349 2.16433 4.74358 2.23705 1.97834 6.20941 4.11577
threshold=1.0000000180025095e-35 12.92698907852173 -3.9830549955368038 0.00075226789808231222 10.500000000000002 -0.084897842258214937 -13.842182159423826 -0.10819913819432257 0.73370802402496349 -3.0804568529129024 0.08353451639413835 0.3816142082214356 14.500000000000002 0.60017606616020214 -0.1685182452201843 0.2281666770577431 0.26831170916557318 0.074969038367271437 0.11052900552749635 -0.12943381816148755 -4.8595726490020743 -0.41446548700332636 -0.41243705153465265 -2.4581794738769527 -1.8692067265510557 1.8438517451286318
decision_type=2 2 2 2 2 2 2 2 2 2 2 2 2 2 2 2 2 2 2 2 2 2 2 2 2 2
left_child=1 2 6 4 -4 -5 8 -8 -1 17 11 13 -13 -11 15 -12 -16 18 -2 -20 21 22 -3 24 -22 -25
right_child=9 20 3 5 -6 -7 7 -9 -10 10 14 12 -14 -15 16 -17 -18 -19 19 -21 23 -23 -24 25 -26 -27
leaf_value=-6.0495353640916246e-06 0.00017042130714039485 -0.00041422526575191147 -1.175490643774606e-06 -1.0691283094588368e-06 -2.0708589368458041e-05 -1.175490643774606e-06 -1.1711731616822584e-06 -1.175490643774606e-06 0.0012023540901396415 -5.9677417370413924e-05 -1.2246158068911217e-05 5.7773100308425571e-05 0.0017070679017496312 -0.00036807209347243123 -1.1967482323085866e-06 -0.0007536859165356097 0.00011646745255870142 -0.0011483891691175913 -0.00094734043020016853 -0.00012087407310603927 -5.9919083872488416e-05 0.0005426868498266817 -0.00032098478825372208 -1.7077197529018614e-06 -0.00099080467905453208 0.0012853657273708837
leaf_weight=12826 57 34 18398 2808 2045 6178 1841 3616 69 3127 40983 342 56 167 34277 1051 12590 40 53 149 307 48 37 12608 54 80
leaf_count=12826 57 34 18398 2808 2045 6178 1841 3616 69 3127 40983 342 56 167 34277 1051 12590 40 53 149 307 48 37 12608 54 80
internal_value=-0.00224404 -0.00560099 -0.00708388 -0.0105483 -0.0128956 -0.0052081 -0.00152844 -0.00446674 -0.000284994 -4.1446e-05 -2.51099e-05 -0.00142199 0.00515075 -0.00221615 3.29018e-05 -0.000310463 0.000340858 -0.00510033 -0.00337838 -0.00618812 -0.000220231 -0.00693277 -0.0151408 -0.000159016 -0.00380886 -5.51702e-05
internal_weight=153841 60949 47781 29429 20443 8986 18352 5457 12895 92892 92593 3692 398 3294 88901 42034 46867 299 259 202 13168 119 71 13049 361 12688
internal_count=153841 60949 47781 29429 20443 8986 18352 5457 12895 92892 92593 3692 398 3294 88901 42034 46867 299 259 202 13168 119 71 13049 361 12688
is_linear=0
shrinkage=0.05


Tree=134
num_leaves=31
num_cat=0
split_feature=5 13 13 13 32 3 13 3 24 5 18 3 32 34 39 13 39 13 34 13 34 3 3 25 14 32 3 3 3 18
split_gain=452.223 193.379 364.66 150.333 145.924 27.5179 26.8205 18.6821 4.44981 2.91354 3.37802 2.98303 11.1816 13.9926 8.91451 3.54161 4.97345 3.1807 2.55698 2.53554 2.22189 7.86803 6.05058 4.69397 3.35989 3.29633 2.20874 2.40331 2.20013 2.19916
threshold=1.0000000180025095e-35 12.92698907852173 -3.9830549955368038 0.00075226789808231222 10.500000000000002 -0.084897842258214937 -13.842182159423826 -0.10819913819432257 1.0000000180025095e-35 91.299999237060561 -3059.7783203124995 0.31943830847740179 27.500000000000004 1.5000000000000002 0.41046079993247991 19835.107421875004 0.70472827553749096 -67.632061004638658 1.5000000000000002 7.5542457103729257 1.0000000180025095e-35 -1.1005196571350095 -1.5139685869216917 0.21295502036809924 -1.0000000180025095e-35 2.5000000000000004 0.23132795840501788 -0.16708673536777494 0.28204661607742315 -539.96170043945301
decision_type=2 2 2 2 2 2 2 2 2 2 2 2 2 2 2 2 2 2 2 2 2 2 2 2 2 2 2 2 2 2
left_child=1 2 6 4 -4 -5 8 -8 -1 11 26 15 14 -14 -13 17 -17 -2 29 -20 21 22 -3 -23 28 -26 27 -11 -22 -12
right_child=9 20 3 5 -6 -7 7 -9 -10 10 18 12 13 -15 -16 16 -18 -19 19 -21 24 23 -24 -25 25 -27 -28 -29 -30 -31
leaf_value=-0.00017301216355670952 3.8028050026679782e-05 0.00019864383871004491 -1.1167161115858757e-06 -1.015671893985895e-06 -1.9673159900035486e-05 -1.1167161115858757e-06 -1.1126145035981456e-06 -1.1167161115858757e-06 -4.839989852803544e-06 0.0010922702575559818 -0.00044781225589676278 -0.00032834292627504269 -0.0018505155353935321 0.0030280297441605008 6.6681872144358151e-05 0.00086827772400375905 -0.00096210931640847641 -1.4704604728064606e-05 -0.00056222787641143225 -0.00042037781310444423 0.00041318003452134392 -1.8643162127529132e-05 0.0013598231201914475 -0.00012810127480691319 -1.0542251704842522e-05 0.00043119890080887762 0.0013122738385616341 -0.00052792807101483409 -5.2866948689143239e-05 8.5553042587868154e-05
leaf_weight=70 32348 186 18398 2808 2045 6178 1841 3616 12825 32 35 2435 75 211 1435 922 74 54693 150 185 472 1677 104 574 9132 904 47 81 119 169
leaf_count=70 32348 186 18398 2808 2045 6178 1841 3616 12825 32 35 2435 75 211 1435 922 74 54693 150 185 472 1677 104 574 9132 904 47 81 119 169
internal_value=-0.00223461 -0.00558131 -0.00705981 -0.0105092 -0.0128785 -0.00511907 -0.00152844 -0.00446674 -0.000284994 -3.87547e-05 -0.00325465 -1.4372e-05 -0.00132339 0.00821678 -0.00202842 4.74232e-05 0.00301205 1.34994e-05 -0.00514842 -0.00783582 -0.000216434 -0.00154467 0.0062069 -0.00254331 0.000101157 -0.000114587 0.003125 -0.000663717 0.00376481 -0.000735294
internal_weight=153841 60949 47781 29429 20443 8986 18352 5457 12895 92892 699 92193 4156 286 3870 88037 996 87041 539 335 13168 2541 290 2251 10627 10036 160 113 591 204
internal_count=153841 60949 47781 29429 20443 8986 18352 5457 12895 92892 699 92193 4156 286 3870 88037 996 87041 539 335 13168 2541 290 2251 10627 10036 160 113 591 204
is_linear=0
shrinkage=0.05


Tree=135
num_leaves=31
num_cat=0
split_feature=4 3 22 32 14 32 21 2 3 34 1 38 22 2 34 1 4 39 38 34 38 2 34 2 3 2 38 34 22 2
split_gain=448.799 178.444 85.2267 57.3085 49.6247 33.1422 19.6001 9.88944 9.50549 9.83195 8.84448 8.16645 7.30675 8.5783 8.01233 5.97761 2.96036 8.58339 8.37456 12.671 10.4956 6.07964 19.2515 6.10466 4.83352 9.53037 8.22559 8.46149 7.74403 4.91653
threshold=1.0000000180025095e-35 -0.10210046172142027 0.064333289861679091 14.500000000000002 -1.0000000180025095e-35 14.500000000000002 0.97499999403953563 0.2281986400485039 -1.7320105433464048 1.5000000000000002 -2.4581794738769527 0.30095177888870245 0.7075285315513612 0.28701515495777136 1.5000000000000002 -0.016368578188121315 21.57499980926514 -0.49966107308864588 -0.069789219647645936 5.0000000000000009 0.8683454990386964 0.48264084756374365 2.5000000000000004 -0.21507957577705381 0.18489767611026767 0.74247610569000255 -0.12191902846097945 2.5000000000000004 1.0050483942031863 0.026925866492092613
decision_type=2 2 2 2 2 2 2 2 2 2 2 2 2 2 2 2 2 2 2 2 2 2 2 2 2 2 2 2 2 2
left_child=1 7 5 4 -4 6 -3 8 9 -1 -10 -5 14 -14 -9 -7 24 18 19 -18 -20 23 -23 -19 25 29 -26 -28 -27 -2
right_child=16 2 3 11 -6 15 -8 12 10 -11 -12 -13 13 -15 -16 -17 17 21 20 -21 -22 22 -24 -25 26 28 27 -29 -30 -31
leaf_value=0.00067414147208082653 -2.6342080647195207e-05 -1.0608803060065819e-06 -8.0916370234359059e-06 -1.8689501905033712e-05 -1.0608803060065819e-06 -0.00095678081777523431 -1.0608803060065819e-06 0.0020820505219019342 -0.00063325936522970125 -0.00039833675048565756 -1.0608803060065819e-06 0.0047203233398452771 0.0020724122657528369 -0.0011571719479200838 0.00069553641575933252 0.00050050099543727316 -0.00015124934019999014 0.0010060793648959925 -0.00037607959604607657 0.0057554618366637998 0.0024249552574033334 -0.00032334496070617302 0.0020031924698989414 -4.0595499674579511e-05 -0.00034925239969696713 0.0013006225648940517 -0.00013798406136382118 0.0002100690129603013 -0.0016858188183673025 4.4067948585558088e-05
leaf_weight=861 24475 4241 2738 2709 29891 175 1170 106 135 950 16558 137 31 127 737 383 1420 284 2311 219 90 651 702 11660 558 486 5587 2302 54 42093
leaf_count=861 24475 4241 2738 2709 29891 175 1170 106 135 950 16558 137 31 127 737 383 1420 284 2311 219 90 651 702 11660 558 486 5587 2302 54 42093
internal_value=-0.00222844 -0.00556244 -0.00741844 -0.00648837 -0.00708189 -0.0129461 -0.0141425 -0.00161882 -0.00188067 0.00155991 -0.00225394 0.000316233 0.00322178 -0.00664557 0.00507117 -0.00134409 -4.09077e-05 -0.000630155 -0.00264851 0.000106772 -0.00452936 -1.69211e-05 0.00315965 -0.000376758 9.43022e-05 0.000236186 -0.00103291 -0.000617949 0.00685185 0.00018252
internal_weight=153841 60949 41444 35475 32629 5969 5411 19505 18504 1811 16693 2846 1001 158 843 558 92892 17337 4040 1639 2401 13297 1353 11944 75555 67108 8447 7889 540 66568
internal_count=153841 60949 41444 35475 32629 5969 5411 19505 18504 1811 16693 2846 1001 158 843 558 92892 17337 4040 1639 2401 13297 1353 11944 75555 67108 8447 7889 540 66568
is_linear=0
shrinkage=0.05


Tree=136
num_leaves=31
num_cat=0
split_feature=5 13 13 13 32 13 3 3 0 2 3 34 0 39 2 21 5 25 0 21 25 3 5 18 2 1 0 18 21 34
split_gain=451.043 197.261 365.02 151.36 143.904 26.8703 26.8209 18.6821 5.01899 3.00427 3.10003 9.84227 11.0427 8.04078 4.98441 8.78109 4.22815 2.16374 4.6486 2.10619 4.45873 2.66377 2.60887 2.05714 2.02412 5.22615 3.45221 1.61847 1.0292 1.00689
threshold=1.0000000180025095e-35 12.92698907852173 -3.9830549955368038 0.00075226789808231222 10.500000000000002 -13.842182159423826 -0.084897842258214937 -0.10819913819432257 -1.0383247733116148 0.80164751410484325 0.31943830847740179 2.5000000000000004 0.57766079902648937 2.5612684488296513 0.74247610569000255 1.0000000180025095e-35 61.875000000000007 1.3021721839904787 -0.75929382443428028 0.52500000596046459 0.24467556178569796 0.31092830002307897 16.82499980926514 315.25280761718756 0.55647179484367382 -0.084637898951768861 0.42942768335342413 -193.98085784912107 0.72499999403953563 1.5000000000000002
decision_type=2 2 2 2 2 2 2 2 2 2 2 2 2 2 2 2 2 2 2 2 2 2 2 2 2 2 2 2 2 2
left_child=1 2 5 4 -4 8 -5 -7 -1 10 14 13 -13 -12 16 -16 -2 24 29 22 21 -21 27 -22 26 -26 -3 -11 -20 -19
right_child=9 17 3 6 -6 7 -8 -9 -10 19 11 12 -14 -15 15 -17 -18 18 28 20 23 -23 -24 -25 25 -27 -28 -29 -30 -31
leaf_value=-0.00044870824767863891 1.0766301075146393e-06 -1.6064673153589824e-06 -1.0078362907062527e-06 -9.118442839862711e-07 -1.7755026809782027e-05 -1.0039397631179093e-06 -1.0078362907062527e-06 -1.0078362907062527e-06 -2.0057813807668051e-06 0.00077778148612799025 -0.00029230244938239711 0.00011188914567119848 0.0035201908066593069 0.00026564416298861994 0.0032247205277649463 0.00015678055546915274 -0.00016607933250596015 -0.0010689424024865092 0.00063611122780043864 0.0046813875662818803 -0.00037996604936005459 0.00075474437950800901 -0.00067110020139501199 0.00060613137910663778 -0.0011100791199554821 -1.4903999683168451e-05 2.6816197443041462e-05 3.1062216426435558e-05 -0.00059867092737832901 -0.00064420831102669524
leaf_weight=560 85876 12083 18398 2808 2045 1841 6178 3616 12335 73 2779 922 84 258 147 869 1565 30 30 49 35 41 54 35 73 565 278 105 78 31
leaf_count=560 85876 12083 18398 2808 2045 1841 6178 3616 12335 73 2779 922 84 258 147 869 1565 30 30 49 35 41 54 35 73 565 278 105 78 31
internal_value=-0.00222421 -0.00556654 -0.00705981 -0.0105109 -0.0128883 -0.00152572 -0.00510238 -0.00446674 -0.000281117 -3.12191e-05 -4.97297e-05 -0.00140366 0.0028827 -0.00282351 1.21528e-05 0.00349409 -2.83048e-05 -0.000148086 -0.00576923 0.00433673 0.00875 0.0161111 0.0012931 -0.000714286 -7.50058e-05 -0.00282132 6.67422e-05 0.00421348 0.000462963 -0.0168033
internal_weight=153841 60949 47781 29429 20443 18352 8986 5457 12895 92892 92500 4043 1006 3037 88457 1016 87441 13168 169 392 160 90 232 70 12999 638 12361 178 108 61
internal_count=153841 60949 47781 29429 20443 18352 8986 5457 12895 92892 92500 4043 1006 3037 88457 1016 87441 13168 169 392 160 90 232 70 12999 638 12361 178 108 61
is_linear=0
shrinkage=0.05


Tree=137
num_leaves=29
num_cat=0
split_feature=4 3 24 32 25 14 32 14 24 2 2 21 25 1 34 4 25 2 25 32 25 10 14 3 39 7 8 1
split_gain=450.546 176.907 117.402 74.8128 44.3787 25.527 25.2242 9.72738 10.6788 7.0023 5.02511 5.03217 5.0172 4.89249 4.03011 3.32711 3.12798 3.08283 2.64443 5.86667 2.81384 2.51517 2.23619 1.72024 1.5808 2.0422 2.06687 1.70122
threshold=1.0000000180025095e-35 -0.10210046172142027 2.5000000000000004 14.500000000000002 0.0050568901933729657 -1.0000000180025095e-35 10.500000000000002 -1.0000000180025095e-35 1.5000000000000002 -0.050265831872820847 0.097084917128086104 0.77500000596046459 0.0044128096196800479 -0.022654294036328789 1.0000000180025095e-35 109.04999923706056 1.0000000180025095e-35 0.80164751410484325 2.3506062030792241 2.5000000000000004 0.36725123226642614 0.3118510246276856 1.0000000180025095e-35 0.28204661607742315 -1.0085170865058897 0.14995315670967105 0.068927716463804259 -0.10397302359342574
decision_type=2 2 2 2 2 2 2 2 2 2 2 2 2 2 2 2 2 2 2 2 2 2 2 2 2 2 2 2
left_child=1 7 3 4 -3 12 -7 10 13 -10 16 -12 -4 -9 -5 17 -1 18 20 -20 -2 22 -19 -23 -17 26 -26 -27
right_child=15 2 5 14 -6 6 -8 8 9 -11 11 -13 -14 -15 -16 24 -18 21 19 -21 -22 23 -24 -25 25 27 -28 -29
leaf_value=0.00064428720893651599 -1.0378808385902429e-05 -9.5744447617094005e-07 -8.5947212613729854e-05 0.0017601849323685892 -9.5744447617094005e-07 -9.5744447617094005e-07 1.4702232351156489e-05 -9.9023499729841105e-07 -9.6522571193404555e-07 -9.5744447617094005e-07 -0.0002051186173124255 0.0016363936659577688 3.0668916209221357e-05 0.00065579649302405956 -0.00012648584823682132 -0.00081463952557788441 -3.3307203479461362e-06 7.4640052470870656e-05 -8.9966216641957682e-05 -0.0024302766958834601 4.9238715010565057e-05 0.0033050843206228059 0.00082881184840621252 0.00053535664944637349 -6.5787541762243369e-05 0.00073702293550615425 -0.00040726416887230639 -0.00030064102854032265
leaf_weight=52 76502 1955 84 256 14798 19191 1755 2540 5884 9770 91 267 2117 104 1288 40 797 260 330 54 15152 42 33 54 140 43 146 96
leaf_count=52 76502 1955 84 256 14798 19191 1755 2540 5884 9770 91 267 2117 104 1288 40 797 260 330 54 15152 42 33 54 140 43 146 96
internal_value=-0.00222031 -0.0055608 -0.00740879 -0.010402 -0.0113726 -0.00504277 -0.00558102 -0.0016342 -0.00192097 -0.00142456 0.00271334 0.00768156 7.95093e-05 -0.00486006 0.000129534 -2.85278e-05 0.000618375 -7.30306e-06 -2.60762e-05 -0.00416667 -8.72848e-06 0.00443445 0.00213311 0.0114583 -0.00424731 -0.00335294 -0.00576923 0.00161871
internal_weight=153841 60949 41444 18297 16753 23147 20946 19505 18298 15654 1207 358 2201 2644 1544 92892 849 92427 92038 384 91654 389 293 96 465 425 286 139
internal_count=153841 60949 41444 18297 16753 23147 20946 19505 18298 15654 1207 358 2201 2644 1544 92892 849 92427 92038 384 91654 389 293 96 465 425 286 139
is_linear=0
shrinkage=0.05


Tree=138
num_leaves=28
num_cat=0
split_feature=4 13 13 13 32 13 3 3 0 2 12 38 38 7 4 14 3 10 14 21 25 0 2 1 0 3 0
split_gain=451.118 197.456 364.827 150.764 144.8 26.9201 26.6591 18.6821 4.46295 3.17467 2.70715 6.38542 5.26517 5.02698 6.22541 4.70769 2.79823 2.34195 2.09184 2.63964 1.97605 3.49575 2.00727 5.22615 3.46738 1.71388 0.930432
threshold=1.0000000180025095e-35 12.92698907852173 -3.9830549955368038 0.00075226789808231222 10.500000000000002 -13.842182159423826 -0.084897842258214937 -0.10819913819432257 -1.0383247733116148 0.80164751410484325 -0.74853721261024464 0.22453185915946963 -0.1715494021773338 0.0098550054244697111 10.125000000000002 -1.0000000180025095e-35 -0.20921241492033002 0.35823394358158117 1.0000000180025095e-35 0.42499999701976782 1.828366279602051 -0.49577102065086359 0.55647179484367382 -0.084637898951768861 0.42942768335342413 0.28204661607742315 -0.013039838988333939
decision_type=2 2 2 2 2 2 2 2 2 2 2 2 2 2 2 2 2 2 2 2 2 2 2 2 2 2 2
left_child=1 2 5 4 -4 8 -5 -7 -1 10 11 12 -2 15 -15 -12 -13 18 19 -11 22 -22 24 -24 -3 -19 -23
right_child=9 20 3 6 -6 7 -8 -9 -10 17 13 16 -14 14 -16 -17 -18 25 -20 -21 21 26 23 -25 -26 -27 -28
leaf_value=-0.00042622457400911027 0.00021953918602134905 -2.2942426778772937e-06 -9.0957225236239307e-07 -9.0580622242706384e-07 -1.0542983057451606e-05 -9.0423102509709322e-07 -9.0957225236239307e-07 -9.0957225236239307e-07 -2.0900899422793509e-06 -0.0003421976926862684 0.00016836693874239004 0.00072351751809279286 -6.214878444278215e-05 7.8848414044545992e-05 -1.3041552818491426e-05 -8.5157332114654772e-05 0.00011058067878462232 0.0031398301045916649 0.00078737125598590189 0.00082824686118217195 -0.0010649726530259074 0.00028954446209348336 -0.0010545272917338994 -1.4110927475201482e-05 2.5523259794697937e-05 0.00040908356029494485 -0.0011027674332333127
leaf_weight=560 1953 12149 18398 2808 2045 1841 6178 3616 12335 141 919 322 24131 26385 31998 6118 674 34 33 137 33 37 73 565 278 47 33
leaf_count=560 1953 12149 18398 2808 2045 1841 6178 3616 12335 141 919 322 24131 26385 31998 6118 674 34 33 137 33 37 73 565 278 47 33
internal_value=-0.00221901 -0.00556162 -0.00705563 -0.0105058 -0.0128785 -0.00152299 -0.00510795 -0.00446674 -0.000277239 -2.58365e-05 -4.48649e-05 -0.000465288 -0.00061532 0.000129165 0.000281332 -0.0011333 0.00346386 0.00446429 0.00249196 0.00107914 -0.000140492 -0.00703883 -8.61079e-05 -0.00282132 5.43172e-05 0.012037 -0.000714286
internal_weight=153841 60949 47781 29429 20443 18352 8986 5457 12895 92892 92500 27080 26084 65420 58383 7037 996 392 311 278 13168 103 13065 638 12427 81 70
internal_count=153841 60949 47781 29429 20443 18352 8986 5457 12895 92892 92500 27080 26084 65420 58383 7037 996 392 311 278 13168 103 13065 638 12427 81 70
is_linear=0
shrinkage=0.05


Tree=139
num_leaves=26
num_cat=0
split_feature=4 13 13 13 3 13 3 3 0 2 4 1 2 13 18 13 25 20 39 1 0 14 7 0 3
split_gain=450.492 197.374 365.934 150.764 82.1538 27.1698 26.6591 18.6821 4.13982 2.99539 2.75704 2.61263 3.06847 2.38031 2.31212 2.16655 1.97822 4.08726 1.98631 4.42094 1.98827 1.77728 1.98824 1.32553 1.03117
threshold=1.0000000180025095e-35 12.92698907852173 -3.9830549955368038 0.00075226789808231222 -0.10210046172142027 -13.842182159423826 -0.084897842258214937 -0.10819913819432257 0.73370802402496349 0.80164751410484325 109.04999923706056 -3.0804568529129024 -0.20038617402315137 101.08408355712892 56690.328125000007 5897.6616210937509 1.828366279602051 -1.0000000180025095e-35 -4.8595726490020743 -0.41446548700332636 0.52061906456947338 1.0000000180025095e-35 0.17281839996576312 0.46805934607982641 -1.2384648919105528
decision_type=2 2 2 2 2 2 2 2 2 2 2 2 2 2 2 2 2 2 2 2 2 2 2 2 2
left_child=1 2 5 4 -4 8 -5 -7 -1 10 11 13 -13 -2 21 23 18 24 19 -3 -20 22 -11 -12 -18
right_child=9 16 3 6 -6 7 -8 -9 -10 14 15 12 -14 -15 -16 -17 17 -19 20 -21 -22 -23 -24 -25 -26
leaf_value=-5.5275151110269715e-06 -0.00014576117594683122 -0.00038681298698519957 -8.6409363974427337e-07 -8.6051591130571057e-07 -8.6409363974427337e-07 -8.590194738422385e-07 -8.6409363974427337e-07 -8.6409363974427337e-07 0.0011427840949305608 3.9620397583384377e-05 -0.00033469270680207622 0.00013320351295030035 -7.4098136148560185e-06 -0.0010308303209245067 0.001085454308106057 0.001578989827126854 -0.00096219838842529165 -0.0012206792690202433 1.0266186557312646e-06 0.00051931454723691225 -5.4535844913919128e-05 0.00072771130609461409 0.0029724794120182477 3.2679064836735329e-05 0.00065644161704413791
leaf_weight=12826 243 71 4218 2808 16225 1841 6178 3616 69 278 387 6606 85134 55 45 31 33 32 12499 48 447 38 31 44 38
leaf_count=12826 243 71 4218 2808 16225 1841 6178 3616 69 278 387 6606 85134 55 45 31 33 32 12499 48 447 38 31 44 38
internal_value=-0.00221641 -0.00555669 -0.0070504 -0.0105058 -0.0128785 -0.00150937 -0.00510795 -0.00446674 -0.000257852 -2.47599e-05 -4.32432e-05 -2.39032e-05 -8.7203e-06 -0.00469799 0.00433673 -0.0038961 -0.000136695 -0.00703883 -8.22809e-05 -0.00651261 -2.31732e-05 0.00295389 0.00169903 -0.00481439 -0.000352113
internal_weight=153841 60949 47781 29429 20443 18352 8986 5457 12895 92892 92500 92038 91740 298 392 462 13168 103 13065 119 12946 347 309 431 71
internal_count=153841 60949 47781 29429 20443 18352 8986 5457 12895 92892 92500 92038 91740 298 392 462 13168 103 13065 119 12946 347 309 431 71
is_linear=0
shrinkage=0.05


Tree=140
num_leaves=31
num_cat=0
split_feature=5 3 24 32 25 0 22 34 14 24 38 25 25 3 22 1 0 22 34 14 3 25 32 38 38 39 0 0 0 0
split_gain=449.023 177.11 117.062 75.0401 44.566 27.8263 28.2236 11.2012 9.65867 10.9369 8.3478 4.77953 4.63594 3.90194 3.08036 2.90551 16.4711 9.5355 9.88513 6.92175 6.58257 5.20201 9.78227 7.08602 5.25526 5.21796 4.97351 4.51885 3.93354 1.7122
threshold=1.0000000180025095e-35 -0.10210046172142027 2.5000000000000004 14.500000000000002 0.0050568901933729657 -0.12748190760612485 0.069670796394348158 3.5000000000000004 -1.0000000180025095e-35 1.5000000000000002 -0.2351633086800575 0.098036963492631926 1.141688406467438 -0.025982483290135857 0.091555610299110426 -0.17635922878980634 0.2281666770577431 0.2075925096869469 1.0000000180025095e-35 1.0000000180025095e-35 -0.32147389650344843 0.50130507349967968 20.500000000000004 0.061033483594655998 0.8683454990386964 -0.88581806421279896 -0.1383506506681442 0.3409316092729569 0.36989095807075506 0.020675501786172393
decision_type=2 2 2 2 2 2 2 2 2 2 2 2 2 2 2 2 2 2 2 2 2 2 2 2 2 2 2 2 2 2
left_child=1 8 3 4 -3 7 -7 -4 12 11 -11 -10 14 -5 -1 16 17 20 -19 27 -2 24 23 -23 26 -26 -17 -18 -21 -24
right_child=15 2 5 13 -6 6 -8 -9 9 10 -12 -13 -14 -15 -16 21 19 18 -20 28 -22 22 29 -25 25 -27 -28 -29 -30 -31
leaf_value=-8.6152494814036124e-05 -0.00031150876414661746 -8.2088895775705964e-07 -8.2088895775705964e-07 -0.00065417208808266492 -8.2088895775705964e-07 -8.2088895775705964e-07 -8.2088895775705964e-07 -8.2088895775705964e-07 -8.1606850015012652e-07 0.00096553144380089561 -8.2088895775705964e-07 -4.8285323259948536e-06 -0.00094144505594300669 0.00035930464511354441 0.00037524795167405656 -0.00029711691540229915 -0.0013449062606979971 -0.0001611175925137389 4.732599326160341e-05 0.0015456638748258822 -0.00012439979407633737 0.00018125188210840298 0.0020292244870186676 -0.00030862180451659318 0.0027594603459029487 -0.00030292526297866131 7.6708899360872652e-06 -0.0005454073912844311 -0.0005954576571470517 0.0012775989959919326
leaf_weight=84 635 1955 1500 280 14798 2083 19030 534 1319 484 15170 1325 38 1264 1085 205 281 6368 30358 74 2855 1899 52 309 100 46 49050 564 66 30
leaf_count=84 635 1955 1500 280 14798 2083 19030 534 1319 484 15170 1325 38 1264 1085 205 281 6368 30358 74 2855 1899 52 309 100 46 49050 564 66 30
internal_value=-0.00221284 -0.00554767 -0.00739673 -0.0103856 -0.0113577 -0.00503413 -0.00449605 -0.0106195 -0.00161882 -0.00190458 -0.0014022 -0.00487897 0.00271334 0.000161917 0.00327203 -2.47599e-05 -0.000337977 -0.00018152 5.58188e-05 -0.00672589 -0.00267908 0.000224894 0.00255459 0.00192482 0.0001169 0.00958904 8.88235e-05 -0.00843195 0.00357143 0.0195122
internal_weight=153841 60949 41444 18297 16753 23147 21113 2034 19505 18298 15654 2644 1207 1544 1169 92892 41201 40216 36726 985 3490 51691 2290 2208 49401 146 49255 845 140 82
internal_count=153841 60949 41444 18297 16753 23147 21113 2034 19505 18298 15654 2644 1207 1544 1169 92892 41201 40216 36726 985 3490 51691 2290 2208 49401 146 49255 845 140 82
is_linear=0
shrinkage=0.05


Tree=141
num_leaves=27
num_cat=0
split_feature=4 13 13 13 32 13 3 3 34 4 1 0 22 14 7 32 38 39 0 39 1 3 1 3 0 0
split_gain=448.765 199.052 365.436 150.885 143.624 27.1198 26.8209 18.6821 4.37351 2.83854 2.81148 14.5489 8.36269 6.34369 6.30253 7.99956 5.61368 2.1473 2.05548 1.97134 4.42094 1.90968 1.80259 5.7047 3.51743 1.57789
threshold=1.0000000180025095e-35 12.92698907852173 -3.9830549955368038 0.00075226789808231222 10.500000000000002 -13.842182159423826 -0.084897842258214937 -0.10819913819432257 5.0000000000000009 109.04999923706056 -0.17390976846218106 0.2281666770577431 0.2075925096869469 1.0000000180025095e-35 0.14995315670967105 2.5000000000000004 0.8683454990386964 -1.0085170865058897 0.46805934607982641 -4.8595726490020743 -0.41446548700332636 -0.41243705153465265 -2.4581794738769527 -1.8692067265510557 -1.4874465465545652 0.070591352880001082
decision_type=2 2 2 2 2 2 2 2 2 2 2 2 2 2 2 2 2 2 2 2 2 2 2 2 2 2
left_child=1 2 5 4 -4 8 -5 -7 -1 10 11 12 -2 -13 16 -16 -12 -11 25 20 21 -3 23 -21 -24 -19
right_child=9 19 3 6 -6 7 -8 -9 -10 17 14 13 -14 -15 15 -17 -18 18 -20 22 -22 -23 24 -25 -26 -27
leaf_value=-8.9885697754427415e-06 -0.00015079551607651983 -0.00036743129318805173 -7.7984450986920671e-07 -6.6348987588933577e-07 -2.7937861478269377e-05 -6.1113410618678115e-07 -7.7984450986920671e-07 -7.7984450986920671e-07 0.00087302563668111444 -0.0007666310969079034 9.329026197271718e-06 -0.00074243223300578254 6.3317077793102057e-06 0.00045830420504313512 0.0012765592002989394 -0.0027357868200487316 0.0018771463093350646 4.763515611452032e-06 0.0013186529887645806 -8.9870469459091276e-05 0.00049338986432295446 -0.00027885283956477177 0.0010439054520364978 -0.00088502377101673654 -3.6086507039138839e-07 -0.00038166319439645246
leaf_weight=12388 3595 34 18398 2808 2045 1841 6178 3616 507 40 50093 859 36889 142 672 51 126 146 45 307 48 37 97 54 12591 234
leaf_count=12388 3595 34 18398 2808 2045 1841 6178 3616 507 40 50093 859 36889 142 672 51 126 146 45 307 48 37 97 54 12591 234
internal_value=-0.00221544 -0.00554931 -0.00704935 -0.0105024 -0.012876 -0.0015121 -0.00510238 -0.00446674 -0.000261729 -2.79895e-05 -8.385e-06 -0.000313969 -0.000166733 -0.00626873 0.00024047 0.00487552 0.000173739 -0.00392473 -0.00288235 -0.000106318 -0.00651261 -0.0144366 -4.78964e-05 -0.00353186 5.12295e-05 -0.00407895
internal_weight=153841 60949 47781 29429 20443 18352 8986 5457 12895 92892 92427 41485 40484 1001 50942 723 50219 465 425 13168 119 71 13049 361 12688 380
internal_count=153841 60949 47781 29429 20443 18352 8986 5457 12895 92892 92427 41485 40484 1001 50942 723 50219 465 425 13168 119 71 13049 361 12688 380
is_linear=0
shrinkage=0.05


Tree=142
num_leaves=31
num_cat=0
split_feature=4 13 13 13 32 13 3 3 0 4 2 0 3 3 21 22 2 20 34 2 39 0 34 34 25 22 25 34 3 22
split_gain=450.087 199.014 364.413 150.79 144.127 26.9201 26.8209 18.6821 4.15297 2.67494 5.20318 8.60564 9.17121 5.71724 10.2305 7.7473 5.01203 4.83156 13.8091 12.8186 8.56283 8.50087 13.6024 10.5675 2.21593 5.35392 4.425 4.5768 3.64338 2.65427
threshold=1.0000000180025095e-35 12.92698907852173 -3.9830549955368038 0.00075226789808231222 10.500000000000002 -13.842182159423826 -0.084897842258214937 -0.10819913819432257 0.73370802402496349 10.125000000000002 0.72677344083786022 0.28088290989398962 -2.030936479568481 0.23736840486526492 0.57500001788139354 1.0050483942031863 0.037351649254560478 -1.0000000180025095e-35 2.5000000000000004 0.19255762547254565 -1.6657541394233701 0.42942768335342413 2.5000000000000004 2.5000000000000004 0.0037098607281222944 0.069670796394348158 0.0067592912819236526 1.0000000180025095e-35 0.25322377681732183 0.094430532306432738
decision_type=2 2 2 2 2 2 2 2 2 2 2 2 2 2 2 2 2 2 2 2 2 2 2 2 2 2 2 2 2 2
left_child=1 2 5 4 -4 8 -5 -7 -1 10 11 16 -13 15 -15 -12 -2 21 20 -20 -19 23 -23 -11 25 -3 27 -26 -27 -28
right_child=9 24 3 6 -6 7 -8 -9 -10 17 13 12 -14 14 -16 -17 -18 18 19 -21 -22 22 -24 -25 26 28 29 -29 -30 -31
leaf_value=-6.6120131406738598e-06 -2.0658008231319409e-05 -9.7219905123526699e-05 -7.4085228437574646e-07 -6.3031538209486909e-07 -2.6540968404356603e-05 -5.8057740087744203e-07 -7.4085228437574646e-07 -7.4085228437574646e-07 0.0010861353631206926 8.5791700955931745e-05 0.0013959893902794522 -0.001516813243401513 -0.00014892340734561484 0.00058547131261644624 -0.00063021297105771265 -0.0013848335607076615 6.5776302284008061e-05 1.7538574054190743e-05 -4.1949458284735445e-05 0.00043635488107875869 -0.00020822843761291845 -8.7511165017641068e-05 0.0014517833159847339 -0.00010390305725653102 -0.00022002794160428849 3.334489755410817e-05 3.4896787011351292e-06 0.00077384287367023518 -4.6523120393023284e-05 -2.1082781610368834e-05
leaf_weight=12826 18596 46 18398 2808 2045 1841 6178 3616 69 9640 425 195 3566 393 178 39 24418 2885 9448 3135 8992 827 1069 9086 52 411 1933 205 81 10440
leaf_count=12826 18596 46 18398 2808 2045 1841 6178 3616 69 9640 425 195 3566 393 178 39 24418 2885 9448 3135 8992 827 1069 9086 52 411 1933 205 81 10440
internal_value=-0.00221381 -0.00555259 -0.00705249 -0.0105007 -0.0128736 -0.00152299 -0.00510238 -0.00446674 -0.000277239 -2.31452e-05 0.000237398 0.000159808 -0.00213374 0.00374396 0.000394046 0.00786638 0.000360348 -0.000299454 -0.000774734 0.00037948 -0.00199756 0.000264281 0.00345464 -5.87419e-05 -0.000110115 -0.00325279 2.3753e-05 0.00651751 -0.00172764 -0.000111129
internal_weight=153841 60949 47781 29429 20443 18352 8986 5457 12895 92892 47810 46775 3761 1035 571 464 43014 45082 24460 12583 11877 20622 1896 18726 13168 538 12630 257 492 12373
internal_count=153841 60949 47781 29429 20443 18352 8986 5457 12895 92892 47810 46775 3761 1035 571 464 43014 45082 24460 12583 11877 20622 1896 18726 13168 538 12630 257 492 12373
is_linear=0
shrinkage=0.05


Tree=143
num_leaves=31
num_cat=0
split_feature=4 13 13 13 32 13 39 22 32 12 7 4 25 14 1 4 22 14 34 37 2 25 2 4 34 2 1 24 0 2
split_gain=448.24 200.165 364.192 150.79 144.127 26.8703 16.375 14.7049 4.14262 2.5526 4.80171 5.59897 6.02504 4.15286 3.9735 3.63097 3.77041 4.34807 3.68359 15.796 3.58826 3.43445 3.0444 2.7905 1.98921 5.26366 8.24739 5.4743 4.96742 4.74093
threshold=1.0000000180025095e-35 12.92698907852173 -3.9830549955368038 0.00075226789808231222 10.500000000000002 -13.842182159423826 3.0046374797821049 0.054519345983862884 2.5000000000000004 -0.74853721261024464 0.0098550054244697111 10.125000000000002 0.72491061687469494 -1.0000000180025095e-35 -3.0804568529129024 0.72499999403953563 0.46569018065929418 -1.0000000180025095e-35 1.0000000180025095e-35 1.0000000180025095e-35 -1.1961632370948789 0.0030902085127308969 0.037351649254560478 15.025000095367433 1.0000000180025095e-35 -0.20038617402315137 -0.16112720221281049 1.5000000000000002 -0.8829713463783263 -1.1961632370948789
decision_type=2 2 2 2 2 2 2 2 2 2 2 2 2 2 2 2 2 2 2 2 2 2 2 2 2 2 2 2 2 2
left_child=1 2 5 4 -4 8 -7 -5 -1 15 13 14 -13 21 -12 16 17 -2 19 -17 -20 -11 -18 -15 25 27 -27 -3 29 -26
right_child=9 24 3 7 -6 6 -8 -9 -10 10 11 12 -14 23 -16 18 22 -19 20 -21 -22 -23 -24 -25 28 26 -28 -29 -30 -31
leaf_value=-9.667721879566544e-06 0.00060696035713080532 -0.00042832422162573079 -7.0380967015695909e-07 -7.0380967015695909e-07 -2.521391998413919e-05 -7.0380967015695909e-07 -7.0380967015695909e-07 -7.0380967015695909e-07 0.00037105527431433721 -0.0003427902799233075 -0.00033275319172886594 -8.9081048669278214e-07 -0.00031933929381691706 -8.4993478363126242e-05 8.2563334693208656e-05 0.00010747620801816889 0.00023288736046200021 -3.1115438364450821e-05 -0.0010432188394538973 -0.00034082962738689478 -1.9844688533288658e-05 0.00020366819075805578 0.0015166108904258735 0.00045976221561228536 0.00014425923912585477 -0.00016014489636464107 -5.1730575192857544e-07 0.0010430990416660222 3.7982556137179256e-06 -0.00059690385864245735
leaf_weight=11859 109 72 18398 768 2045 4845 612 8218 1036 32 204 30820 1349 6063 26289 1824 145 626 68 2270 22008 891 127 67 83 764 1397 308 10389 155
leaf_count=11859 109 72 18398 768 2045 4845 612 8218 1036 32 204 30820 1349 6063 26289 1824 145 626 68 2270 22008 891 127 67 83 764 1397 308 10389 155
internal_value=-0.00221739 -0.00554931 -0.00705354 -0.0105007 -0.0128736 -0.00152572 -0.00446674 -0.00510238 -0.000281117 -3.12191e-05 0.000137335 0.000285534 -0.000157761 -0.00109528 0.000823803 -0.00043879 0.00250745 0.000646259 -0.000552159 -0.00192965 -0.000296702 0.00203142 0.00753676 -0.00156607 -9.113e-05 -0.00134789 -0.00230217 0.00407895 0.000209372 -0.00693277
internal_weight=153841 60949 47781 29429 20443 18352 5457 8986 12895 92892 65715 58662 32169 7053 26493 27177 1007 735 26170 4094 22076 923 272 6130 13168 2541 2161 380 10627 238
internal_count=153841 60949 47781 29429 20443 18352 5457 8986 12895 92892 65715 58662 32169 7053 26493 27177 1007 735 26170 4094 22076 923 272 6130 13168 2541 2161 380 10627 238
is_linear=0
shrinkage=0.05


Tree=144
num_leaves=30
num_cat=0
split_feature=8 13 13 13 32 3 13 3 24 10 38 38 8 38 18 8 10 38 39 18 22 22 25 20 25 25 22 25 3
split_gain=445.618 202.213 362.812 149.17 143.732 26.7454 26.4201 18.5992 3.99439 3.03551 7.20431 5.43123 6.0463 5.29575 7.52105 4.82562 3.91299 3.80593 8.31851 3.46688 2.35821 2.60982 2.1294 4.45648 1.84807 3.79066 3.62518 1.52727 1.51604
threshold=1.0000000180025095e-35 12.92698907852173 -3.9830549955368038 0.00075226789808231222 10.500000000000002 -0.084897842258214937 -13.842182159423826 -0.10819913819432257 1.5000000000000002 0.36146824061870581 0.18249313533306125 0.18672653287649157 0.038666753098368652 0.15261784195899966 1620.5567016601565 0.021284367889165882 0.32772096991539007 -0.28505955636501307 2.7840145826339726 393.90202331542974 1.302780866622925 1.0050483942031863 1.828366279602051 -1.0000000180025095e-35 0.0037098607281222944 0.0067592912819236526 0.069670796394348158 0.5737033784389497 -1.3293060660362241
decision_type=2 2 2 2 2 2 2 2 2 2 2 2 2 2 2 2 2 2 2 2 2 2 2 2 2 2 2 2 2
left_child=1 2 6 4 -4 -5 8 -8 -1 16 13 -12 -13 15 -15 -11 17 18 -2 -19 21 -18 24 28 26 -26 -3 -22 -24
right_child=9 22 3 5 -6 -7 7 -9 -10 10 11 12 -14 14 -16 -17 20 19 -20 -21 27 -23 23 -25 25 -27 -28 -29 -30
leaf_value=-3.5796253903145119e-05 0.0004387718965909334 -9.2548822648036262e-05 -6.6861918664911118e-07 -5.8096824744559993e-07 -2.395322398493216e-05 -6.6861918664911118e-07 -5.1635804732572198e-07 -6.6861918664911118e-07 -4.0475000194202465e-07 2.3639486696240206e-05 -0.00083893191365924278 -0.00023011052584699307 0.00080920389665131709 -0.000155885840942549 0.0015212470657104877 0.00038793135899459696 -0.00018646587997800287 -2.8127250887487147e-05 -0.00028273188792739219 3.4377131448591269e-05 -7.1146448732752578e-06 -0.0014847302076874422 -0.0011027068866023911 -0.0011587219915679913 0.00050981324245102553 -4.9144046433214671e-07 -4.1294332706512827e-05 0.0013838172565750213 0.00025427146343264212
leaf_weight=1496 1841 46 18418 2833 2047 6194 1851 3634 11680 14543 54 1184 93 133 161 2750 2110 46708 258 22185 58 64 31 34 259 12571 503 56 46
leaf_count=1496 1841 46 18418 2833 2047 6194 1851 3634 11680 14543 54 1184 93 133 161 2750 2110 46708 258 22185 58 64 31 34 259 12571 503 56 46
internal_value=-0.00220471 -0.00549576 -0.0070115 -0.0104639 -0.0128256 -0.00510967 -0.00155538 -0.00447129 -0.00034153 -4.33849e-06 0.000560313 -0.00298648 -0.00232968 0.000828737 0.00748299 0.000715607 -0.000150109 -8.45166e-05 0.00201286 -0.000148419 -0.00218531 -0.0025529 -8.52483e-05 -0.00698198 -2.8029e-05 9.35308e-05 -0.00286885 0.00482456 -0.000324675
internal_weight=153841 61643 48153 29492 20465 9027 18661 5485 13176 92198 18918 1331 1277 17587 294 17293 73280 70992 2099 68893 2288 2174 13490 111 13379 12830 549 114 77
internal_count=153841 61643 48153 29492 20465 9027 18661 5485 13176 92198 18918 1331 1277 17587 294 17293 73280 70992 2099 68893 2288 2174 13490 111 13379 12830 549 114 77
is_linear=0
shrinkage=0.05


Tree=145
num_leaves=26
num_cat=0
split_feature=7 13 13 13 32 13 39 22 0 2 1 0 39 39 13 7 14 10 8 25 20 39 1 25 25
split_gain=446.226 199.895 363.009 149.37 143.289 26.902 16.414 14.7049 4.12053 2.82275 2.49056 3.12088 7.2055 3.57923 2.42908 2.25718 2.26819 2.40148 2.04608 2.0132 4.08726 2.02432 4.42094 2.03779 0.79164
threshold=1.0000000180025095e-35 12.92698907852173 -3.9830549955368038 0.00075226789808231222 10.500000000000002 -13.842182159423826 3.0046374797821049 0.054519345983862884 -1.0383247733116148 0.80164751410484325 -3.0804568529129024 -1.4874465465545652 -1.3469454646110532 -0.79354643821716297 101.08408355712892 0.1908216327428818 1.0000000180025095e-35 0.35823394358158117 0.0099368947558105009 1.828366279602051 -1.0000000180025095e-35 -4.8595726490020743 -0.41446548700332636 0.0037098607281222944 2.3506062030792241
decision_type=2 2 2 2 2 2 2 2 2 2 2 2 2 2 2 2 2 2 2 2 2 2 2 2 2
left_child=1 2 5 4 -4 8 -7 -5 -1 10 14 12 -12 -13 18 16 17 -11 -2 21 24 22 -3 -23 -21
right_child=9 19 3 7 -6 6 -8 -9 -10 15 11 13 -14 -15 -16 -17 -18 -19 -20 20 -22 23 -24 -25 -26
leaf_value=-0.0004081060718002741 0.00018935457022335354 -0.00033997377260668201 -6.3518822731665558e-07 -6.3518822731665558e-07 -2.2755562785685413e-05 -6.3518822731665558e-07 -6.3518822731665558e-07 -6.3518822731665558e-07 -1.4046529854302503e-06 -5.4604163445032276e-05 0.00077435007797194914 -4.312676524515745e-05 -0.00015358751166129754 9.9834339651116307e-06 -0.00096272979813442601 0.0041176957643050344 0.00064330938923143973 0.00088830643601496442 -0.0002062770787930296 0.0015937519750363295 -0.0011007858919895915 -6.0308084088182861e-05 0.00047370774822931496 1.3443488037252502e-06 -0.00086057737962883939
leaf_weight=560 47 71 18398 768 2045 4845 612 8218 12335 249 431 25197 514 66059 55 38 41 64 197 31 32 538 48 12408 40
leaf_count=560 47 71 18398 768 2045 4845 612 8218 12335 249 431 25197 514 66059 55 38 41 64 197 31 32 538 48 12408 40
internal_value=-0.00220601 -0.00553044 -0.00703365 -0.0104752 -0.0128369 -0.00151482 -0.00445758 -0.00510238 -0.000269484 -2.47599e-05 -4.27027e-05 -2.79281e-05 0.00283069 -5.75305e-05 -0.00459866 0.00420918 0.0029661 0.00151757 -0.00245902 -7.59417e-05 -0.00703883 -2.10486e-05 -0.00651261 3.8622e-05 -0.000352113
internal_weight=153841 60949 47781 29429 20443 18352 5457 8986 12895 92892 92500 92201 945 91256 299 392 354 313 244 13168 103 13065 119 12946 71
internal_count=153841 60949 47781 29429 20443 18352 5457 8986 12895 92892 92500 92201 945 91256 299 392 354 313 244 13168 103 13065 119 12946 71
is_linear=0
shrinkage=0.05


Tree=146
num_leaves=31
num_cat=0
split_feature=4 13 13 13 32 13 3 3 13 4 20 34 2 38 38 39 34 13 2 3 38 2 9 3 39 1 2 22 2 3
split_gain=445.209 200.03 363.396 149.181 143.735 27.0516 26.8209 18.8465 3.96244 2.57971 7.76742 10.8126 15.4746 7.86893 5.90971 9.99155 5.47081 4.4132 4.8403 3.6299 6.60962 6.16617 2.66288 2.59809 1.74314 4.10966 1.79485 4.21239 2.28853 1.6082
threshold=1.0000000180025095e-35 12.92698907852173 -3.9830549955368038 0.00075226789808231222 10.500000000000002 -13.842182159423826 -0.084897842258214937 -0.10819913819432257 -185.9236145019531 21.57499980926514 -1.0000000180025095e-35 2.5000000000000004 0.22227564454078677 0.32185205817222601 -0.13909088820219037 2.6074306964874272 2.5000000000000004 19835.107421875004 0.18493328988552096 0.18093846738338473 -0.12191902846097945 0.74247610569000255 0.27571810781955725 0.31943830847740179 -4.8595726490020743 -0.41446548700332636 -0.85274317860603321 1.5194970965385439 -0.34572002291679377 -0.41243705153465265
decision_type=2 2 2 2 2 2 2 2 2 2 2 2 2 2 2 2 2 2 2 2 2 2 2 2 2 2 2 2 2 2
left_child=1 2 5 4 -4 8 -5 -7 -1 17 14 13 -13 -12 15 -11 -16 19 22 21 -21 -2 -19 -20 25 29 27 -26 -28 -3
right_child=9 24 3 6 -6 7 -8 -9 -10 10 11 12 -14 -15 16 -17 -18 18 23 20 -22 -23 -24 -25 26 -27 28 -29 -30 -31
leaf_value=0.00026813426619556831 9.9775929545221048e-06 -0.00032297508397634788 -6.0342881595082279e-07 -5.0280130574416487e-07 -2.1617784646400798e-05 -4.5878073359360307e-07 -6.0342881595082279e-07 -6.0342881595082279e-07 -1.0176739698896013e-05 0.00057286269372729603 -0.00028795000112316241 -0.0001191149421829524 0.0011376074904732544 0.00037167066940102159 0.00010033614221717754 -0.00023754013912613472 -0.00013207658368702483 0.00078276141991462139 0.00066092623441949428 -0.00031205897644513079 -4.2226633463342618e-05 0.00075279375014846307 0.0018649597117048186 -0.0016879392396053018 -6.3743719467249804e-05 0.00045002236081784913 0.00069387059448618041 -0.0010913238655865074 -5.6002133373911187e-07 -0.00023882555303423193
leaf_weight=1549 65906 34 18398 2808 2045 1841 6178 3616 11346 1520 3464 3470 958 422 3600 329 3574 83 278 555 8100 521 78 34 266 48 351 47 12385 37
leaf_count=1549 65906 34 18398 2808 2045 1841 6178 3616 11346 1520 3464 3470 958 422 3600 329 3574 83 278 555 8100 521 78 34 266 48 351 47 12385 37
internal_value=-0.00220406 -0.0055247 -0.00702842 -0.0104718 -0.012832 -0.00150665 -0.00510238 -0.00445758 -0.000257852 -2.52982e-05 -0.000575359 -0.00167789 1.12918e-05 -0.00360268 0.000440541 0.00296106 -0.000209088 0.00010092 0.00491543 7.05895e-05 -0.000892548 0.00019608 0.0119565 0.00128205 -6.83475e-05 -0.00609244 -1.3411e-05 -0.00375399 7.85176e-05 -0.0137324
internal_weight=153841 60949 47781 29429 20443 18352 8986 5457 12895 92892 17337 8314 4428 3886 9023 1849 7174 75555 473 75082 8655 66427 161 312 13168 119 13049 313 12736 71
internal_count=153841 60949 47781 29429 20443 18352 8986 5457 12895 92892 17337 8314 4428 3886 9023 1849 7174 75555 473 75082 8655 66427 161 312 13168 119 13049 313 12736 71
is_linear=0
shrinkage=0.05


Tree=147
num_leaves=29
num_cat=0
split_feature=4 3 24 32 25 0 22 34 24 1 38 2 25 38 0 34 25 32 34 8 4 38 21 2 0 20 2 3
split_gain=444.184 182.587 118.205 73.8183 44.5285 27.9771 28.3932 11.2012 10.0112 8.53472 8.52351 6.11557 7.43479 6.45452 5.99729 3.84856 2.48492 5.27147 5.74135 3.56594 2.70651 5.6871 7.78521 5.43773 8.29985 7.32155 5.31528 2.01221
threshold=1.0000000180025095e-35 -0.10210046172142027 2.5000000000000004 14.500000000000002 0.0050568901933729657 -0.12748190760612485 0.069670796394348158 3.5000000000000004 1.5000000000000002 -0.027250551618635651 0.30095177888870245 0.056309804320335395 0.11772857233881952 0.061989651992917068 0.061417696997523315 1.0000000180025095e-35 2.3506062030792241 2.5000000000000004 1.5000000000000002 0.062721319496631636 4.9249999523162851 0.0065040125045925387 1.0000000180025095e-35 -0.23012874275445935 -0.057534314692020409 -1.0000000180025095e-35 -0.58845719695091236 -1.1688111424446104
decision_type=2 2 2 2 2 2 2 2 2 2 2 2 2 2 2 2 2 2 2 2 2 2 2 2 2 2 2 2
left_child=1 8 3 4 -3 7 -7 -4 11 10 -10 12 -1 -13 -11 -5 20 18 27 -20 21 22 -2 25 -25 -22 -23 -18
right_child=16 2 5 15 -6 6 -8 -9 9 14 -12 13 -14 -15 -16 -17 17 -19 19 -21 23 26 -24 24 -26 -27 -28 -29
leaf_value=-5.9997266586976204e-07 -8.167765967300231e-05 -5.7325737515328167e-07 -5.7325737515328167e-07 0.0017051795605836141 -5.7325737515328167e-07 -5.7325737515328167e-07 -5.7325737515328167e-07 -5.7325737515328167e-07 -5.7325737515328167e-07 0.00054621752482713801 -9.3216669964941756e-05 0.0006209036118176378 -4.401277074262732e-06 -0.00018866003783541771 5.3668742919160295e-05 -0.00013411022563635661 -0.0015574921027228881 -0.0023172956916716852 0.00034298789762266733 -0.0012921345138102013 0.0011320518237457374 0.001078780820117116 0.00012894968552469872 -9.6677081924518868e-05 7.4017573410908173e-06 0.00013051674963112105 -8.0874783420721577e-05 -0.0002960185871975137
leaf_weight=1336 3885 1955 1500 256 14798 2083 19030 534 15524 351 272 250 1132 74 566 1288 32 54 223 34 355 99 13346 19678 47313 3445 4387 41
leaf_count=1336 3885 1955 1500 256 14798 2083 19030 534 15524 351 272 250 1132 74 566 1288 32 54 223 34 355 99 13346 19678 47313 3445 4387 41
internal_value=-0.00219886 -0.00551568 -0.00739311 -0.0103965 -0.0113607 -0.00501901 -0.00447947 -0.0106195 -0.00152653 -0.00106354 -0.00133578 -0.00429799 -0.00514587 0.00216049 0.00362595 6.47668e-05 -2.26069e-05 -0.00403646 -0.00166667 0.00184825 -5.94543e-06 0.000482341 0.000895189 -0.00015574 -0.00026011 0.00168421 -0.00110343 -0.0140411
internal_weight=153841 60949 41444 18297 16753 23147 21113 2034 19505 16713 15796 2792 2468 324 917 1544 92892 384 330 257 92508 21717 17231 70791 66991 3800 4486 73
internal_count=153841 60949 41444 18297 16753 23147 21113 2034 19505 16713 15796 2792 2468 324 917 1544 92892 384 330 257 92508 21717 17231 70791 66991 3800 4486 73
is_linear=0
shrinkage=0.05


Tree=148
num_leaves=31
num_cat=0
split_feature=5 13 13 13 32 13 3 3 13 21 34 37 39 32 34 37 37 21 1 32 3 14 34 25 25 25 34 39 3 0
split_gain=443.877 199.309 364.972 149.516 142.564 27.1654 27.1461 19.1774 5.47336 2.46529 7.41559 8.28135 11.6677 11.2941 6.97677 38.1036 27.2364 4.71698 6.86616 20.8526 4.68028 4.17949 6.42265 3.25778 2.01737 3.62125 4.84161 3.22205 3.76169 2.77996
threshold=1.0000000180025095e-35 12.92698907852173 -3.9830549955368038 0.00075226789808231222 10.500000000000002 -13.842182159423826 -0.084897842258214937 -0.10819913819432257 -14.936060905456541 0.97499999403953563 1.0000000180025095e-35 1.0000000180025095e-35 -2.0937999486923213 14.500000000000002 2.5000000000000004 1.0000000180025095e-35 1.0000000180025095e-35 0.12500000372529033 0.14991363883018496 20.500000000000004 -0.20393944531679151 1.0000000180025095e-35 5.0000000000000009 0.31630451977252966 0.0037098607281222944 0.0067592912819236526 1.0000000180025095e-35 0.18352951109409335 0.3001589179039002 -0.077499043196439729
decision_type=2 2 2 2 2 2 2 2 2 2 2 2 2 2 2 2 2 2 2 2 2 2 2 2 2 2 2 2 2 2
left_child=1 2 5 4 -4 8 -5 -7 -1 17 11 12 -11 -13 16 -16 -12 21 20 -20 -19 23 -23 -2 27 26 -26 28 -3 -29
right_child=9 24 3 6 -6 7 -8 -9 -10 10 14 13 -14 -15 15 -17 -18 18 19 -21 -22 22 -24 -25 25 -27 -28 29 -30 -31
leaf_value=-1.0618336179937794e-05 -7.3164036264486429e-05 -7.9398040417648355e-05 -5.4459450639561756e-07 -4.3025432911437291e-07 -1.3831384132262371e-05 -4.0584306362043483e-07 -5.4459450639561756e-07 -5.4459450639561756e-07 8.380514191491302e-06 -0.00036586024417552526 0.0002760965621883288 -0.00026454062933600059 0.00014451372482669408 -0.0011257215494464123 -0.00028819989670659135 0.00014945809103280046 -8.8766734707569031e-05 0.00010014698105108378 0.00023485562522957001 0.0040041209048620073 -4.5956464709244821e-06 6.00634405852292e-05 0.0026921177867542784 8.9930949637115175e-05 -0.00023450189486377056 -1.8029592403648547e-06 0.00070945960157874446 -0.0003400577325149711 -0.00012686684002549876 0.00033708615162190747
leaf_weight=12546 14415 303 18398 2808 2045 1841 6178 3616 349 283 5540 2791 1795 334 5591 7463 7274 13360 1467 223 27087 2971 78 2220 52 12373 205 41 52 142
leaf_count=12546 14415 303 18398 2808 2045 1841 6178 3616 349 283 5540 2791 1795 334 5591 7463 7274 13360 1467 223 27087 2971 78 2220 52 12373 205 41 52 142
internal_value=-0.00219919 -0.00551486 -0.00701586 -0.0104667 -0.0128296 -0.00148213 -0.00509125 -0.00443925 -0.00023071 -2.36834e-05 -0.000387017 -0.00210936 0.000336862 -0.003736 -4.05907e-05 -0.000854144 0.0007882 0.000158927 0.000457436 0.00357988 0.000326971 -0.000480085 0.00122171 -0.000792005 -6.83475e-05 5.93824e-05 0.00593385 -0.00306691 -0.00584507 0.0023224
internal_weight=153841 60949 47781 29429 20443 18352 8986 5457 12895 92892 31071 5203 2078 3125 25868 13054 12814 61821 42137 1690 40447 19684 3049 16635 13168 12630 257 538 355 183
internal_count=153841 60949 47781 29429 20443 18352 8986 5457 12895 92892 31071 5203 2078 3125 25868 13054 12814 61821 42137 1690 40447 19684 3049 16635 13168 12630 257 538 355 183
is_linear=0
shrinkage=0.05


Tree=149
num_leaves=30
num_cat=0
split_feature=5 13 13 13 3 13 3 3 13 18 2 25 5 25 20 3 34 2 25 22 3 25 22 22 37 9 7 39 8
split_gain=444.578 198.596 365.194 149.516 88.4983 27.2154 27.1461 19.1774 5.21567 2.42672 2.94052 3.82014 2.6495 8.50319 8.78975 3.70953 6.82205 5.80304 2.39325 6.0263 3.64338 3.38536 5.04171 2.50122 2.38237 2.1417 2.06441 1.41653 1.14616
threshold=1.0000000180025095e-35 12.92698907852173 -3.9830549955368038 0.00075226789808231222 -0.10210046172142027 -13.842182159423826 -0.084897842258214937 -0.10819913819432257 -14.936060905456541 494595.42187500006 0.2281986400485039 0.15194997191429141 21.57499980926514 1.3021721839904787 -1.0000000180025095e-35 0.18093846738338473 2.5000000000000004 0.74247610569000255 0.0037098607281222944 0.069670796394348158 0.25322377681732183 0.0067592912819236526 0.07188716903328897 0.057398274540901191 1.0000000180025095e-35 0.16438939422369006 0.12917864322662356 0.097577404230833067 0.03921830281615258
decision_type=2 2 2 2 2 2 2 2 2 2 2 2 2 2 2 2 2 2 2 2 2 2 2 2 2 2 2 2 2
left_child=1 2 5 4 -4 8 -5 -7 -1 12 25 24 15 14 -14 17 -17 -2 19 -3 -21 22 -20 -23 -12 26 -11 -13 -15
right_child=9 18 3 6 -6 7 -8 -9 -10 10 11 27 13 28 -16 16 -18 -19 21 20 -22 23 -24 -25 -26 -27 -28 -29 -30
leaf_value=-1.0087419370940913e-05 1.240392853869704e-05 -8.087941135489826e-05 -5.1736478107583671e-07 -4.0874161265865427e-07 -5.1736478107583671e-07 -3.8555091043941314e-07 -5.1736478107583671e-07 -5.1736478107583671e-07 7.9614884819167361e-06 0.00014567395902857704 0.0035588232691154431 0.0029175998652207985 4.8535788637356017e-05 -0.0015341939212202803 -0.0001273104431742579 -0.00014732027646824735 0.00011722651123307355 0.00072595752822756212 -0.00024112035631522716 4.0594426691778689e-05 -3.7806236543682845e-05 2.0243334551807782e-05 0.00061497165893369512 -6.2652085501545035e-06 -0.0017905261245450773 0.00070195523333991703 -0.0026870146676209483 0.00054488531631560896 -0.0010922014928638358
leaf_weight=12546 66221 46 4218 2808 16225 1841 6178 3616 349 45 31 81 8858 39 8194 6043 2665 529 43 411 81 530 214 11843 34 36 33 33 50
leaf_count=12546 66221 46 4218 2808 16225 1841 6178 3616 349 45 31 81 8858 39 8194 6043 2665 529 43 411 81 530 214 11843 34 36 33 33 50
internal_value=-0.00219821 -0.0055165 -0.00701482 -0.0104667 -0.0128296 -0.0014794 -0.00509125 -0.00443925 -0.000226832 -2.09921e-05 0.00452218 0.00851955 -3.53676e-05 -0.000596523 -0.000516068 9.21042e-05 -0.000878503 0.000218727 -7.97388e-05 -0.00334572 -0.00172764 5.93824e-05 0.0057393 -5.85953e-05 -0.00115385 -0.00175439 -0.00641026 0.0140351 -0.0160112
internal_weight=153841 60949 47781 29429 20443 18352 8986 5457 12895 92892 293 179 92599 17141 17052 75458 8708 66750 13168 538 492 12630 257 12373 65 114 78 114 89
internal_count=153841 60949 47781 29429 20443 18352 8986 5457 12895 92892 293 179 92599 17141 17052 75458 8708 66750 13168 538 492 12630 257 12373 65 114 78 114 89
is_linear=0
shrinkage=0.05


Tree=150
num_leaves=31
num_cat=0
split_feature=4 13 13 13 32 3 13 3 0 1 0 22 0 32 14 13 2 7 22 14 0 25 0 22 25 22 3 25 1 25
split_gain=444.674 196.346 365.582 149.947 142.564 27.4732 27.3659 19.1774 3.69711 2.46599 15.5129 6.55628 7.35521 6.65728 5.4896 4.9905 4.96734 4.44866 5.71127 5.707 4.19537 4.08906 5.92262 5.17061 2.21058 5.35392 3.64338 2.618 3.83274 2.90001
threshold=1.0000000180025095e-35 12.92698907852173 -3.9830549955368038 0.00075226789808231222 10.500000000000002 -0.084897842258214937 -13.842182159423826 -0.10819913819432257 -0.027654435485601422 -0.1685182452201843 0.2281666770577431 0.2075925096869469 -0.065302174538373933 2.5000000000000004 1.0000000180025095e-35 -365.29806518554682 0.37988154590129858 0.035513198003172881 0.15251468867063525 -1.0000000180025095e-35 0.3409316092729569 0.41949391365051275 -0.065302174538373933 0.33281715214252477 0.0037098607281222944 0.069670796394348158 0.25322377681732183 0.020583077333867553 -0.45843018591403956 0.091730494052171721
decision_type=2 2 2 2 2 2 2 2 2 2 2 2 2 2 2 2 2 2 2 2 2 2 2 2 2 2 2 2 2 2
left_child=1 2 6 4 -4 -5 8 -8 -1 10 11 12 -2 -13 20 17 -16 18 -11 -19 -12 23 -23 -17 25 -3 -27 28 -26 -29
right_child=9 24 3 5 -6 -7 7 -9 -10 15 14 13 -14 -15 16 21 -18 19 -20 -21 -22 22 -24 -25 27 26 -28 29 -30 -31
leaf_value=-2.097896451102598e-05 -0.00017886705551720911 -7.6835440787153338e-05 -4.9149654202204491e-07 -3.8830453202572162e-07 -1.3113946686595103e-05 -4.9149654202204491e-07 -3.6627336491744249e-07 -4.9149654202204491e-07 1.0310710899696538e-05 -1.3822798195871172e-05 -0.0011846872256868427 -1.7322020268361812e-05 0.00026840665007377243 0.00033727187622578962 0.0023317287345835051 -2.4786807874751552e-05 -0.00051308069379922539 -0.00032648769196388201 0.00032205793285835593 0.00020259665944566478 -0.00052742953459157125 -0.00016679765500004403 0.00022869322399743497 0.00012514082629441187 0.00082184514420100593 3.8564705357189749e-05 -3.5915924716498704e-05 -3.5098135365820842e-05 2.667555015469017e-05 4.8670506185016881e-06
leaf_weight=6145 3398 46 18398 2808 2045 6178 1841 3616 6750 1010 296 33104 548 4320 43 32484 110 1079 2285 2818 602 438 2718 7639 156 411 81 4666 1593 6215
leaf_count=6145 3398 46 18398 2808 2045 6178 1841 3616 6750 1010 296 33104 548 4320 43 32484 110 1079 2285 2818 602 438 2718 7639 156 411 81 4666 1593 6215
internal_value=-0.00220114 -0.00551978 -0.00700959 -0.0104633 -0.0128296 -0.00508012 -0.00147123 -0.00443925 -0.0002152 -2.36834e-05 -0.000304684 -0.000152284 -0.00209072 5.21056e-05 -0.00630352 0.000212498 0.00245098 0.00143215 0.00278452 0.000288684 -0.0077951 9.82001e-06 0.00174271 -0.000126486 -0.000113913 -0.00325279 -0.00172764 1.97941e-05 0.00181532 -0.000268817
internal_weight=153841 60949 47781 29429 20443 8986 18352 5457 12895 92892 42421 41370 3946 37424 1051 50471 153 7192 3295 3897 898 43279 3156 40123 13168 538 492 12630 1749 10881
internal_count=153841 60949 47781 29429 20443 8986 18352 5457 12895 92892 42421 41370 3946 37424 1051 50471 153 7192 3295 3897 898 43279 3156 40123 13168 538 492 12630 1749 10881
is_linear=0
shrinkage=0.05


Tree=151
num_leaves=28
num_cat=0
split_feature=4 13 13 13 32 3 13 3 13 1 0 39 13 32 39 37 4 13 39 0 3 21 0 2 0 8 9
split_gain=444.586 196.898 365.139 149.947 142.564 27.4732 27.2656 19.1774 4.26523 2.33056 2.53444 5.64565 6.84394 3.28255 3.14108 14.365 7.66377 2.51542 2.11765 4.87175 6.5201 5.25063 2.35146 8.20449 5.52457 1.9576 2.49757
threshold=1.0000000180025095e-35 12.92698907852173 -3.9830549955368038 0.00075226789808231222 10.500000000000002 -0.084897842258214937 -13.842182159423826 -0.10819913819432257 -14.936060905456541 -3.0804568529129024 -1.4874465465545652 -1.3469454646110532 606.86471557617199 14.500000000000002 -0.79354643821716297 1.0000000180025095e-35 4.3250000476837167 101.08408355712892 2.8427296876907353 0.0099040218628942984 0.29093891382217413 0.12500000372529033 -0.12027058377861975 0.1390209570527077 -0.098668817430734621 0.0099368947558105009 0.046519469469785697
decision_type=2 2 2 2 2 2 2 2 2 2 2 2 2 2 2 2 2 2 2 2 2 2 2 2 2 2 2
left_child=1 2 6 4 -4 -5 8 -8 -1 17 11 12 -11 -13 15 -12 -16 25 22 21 -21 -20 23 -3 -24 -2 -27
right_child=9 18 3 5 -6 -7 7 -9 -10 10 14 13 -14 -15 16 -17 -18 -19 19 20 -22 -23 24 -25 -26 26 -28
leaf_value=-9.0354720223661559e-06 0.00018737595144781746 -7.7148789957188883e-05 -4.6692171492094263e-07 -3.6888930542443554e-07 -1.2458249352265139e-05 -4.6692171492094263e-07 -3.4795969667157035e-07 -4.6692171492094263e-07 7.7399834582601513e-06 0.0011958168881795123 -0.00020429071463973683 -0.00038609677585175963 -0.00042911072462701872 0.0030435252454266031 0.00010988253901483906 -1.912419600732379e-06 -8.3618330935730786e-06 -0.00091670641964370118 -0.00020977511907504392 -7.7656588171979156e-05 0.00022657727449879169 0.00044616947186535593 0.00082364416932317094 0.0020824012988580561 2.1203561909946231e-06 1.2109375746967994e-06 -0.00038190309260483591
leaf_weight=12546 47 2671 18398 2808 2045 6178 1841 3616 349 386 3779 431 45 83 12299 21425 54145 55 30 481 193 173 271 94 9255 117 80
leaf_count=12546 47 2671 18398 2808 2045 6178 1841 3616 349 386 3779 431 45 83 12299 21425 54145 55 30 481 193 173 271 94 9255 117 80
internal_value=-0.00220146 -0.00551978 -0.00701168 -0.0104633 -0.0128296 -0.00508012 -0.00147668 -0.00443925 -0.000222955 -2.42217e-05 -9.98996e-06 0.00256614 0.00678654 -0.000972763 -3.65529e-05 -0.000511824 0.00014373 -0.00443144 -0.000106318 -0.00248005 -0.00452522 0.00431034 6.30543e-05 -0.00122061 0.00043565 -0.0022541 -0.00444162
internal_weight=153841 60949 47781 29429 20443 8986 18352 5457 12895 92892 92593 945 431 514 91648 25204 66444 299 13168 877 674 203 12291 2765 9526 244 197
internal_count=153841 60949 47781 29429 20443 8986 18352 5457 12895 92892 92593 945 431 514 91648 25204 66444 299 13168 877 674 203 12291 2765 9526 244 197
is_linear=0
shrinkage=0.05


Tree=152
num_leaves=24
num_cat=0
split_feature=4 13 13 13 3 3 13 3 13 24 22 22 3 25 21 34 25 0 21 0 22 22 13
split_gain=441.415 197.086 366.664 150.404 88.3641 27.9675 27.2611 19.6791 4.22286 2.39181 2.27579 3.07398 5.28808 2.59446 2.25008 7.16889 6.92604 6.46843 4.38164 5.80585 5.47564 2.21738 0.612252
threshold=1.0000000180025095e-35 12.92698907852173 -3.9830549955368038 0.00075226789808231222 -0.10210046172142027 -0.084897842258214937 -13.842182159423826 -0.10819913819432257 -14.936060905456541 1.0000000180025095e-35 0.028086829930543903 0.057398274540901191 -0.058074479922652238 0.033196372911334045 0.97499999403953563 1.0000000180025095e-35 0.39645405113697058 0.2281666770577431 0.57500001788139354 0.48001201450824743 0.061793224886059768 0.066147454082965865 -0.98692473769187916
decision_type=2 2 2 2 2 2 2 2 2 2 2 2 2 2 2 2 2 2 2 2 2 2 2
left_child=1 2 6 4 -4 -5 8 -8 -1 22 13 12 -12 -3 18 16 -16 -17 19 -11 -20 -13 -2
right_child=9 10 3 5 -6 -7 7 -9 -10 14 11 21 -14 -15 15 17 -18 -19 20 -21 -22 -23 -24
leaf_value=-8.5836984212478467e-06 -0.00054360643521695338 -7.0793990494379141e-05 -4.435756291748955e-07 -3.5044484015321374e-07 -4.435756291748955e-07 -4.435756291748955e-07 -3.3056171183799185e-07 -4.435756291748955e-07 7.3529842853471431e-06 -2.769666473172311e-05 -0.0001358964927135508 -6.2321746512438659e-05 3.9991542462287401e-05 -1.2812519861521641e-05 -8.6970003618223359e-05 9.4665420650745647e-06 -0.00041231840320384776 -0.00028984469123395651 -0.00014391172754328214 0.00024869091295530151 7.1699586109337e-05 -3.6909754613095111e-06 -0.00026465758133079661
leaf_weight=12546 33 40 4218 2808 16225 6178 1841 3616 349 32791 142 266 341 51 3963 24390 1240 1454 518 3062 25409 12328 32
leaf_count=12546 33 40 4218 2808 16225 6178 1841 3616 349 32791 142 266 341 51 3963 24390 1240 1454 518 3062 25409 12328 32
internal_value=-0.00219691 -0.00550337 -0.00699598 -0.0104548 -0.0128247 -0.00506343 -0.00144943 -0.00441176 -0.000195812 -2.74512e-05 -8.73329e-05 -3.24998e-05 0.00388199 -0.00796703 -2.07375e-05 -0.00036799 -0.00206131 -2.70856e-05 0.000153771 -0.000204306 0.000648937 -0.000182627 -0.00961538
internal_weight=153841 60949 47781 29429 20443 8986 18352 5457 12895 92892 13168 13077 483 91 92827 31047 5203 25844 61780 35853 25927 12594 65
internal_count=153841 60949 47781 29429 20443 8986 18352 5457 12895 92892 13168 13077 483 91 92827 31047 5203 25844 61780 35853 25927 12594 65
is_linear=0
shrinkage=0.05


Tree=153
num_leaves=29
num_cat=0
split_feature=4 13 13 13 3 3 13 3 0 4 3 14 38 7 10 9 38 4 38 3 38 25 22 3 25 22 22 13
split_gain=442.366 195.587 367.858 150.309 88.2971 27.9675 27.5628 19.6791 3.62519 2.33196 2.76852 2.94162 2.90578 2.7365 4.82886 4.41344 2.68054 2.49926 7.69201 4.51328 2.28183 1.84507 3.57536 3.64338 2.56625 4.55195 1.95214 1.69424
threshold=1.0000000180025095e-35 12.92698907852173 -3.9830549955368038 0.00075226789808231222 -0.10210046172142027 -0.084897842258214937 -13.842182159423826 -0.10819913819432257 -1.0383247733116148 91.299999237060561 0.28204661607742315 1.0000000180025095e-35 0.25620965659618383 0.1908216327428818 0.67461988329887401 0.57154762744903576 -0.21429705619812009 14.775000095367433 -0.068472228944301591 0.13886877894401553 -0.51251009106636036 0.0037098607281222944 0.069670796394348158 0.25322377681732183 0.0067592912819236526 0.07188716903328897 0.077411264181137099 118.09861755371095
decision_type=2 2 2 2 2 2 2 2 2 2 2 2 2 2 2 2 2 2 2 2 2 2 2 2 2 2 2 2
left_child=1 2 6 4 -4 -5 8 -8 -1 13 11 12 -11 17 15 -15 20 19 -19 -2 -12 22 -3 -24 25 -23 -26 -18
right_child=9 21 3 5 -6 -7 7 -9 -10 10 16 -13 -14 14 -16 -17 27 18 -20 -21 -22 24 23 -25 26 -27 -28 -29
leaf_value=-0.00038419807383128211 2.5713908615928457e-05 -6.9983599231723484e-05 -4.2139684771615069e-07 -3.3292259814555302e-07 -4.2139684771615069e-07 -4.2139684771615069e-07 -3.1403362624609223e-07 -4.2139684771615069e-07 1.7330876644909325e-07 -0.00053490251823080784 0.00018032810652068404 0.00089048561242047262 1.582566424473547e-05 0.0010918096901295846 -0.0030494644683674542 -0.001630415545653445 5.0541348412365103e-05 7.8103439529940947e-05 -6.9918660533665325e-05 -6.4115418675989377e-05 -0.00082649212275344311 -0.00023250371093986441 3.6715001052846005e-05 -3.4041597517158014e-05 4.3080565981785154e-06 0.0005780166494723317 -1.1196325727815677e-05 0.0011361476979424273
leaf_weight=560 53445 46 4218 2808 16225 6178 1841 3616 12335 317 32 45 127 801 41 61 76 8197 20417 9231 45 43 411 81 1206 214 11167 57
leaf_count=560 53445 46 4218 2808 16225 6178 1841 3616 12335 317 32 45 127 801 41 61 76 8197 20417 9231 45 43 411 81 1206 214 11167 57
internal_value=-0.00219171 -0.00550173 -0.00698866 -0.0104531 -0.0128222 -0.00506343 -0.00143309 -0.00441176 -0.000172547 -1.99156e-05 -0.002897 -0.0049591 -0.00619369 1.89819e-06 0.00274086 0.00353828 0.00190476 -2.51944e-05 -0.000412386 0.000151573 -0.00551948 -0.000106318 -0.00297398 -0.00172764 1.58353e-05 0.00496109 -8.68827e-05 0.00620301
internal_weight=153841 60949 47781 29429 20443 8986 18352 5457 12895 92892 699 489 444 92193 903 862 210 91290 28614 62676 77 13168 538 492 12630 257 12373 133
internal_count=153841 60949 47781 29429 20443 8986 18352 5457 12895 92892 699 489 444 92193 903 862 210 91290 28614 62676 77 13168 538 492 12630 257 12373 133
is_linear=0
shrinkage=0.05


Tree=154
num_leaves=27
num_cat=0
split_feature=4 13 13 13 32 3 13 3 24 4 25 32 34 4 39 2 39 22 2 39 22 3 38 13 39 38
split_gain=439.949 196.072 366.474 150.914 143.233 28.8011 27.5628 19.6791 3.56691 2.25349 2.19326 5.46276 6.02599 2.26583 10.2507 4.98753 1.85504 4.55913 3.80326 3.57501 3.19156 5.26188 3.87042 1.75744 1.69954 2.33466
threshold=1.0000000180025095e-35 12.92698907852173 -3.9830549955368038 0.00075226789808231222 10.500000000000002 -0.084897842258214937 -13.842182159423826 -0.10819913819432257 1.0000000180025095e-35 109.04999923706056 2.3506062030792241 2.5000000000000004 1.5000000000000002 4.9249999523162851 -1.9821955561637876 -0.23012874275445935 2.8427296876907353 0.25623680651187902 0.05083038471639157 3.3527572154998784 0.13105144351720813 0.41302186250686651 -0.2351633086800575 5897.6616210937509 -0.1832860931754112 0.2878114134073258
decision_type=2 2 2 2 2 2 2 2 2 2 2 2 2 2 2 2 2 2 2 2 2 2 2 2 2 2
left_child=1 2 6 4 -4 -5 8 -8 -1 10 13 12 -12 14 -2 -15 20 18 -18 -19 21 -3 -22 24 -11 -26
right_child=9 16 3 5 -6 -7 7 -9 -10 23 11 -13 -14 15 -16 -17 17 19 -20 -21 22 -23 -24 -25 25 -27
leaf_value=-0.0001586854196158409 -8.9917206284461965e-05 6.2023889967006288e-06 -4.0032700533034319e-07 -3.1627646823827537e-07 -1.1792088260807744e-05 -4.0032700533034319e-07 -2.9833194493378761e-07 -4.0032700533034319e-07 -1.2917977541311427e-06 -0.00085573200241083585 -0.00090714743471546661 -0.0022336427667105363 0.00018034050362125792 0.00024630061056865864 8.0923456845060328e-05 -1.7247866959738296e-05 0.00023651128949702646 -0.00020625027929002733 -5.0879124180540808e-05 0.0024283002725297336 0.0011203767027720211 1.8482955481829738e-05 -2.744003147522096e-05 0.0013253243537386522 -0.00026943982513568944 0.00030987033758338211
leaf_weight=70 4818 2872 18398 2808 2045 6178 1841 3616 12825 50 73 54 257 3784 16899 66542 139 50 624 64 154 188 9077 32 299 84
leaf_count=70 4818 2872 18398 2808 2045 6178 1841 3616 12825 50 73 54 257 3784 16899 66542 139 50 624 64 154 188 9077 32 299 84
internal_value=-0.00218846 -0.00548943 -0.00697819 -0.0104361 -0.01281 -0.00503561 -0.00143309 -0.00441176 -0.000172547 -2.26069e-05 -5.13919e-06 -0.00377604 -0.00136364 1.05929e-05 0.000457015 -0.000127264 -8.73329e-05 -0.00230901 -0.00370249 0.00701754 7.11903e-05 0.00147059 -0.000392699 -0.00349462 -0.00433025 -0.00319843
internal_weight=153841 60949 47781 29429 20443 8986 18352 5457 12895 92892 92427 384 330 92043 21717 70326 13168 877 763 114 12291 3060 9231 465 433 383
internal_count=153841 60949 47781 29429 20443 8986 18352 5457 12895 92892 92427 384 330 92043 21717 70326 13168 877 763 114 12291 3060 9231 465 433 383
is_linear=0
shrinkage=0.05


Tree=155
num_leaves=31
num_cat=0
split_feature=5 3 13 13 32 13 39 3 1 38 0 0 39 1 38 1 0 34 32 32 25 32 38 11 2 3 13 38 34 13
split_gain=422.438 207.437 207.697 284.613 144.937 33.6999 8.15634 12.8895 8.71458 7.35001 6.90707 5.90013 3.90862 3.51867 3.50987 2.37466 12.2811 6.18001 13.3443 12.6436 4.69418 10.2412 8.27787 4.42408 4.38339 3.99921 3.58164 7.25943 4.88667 1.56789
threshold=1.0000000180025095e-35 -0.10210046172142027 12.92698907852173 -4.518629550933837 14.500000000000002 -13.842182159423826 2.0838214159011845 -0.30152188241481775 -0.022654294036328789 0.33452820777893072 0.077620092779397978 0.065983854234218611 -3.094255685806274 0.0025164757389575247 -0.24519689381122586 -0.1685182452201843 0.2281666770577431 1.0000000180025095e-35 2.5000000000000004 19.500000000000004 0.50130507349967968 19.500000000000004 0.061033483594655998 0.99981656670570385 0.11897543817758562 -1.0404431819915769 -365.29806518554682 -0.22641336172819135 2.5000000000000004 -10.544686317443846
decision_type=2 2 2 2 2 2 2 2 2 2 2 2 2 2 2 2 2 2 2 2 2 2 2 2 2 2 2 2 2 2
left_child=1 6 3 5 -5 -3 8 -8 9 -1 -9 -10 13 -4 -14 16 17 19 -19 -2 26 22 -22 25 -23 -18 27 -17 -28 -25
right_child=15 2 12 4 -6 -7 7 10 11 -11 -12 -13 14 -15 -16 20 23 18 -20 -21 21 24 -24 29 -26 -27 28 -29 -30 -31
leaf_value=-3.7992159327567078e-07 -8.0906141133505965e-05 -3.5587462954837848e-06 -0.00017182875757887714 -3.8031065506382604e-07 -2.3987626374337088e-05 -3.8031065506382604e-07 -0.0001645629256885185 -4.1680287740022331e-07 0.00062918018687758883 -8.2789209834476559e-05 -1.5723566981058971e-05 0.00014816365162888847 -7.5332312563381227e-05 0.00011370085667974407 1.3881912211614952e-06 -0.00072694818004295227 -0.0013197814917277368 -1.9638798759940952e-05 0.00048096875896107977 -0.00084106635713126284 0.00016145743895218886 0.0016327505167826753 -0.00035895258690642147 -4.5001082443026091e-05 0.00038474465171127979 -0.00061679212758593152 -3.9969819059468283e-05 0.00014826443176997823 3.7923459593958847e-05 0.00087336869962260011
leaf_weight=17228 6223 7036 120 20531 2294 3302 76 1095 302 245 72 487 261 56 7844 218 87 30669 3953 525 1802 74 274 58 30 855 21082 6496 20495 51
leaf_count=17228 6223 7036 120 20531 2294 3302 76 1095 302 245 72 487 261 56 7844 218 87 30669 3953 525 1802 74 274 58 30 855 21082 6496 20495 51
internal_value=-0.00214653 -0.00538114 -0.00738225 -0.00915101 -0.0122683 -0.00226833 -0.0011292 -0.00504827 -0.000862447 -0.00109455 -0.00374893 0.00427757 -0.000298877 -0.00767045 -0.000138803 -2.42217e-05 -0.000299969 -0.00016437 0.000105424 -0.00154861 0.000207545 0.00247706 0.00171002 -0.00563749 0.0177885 -0.00674098 0.000105092 0.00117665 -6.79462e-05 0.00389908
internal_weight=153841 60949 41444 33163 22825 10338 19505 1243 18262 17473 1167 789 8281 176 8105 92892 42421 41370 34622 6748 50471 2180 2076 1051 104 942 48291 6714 41577 109
internal_count=153841 60949 41444 33163 22825 10338 19505 1243 18262 17473 1167 789 8281 176 8105 92892 42421 41370 34622 6748 50471 2180 2076 1051 104 942 48291 6714 41577 109
is_linear=0
shrinkage=0.05


Tree=156
num_leaves=30
num_cat=0
split_feature=4 3 13 13 32 13 2 21 25 39 3 3 25 39 2 25 1 4 39 3 2 2 18 25 25 9 39 7 7
split_gain=416.869 211.488 208.619 285.44 144.937 33.935 7.9981 12.908 9.29279 20.4011 7.88279 7.68755 6.97595 3.75296 3.82879 3.1337 2.1494 2.22252 5.50543 9.48683 6.81325 5.31673 6.72799 6.21837 2.19653 1.87552 2.25378 1.76164 0.84899
threshold=1.0000000180025095e-35 -0.10210046172142027 12.92698907852173 -4.518629550933837 14.500000000000002 -13.842182159423826 -0.056510178372263901 0.97499999403953563 0.054756958037614829 0.81853067874908458 -1.7320105433464048 -0.72040659189224232 0.095359977334737792 -2.6133313179016109 -0.027132844552397724 0.0044128096196800479 -3.0804568529129024 6.7249999046325692 -1.6406424045562742 -1.8692067265510557 0.39564776420593267 -0.23012874275445935 -15330.882324218748 0.76709699630737316 0.11052900552749635 0.077513489872217192 -1.9181800484657285 0.062665048986673369 0.044777365401387222
decision_type=2 2 2 2 2 2 2 2 2 2 2 2 2 2 2 2 2 2 2 2 2 2 2 2 2 2 2 2 2
left_child=1 6 3 5 -5 -3 8 12 9 -1 -10 -9 -8 14 -4 -15 24 18 19 -18 -20 22 -19 -23 28 27 -27 -26 -2
right_child=16 2 13 4 -6 -7 7 11 10 -11 -12 -13 -14 15 -16 -17 17 21 20 -21 -22 23 -24 -25 25 26 -28 -29 -30
leaf_value=8.6830500412605739e-06 0.00022183015071256548 -3.3808089807095958e-06 -0.00025539571815443669 -3.612951223106347e-07 -2.2788245055620218e-05 -3.612951223106347e-07 3.3242671077965767e-07 0.00036554425572541901 5.8944566457789892e-05 -4.4107000135070491e-06 -4.6504245931555107e-07 -3.9596273353021215e-07 0.00025811681164437299 -5.8957207700783471e-05 -5.2367283705704412e-05 1.8413127663227987e-06 -0.00055899420343867167 0.0012924871172073271 8.8288954990878565e-05 -2.7155055646768115e-05 -0.00018620208382833984 -1.4871674087913594e-05 8.2578717989253034e-05 -0.00024737704275239728 1.2140918111153837e-06 -0.00080048561810564444 -0.00018516250053943526 -0.0010557615721015175 -2.6912620445715061e-05
leaf_weight=2652 30 7036 42 20531 2294 3302 3179 1118 780 384 3319 6230 1843 307 420 7512 522 689 21448 6775 2734 56180 2246 1999 107 51 36 39 36
leaf_count=2652 30 7036 42 20531 2294 3302 3179 1118 780 384 3319 6230 1843 307 420 7512 522 689 21448 6775 2734 56180 2246 1999 107 51 36 39 36
internal_value=-0.00214003 -0.00535325 -0.00737381 -0.00914649 -0.0122683 -0.00225382 -0.00105998 -0.000291027 -0.00239313 -0.000296443 -0.00394608 -0.00162629 0.00166268 -0.000274725 -0.00465368 -1.59867e-05 -3.17573e-05 -1.80899e-05 0.000323231 -0.000880499 0.000686461 -0.0001939 0.00188245 -0.000298647 -0.00426421 -0.00654506 -0.0123563 -0.00308219 0.00378788
internal_weight=153841 60949 41444 33163 22825 10338 19505 12370 7135 3036 4099 7348 5022 8281 462 7819 92892 92593 31479 7297 24182 61114 2935 58179 299 233 87 146 66
internal_count=153841 60949 41444 33163 22825 10338 19505 12370 7135 3036 4099 7348 5022 8281 462 7819 92892 92593 31479 7297 24182 61114 2935 58179 299 233 87 146 66
is_linear=0
shrinkage=0.05


Tree=157
num_leaves=31
num_cat=0
split_feature=4 13 13 13 13 13 39 22 13 0 38 14 34 39 0 4 11 13 38 8 18 38 38 0 34 2 21 2 0 2
split_gain=423.741 187.218 351.854 139.917 56.0203 27.5766 16.688 15.8929 3.93839 2.39501 8.07172 13.3872 8.45663 8.34033 6.91386 5.94016 4.46181 7.10263 7.39537 6.33408 5.65768 4.93288 4.34723 3.89707 2.04202 4.59684 5.43997 4.56061 3.47584 2.59873
threshold=1.0000000180025095e-35 12.92698907852173 -3.9830549955368038 0.00075226789808231222 -2.5585784847129834e-13 -13.842182159423826 3.0046374797821049 0.054519345983862884 -14.936060905456541 -0.04626913554966449 0.012711743358522655 -1.0000000180025095e-35 1.0000000180025095e-35 0.38355879485607153 -1.2837300300598142 5.7249999046325692 0.36557516455650335 -136.48625946044919 -0.2351633086800575 0.050709288567304618 -159326.23437499997 0.26571543514728552 -0.16899792104959485 -0.5168200135231017 1.0000000180025095e-35 -0.20038617402315137 1.0000000180025095e-35 0.12080512195825578 -0.71135804057121266 -0.38729594647884363
decision_type=2 2 2 2 2 2 2 2 2 2 2 2 2 2 2 2 2 2 2 2 2 2 2 2 2 2 2 2 2 2
left_child=1 2 5 4 -4 8 -7 -5 -1 10 12 23 15 -14 -13 -2 19 18 -18 20 -11 -19 -21 -12 25 26 -3 -27 -26 -30
right_child=9 24 3 7 -6 6 -8 -9 -10 16 11 14 13 -15 -16 -17 17 21 -20 22 -22 -23 -24 -25 28 27 -28 -29 29 -31
leaf_value=-7.8280463742564233e-06 -5.5282935633957716e-06 4.3015470879145816e-05 -3.4323036619510296e-07 -3.4323036619510296e-07 -3.4323036619510296e-07 -3.4323036619510296e-07 -3.4323036619510296e-07 -3.4323036619510296e-07 7.3882372842735594e-06 0.0010609598973226294 0.001037271952489379 0.00051229995992352936 7.8133984925801879e-05 -0.00014490729868964992 -0.00016001596591701979 -0.00036960627706347576 -0.00072929293031334143 2.0421972800911507e-05 0.00020475906432083912 0.00047835157885939148 -1.0267168288563208e-05 -0.00026231488834013597 -0.00038683965944302551 0.0001964289254770428 -0.0001891792392284369 -9.7168706878659098e-05 0.0035471955854990212 3.0070307948038875e-06 0.0026482736495884972 4.0152315719741755e-06
leaf_weight=12546 1682 320 5104 768 15339 4845 612 8218 349 354 139 334 20712 1820 8779 1770 233 24487 8091 229 19853 1056 2624 729 424 1187 60 974 44 10159
leaf_count=12546 1682 320 5104 768 15339 4845 612 8218 349 354 139 334 20712 1820 8779 1770 233 24487 8091 229 19853 1056 2624 729 424 1187 60 974 44 10159
internal_value=-0.00215303 -0.00539262 -0.00684739 -0.0102357 -0.0125214 -0.00141401 -0.00439344 -0.00503561 -0.00015316 -2.74512e-05 -0.000346865 -0.00155546 0.00011738 0.000470442 -0.0021206 -0.00218714 0.000174346 0.000539611 0.00180802 -0.000362099 -5.0725e-05 0.000126258 -0.00256747 0.00437788 -0.000113913 -0.00138725 0.00368421 -0.00227904 0.000190552 0.00037489
internal_weight=153841 60949 47781 29429 20443 18352 5457 8986 12895 92892 35965 9981 25984 22532 9113 3452 56927 33867 8324 23060 20207 25543 2853 868 13168 2541 380 2161 10627 10203
internal_count=153841 60949 47781 29429 20443 18352 5457 8986 12895 92892 35965 9981 25984 22532 9113 3452 56927 33867 8324 23060 20207 25543 2853 868 13168 2541 380 2161 10627 10203
is_linear=0
shrinkage=0.05


Tree=158
num_leaves=28
num_cat=0
split_feature=5 3 13 13 32 13 14 13 13 25 2 39 2 0 25 2 13 32 25 5 7 10 0 22 34 38 38
split_gain=421.064 202.326 209.047 289.313 144.937 35.0429 7.61748 7.30431 20.6377 4.61362 4.16087 3.80489 3.82879 3.30035 2.77289 2.39127 3.94882 2.28617 2.91966 2.26572 2.5175 5.04848 2.24518 1.78677 1.80698 1.20098 1.18073
threshold=1.0000000180025095e-35 -0.10210046172142027 12.92698907852173 -4.518629550933837 14.500000000000002 -13.842182159423826 -1.0000000180025095e-35 3.6173341274261479 -3.9830549955368038 1.141688406467438 0.097084917128086104 -2.6133313179016109 -0.027132844552397724 0.42942768335342413 0.0044128096196800479 -1.1961632370948789 -343.36230468749994 14.500000000000002 0.17656463384628299 109.04999923706056 0.2142710015177727 0.45856748521327978 -1.1507896184921262 0.14130210131406787 1.5000000000000002 -0.023340757936239239 -0.33495599031448359
decision_type=2 2 2 2 2 2 2 2 2 2 2 2 2 2 2 2 2 2 2 2 2 2 2 2 2 2 2
left_child=1 6 3 5 -5 -3 9 8 -8 10 -1 12 -4 -9 -13 16 25 18 -18 20 22 -22 -17 26 -25 -2 -21
right_child=15 2 11 4 -6 -7 7 13 -10 -11 -12 14 -14 -15 -16 19 17 -19 -20 23 21 -23 -24 24 -26 -27 -28
leaf_value=8.1088847398984147e-05 -0.00064032865671594737 -2.8203662129612947e-06 -0.00024282669382531355 -3.260688478853478e-07 -2.1631671284529435e-05 -3.260688478853478e-07 -3.9953844789466168e-07 6.4565849604916631e-08 -3.3213615617688222e-07 -0.00088101056130237036 0.0010724614763033891 -5.6210108894343011e-05 -4.9949681099017909e-05 -0.0013046149286303102 1.5943531924081297e-06 0.00023381624294704952 0.00027393787576239541 0.0028209035445040174 -0.00089876169043890492 -0.00029407986234302678 0.0013299053765934649 -0.0021249260596829861 -4.0566059860793964e-06 -4.1897145647151575e-05 -0.00050692201320348283 -0.0014787999862992324 0.00012610323136793083
leaf_weight=825 30 7036 42 20531 2294 3302 7093 6132 4990 38 344 307 420 83 7512 1635 74 32 79 56 523 68 89952 150 145 34 114
leaf_count=825 30 7036 42 20531 2294 3302 7093 6132 4990 38 344 307 420 83 7512 1635 74 32 79 56 523 68 89952 150 145 34 114
internal_value=-0.00214523 -0.00537458 -0.00735088 -0.00912538 -0.0122683 -0.00218611 -0.00117534 -0.00142912 -0.00214558 0.00267191 0.00322926 -0.000244536 -0.00465368 -3.62027e-05 1.59867e-05 -2.63747e-05 -0.00491968 -0.00121622 -0.00375817 -1.32228e-05 4.33943e-06 0.00325719 -1.66508e-05 -0.00349462 -0.00584746 -0.015625 0.000588235
internal_weight=153841 60949 41444 33163 22825 10338 19505 18298 12083 1207 1169 8281 462 6215 7819 92892 249 185 153 92643 92178 591 91587 465 295 64 170
internal_count=153841 60949 41444 33163 22825 10338 19505 18298 12083 1207 1169 8281 462 6215 7819 92892 249 185 153 92643 92178 591 91587 465 295 64 170
is_linear=0
shrinkage=0.05


Tree=159
num_leaves=29
num_cat=0
split_feature=4 3 13 13 32 13 2 22 2 34 37 38 38 25 25 0 25 32 34 38 3 4 7 10 25 22 34 38
split_gain=420.584 200.295 209.19 290.88 146.371 35.6035 7.49023 7.01385 8.5783 8.31084 7.00807 16.8276 16.7279 3.03152 3.61305 3.41463 2.17169 5.46276 5.39244 3.66346 2.31625 2.1344 2.18302 4.58455 2.54149 1.6939 1.65128 1.18073
threshold=1.0000000180025095e-35 -0.10210046172142027 12.92698907852173 -4.518629550933837 14.500000000000002 -13.842182159423826 0.2281986400485039 0.7075285315513612 0.28701515495777136 1.5000000000000002 1.0000000180025095e-35 -0.022543641738593575 -0.033402103930711739 0.41128018498420721 0.37481059134006506 0.36989095807075506 2.3506062030792241 2.5000000000000004 1.5000000000000002 -0.023340757936239239 -1.1688111424446104 109.04999923706056 0.2142710015177727 0.58292832970619213 1.3021721839904787 0.14130210131406787 1.5000000000000002 -0.33495599031448359
decision_type=2 2 2 2 2 2 2 2 2 2 2 2 2 2 2 2 2 2 2 2 2 2 2 2 2 2 2 2
left_child=1 6 3 5 -5 -3 10 9 -9 -8 12 -12 -1 14 -4 -15 21 18 20 -20 -18 22 24 -24 -2 27 -27 -23
right_child=16 2 13 4 -6 -7 7 8 -10 -11 11 -13 -14 15 -16 -17 17 -19 19 -21 -22 25 23 -25 -26 26 -28 -29
leaf_value=-4.9029890982606746e-07 -3.3844938409067086e-06 -2.6793479023132301e-06 -4.6266554888057447e-06 -3.0976540549108044e-07 -2.0550087720302981e-05 -3.0976540549108044e-07 0.0018949938611723519 0.001869210794023727 -0.0010152903913770248 0.00065176428816432421 2.7546263333960188e-05 -4.5387943761057402e-07 6.2466658752082683e-06 0.00011336697666662916 -0.00019475139099177092 0.00091837146892434171 -0.0014005105057108636 -0.0021526845827164716 0.0011038352584823428 -3.8145291724112594e-05 -0.00023758368882918161 -0.00027937586922587541 0.0011504466871400704 -0.0028452706220119133 0.0002478350809291815 -3.9802288364794089e-05 -0.0004815759125433087 0.0001197980697995343
leaf_weight=1292 90068 7036 7936 20531 2294 3302 106 31 127 737 3376 7015 6821 199 84 62 32 54 45 212 41 56 550 44 1381 150 145 114
leaf_count=1292 90068 7036 7936 20531 2294 3302 106 31 127 737 3376 7015 6821 199 84 62 32 54 45 212 41 56 550 44 1381 150 145 114
internal_value=-0.00214133 -0.00536883 -0.0073352 -0.0091103 -0.0122618 -0.00215225 -0.00119072 0.00302198 -0.00664557 0.00483393 -0.00141861 -0.00227841 -0.000317392 -0.000226422 -0.000399002 0.00507663 -2.36834e-05 -0.00377604 -0.00136364 0.0020428 -0.0133562 -8.10741e-06 8.9632e-06 0.0030303 -1.06617e-05 -0.0033871 -0.00567797 0.000588235
internal_weight=153841 60949 41444 33163 22825 10338 19505 1001 158 843 18504 10391 8113 8281 8020 261 92892 384 330 257 73 92508 92043 594 91449 465 295 170
internal_count=153841 60949 41444 33163 22825 10338 19505 1001 158 843 18504 10391 8113 8281 8020 261 92892 384 330 257 73 92508 92043 594 91449 465 295 170
is_linear=0
shrinkage=0.05


Tree=160
num_leaves=29
num_cat=0
split_feature=4 13 13 3 32 13 3 13 1 25 32 34 9 3 18 9 0 22 4 22 11 34 3 1 3 0 3 3
split_gain=428.325 190.712 363.808 151.927 145.185 27.8571 20.702 17.8413 4.32551 2.32374 5.12576 4.63795 3.47845 2.53382 2.01 5.54298 5.62179 4.69697 2.92015 4.60109 2.66359 1.68995 4.04775 5.68037 4.93425 3.10907 3.66782 3.36338
threshold=1.0000000180025095e-35 12.92698907852173 -3.9830549955368038 -0.10210046172142027 14.500000000000002 -13.842182159423826 -0.10819913819432257 2.5585784847129844e-13 -0.017992522567510601 2.3506062030792241 8.5000000000000018 1.5000000000000002 0.042698247358202941 -1.1688111424446104 -47627.753906249993 0.16004778444767001 0.27388224005699163 0.20285527408123019 73.799999237060561 0.3493716567754746 0.3951751589775086 1.0000000180025095e-35 -1.1005196571350095 -1.5940177440643308 0.044598495587706573 -0.71135804057121266 -2.9855184555053706 -0.1432286202907562
decision_type=2 2 2 2 2 2 2 2 2 2 2 2 2 2 2 2 2 2 2 2 2 2 2 2 2 2 2 2
left_child=1 2 5 7 -5 8 -7 -4 -1 14 11 13 -13 -11 15 16 -2 -17 20 -20 -16 22 23 -3 -24 26 -23 -27
right_child=9 21 3 4 -6 6 -8 -9 -10 10 -12 12 -14 -15 18 17 -18 -19 19 -21 -22 25 24 -25 -26 27 -28 -29
leaf_value=-1.2508691091283646e-05 -2.2530668316151151e-05 -3.1939503227221975e-06 -3.2147361293989741e-07 -2.9427713521652639e-07 -3.076563829534605e-05 -1.4636185010800971e-07 -2.9427713521652639e-07 -4.3118546573004531e-07 1.331364047783763e-05 -0.0013304849804253206 -0.0022802509781170489 -0.00043098858221915027 0.00036807425544632785 -0.00020400147184733753 -2.595059456891001e-05 -0.00020301577818608639 -0.001089634380228581 0.00054627366466623894 -7.201647701658408e-05 -0.00073176137104179564 1.6948174440791508e-05 0.0005479187270484155 -0.00010349896906539701 0.0027151685333210666 1.9435968816619871e-05 0.00021715686450250727 -0.0002267784752021445 -3.5056454500142266e-06
leaf_weight=9852 1278 207 3979 20308 2274 1841 3616 2868 3043 32 46 92 172 42 36766 387 229 2453 880 177 50338 82 1413 83 838 2690 342 7513
leaf_count=9852 1278 207 3979 20308 2274 1841 3616 2868 3043 32 46 92 172 42 36766 387 229 2453 880 177 50338 82 1413 83 838 2690 342 7513
internal_value=-0.00216181 -0.00541887 -0.00688715 -0.0103325 -0.0123107 -0.00136225 -0.00435679 -0.00380824 -9.49981e-05 -2.47599e-05 -0.00390625 -0.00177515 0.00132576 -0.0128378 -8.6479e-06 0.00104095 -0.00141009 0.00234155 -6.04009e-05 -0.00267266 -2.87013e-05 -9.113e-05 -0.00124951 0.00431034 -0.00196579 0.000185847 -0.00400943 0.000360188
internal_weight=153841 60949 47781 29429 22582 18352 5457 6847 12895 92892 384 338 264 74 92508 4347 1507 2840 88161 1057 87104 13168 2541 290 2251 10627 424 10203
internal_count=153841 60949 47781 29429 22582 18352 5457 6847 12895 92892 384 338 264 74 92508 4347 1507 2840 88161 1057 87104 13168 2541 290 2251 10627 424 10203
is_linear=0
shrinkage=0.05


Tree=161
num_leaves=31
num_cat=0
split_feature=4 13 13 13 32 13 22 1 13 21 4 2 32 4 21 1 32 1 0 38 8 38 0 38 1 1 2 2 25 2
split_gain=431.155 188.805 361.024 143.867 141.784 27.2522 16.3957 9.7084 3.70894 2.20322 4.19304 3.86996 5.35246 4.78972 3.68494 6.65848 18.1055 6.37105 5.64814 5.42969 5.38325 3.17041 2.47746 1.62871 6.01642 3.7162 3.43985 2.45008 2.83434 2.49425
threshold=1.0000000180025095e-35 12.92698907852173 -3.9830549955368038 0.00075226789808231222 10.500000000000002 -13.842182159423826 0.054519345983862884 0.34781159460544592 -14.936060905456541 0.97499999403953563 50.574998855590827 0.02214506454765797 19.500000000000004 2.6250000000000004 0.075000001117587103 0.14129775762557986 20.500000000000004 0.042569207027554519 0.48001201450824743 0.026671548373997215 0.10818327590823175 0.13523621112108233 0.059062071144580848 0.011059731245040895 -0.30327172577381128 -0.26032507419586176 0.063736729323863997 0.77363860607147228 0.17656463384628299 0.58073779940605175
decision_type=2 2 2 2 2 2 2 2 2 2 2 2 2 2 2 2 2 2 2 2 2 2 2 2 2 2 2 2 2 2
left_child=1 2 5 4 -4 8 -5 -7 -1 14 11 12 -11 -13 18 17 -17 -16 19 -2 -20 22 -12 27 26 -26 -25 29 -29 -3
right_child=9 23 3 6 -6 7 -8 -9 -10 10 21 13 -14 -15 15 16 -18 -19 20 -21 -22 -23 -24 24 25 -27 -28 28 -30 -31
leaf_value=-7.4391687398863353e-06 -9.2932219251877244e-05 -8.7188692143878056e-06 -2.7956327845570005e-07 -2.7956327845570005e-07 -5.1991588929517496e-06 -2.7956327845570005e-07 -2.7956327845570005e-07 -2.7956327845570005e-07 7.797175507802456e-06 -7.3430828033330128e-05 -0.00032074607670616216 0.00014750548996297111 -0.00072038964265582405 -2.7174339241880892e-05 3.9008400806332497e-05 0.00023527353968288666 0.0036173294865933965 -0.00014233714946049783 0.00040807942597334665 5.29112439512279e-05 -0.0011932838240770044 -0.00058879577509090154 0.00043271263765339187 -0.00014193872909208169 0.00060645917511309227 2.5807845007064323e-05 0.00020978781565696351 -7.7670743119448524e-05 0.001514250848497033 -5.9050720801250262e-05
leaf_weight=12546 12326 9450 18398 768 2045 5281 8218 176 349 2535 291 3603 352 24054 37423 1727 244 4405 1490 4137 69 133 103 339 101 2636 108 63 66 405
leaf_count=12546 12326 9450 18398 768 2045 5281 8218 176 349 2535 291 3603 352 24054 37423 1727 244 4405 1490 4137 69 133 103 339 101 2636 108 63 66 405
internal_value=-0.00216994 -0.00543774 -0.00689866 -0.0103308 -0.0126486 -0.00139494 -0.00505787 -0.00435679 -0.000141528 -2.58365e-05 -0.000369315 -0.00029302 -0.00203498 -0.000111183 0.000146795 0.000394415 0.0032344 0.000260591 -0.000454999 -0.000727389 0.00242142 -0.00479127 -0.00253807 -0.000136695 0.00084799 0.00172634 -0.0045302 -0.000450721 0.00639535 -0.000540335
internal_weight=153841 60949 47781 29429 20443 18352 8986 5457 12895 92892 31071 30544 2887 27657 61821 43799 1971 41828 18022 16463 1559 527 394 13168 3184 2737 447 9984 129 9855
internal_count=153841 60949 47781 29429 20443 18352 8986 5457 12895 92892 31071 30544 2887 27657 61821 43799 1971 41828 18022 16463 1559 527 394 13168 3184 2737 447 9984 129 9855
is_linear=0
shrinkage=0.05


Tree=162
num_leaves=28
num_cat=0
split_feature=4 3 24 25 0 22 24 0 38 2 37 25 38 37 14 10 10 38 18 2 3 2 7 22 25 38 18
split_gain=427.987 190.384 118.271 35.8124 27.8017 28.4595 24.3162 10.8555 7.40097 9.78186 8.7336 15.5854 13.9801 6.02515 4.4746 2.27947 2.42904 5.54864 6.81652 3.33031 2.21051 4.70259 4.59515 1.15424 0.994595 1.09111 1.07937
threshold=1.0000000180025095e-35 -0.10210046172142027 2.5000000000000004 0.0050568901933729657 -0.12748190760612485 0.069670796394348158 1.0000000180025095e-35 -0.60192203521728505 -0.2351633086800575 -0.25003533065319056 1.0000000180025095e-35 0.048380747437477119 -0.033402103930711739 1.0000000180025095e-35 1.0000000180025095e-35 0.99972870945930492 0.82449445128440868 -0.02039896976202726 11506.911621093752 0.012234598863869907 0.31943830847740179 0.74247610569000255 0.012775973882526161 0.38195927441120153 0.027781608514487747 -0.069789219647645936 3149.154174804688
decision_type=2 2 2 2 2 2 2 2 2 2 2 2 2 2 2 2 2 2 2 2 2 2 2 2 2 2 2
left_child=1 8 3 14 7 -6 -5 -4 9 23 12 -12 -10 -11 -3 16 20 19 -19 -18 21 -2 -22 -1 -17 -26 -27
right_child=15 2 4 6 5 -7 -8 -9 10 13 11 -13 -14 -15 -16 24 17 18 -20 -21 22 -23 -24 -25 25 26 -28
leaf_value=-0.00029241872861015134 -2.395473822882582e-06 -2.6558511453291501e-07 0.002518420461869007 -2.6558511453291501e-07 -2.6558511453291501e-07 -2.6558511453291501e-07 -2.6558511453291501e-07 -2.6558511453291501e-07 -4.2052734713837912e-07 -0.00010084146481399931 -2.5500229615462402e-07 -4.2671616275256079e-06 8.0530619008914567e-06 0.0012586465581689809 -2.6558511453291501e-07 0.00035713213237281407 -0.00048990701062434628 7.3768023315763399e-05 0.0010695291770454844 -4.5726811891122145e-05 0.00010537853156599012 0.00034363247059214649 -0.00014354606611874862 -0.00032276711292894409 9.2982853209834434e-05 -0.00055404058178862487 -0.00020110452475940422
leaf_weight=47 85780 2099 36 986 2083 19030 15147 1998 1249 44 4748 5618 7268 501 65 45 112 848 340 232 946 1129 3275 30 34 108 43
leaf_count=47 85780 2099 36 986 2083 19030 15147 1998 1249 44 4748 5618 7268 501 65 45 112 848 340 232 946 1129 3275 30 34 108 43
internal_value=-0.00216474 -0.00542052 -0.00733761 -0.0103419 -0.00496285 -0.004425 -0.00953171 -0.0105457 -0.00134709 0.00401929 -0.00152386 -0.00249855 -0.00033756 0.00637615 -0.0163817 -2.85278e-05 -1.61879e-05 0.00195822 0.00357744 -0.00363372 -4.938e-05 4.89017e-06 -0.00116679 -0.0126623 -0.005 -0.00662162 -0.00844371
internal_weight=153841 60949 41444 18297 23147 21113 16133 2034 19505 622 18883 10366 8517 545 2164 92892 92662 1532 1188 344 91130 86909 4221 77 230 185 151
internal_count=153841 60949 41444 18297 23147 21113 16133 2034 19505 622 18883 10366 8517 545 2164 92892 92662 1532 1188 344 91130 86909 4221 77 230 185 151
is_linear=0
shrinkage=0.05


Tree=163
num_leaves=30
num_cat=0
split_feature=4 3 13 13 32 13 13 13 13 0 0 3 39 1 0 22 18 39 0 10 3 39 3 34 1 7 1 0 22
split_gain=429.547 188.758 208.976 290.198 146.85 35.4429 8.37318 36.8197 11.3221 6.07152 10.6101 9.99458 3.73875 4.07917 3.58913 2.22427 2.12811 3.42065 3.4274 2.69216 2.64924 3.75169 3.23379 6.44517 4.41058 2.84589 2.572 2.00006 1.4234
threshold=1.0000000180025095e-35 -0.10210046172142027 12.92698907852173 -4.518629550933837 14.500000000000002 -13.842182159423826 -3.9830549955368038 2.5585784847129844e-13 -2.5585784847129834e-13 -0.027654435485601422 -0.013039838988333939 -0.23777956515550611 -3.1726644039154048 0.0025164757389575247 0.09896313771605493 0.028086829930543903 91424.945312500015 0.72958907485008251 -1.1507896184921262 0.15657092630863192 0.4791549444198609 1.0014124512672427 0.31943830847740179 2.5000000000000004 0.14129775762557986 0.035231653600931175 0.32907520234584814 0.40819515287876135 0.32362638413906103
decision_type=2 2 2 2 2 2 2 2 2 2 2 2 2 2 2 2 2 2 2 2 2 2 2 2 2 2 2 2 2
left_child=1 6 3 5 -5 -3 9 8 -8 11 -11 -1 13 -4 -9 -14 20 18 -18 -20 22 25 24 -24 -2 -22 -23 28 -19
right_child=16 2 12 4 -6 -7 7 14 -10 10 -12 -13 15 -15 -16 -17 17 27 19 -21 21 26 23 -25 -26 -27 -28 -29 -30
leaf_value=4.4582655009009144e-05 -6.7480722222949386e-06 -3.2898375613583136e-06 -0.0001742150010771847 -2.523058588062693e-07 -1.7711064219146264e-05 -2.523058588062693e-07 -2.4225218134689283e-07 -3.9950097978146016e-07 -6.2708461527361079e-07 0.0005726499592853514 8.0810788000087796e-05 -1.0983420280220859e-06 -3.295506521609967e-05 0.00015914681057071123 0.00055353525702028122 -2.4396730068893036e-07 -0.0013327876914809311 -0.0015126137185673392 0.00074566661277923542 0.0001276301724524736 -0.00015484600313470863 0.0017605647254239161 -0.00021818652410827302 0.00024432723655691443 0.00021950730698264213 0.0012979372198963133 0.00080618950628284368 0.00018751962820327817 -0.00014520404726057478
leaf_weight=3679 82384 7036 109 20531 2294 3302 1487 7157 2492 286 1716 2090 81 39 598 8052 30 54 894 1578 180 36 2921 949 3643 89 47 48 39
leaf_count=3679 82384 7036 109 20531 2294 3302 1487 7157 2492 286 1716 2090 81 39 598 8052 30 54 894 1578 180 36 2921 949 3643 89 47 48 39
internal_value=-0.00216701 -0.00542872 -0.00733761 -0.00911181 -0.0122596 -0.00216193 -0.00137272 -0.00221578 -0.00612591 -9.97298e-05 0.00227273 -0.000923037 -0.00023246 -0.00810811 -0.000209542 -8.9143e-05 -2.6913e-05 0.00137155 0.00179856 0.00200243 -6.78678e-05 0.00426136 -8.48193e-05 -0.00149871 -2.12143e-05 0.00139405 0.0135542 -0.00620567 -0.0104839
internal_weight=153841 60949 41444 33163 22825 10338 19505 11734 3979 7771 2002 5769 8281 148 7755 8133 92892 2643 2502 2472 90249 352 89897 3870 86027 269 83 141 93
internal_count=153841 60949 41444 33163 22825 10338 19505 11734 3979 7771 2002 5769 8281 148 7755 8133 92892 2643 2502 2472 90249 352 89897 3870 86027 269 83 141 93
is_linear=0
shrinkage=0.05


Tree=164
num_leaves=28
num_cat=0
split_feature=4 13 13 3 32 13 3 13 3 34 3 1 3 0 3 3 1 8 4 20 34 0 2 2 34 13 13
split_gain=430.632 187.762 360.778 153.155 145.665 28.7206 19.0929 18.6586 4.57098 1.99579 4.28021 5.68037 5.12556 2.72345 3.48792 2.76416 1.98869 2.95452 2.05197 4.12154 11.8749 6.6565 3.81284 9.8925 6.61793 1.89189 2.56835
threshold=1.0000000180025095e-35 12.92698907852173 -3.9830549955368038 -0.10210046172142027 14.500000000000002 -13.842182159423826 -0.10819913819432257 2.5585784847129844e-13 0.25322377681732183 1.0000000180025095e-35 -1.1005196571350095 -1.5940177440643308 0.044598495587706573 -0.71135804057121266 -2.9855184555053706 -0.1432286202907562 -3.0804568529129024 0.0099368947558105009 9.4249997138977069 -1.0000000180025095e-35 2.5000000000000004 0.4552478045225144 0.70106673240661632 0.55647179484367382 1.5000000000000002 101.08408355712892 -343.36230468749994
decision_type=2 2 2 2 2 2 2 2 2 2 2 2 2 2 2 2 2 2 2 2 2 2 2 2 2 2 2
left_child=1 2 5 7 -5 8 -7 -4 -1 10 11 -3 -12 14 -11 -15 17 -2 22 21 -21 -20 23 -18 -24 26 -19
right_child=16 9 3 4 -6 6 -8 -9 -10 13 12 -13 -14 15 -16 -17 18 25 19 20 -22 -23 24 -25 -26 -27 -28
leaf_value=-8.5887332212739048e-06 0.00012973695148183837 -2.5655841820699383e-06 -2.9094334632658049e-07 -2.396905658659558e-07 -2.8191555859609625e-05 -6.345306633640748e-08 -2.396905658659558e-07 -1.9873437037089813e-07 1.4331561704087318e-05 0.00052057605611065868 -9.7654744021042405e-05 0.0025794633720696764 1.8676218843753902e-05 0.00020328155528813883 -0.00026085713649723135 -3.0302241560674422e-06 2.1090623463833338e-05 -0.00056126650417832988 9.3253204829432676e-07 -0.00013123350018976674 3.1537719850987907e-05 0.00050884618983303186 0.00071186284029314687 -0.00053986219010089878 -5.1319808346162421e-05 -0.00087252107256424825 3.2114587382472622e-05
leaf_weight=11502 58 207 3979 20308 2274 1841 3616 2868 1393 82 1413 83 838 2690 342 7513 41859 88 20249 12873 13569 1645 565 1208 625 44 109
leaf_count=11502 58 207 3979 20308 2274 1841 3616 2868 1393 82 1413 83 838 2690 342 7513 41859 88 20249 12873 13569 1645 565 1208 625 44 109
internal_value=-0.00216864 -0.00543446 -0.00689134 -0.0103223 -0.0123085 -0.00138949 -0.00443009 -0.00377172 -0.000102753 -0.000148086 -0.00140693 0.00431034 -0.00214349 0.000152912 -0.00377358 0.000316084 -2.58365e-05 -0.00409699 -1.26899e-05 -0.000237918 -0.000658044 0.00026948 0.000233296 0.000156152 0.00302521 -0.00653527 -0.00444162
internal_weight=153841 60949 47781 29429 22582 18352 5457 6847 12895 13168 2541 290 2251 10627 424 10203 92892 299 92593 48336 26442 21894 44257 43067 1190 241 197
internal_count=153841 60949 47781 29429 22582 18352 5457 6847 12895 13168 2541 290 2251 10627 424 10203 92892 299 92593 48336 26442 21894 44257 43067 1190 241 197
is_linear=0
shrinkage=0.05


Tree=165
num_leaves=31
num_cat=0
split_feature=4 3 13 13 13 13 39 3 39 1 22 3 39 1 38 3 34 0 39 38 0 2 23 21 21 1 4 2 0 7
split_gain=408.496 219.471 210.827 286.319 106.586 34.3286 7.53663 11.6866 7.75242 22.6476 7.74237 5.41179 4.08434 3.54296 3.01772 2.35365 6.16399 7.59553 7.0402 6.30117 5.25898 4.26746 7.14567 9.26409 7.23411 3.52823 2.75102 8.07521 3.11438 1.53069
threshold=1.0000000180025095e-35 -0.10210046172142027 12.92698907852173 -4.518629550933837 0.00075226789808231222 -13.842182159423826 2.0838214159011845 -0.30152188241481775 -3.3376760482788081 -0.88948306441307057 0.066147454082965865 -0.14916777610778806 -3.1726644039154048 0.0025164757389575247 -0.24519689381122586 0.31943830847740179 2.5000000000000004 0.57766079902648937 2.4802571535110478 -0.11181402578949927 0.35041202604770666 0.74247610569000255 1.0000000180025095e-35 0.52500000596046459 0.97499999403953563 0.40330043435096746 32.024999618530281 0.11377282440662385 0.28088290989398962 0.080966081470251097
decision_type=2 2 2 2 2 2 2 2 2 2 2 2 2 2 2 2 2 2 2 2 2 2 2 2 2 2 2 2 2 2
left_child=1 6 3 5 -5 -3 8 -8 9 -1 -10 -9 13 -4 -14 21 18 19 25 -18 -20 26 24 -24 -23 -17 28 -28 -2 -19
right_child=15 2 12 4 -6 -7 7 11 10 -11 -12 -13 14 -15 -16 16 17 29 20 -21 -22 22 23 -25 -26 -27 27 -29 -30 -31
leaf_value=-0.00015146784662853612 1.2114814589297626e-05 -3.4396522734674858e-06 -0.00016455304967817082 -2.2770603757265805e-07 -2.2770603757265805e-07 -2.2770603757265805e-07 -0.00015660473765448276 -5.2526900832767547e-06 -7.6111755261265897e-07 -1.6155995435417574e-06 4.2571833016659577e-09 1.596240061967763e-05 -7.0918694475522582e-05 0.00015134098124997908 1.166453666976867e-06 -0.00029304192994530285 -0.00044753239380659394 0.0035248449575792668 0.00067783982164040335 0.00034191016972898657 -1.4026215321464447e-05 -0.00041330872829076763 0.00039572820119364549 0.002169363851209455 0.00049010021215152176 0.00014430030909517964 -0.00017376938256157359 6.766501652877696e-05 -0.00012421867387060246 0.0015745442176171355
leaf_weight=373 72923 7036 109 16468 6357 3302 76 696 764 4038 13087 471 262 39 7871 2589 215 49 137 707 187 380 437 115 208 383 3494 4284 6740 44
leaf_count=373 72923 7036 109 16468 6357 3302 76 696 764 4038 13087 471 262 39 7871 2589 215 49 137 707 187 380 437 115 208 383 3494 4284 6740 44
internal_value=-0.00211176 -0.00529254 -0.00735088 -0.00913292 -0.0122596 -0.00222964 -0.000918995 -0.00468624 -0.000662578 -0.0024881 -8.12216e-05 -0.00344901 -0.000214346 -0.00844595 -6.45518e-05 -2.47599e-05 -0.00116562 0.00224138 -0.00221481 0.000867679 0.00478395 3.07628e-05 0.00307018 0.0071558 -0.000765306 -0.00297779 -8.86312e-06 -0.000906403 7.87693e-05 0.0158602
internal_weight=153841 60949 41444 33163 22825 10338 19505 1243 18262 4411 13851 1167 8281 148 8133 92892 4311 1015 3296 922 324 88581 1140 552 588 2972 87441 7778 79663 93
internal_count=153841 60949 41444 33163 22825 10338 19505 1243 18262 4411 13851 1167 8281 148 8133 92892 4311 1015 3296 922 324 88581 1140 552 588 2972 87441 7778 79663 93
is_linear=0
shrinkage=0.05


Tree=166
num_leaves=31
num_cat=0
split_feature=4 3 13 13 32 13 24 25 39 3 1 13 39 1 25 13 3 32 34 34 39 2 22 1 34 0 32 4 2 13
split_gain=399.969 231.36 210.684 286.872 146.85 34.4867 8.50452 8.97294 11.2699 8.44793 16.4083 5.02359 4.08434 3.54296 2.72572 2.50538 2.17466 6.79095 10.3169 12.0502 6.14139 5.42063 4.07094 3.96731 12.2728 12.6523 9.48579 3.82591 5.38432 4.07438
threshold=1.0000000180025095e-35 -0.10210046172142027 12.92698907852173 -4.518629550933837 14.500000000000002 -13.842182159423826 2.5000000000000004 0.44848142564296728 1.8960810303688052 -1.7320105433464048 -0.88948306441307057 1.0000000180025095e-35 -3.1726644039154048 0.0025164757389575247 0.0044128096196800479 61.078720092773445 0.31943830847740179 27.500000000000004 1.5000000000000002 3.5000000000000004 0.41046079993247991 0.52610191702842724 0.20285527408123019 0.14991363883018496 1.0000000180025095e-35 0.46805934607982641 14.500000000000002 32.024999618530281 0.11377282440662385 19835.107421875004
decision_type=2 2 2 2 2 2 2 2 2 2 2 2 2 2 2 2 2 2 2 2 2 2 2 2 2 2 2 2 2 2
left_child=1 6 3 5 -5 -3 9 8 -8 15 -11 -9 13 -4 -14 -1 23 20 21 -20 -18 -19 -22 27 26 -26 -25 29 -29 -2
right_child=16 2 12 4 -6 -7 7 11 -10 10 -12 -13 14 -15 -16 -17 17 18 19 -21 22 -23 -24 24 25 -27 -28 28 -30 -31
leaf_value=0.00081234115861045057 2.0517311145013679e-06 -3.267669659794122e-06 -0.00015632539719426228 -2.1632073569402514e-07 -1.5404547913329752e-05 -2.1632073569402514e-07 5.3505626347942357e-08 -7.4853383663205504e-05 -9.6487192241555296e-06 -0.00014185414397898711 -5.1285503277406639e-07 -8.6234099135220173e-06 -5.2438378796749848e-05 0.0001437739321874801 1.158062683763797e-06 -1.033685088748168e-05 -0.00027796825586784668 -0.0020668023067862205 0.0031214160844702126 -0.00064674371288977323 -0.00011005633833739244 0.0023004441711107393 0.00022966560455517528 0.00077764899606145958 -0.00013271464039183763 0.0010664065132508272 0.0113492192126991 -0.00016508091343349492 1.9476192905985847e-05 0.00088715085547606863
leaf_weight=213 77391 7036 109 20531 2294 3302 10754 653 983 1047 5196 538 312 39 7821 121 2467 46 169 59 518 30 1022 454 2074 908 86 3494 3598 576
leaf_count=213 77391 7036 109 20531 2294 3302 10754 653 983 1047 5196 538 312 39 7821 121 2467 46 169 59 518 30 1022 454 2074 908 86 3494 3598 576
internal_value=-0.00208771 -0.00523511 -0.00734847 -0.0091299 -0.0122596 -0.00221997 -0.000744681 0 0.000419613 -0.00220845 -0.00262294 -0.00413518 -0.000214346 -0.00844595 -6.45518e-05 0.00553892 -2.26069e-05 -0.00111923 0.00608553 0.0114035 -0.00166583 -0.00986842 0.000811688 3.07628e-05 0.00167518 0.000419182 0.00861111 -3.7327e-05 -0.00114918 6.3809e-05
internal_weight=153841 60949 41444 33163 22825 10338 19505 12928 11737 6577 6243 1191 8281 148 8133 334 92892 4311 304 228 4007 76 1540 88581 3522 2982 540 85059 7092 77967
internal_count=153841 60949 41444 33163 22825 10338 19505 12928 11737 6577 6243 1191 8281 148 8133 334 92892 4311 304 228 4007 76 1540 88581 3522 2982 540 85059 7092 77967
is_linear=0
shrinkage=0.05


Tree=167
num_leaves=25
num_cat=0
split_feature=4 13 13 13 32 13 39 39 0 24 0 18 7 4 0 1 25 39 1 39 2 39 1 25
split_gain=387.873 167.21 327.224 117.811 125.562 21.8498 18.7113 14.4315 4.07437 2.02911 2.1005 4.7486 7.00901 4.98499 3.86353 12.8019 7.02791 1.93876 3.67006 1.64815 4.04431 2.27766 0.816317 0.677289
threshold=1.0000000180025095e-35 12.92698907852173 -3.9830549955368038 0.00075226789808231222 10.500000000000002 -13.842182159423826 3.0046374797821049 0.81853067874908458 0.73370802402496349 1.0000000180025095e-35 -0.04626913554966449 -5296.1154785156241 0.028025787323713306 6.5250000953674325 0.087825670838356032 -0.26032507419586176 0.41949391365051275 -4.8595726490020743 -0.41446548700332636 2.8427296876907353 0.05083038471639157 2.6675099134445195 -0.45843018591403956 0.041037578135728843
decision_type=2 2 2 2 2 2 2 2 2 2 2 2 2 2 2 2 2 2 2 2 2 2 2 2
left_child=1 2 5 4 -4 8 -7 -5 -1 23 11 12 -11 -13 16 -16 -12 18 22 21 -21 -19 -3 -2
right_child=9 17 3 7 -6 6 -8 -9 -10 10 14 13 -14 -15 15 -17 -18 19 -20 20 -22 -23 -24 -25
leaf_value=-3.6690060639170957e-06 -0.00019859843846158488 -0.00029629986263177805 -2.0550469890932389e-07 -2.0550469890932389e-07 -1.8491779910936868e-06 -2.0550469890932389e-07 -2.0550469890932389e-07 -2.0550469890932389e-07 0.0010349127876124731 -0.00021871336279336573 1.7196774519119117e-05 1.0124107233759097e-05 0.00021691870292429773 -9.9672962121455995e-05 -0.00063656811464281532 -1.5938208229661876e-06 0.00022239858517651684 -1.5739686106421128e-07 0.00040678340859066279 0.00031558044179131771 -3.9843455509269739e-05 0.00029320156093366149 -0.00037202654783942152 -0.00066487051318421444
leaf_weight=12826 30 41 18398 5707 2045 4845 612 3279 69 1192 26574 12337 6466 15962 1221 25214 3861 12053 48 162 715 119 30 35
leaf_count=12826 30 41 18398 5707 2045 4845 612 3279 69 1192 26574 12337 6466 15962 1221 25214 3861 12053 48 162 715 119 30 35
internal_value=-0.00204871 -0.00514816 -0.00652299 -0.00979051 -0.0118879 -0.00128324 -0.00393531 -0.00501892 -0.000160915 -1.50713e-05 -8.8875e-06 -0.000308007 0.000796553 -0.000606912 0.000180236 -0.000261963 0.000564317 -0.000159478 -0.00651261 -0.00010154 -0.00219498 4.92935e-05 -0.0137324 -0.00884615
internal_weight=153841 60949 47781 29429 20443 18352 5457 8986 12895 92892 92827 35957 7658 28299 56870 26435 30435 13168 119 13049 877 12172 71 65
internal_count=153841 60949 47781 29429 20443 18352 5457 8986 12895 92892 92827 35957 7658 28299 56870 26435 30435 13168 119 13049 877 12172 71 65
is_linear=0
shrinkage=0.05


Tree=168
num_leaves=31
num_cat=0
split_feature=4 3 13 13 32 13 24 3 3 25 39 1 25 39 1 38 2 9 3 2 4 4 0 8 39 37 32 39 3 1
split_gain=381.907 255.476 211.399 289.642 146.85 35.2826 6.63562 12.1706 13.9944 8.78074 7.12576 11.3391 6.51518 4.11436 3.54296 3.05297 1.91182 6.10621 7.5877 8.16506 7.94402 6.55871 6.95385 6.00912 5.76035 6.25006 19.7289 13.7887 2.22431 2.55456
threshold=1.0000000180025095e-35 -0.10210046172142027 12.92698907852173 -4.518629550933837 14.500000000000002 -13.842182159423826 2.5000000000000004 -0.30152188241481775 -1.7320105433464048 0.87151888012886058 1.8960810303688052 -0.21739330887794492 0.36725123226642614 -3.1726644039154048 0.0025164757389575247 -0.24519689381122586 0.058991258963942535 0.34955403208732611 -0.20921241492033002 0.42572966217994695 18.774999618530277 15.775000095367433 0.056526022031903274 0.017937988974153999 3.0046374797821049 1.0000000180025095e-35 2.5000000000000004 -2.7810919284820552 0.099753759801387801 -0.14646850526332852
decision_type=2 2 2 2 2 2 2 2 2 2 2 2 2 2 2 2 2 2 2 2 2 2 2 2 2 2 2 2 2 2
left_child=1 6 3 5 -5 -3 7 8 -1 -9 12 -12 -8 14 -4 -15 24 18 19 -18 -20 22 -19 -23 25 27 -27 -2 29 -26
right_child=16 2 13 4 -6 -7 10 9 -10 -11 11 -13 -14 15 -16 -17 17 21 20 -21 -22 23 -24 -25 28 26 -28 -29 -30 -31
leaf_value=0.00040855024802976332 -0.00028237332473842922 -3.4813378959716018e-06 -0.00014850125749149595 -1.9522946396385771e-07 -1.4541861618108665e-05 -1.9522946396385771e-07 8.4855878343717403e-08 7.7163415312161298e-08 -0.00012372697200021822 -1.3399809835826828e-05 -3.3471631401801373e-05 5.1520236338365399e-07 -5.4841993434385053e-05 -6.5438490110471148e-05 0.00013659310542115931 9.9444437537293727e-07 0.00020761221145543761 0.00020290155054283125 3.3269729560433603e-06 -0.00047348518420202088 -0.00012224494305809603 0.00010616187021357544 -0.00011046401179252222 0.00079153058160033813 -6.9027227968721484e-05 -2.4827654237392222e-05 0.00078616985289922843 -5.3004737899665493e-05 0.0037361518005701744 0.00023200129335847197
leaf_weight=334 619 7036 109 20531 2294 3302 10351 3800 2292 151 416 624 1537 262 39 7871 8197 4092 23433 1406 10443 2084 4162 1471 133 17067 2281 17254 42 208
leaf_count=334 619 7036 109 20531 2294 3302 10351 3800 2292 151 416 624 1537 262 39 7871 8197 4092 23433 1406 10443 2084 4162 1471 133 17067 2281 17254 42 208
internal_value=-0.00203408 -0.0051096 -0.00733037 -0.00911483 -0.0122596 -0.0021716 -0.000390925 -0.0016839 -0.00432216 6.96026e-05 0.000266863 -0.00370192 0.000614065 -0.000184157 -0.00844595 -3.38129e-05 -1.61478e-05 0.000170923 -0.000102923 0.00113767 -0.000454599 0.00117919 0.000405864 0.00297468 -0.000291192 -0.000353967 0.000268762 -0.00102809 0.0058094 0.00447214
internal_weight=153841 60949 41444 33163 22825 10338 19505 6577 2626 3951 12928 1040 11888 8281 148 8133 92892 55288 43479 9603 33876 11809 8254 3555 37604 37221 19348 17873 383 341
internal_count=153841 60949 41444 33163 22825 10338 19505 6577 2626 3951 12928 1040 11888 8281 148 8133 92892 55288 43479 9603 33876 11809 8254 3555 37604 37221 19348 17873 383 341
is_linear=0
shrinkage=0.05


Tree=169
num_leaves=31
num_cat=0
split_feature=4 3 24 32 25 22 14 32 24 3 3 22 22 21 2 39 21 34 34 1 20 25 32 22 21 1 32 2 38 14
split_gain=375.189 262.992 118.83 75.9528 44.9956 24.4177 19.825 12.788 6.18966 10.1192 11.6197 9.48896 7.97069 8.83743 7.76544 3.69673 2.15614 5.43332 6.94244 9.64085 9.24043 6.41486 9.05919 6.75611 3.42862 5.3158 18.2158 4.46952 3.93658 6.74301
threshold=1.0000000180025095e-35 -0.10210046172142027 2.5000000000000004 14.500000000000002 0.0050568901933729657 0.066147454082965865 -1.0000000180025095e-35 14.500000000000002 2.5000000000000004 -0.30152188241481775 -1.7320105433464048 0.17657836526632312 1.0404728055000307 0.27500000596046453 0.011144494637846948 1.9768069386482241 0.97499999403953563 1.0000000180025095e-35 2.5000000000000004 -0.082681924104690538 -1.0000000180025095e-35 0.39645405113697058 19.500000000000004 0.08511782065033914 0.12500000372529033 0.14991363883018496 20.500000000000004 -0.20038617402315137 0.026671548373997215 1.0000000180025095e-35
decision_type=2 2 2 2 2 2 2 2 2 2 2 2 2 2 2 2 2 2 2 2 2 2 2 2 2 2 2 2 2 2
left_child=1 8 3 4 -3 7 -7 -4 9 10 -1 -11 13 -10 -14 -5 24 21 20 -20 -19 22 -18 -23 28 27 -27 -26 29 -2
right_child=16 2 5 15 -6 6 -8 -9 12 11 -12 -13 14 -15 -16 -17 17 18 19 -21 -22 23 -24 -25 25 26 -28 -29 -30 -31
leaf_value=0.00038812273562827511 -0.00010100336338224768 -1.8546799076566484e-07 -1.8546799076566484e-07 0.00058087198357864513 -1.8546799076566484e-07 9.5854166959473791e-06 -1.8546799076566484e-07 0.0001256173096192215 4.4699124607549978e-06 -6.5614321732394152e-07 -0.00011754062340020729 5.4856945199389097e-06 -0.00038388686971460481 -1.1840137848870032e-08 0.00026126163445295631 -0.00037898537884166906 -6.9233501123474461e-06 0.00019211440016486669 -0.00013524926133807736 0.00010599650801746751 -2.6601963949555216e-05 0.00043862119547690846 -0.00074318045240174277 -0.00047883254710409645 0.00060932219432209003 0.00017348896150821101 0.003451010813472967 1.3292300875552546e-05 5.4104294758579397e-05 0.00014497709982250591
leaf_weight=334 12586 1955 1626 1039 14798 2026 19336 159 3822 2209 2292 1742 765 7844 497 505 3597 5262 10137 2917 7552 66 366 1174 1565 1467 223 38882 4862 2236
leaf_count=334 12586 1955 1626 1039 14798 2026 19336 159 3822 2209 2292 1742 765 7844 497 505 3597 5262 10137 2917 7552 66 366 1174 1565 1467 223 38882 4862 2236
internal_value=-0.0020071 -0.00505546 -0.00730866 -0.01032 -0.011298 -0.00492828 -0.00445885 -0.0105462 -0.00026788 -0.00151665 -0.00392232 8.22577e-05 0.00036742 0.000775759 -0.00340729 0.000291451 -6.99737e-06 -0.000346786 -5.02551e-05 -0.000861805 0.000776494 -0.00182106 -0.000839011 -0.00495968 0.000163779 0.000418278 0.00316568 0.000303484 -0.00038102 -0.000785994
internal_weight=153841 60949 41444 18297 16753 23147 21362 1785 19505 6577 2626 3951 12928 11666 1262 1544 92892 31071 25868 13054 12814 5203 3963 1240 61821 42137 1690 40447 19684 14822
internal_count=153841 60949 41444 18297 16753 23147 21362 1785 19505 6577 2626 3951 12928 11666 1262 1544 92892 31071 25868 13054 12814 5203 3963 1240 61821 42137 1690 40447 19684 14822
is_linear=0
shrinkage=0.05


Tree=170
num_leaves=31
num_cat=0
split_feature=4 3 24 25 0 39 24 34 37 25 38 25 3 25 39 1 0 38 25 34 2 34 39 4 11 8 7 15 3 9
split_gain=392.493 239.728 120.038 35.4744 27.6565 25.5537 24.2568 10.7628 7.55468 12.5647 11.6256 8.87825 10.436 8.80228 8.77055 2.81987 2.10199 7.50173 7.28192 16.0049 7.49402 7.20229 6.60347 5.16682 3.67246 5.87369 4.617 4.23914 5.05107 3.71215
threshold=1.0000000180025095e-35 -0.10210046172142027 2.5000000000000004 0.0050568901933729657 -0.12748190760612485 3.0046374797821049 1.0000000180025095e-35 3.5000000000000004 1.0000000180025095e-35 0.017917876131832603 -0.11674600094556807 0.025086523033678535 -0.13065119087696073 0.87151888012886058 -3.2689530849456783 -0.230472557246685 -0.04626913554966449 0.012711743358522655 1.0000000180025095e-35 2.5000000000000004 -0.25003533065319056 1.0000000180025095e-35 0.3223510086536408 5.7249999046325692 0.36557516455650335 0.050709288567304618 0.1126164346933365 0.31918984651565557 -0.21834377944469449 0.28073549270629888
decision_type=2 2 2 2 2 2 2 2 2 2 2 2 2 2 2 2 2 2 2 2 2 2 2 2 2 2 2 2 2 2
left_child=1 8 3 15 7 -6 -5 -4 11 14 -11 12 -1 -13 -10 -3 17 21 19 -19 -20 23 -23 -2 25 26 -18 -26 -29 -27
right_child=16 2 4 6 5 -7 -8 -9 9 10 -12 13 -14 -15 -16 -17 24 18 20 -21 -22 22 -24 -25 27 29 -28 28 -30 -31
leaf_value=-1.1097073199415971e-06 3.1652551257680198e-06 -1.761945912273816e-07 -1.761945912273816e-07 -1.761945912273816e-07 -1.761945912273816e-07 -1.761945912273816e-07 -1.761945912273816e-07 -1.761945912273816e-07 -2.6825700242499441e-07 0.00035167549657175124 -1.530870399761343e-06 1.012808905120943e-05 0.0001863005851602264 -1.6231111925970073e-05 0.00032192868580084859 -1.761945912273816e-07 -6.2605263017591948e-06 -0.00024079530951447213 0.00022351379126528162 0.00070194585488581149 -0.00015975303351257013 7.2088200733174635e-05 -0.00013200103815278583 -0.00034705953201364281 0.00013894603451109698 -0.00036327181907960457 0.001638965885326705 0.00015082888771218649 -1.1244566155263134e-05 0.00023790619621814267
leaf_weight=1694 1682 429 1500 986 17851 3262 15147 534 1024 1212 7537 5671 296 901 1170 1735 20023 286 1065 317 8313 20656 1876 1770 8485 2551 184 4863 20519 302
leaf_count=1694 1682 429 1500 986 17851 3262 15147 534 1024 1212 7537 5671 296 901 1170 1735 20023 286 1065 317 8313 20656 1876 1770 8485 2551 184 4863 20519 302
internal_value=-0.00205163 -0.00516949 -0.00732072 -0.0103473 -0.00492828 -0.00439184 -0.009541 -0.0104966 -0.000598564 -0.00146898 -0.00231741 0.000513899 -0.00241206 0.00139988 0.00191431 -0.0163586 -5.92085e-06 -0.000305158 -0.00147029 0.00385572 -0.00181275 0.000142395 0.000468223 -0.00198436 0.000183129 -0.000303556 -3.71159e-06 0.000514513 0.00019108 -0.00242727
internal_weight=153841 60949 41444 18297 23147 21113 16133 2034 19505 10943 8749 8562 1990 6572 2194 2164 92892 35965 9981 603 9378 25984 22532 3452 56927 23060 20207 33867 25382 2853
internal_count=153841 60949 41444 18297 23147 21113 16133 2034 19505 10943 8749 8562 1990 6572 2194 2164 92892 35965 9981 603 9378 25984 22532 3452 56927 23060 20207 33867 25382 2853
is_linear=0
shrinkage=0.05


Tree=171
num_leaves=31
num_cat=0
split_feature=4 3 24 32 24 22 14 32 24 37 38 22 2 22 38 3 21 34 37 39 39 34 37 37 3 34 2 22 39 21
split_gain=403.083 224.439 120.038 71.7675 31.1831 24.4177 19.825 12.788 9.20655 7.76047 11.4276 9.19521 4.91345 5.12842 5.01389 3.74622 2.02216 5.09673 6.67694 11.0405 9.91396 6.20956 33.5089 21.4493 3.38318 8.46237 6.06631 3.73172 5.91064 3.98559
threshold=1.0000000180025095e-35 -0.10210046172142027 2.5000000000000004 14.500000000000002 1.5000000000000002 0.066147454082965865 -1.0000000180025095e-35 14.500000000000002 1.5000000000000002 1.0000000180025095e-35 -0.077841546386480318 0.066147454082965865 0.056309804320335395 0.031609889119863517 0.018550137989223007 0.18093846738338473 0.97499999403953563 1.0000000180025095e-35 1.0000000180025095e-35 -2.0937999486923213 -0.052058435976505273 2.5000000000000004 1.0000000180025095e-35 1.0000000180025095e-35 -1.7320105433464048 2.5000000000000004 -0.18567474931478498 1.8438517451286318 -1.4323694109916685 0.57500001788139354
decision_type=2 2 2 2 2 2 2 2 2 2 2 2 2 2 2 2 2 2 2 2 2 2 2 2 2 2 2 2 2 2
left_child=1 8 3 4 -3 7 -7 -4 12 11 -11 -10 13 -1 -14 -5 24 18 19 -18 -20 23 -23 -19 25 26 -2 29 -29 -26
right_child=16 2 5 15 -6 6 -8 -9 9 10 -12 -13 14 -15 -16 -17 17 21 20 -21 -22 22 -24 -25 27 -27 -28 28 -30 -31
leaf_value=9.9664640138744302e-06 -0.00015224964908520274 -1.6738486166601252e-07 -1.6738486166601252e-07 -0.00020491447422432663 -1.6738486166601252e-07 9.1149555907115924e-06 -1.6738486166601252e-07 0.00011934525386782177 -9.8142787360167739e-07 0.00025134596240227331 -2.261746623749873e-07 5.3883006644030983e-06 0.00080335843021517967 -2.5886115891099373e-06 -0.00011160345558699124 0.0017127546789358315 -0.00032825892413896089 0.00025226000796259708 -0.00014205138907231454 0.00015265106537770969 -0.00061809614221364781 -0.00026675329606272831 0.00014329092150773497 -8.7583668701647242e-05 -1.1338515775062043e-05 -0.0010621075444923044 0.00062602460074214254 0.0014142145462176894 -0.00016405265496853075 6.0156504442996331e-05
leaf_weight=76 953 7848 1626 1106 8905 2026 19336 159 211 2018 7819 6665 216 2392 108 438 283 5540 2085 1795 1040 5591 7463 7274 34161 687 545 118 115 25242
leaf_count=76 953 7848 1626 1106 8905 2026 19336 159 211 2018 7819 6665 216 2392 108 438 283 5540 2085 1795 1040 5591 7463 7274 34161 687 545 118 115 25242
internal_value=-0.00207958 -0.00523922 -0.00732072 -0.0103473 -0.011298 -0.00492828 -0.00445885 -0.0105462 -0.000816457 -0.000372465 -0.00127325 0.00091623 -0.00347421 -0.0042342 0.00231481 -3.23834e-05 -6.45911e-06 -0.000335522 -0.00176341 0.000433109 -0.003224 -4.83223e-05 -0.000815842 0.000733573 0.000158927 -0.00177346 0.000333778 0.000229727 0.00654506 0.000204956
internal_weight=153841 60949 41444 18297 16753 23147 21362 1785 19505 16713 9837 6876 2792 2468 324 1544 92892 31071 5203 2078 3125 25868 13054 12814 61821 2185 1498 59636 233 59403
internal_count=153841 60949 41444 18297 16753 23147 21362 1785 19505 16713 9837 6876 2792 2468 324 1544 92892 31071 5203 2078 3125 25868 13054 12814 61821 2185 1498 59636 233 59403
is_linear=0
shrinkage=0.05


Tree=172
num_leaves=29
num_cat=0
split_feature=5 3 13 13 32 13 24 37 2 25 2 13 37 22 22 22 10 10 22 5 12 1 0 25 3 13 34 25
split_gain=404.205 219.533 214.483 291.133 145.414 35.6035 9.36583 7.46897 9.55946 9.16498 5.33612 5.54801 3.36022 2.55281 4.29035 3.16929 2.0944 2.16894 4.96974 6.73581 2.26772 1.90262 8.76048 5.07925 1.05676 1.36273 1.35 0.819719
threshold=1.0000000180025095e-35 -0.10210046172142027 12.92698907852173 -4.518629550933837 14.500000000000002 -13.842182159423826 1.5000000000000002 1.0000000180025095e-35 0.3874464631080628 0.011862914543598892 0.056309804320335395 -13.842182159423826 1.0000000180025095e-35 0.028086829930543903 0.02285436820238829 0.10713599249720575 0.99972870945930492 0.82449445128440868 0.14130210131406787 27.57499980926514 0.89308893680572521 -0.1685182452201843 0.2281666770577431 0.50130507349967968 -0.063338186591863618 78.585456848144545 2.5000000000000004 0.081520661711692824
decision_type=2 2 2 2 2 2 2 2 2 2 2 2 2 2 2 2 2 2 2 2 2 2 2 2 2 2 2 2
left_child=1 6 3 5 -5 -3 10 9 -9 -8 11 -1 -12 14 -4 -15 17 21 20 -20 -19 22 -2 -23 25 27 -26 -18
right_child=16 2 13 4 -6 -7 7 8 -10 -11 12 -13 -14 15 -16 -17 24 18 19 -21 -22 23 -24 -25 26 -27 -28 -29
leaf_value=1.1828325700105527e-06 -1.6744563775233577e-05 -3.2808186289900691e-06 3.6672866787819586e-06 -1.5901561858271189e-07 -3.9638819539284528e-05 -1.5901561858271189e-07 -1.2030876517295261e-06 -1.6466135829896104e-07 0.0031704055082673061 1.7665866355364389e-05 0.0010185935060466351 -1.5162356118934335e-06 -8.2970977790493186e-05 3.4182151951682105e-06 -0.00019715731523909727 -2.242568418644005e-05 -0.00022435682847958888 -0.00037362900054207593 0.00037368192287604577 -0.00072135921157454822 2.7727568245533053e-05 3.7414011964739467e-06 -0.00055759840948302038 0.00014162204364668552 -0.000176631039737424 0.00049195758086064193 0.0011426504014097495 -0.0008569278266774929
leaf_weight=537 40570 7036 46 20531 2294 3302 1004 9753 84 5872 136 1931 188 2092 35 6108 55 127 1181 97 127 47379 1036 2145 54 32 36 53
leaf_count=537 40570 7036 46 20531 2294 3302 1004 9753 84 5872 136 1931 188 2092 35 6108 55 127 1181 97 127 47379 1036 2145 54 32 36 53
internal_value=-0.00209323 -0.00525726 -0.0073159 -0.00911332 -0.0122662 -0.00215225 -0.000883107 -0.00043529 -0.001319 0.00082897 -0.00356375 -0.00435575 0.00246914 -0.000117739 -0.00895062 -3.04878e-05 -1.72243e-05 -5.39596e-06 0.00186031 0.00312989 -0.00452756 -3.67607e-05 -0.000286016 0.000172644 -0.00478261 -0.0075 -0.000555556 -0.0101852
internal_weight=153841 60949 41444 33163 22825 10338 19505 16713 9837 6876 2792 2468 324 8281 81 8200 92892 92662 1532 1278 254 91130 41606 49524 230 140 90 108
internal_count=153841 60949 41444 33163 22825 10338 19505 16713 9837 6876 2792 2468 324 8281 81 8200 92892 92662 1532 1278 254 91130 41606 49524 230 140 90 108
is_linear=0
shrinkage=0.05


Tree=173
num_leaves=30
num_cat=0
split_feature=4 3 13 13 13 13 34 22 3 38 37 39 22 39 38 25 25 34 3 0 21 22 4 39 37 39 3 1 25
split_gain=404.716 220.027 212.759 291.133 106.841 35.6035 6.53155 7.61706 6.62628 6.32371 9.24199 6.57468 6.14135 3.23699 3.79576 2.85728 2.02901 3.49863 3.1712 2.65171 3.69312 2.57242 2.06261 8.43598 15.7072 7.05675 3.90552 6.6046 4.27264
threshold=1.0000000180025095e-35 -0.10210046172142027 12.92698907852173 -4.518629550933837 0.00075226789808231222 -13.842182159423826 5.0000000000000009 0.38575327396392828 -0.72040659189224232 -0.2351633086800575 1.0000000180025095e-35 -2.5812519788742061 0.50408154726028453 -2.6133313179016109 0.015223940368741752 0.0044128096196800479 2.3506062030792241 1.5000000000000002 -1.1688111424446104 -0.11053571477532385 0.52500000596046459 0.69387668371200573 4.9249999523162851 -1.4882310032844541 1.0000000180025095e-35 0.46533881127834326 -1.8692067265510557 -1.7091773152351377 0.34366941452026373
decision_type=2 2 2 2 2 2 2 2 2 2 2 2 2 2 2 2 2 2 2 2 2 2 2 2 2 2 2 2 2
left_child=1 6 3 5 -5 -3 9 8 -8 11 -11 -1 -9 14 -4 -15 22 18 -18 20 -19 -21 23 24 -2 -25 28 -28 -24
right_child=16 2 13 4 -6 -7 7 12 -10 10 -12 -13 -14 15 -16 -17 17 19 -20 21 -22 -23 26 25 -26 -27 27 -29 -30
leaf_value=0.00094764197377508155 -0.00021398839884019476 -3.1167776975405657e-06 -0.00013568412350162232 -1.5106483765357629e-07 -1.5106483765357629e-07 -1.5106483765357629e-07 -0.00042291427101821946 0.0045119308873159186 2.9115588896676437e-06 -4.0507263798336157e-08 -7.9341998338478871e-07 -0.00017010963937636955 0.0011672843769240204 -4.8710575651122831e-05 8.7189764665356745e-06 2.2208762870857848e-06 -0.001405074247331186 0.00011576551707171615 -0.00017494968658631014 -0.00014224764371801869 -0.0008914123979126146 0.0010285512825894455 -5.7154208702241838e-05 0.00013017034620984498 4.9457243946351981e-05 -0.00010807306598878092 0.00048508656328584058 -1.1762649263738489e-05 -0.0011464759745117153
leaf_weight=421 2335 7036 257 16468 6357 3302 53 72 327 8484 9768 115 265 307 205 7512 37 108 45 65 94 35 311 14366 3540 1476 832 69401 247
leaf_count=421 2335 7036 257 16468 6357 3302 53 72 327 8484 9768 115 265 307 205 7512 37 108 45 65 94 35 311 14366 3540 1476 832 69401 247
internal_value=-0.00209616 -0.00526219 -0.00732313 -0.00911332 -0.0122662 -0.00215225 -0.000883107 0.00380056 -0.00105263 -0.00106185 -0.00121904 0.00429104 0.009273 -0.000153967 -0.00422078 8.63282e-05 -1.88391e-05 -0.00364583 -0.0128049 -0.00115894 -0.00445545 0.0055 -3.78346e-06 0.00042248 -0.00119574 0.0010226 -0.000134551 -0.000101448 -0.00430108
internal_weight=153841 60949 41444 33163 22825 10338 19505 717 380 18788 18252 536 337 8281 462 7819 92892 384 82 302 202 100 92508 21717 5875 15842 70791 70233 558
internal_count=153841 60949 41444 33163 22825 10338 19505 717 380 18788 18252 536 337 8281 462 7819 92892 384 82 302 202 100 92508 21717 5875 15842 70791 70233 558
is_linear=0
shrinkage=0.05


Tree=174
num_leaves=29
num_cat=0
split_feature=4 24 32 22 39 24 39 22 32 1 14 39 39 25 1 39 25 32 34 8 39 37 1 39 4 2 39 1
split_gain=399.639 139.018 59.646 48.1955 45.2605 29.7916 17.8116 17.411 17.9649 16.5275 15.0149 11.2061 9.09371 4.68214 5.38732 4.19885 2.32374 4.7081 5.74135 3.05519 1.93413 13.0993 10.2015 8.47223 4.87201 4.88934 4.8333 1.02849
threshold=1.0000000180025095e-35 2.5000000000000004 14.500000000000002 0.064333289861679091 1.3725328445434573 1.0000000180025095e-35 1.0000000180025095e-35 0.08353451639413835 14.500000000000002 -0.56398889422416676 1.0000000180025095e-35 2.895046710968018 0.96707031130790722 0.17073982954025271 0.32907520234584814 4.2792649269104013 2.3506062030792241 2.5000000000000004 1.5000000000000002 0.036298429593443877 -0.79354643821716297 1.0000000180025095e-35 -0.17635922878980634 -2.0109971761703487 4.3250000476837167 -0.20038617402315137 0.41046079993247991 -1.5940177440643308
decision_type=2 2 2 2 2 2 2 2 2 2 2 2 2 2 2 2 2 2 2 2 2 2 2 2 2 2 2 2
left_child=1 2 3 10 6 -5 9 8 -6 -3 -1 -9 -8 14 -4 -15 20 18 27 -20 21 23 -23 -2 26 -26 -22 -18
right_child=16 4 13 5 7 -7 12 11 -10 -11 -12 -13 -14 15 -16 -17 17 -19 19 -21 24 22 -24 -25 25 -27 -28 -29
leaf_value=-1.435115957708975e-07 -0.00024230381547861836 2.2713387408426832e-05 -0.0001130911898247794 -1.435115957708975e-07 -1.435115957708975e-07 -1.435115957708975e-07 0.0003530297861939167 -1.435115957708975e-07 0.00024555566643417402 -1.435115957708975e-07 -1.435115957708975e-07 -1.435115957708975e-07 -1.435115957708975e-07 0.0010548789436667881 -0.0035219026747020758 0.013102471367994674 -0.0011635453599121957 -0.0019367485450163494 0.00038757924948158023 -0.00059638683668799446 0.00014295306414157931 -7.7285009471959881e-05 9.134232888832282e-05 -7.0941420124693427e-05 0.00032902416966505785 -1.2926238555509632e-05 -9.0499104168402991e-05 -0.00023379396729403362
leaf_weight=4439 1987 3876 1587 990 1618 17154 857 3359 169 22651 242 2818 727 372 57 33 38 54 179 78 11280 12483 9507 1759 2328 51871 1293 35
leaf_count=4439 1987 3876 1587 990 1618 17154 857 3359 169 22651 242 2818 727 372 57 33 38 54 179 78 11280 12483 9507 1759 2328 51871 1293 35
internal_value=-0.00208901 -0.00523511 -0.00811088 -0.00884447 -0.00325225 -0.00767747 -0.00230959 -0.00657961 -0.0109261 -0.00261714 -0.0133679 -0.00532216 0.00284091 6.10054e-05 -0.0011253 0.00487654 -2.47599e-05 -0.00390625 -0.00166667 0.00184825 -8.6479e-06 -0.000376904 8.86767e-05 -0.00310998 0.000133289 -7.24183e-05 0.00102004 -0.0140411
internal_weight=153841 60949 24874 22825 36075 18144 28111 7964 1787 26527 4681 6177 1584 2049 1644 405 92892 384 330 257 92508 25736 21990 3746 66772 54199 12573 73
internal_count=153841 60949 24874 22825 36075 18144 28111 7964 1787 26527 4681 6177 1584 2049 1644 405 92892 384 330 257 92508 25736 21990 3746 66772 54199 12573 73
is_linear=0
shrinkage=0.05


Tree=175
num_leaves=29
num_cat=0
split_feature=4 3 13 13 32 13 34 22 3 39 24 39 25 39 1 25 25 32 34 3 8 22 39 25 9 1 0 25
split_gain=402.191 221.121 215.059 291.537 145.467 35.6839 6.07918 6.79 6.45413 6.4118 6.37006 6.73232 4.14983 2.94425 2.84125 2.35432 2.0272 4.59893 4.76281 2.53382 2.3969 1.83276 5.52706 6.96872 3.61437 2.49582 8.52339 5.09247
threshold=1.0000000180025095e-35 -0.10210046172142027 12.92698907852173 -4.518629550933837 14.500000000000002 -13.842182159423826 5.0000000000000009 0.38575327396392828 -0.746020346879959 -3.3036907911300655 1.5000000000000002 2.0838214159011845 0.015126764774322512 -3.1726644039154048 0.0025164757389575247 0.41128018498420721 2.3506062030792241 8.5000000000000018 1.5000000000000002 -1.1688111424446104 0.018528264947235588 0.08353451639413835 1.6062209606170657 0.3816142082214356 0.029247542843222622 -0.1685182452201843 0.2281666770577431 0.87151888012886058
decision_type=2 2 2 2 2 2 2 2 2 2 2 2 2 2 2 2 2 2 2 2 2 2 2 2 2 2 2 2
left_child=1 6 3 5 -5 -3 10 8 -8 -9 12 -12 -1 14 -4 -15 21 18 19 -18 -20 22 23 -2 -24 26 -23 -27
right_child=16 2 13 4 -6 -7 7 9 -10 -11 11 -13 -14 15 -16 -17 17 -19 20 -21 -22 25 24 -25 -26 27 -28 -29
leaf_value=7.7384413675847009e-08 -0.00011083580371595354 -3.0480168140344252e-06 -0.00013522896138697818 -1.3633601598235261e-07 -5.3399769555984111e-05 -1.3633601598235261e-07 -0.00046120331272776955 -8.6435727147418255e-05 2.7731565249728061e-06 0.0027090730933389592 -6.9319191133313025e-08 -3.6180814437196005e-06 -9.8916308133579436e-06 -1.5587820525851351e-06 0.00013770256848647596 0.00026307886672493236 -0.0011496135696165599 -0.0020730039159443485 0.00041431146041653183 -0.00018602845821556302 -9.9546308121960074e-05 -1.1924804450135982e-05 0.0001015293185640513 0.00021029424579246036 -0.00020987060878570001 1.80879336135521e-05 -0.00053132905293008033 0.00040174917344521573
leaf_weight=455 2323 7036 109 20531 2294 3302 49 109 331 228 15150 988 2195 7872 39 261 32 46 116 42 148 40924 807 350 212 46598 1051 243
leaf_count=455 2323 7036 109 20531 2294 3302 49 109 331 228 15150 988 2195 7872 39 261 32 46 116 42 148 40924 807 350 212 46598 1051 243
internal_value=-0.00209128 -0.00524742 -0.00731348 -0.00911332 -0.0122683 -0.00214742 -0.000857472 0.00366109 -0.000921053 0.00882789 -0.00102991 -0.000656835 -0.00330189 -0.000105664 -0.00709459 2.15173e-05 -2.04539e-05 -0.00364583 -0.00162722 -0.0128378 0.00151515 -5.40494e-06 -0.00109697 -0.00229143 0.00203631 3.99703e-05 -0.000240024 0.000290878
internal_weight=153841 60949 41444 33163 22825 10338 19505 717 380 337 18788 16138 2650 8281 148 8133 92892 384 338 74 264 92508 3692 2673 1019 88816 41975 46841
internal_count=153841 60949 41444 33163 22825 10338 19505 717 380 337 18788 16138 2650 8281 148 8133 92892 384 338 74 264 92508 3692 2673 1019 88816 41975 46841
is_linear=0
shrinkage=0.05


Tree=176
num_leaves=29
num_cat=0
split_feature=7 3 24 32 24 22 14 32 34 22 39 37 38 38 2 1 2 34 11 21 34 37 34 3 34 7 8 22
split_gain=395.997 226.556 119.523 75.0674 31.6114 24.5305 19.5 12.788 6.02552 6.60795 6.4118 6.27808 12.923 11.4486 5.83186 3.4771 2.5932 2.16215 2.39158 2.12181 5.38266 10.1885 6.70879 4.1833 4.73989 4.20712 1.31432 0.751627
threshold=1.0000000180025095e-35 -0.10210046172142027 2.5000000000000004 14.500000000000002 1.5000000000000002 0.066147454082965865 -1.0000000180025095e-35 14.500000000000002 5.0000000000000009 0.38575327396392828 -3.3036907911300655 1.0000000180025095e-35 -0.012722319457679985 -0.031816691160202019 -0.67320281267166127 0.34781159460544592 -1.1961632370948789 1.5000000000000002 0.85595849156379711 0.92499998211860668 1.0000000180025095e-35 1.0000000180025095e-35 2.5000000000000004 -2.9855184555053706 1.5000000000000002 0.2142710015177727 0.046260435134172447 0.90294119715690624
decision_type=2 2 2 2 2 2 2 2 2 2 2 2 2 2 2 2 2 2 2 2 2 2 2 2 2 2 2 2
left_child=1 8 3 4 -3 7 -7 -4 11 14 -11 13 -13 -1 -10 -5 17 18 26 23 21 -21 -22 24 -18 -25 -2 -19
right_child=16 2 5 15 -6 6 -8 -9 9 10 -12 12 -14 -15 -16 -17 19 27 -20 20 22 -23 -24 25 -26 -27 -28 -29
leaf_value=-2.1259624751644807e-06 -0.00013658884134142647 -1.2951921518323498e-07 -1.2951921518323498e-07 0.00012805427094906424 -1.2951921518323498e-07 1.0011878071035852e-05 -1.2951921518323498e-07 0.0001167648043058165 -0.000360567605356458 -8.2113940790047352e-05 0.0025736194386720111 4.8337860921142896e-05 -3.7739583783136031e-06 7.0047696984121029e-06 3.000946778935027e-06 -0.0034157329160980961 0.00025626634038930474 -0.00099214091885969783 0.00055612010470698755 7.7669819345392143e-05 4.7807513866271473e-05 -0.00032427525426284901 -6.0311549537172934e-05 1.4208830035138121e-05 -0.00084424221137312022 0.0011773155266953013 -0.0013601286691089394 -0.0012333528539029701
leaf_weight=1282 88 7848 1626 1445 8905 2026 19336 159 52 109 228 3772 6502 7232 328 99 221 35 50 2487 15000 3447 15792 54755 430 511 45 31
leaf_count=1282 88 7848 1626 1445 8905 2026 19336 159 52 109 228 3772 6502 7232 328 99 221 35 50 2487 15000 3447 15792 54755 430 511 45 31
internal_value=-0.00207958 -0.00521132 -0.00730263 -0.0103227 -0.011295 -0.00491532 -0.00444481 -0.0105462 -0.000767752 0.00373082 0.00882789 -0.000939429 -0.00177146 6.45995e-05 -0.000789474 0.000226684 -2.47599e-05 -0.00512048 -0.0023224 -1.1064e-05 -0.000306322 -0.0016852 -4.0595e-05 0.00018286 -0.00380184 0.000229798 -0.00582707 -0.0128788
internal_weight=153841 60949 41444 18297 16753 23147 21362 1785 19505 717 337 18788 10274 8514 380 1544 92892 249 183 92643 36726 5934 30792 55917 651 55266 133 66
internal_count=153841 60949 41444 18297 16753 23147 21362 1785 19505 717 337 18788 10274 8514 380 1544 92892 249 183 92643 36726 5934 30792 55917 651 55266 133 66
is_linear=0
shrinkage=0.05


Tree=177
num_leaves=31
num_cat=0
split_feature=4 13 13 13 32 13 22 1 1 22 25 32 9 25 32 1 0 22 11 32 1 32 0 38 1 1 13 2 25 2
split_gain=364.048 160.005 320.801 118.896 121.324 20.8444 14.9258 10.3266 4.55731 1.91749 4.2955 8.97251 4.84706 4.16943 3.08565 2.45876 7.76751 5.61071 4.64421 3.85257 9.20863 4.03366 1.75189 1.71018 4.49038 3.12425 2.29076 2.17037 2.5521 2.36212
threshold=1.0000000180025095e-35 12.92698907852173 -3.4262548685073848 0.00075226789808231222 10.500000000000002 -13.842182159423826 0.054519345983862884 0.34781159460544592 -0.017992522567510601 0.08353451639413835 0.3816142082214356 14.500000000000002 0.60017606616020214 0.65582808852195751 14.500000000000002 -0.1685182452201843 0.2281666770577431 0.22524956613779071 0.99981656670570385 31.500000000000004 0.14991363883018496 2.5000000000000004 0.0050510945729911336 0.011059731245040895 -0.29202529788017267 -0.26032507419586176 32.640035629272468 0.77363860607147228 0.17656463384628299 0.58073779940605175
decision_type=2 2 2 2 2 2 2 2 2 2 2 2 2 2 2 2 2 2 2 2 2 2 2 2 2 2 2 2 2 2
left_child=1 2 5 4 -4 8 -5 -7 -1 10 12 13 14 -12 -2 16 17 -11 -18 21 -21 -17 -14 27 26 -26 -25 29 -29 -3
right_child=9 23 3 6 -6 7 -8 -9 -10 15 11 -13 22 -15 -16 19 18 -19 -20 20 -22 -23 -24 24 25 -27 -28 28 -30 -31
leaf_value=-1.1912244590026225e-05 -1.8296111770009591e-05 -1.0182764377107645e-05 -1.2304325442407323e-07 -1.2304325442407323e-07 -1.2024267167619774e-05 -1.2304325442407323e-07 -1.2304325442407323e-07 -1.2304325442407323e-07 1.3834045178832126e-05 -0.00010284633465353429 0.00013023528297243097 0.0015567249709345608 -0.00042055491097962812 -0.00030545558877062486 -0.00049552089701366468 2.320128945126135e-05 -0.00056535125460636243 7.2266675809280588e-06 0.00048254970441314763 9.7959617697425749e-05 0.0023370738484597025 -0.00015477056215355139 -0.00023426281501150986 9.194071641592556e-06 0.00084426299905535768 2.2213462303957928e-05 -0.0002083160613657465 -7.4099743039101991e-05 0.0014396855001178209 -5.495099071554812e-05
leaf_weight=9852 2761 9450 18000 768 2016 5695 8218 189 3043 5228 298 56 82 44 366 41611 942 36054 109 1151 281 3824 85 196 78 2636 274 63 66 405
leaf_count=9852 2761 9450 18000 768 2016 5695 8218 189 3043 5228 298 56 82 44 366 41611 942 36054 109 1151 281 3824 85 196 78 2636 274 63 66 405
internal_value=-0.00199118 -0.00499393 -0.00633882 -0.00963554 -0.0117806 -0.0012474 -0.00485756 -0.00371346 -0.00012214 -2.09921e-05 -0.00113759 0.00376884 -0.00173042 0.000730994 -0.00128718 2.52242e-05 -0.000250986 -0.000142919 -0.00449572 0.000274714 0.00282821 0.000194234 -0.0100299 -0.000113913 0.000895101 0.00167649 -0.00361702 -0.000435697 0.00600775 -0.000520041
internal_weight=153841 60949 47781 29002 20016 18779 8986 5884 12895 92892 3692 398 3294 342 3127 89200 42333 41282 1051 46867 1432 45435 167 13168 3184 2714 470 9984 129 9855
internal_count=153841 60949 47781 29002 20016 18779 8986 5884 12895 92892 3692 398 3294 342 3127 89200 42333 41282 1051 46867 1432 45435 167 13168 3184 2714 470 9984 129 9855
is_linear=0
shrinkage=0.05


Tree=178
num_leaves=29
num_cat=0
split_feature=7 3 22 32 14 32 21 39 0 0 38 25 0 38 38 10 10 38 8 38 10 38 22 3 34 25 21 22
split_gain=364.728 278.883 89.6623 55.2384 47.0198 33.3819 19.8697 7.24299 6.86829 7.85338 6.73398 6.27188 11.8496 6.57548 3.73309 1.90497 1.87897 6.3533 5.19152 5.01879 2.98312 3.4815 2.06926 1.23261 1.15741 1.06419 0.723816 2.74995
threshold=1.0000000180025095e-35 -0.10210046172142027 0.064333289861679091 14.500000000000002 -1.0000000180025095e-35 14.500000000000002 0.97499999403953563 2.0838214159011845 0.077620092779397978 -0.13054180890321729 0.30095177888870245 0.46834939718246466 -0.033798407763242715 0.25620965659618383 -0.14252521842718122 0.99972870945930492 0.36735826730728155 0.18249313533306125 0.0027218735776841645 0.15261784195899966 0.32772096991539007 -0.32030953466892237 1.302780866622925 -0.063338186591863618 2.5000000000000004 0.12694306671619418 0.47499999403953558 0.4379138201475144
decision_type=2 2 2 2 2 2 2 2 2 2 2 2 2 2 2 2 2 2 2 2 2 2 2 2 2 2 2 2
left_child=1 7 5 4 -4 6 -3 11 9 -9 -5 13 -13 -1 -7 16 20 19 -19 -18 21 -2 -22 26 -25 -10 -17 -28
right_child=15 2 3 10 -6 14 -8 8 25 -11 -12 12 -14 -15 -16 23 17 18 -20 -21 22 -23 -24 24 -26 -27 27 -29
leaf_value=1.2899685006023647e-07 0.00024092453448284202 -1.1689109170286956e-07 -6.79610997326073e-06 -1.3479109044196859e-05 -1.1689109170286956e-07 -0.0010420453399023696 -1.1689109170286956e-07 -1.1092647062923733e-05 -1.6043882018352027e-05 2.9330116532956905e-08 0.0045106033978810269 -5.0980245631156568e-06 -3.88324150957051e-05 -2.5190664467081544e-05 7.0588557495630114e-05 -0.00054808390257694677 4.7069685883502012e-05 0.0003515844674811135 -0.00027834585417502671 0.00090231594770164188 -0.00016275058679085519 -9.0946487117930807e-06 0.0005405870655702101 -0.00017970281126823999 0.0010990910568760856 -1.538870752657754e-05 -0.00048532782118721027 0.001024048581035272
leaf_weight=15958 1727 4241 2738 2709 29891 88 1170 386 37 785 137 1458 449 397 470 54 17085 216 1095 292 2556 69558 133 54 36 35 55 31
leaf_count=15958 1727 4241 2738 2709 29891 88 1170 386 37 785 137 1458 449 397 470 54 17085 216 1095 292 2556 69558 133 54 36 35 55 31
internal_value=-0.00199248 -0.00499803 -0.00731831 -0.00636434 -0.00694704 -0.0129879 -0.0141887 -6.79313e-05 -0.00376106 -0.00283945 0.000316233 0.000183441 -0.00253015 0.000499847 -0.00134409 -2.04539e-05 -9.17312e-06 0.000438784 -0.00291762 0.000692007 -0.00012234 -6.0672e-05 -0.00175716 -0.00456522 0 -0.01875 -0.0075 -0.00465116
internal_weight=153841 60949 41444 35475 32629 5969 5411 19505 1243 1171 2846 18262 1907 16355 558 92892 92662 18688 1311 17377 73974 71285 2689 230 90 72 140 86
internal_count=153841 60949 41444 35475 32629 5969 5411 19505 1243 1171 2846 18262 1907 16355 558 92892 92662 18688 1311 17377 73974 71285 2689 230 90 72 140 86
is_linear=0
shrinkage=0.05


Tree=179
num_leaves=29
num_cat=0
split_feature=4 3 13 13 32 13 0 22 2 22 21 22 2 13 25 25 10 10 38 13 2 4 22 38 3 13 34 25
split_gain=361.373 284.62 215.492 291.08 144.038 35.4429 5.10955 7.72749 10.3222 7.641 5.83131 9.49613 6.90647 2.31667 3.05851 2.94264 1.90361 1.88771 5.67284 3.84582 3.06246 1.83492 2.62499 2.13704 1.23261 1.36273 1.15741 0.819719
threshold=1.0000000180025095e-35 -0.10210046172142027 12.92698907852173 -4.518629550933837 14.500000000000002 -13.842182159423826 -0.71135804057121266 1.5194970965385439 -0.23012874275445935 0.4759072214365006 0.27500000596046453 0.13105144351720813 -0.050265831872820847 24.528713226318363 0.47939355671405798 0.0044128096196800479 0.99972870945930492 0.82449445128440868 -0.02039896976202726 1390.925964355469 0.012234598863869907 91.299999237060561 0.3358083069324494 -0.28505955636501307 -0.063338186591863618 78.585456848144545 2.5000000000000004 0.081520661711692824
decision_type=2 2 2 2 2 2 2 2 2 2 2 2 2 2 2 2 2 2 2 2 2 2 2 2 2 2 2 2
left_child=1 6 3 5 -5 -3 7 9 -9 -1 11 -8 -12 14 -4 -15 17 21 20 -20 -19 23 -23 -2 25 27 -26 -18
right_child=16 2 13 4 -6 -7 10 8 -10 -11 12 -13 -14 15 -16 -17 24 18 19 -21 -22 22 -24 -25 26 -27 -28 -29
leaf_value=-0.00033609020398892866 0.00016601478908756675 -3.1725259820719869e-06 7.3139114449703279e-06 -1.1104653711772608e-07 -6.4904103408331906e-05 -1.1104653711772608e-07 -5.8968391410816985e-07 -0.00044940550979487157 0.0010909883686638119 8.355888557687892e-05 -2.0356750315872648e-05 3.8482141792319495e-06 6.959465516884379e-08 -5.7308077408269479e-05 0.00042540244942625204 -5.3503792105596103e-06 -0.00019730641682403239 -0.00046622180466885033 0.00021113709541647425 0.0013033264096756641 -4.8554878769558386e-05 -3.6739640388295894e-05 -0.00053406020234111797 -5.4335234439817359e-06 -0.00017071767070482807 0.00048510845600080856 0.0010441365040322814 -0.00077797906359084281
leaf_weight=533 2533 7036 2026 20531 2294 3302 1361 329 57 1322 1222 4076 10605 242 31 5982 55 112 1078 110 232 544 146 87907 54 32 36 53
leaf_count=533 2533 7036 2026 20531 2294 3302 1361 329 57 1322 1222 4076 10605 242 31 5982 55 112 1078 110 232 544 146 87907 54 32 36 53
internal_value=-0.001985 -0.0049767 -0.00732072 -0.00912237 -0.0122749 -0.00216193 3.84517e-06 -0.0022423 -0.00867876 -0.000902965 0.000295412 0.00165073 -0.00032764 -0.000105664 0.00134905 -0.00058644 -2.20686e-05 -1.07919e-05 0.00172977 0.003367 -0.00392442 -4.00527e-05 -0.0026087 -2.04556e-05 -0.00456522 -0.0075 0 -0.0101852
internal_weight=153841 60949 41444 33163 22825 10338 19505 2241 386 1855 17264 5437 11827 8281 2057 6224 92892 92662 1532 1188 344 91130 690 90440 230 140 90 108
internal_count=153841 60949 41444 33163 22825 10338 19505 2241 386 1855 17264 5437 11827 8281 2057 6224 92892 92662 1532 1188 344 91130 690 90440 230 140 90 108
is_linear=0
shrinkage=0.05


Tree=180
num_leaves=23
num_cat=0
split_feature=4 3 13 13 32 13 13 13 22 34 0 22 2 13 25 25 24 22 22 25 0 13
split_gain=376.166 258.863 214.771 292.348 144.513 35.8451 5.46725 18.0722 19.674 6.59302 8.61554 8.29348 3.43393 2.25884 3.06806 2.94264 2.02491 2.00831 2.03895 4.58079 2.1325 0.436029
threshold=1.0000000180025095e-35 -0.10210046172142027 12.92698907852173 -4.518629550933837 14.500000000000002 -13.842182159423826 -6.3964462117824584e-14 9.1377802541444896e-14 0.42269010841846472 5.0000000000000009 -0.75929382443428028 0.38958252966403967 0.21098118275403979 24.528713226318363 0.47939355671405798 0.0044128096196800479 1.0000000180025095e-35 0.02285436820238829 0.07188716903328897 0.3816142082214356 -0.04626913554966449 -0.98692473769187916
decision_type=2 2 2 2 2 2 2 2 2 2 2 2 2 2 2 2 2 2 2 2 2 2
left_child=1 6 3 5 -5 -3 9 8 -8 10 -1 -11 -9 14 -4 -15 21 -18 19 -19 -20 -2
right_child=16 2 13 4 -6 -7 7 12 -10 11 -12 -13 -14 15 -16 -17 17 18 20 -21 -22 -23
leaf_value=-0.00030137262774496257 -0.00048131536945307486 -3.0138996829683767e-06 6.9482158727218108e-06 -1.0549421026183977e-07 -6.1658898237915158e-05 -1.0549421026183977e-07 -6.9863701404372851e-08 -7.7298619054967625e-07 -6.6078358603288137e-05 -4.0151969445747415e-05 3.3931185665155373e-07 0.0024571968632585632 0.0005393058003440197 -5.4442673537856e-05 0.00040413232695493939 -5.0828602500316211e-06 0.00066911875612974563 -5.9820517156927789e-05 -2.5004458880142218e-05 0.00023987089962488348 1.592741645119423e-05 -0.0002255272711162307
leaf_weight=1008 33 7036 2026 20531 2294 3302 1354 7380 583 181 8186 227 586 242 31 5982 50 2157 35559 163 54898 32
leaf_count=1008 33 7036 2026 20531 2294 3302 1354 7380 583 181 8186 227 586 242 31 5982 50 2157 35559 163 54898 32
internal_value=-0.00202693 -0.00507925 -0.00731469 -0.00911332 -0.0122727 -0.00213774 -0.000329403 -0.00115369 -0.00548529 0.000520725 0.000244725 0.0067402 -0.000100427 -0.000111701 0.00132474 -0.00058644 -2.42217e-05 -1.80443e-05 -2.34433e-05 -0.00148707 1.40951e-05 -0.00884615
internal_weight=153841 60949 41444 33163 22825 10338 19505 9903 1937 9602 9194 408 7966 8281 2057 6224 92892 92827 92777 2320 90457 65
internal_count=153841 60949 41444 33163 22825 10338 19505 9903 1937 9602 9194 408 7966 8281 2057 6224 92892 92827 92777 2320 90457 65
is_linear=0
shrinkage=0.05


Tree=181
num_leaves=29
num_cat=0
split_feature=4 3 13 13 32 13 34 2 22 38 22 22 32 1 0 1 22 7 0 13 22 34 1 32 3 18 4 7
split_gain=366.225 274.573 214.483 292.348 144.513 35.8451 5.08236 5.9426 10.3443 5.92349 5.54645 6.04595 4.7211 2.13477 3.81943 2.69463 1.94896 3.38278 3.45938 2.91499 2.3751 9.59863 9.50578 8.53454 6.95597 2.62534 2.41052 0.76233
threshold=1.0000000180025095e-35 -0.10210046172142027 12.92698907852173 -4.518629550933837 14.500000000000002 -13.842182159423826 5.0000000000000009 -0.2910610288381576 1.5194970965385439 -0.2351633086800575 0.38575327396392828 0.50408154726028453 2.5000000000000004 -0.57997438311576832 -0.14170248061418531 -0.73218438029289235 2.2804714441299443 0.017378530465066436 0.0032541416585445408 275.97113037109381 1.1484612226486208 2.5000000000000004 -1.4980996847152708 2.5000000000000004 -7.0460891723632804 494595.42187500006 1.5749999880790713 0.013436993118375542
decision_type=2 2 2 2 2 2 2 2 2 2 2 2 2 2 2 2 2 2 2 2 2 2 2 2 2 2 2 2
left_child=1 6 3 5 -5 -3 7 8 -1 -9 12 -12 -8 15 -15 -4 20 27 19 -19 24 22 -22 -23 26 -26 -2 -18
right_child=16 2 13 4 -6 -7 10 9 -10 -11 11 -13 -14 14 -16 -17 17 18 -20 -21 21 23 -24 -25 25 -27 -28 -29
leaf_value=-5.1557857647638233e-06 -0.0014411070075191416 -2.8632046988199582e-06 -4.9587622622500294e-05 -1.0021949974874777e-07 -5.8575953326019466e-05 -1.0021949974874777e-07 -3.8144370973460046e-05 0.00082643399233433385 -0.00041390445867438497 -6.6370516334154217e-08 0.0039934970600704542 0.000813876698636569 0.0094553430649200396 -0.00013363137666272902 2.2113642936646978e-07 0.0017502946534412121 0.00056101420488242632 -0.00018080864963957897 0.0011457833411967094 -0.00093789591330963983 6.0340144870364018e-05 -0.0012120101183732464 0.0010009234242901971 0.0015625466487018222 -4.7913211536896629e-06 0.00081281576851188753 -0.00043905047956311271 0.00067677634820084123
leaf_weight=2042 72 7036 41 20531 2294 3302 346 487 360 15899 72 265 34 328 7864 48 39 468 41 153 1969 530 1068 138 88078 273 32 31
leaf_count=2042 72 7036 41 20531 2294 3302 346 487 360 15899 72 265 34 328 7864 48 39 468 41 153 1969 530 1068 138 88078 273 32 31
internal_value=-0.0020019 -0.00501362 -0.0073159 -0.00911332 -0.0122727 -0.00213774 -0.000121764 -0.000279434 -0.002602 6.10277e-05 0.00400976 0.00867953 -0.000131579 -0.000117739 -0.000201416 0.00758427 -2.58365e-05 -0.00259563 -0.00370091 -0.00462963 -5.42535e-06 0.00123482 0.00242838 -0.00419162 -5.73738e-05 -4.21614e-05 -0.0129808 0.00785714
internal_weight=153841 60949 41444 33163 22825 10338 19505 18788 2402 16386 717 337 380 8281 8192 89 92892 732 662 621 92160 3705 3037 668 88455 88351 104 70
internal_count=153841 60949 41444 33163 22825 10338 19505 18788 2402 16386 717 337 380 8281 8192 89 92892 732 662 621 92160 3705 3037 668 88455 88351 104 70
is_linear=0
shrinkage=0.05


Tree=182
num_leaves=29
num_cat=0
split_feature=4 3 13 13 32 13 39 2 34 24 3 3 39 39 38 25 32 34 38 2 21 24 32 34 21 32 32 3
split_gain=366.055 273.159 213.837 291.211 148.83 35.8451 4.85132 9.14781 7.12442 7.11243 6.79982 6.21326 3.92973 2.33453 3.91997 2.17356 4.79811 5.25704 2.60659 2.02887 1.85059 5.41977 24.9409 5.31556 4.28326 8.32539 4.59797 1.6539
threshold=1.0000000180025095e-35 -0.10210046172142027 12.92698907852173 -4.518629550933837 14.500000000000002 -13.842182159423826 -3.6917821168899532 0.12080512195825578 5.0000000000000009 1.5000000000000002 -0.27595424652099604 -0.30152188241481775 -5.0388715267181388 -2.6133313179016109 0.015223940368741752 2.3506062030792241 2.5000000000000004 1.5000000000000002 -0.023340757936239239 -0.0013345219776965676 0.92499998211860668 1.5000000000000002 14.500000000000002 1.0000000180025095e-35 0.77500000596046459 14.500000000000002 14.500000000000002 -1.1688111424446104
decision_type=2 2 2 2 2 2 2 2 2 2 2 2 2 2 2 2 2 2 2 2 2 2 2 2 2 2 2 2
left_child=1 6 3 5 -5 -3 7 11 9 -8 -10 -1 -9 14 -4 20 17 27 -19 -15 24 22 -22 -23 26 -26 -2 -17
right_child=15 2 13 4 -6 -7 8 12 10 -11 -12 -13 -14 19 -16 16 -18 18 -20 -21 21 23 -24 -25 25 -27 -28 -29
leaf_value=-7.5555006723937709e-05 -1.3407156358174848e-05 -2.7200444638789558e-06 -0.00012852843806466276 -9.520852476131039e-08 -5.5647155659718436e-05 -9.520852476131039e-08 -1.279811422242555e-06 0.0028770232961015871 0.0012784500622963733 1.6673301145223044e-07 -6.4799147673331382e-05 -1.4380091294945146e-07 0.00042626811497471203 0.00027644559517298159 1.9626057131277673e-05 -0.0010920422673356739 -0.0017351164992396376 0.00095905253319883074 -2.4395494014111709e-05 -5.3808822939298978e-07 -0.00020781495878973138 -0.00013108746275650063 0.0016595628940221251 1.0713758614125771e-05 0.00014122414718425666 -0.00046550918243033307 0.00029371573165081215 -0.00025985562276537526
leaf_weight=1544 41869 7036 257 20531 2294 3302 2382 51 428 13358 149 1091 502 478 205 32 54 45 212 7341 3193 5108 361 27874 9553 783 3767 41
leaf_count=1544 41869 7036 257 20531 2294 3302 2382 51 428 13358 149 1091 502 478 205 32 54 45 212 7341 3193 5108 361 27874 9553 783 3767 41
internal_value=-0.00199768 -0.0050087 -0.00730504 -0.00909975 -0.012253 -0.00213774 -0.000129454 -0.00191343 0.000219097 1.90597e-05 0.00567591 -0.00314042 0.00393309 -0.000117739 -0.00357143 -2.20686e-05 -0.00377604 -0.00151515 0.00184825 8.63282e-05 -6.48593e-06 -0.000283282 -0.00213844 -8.33788e-05 0.000174194 0.00109327 -3.39644e-05 -0.0133562
internal_weight=153841 60949 41444 33163 22825 10338 19505 3188 16317 15740 577 2635 553 8281 462 92892 384 330 257 7819 92508 36536 3554 32982 55972 10336 45636 73
internal_count=153841 60949 41444 33163 22825 10338 19505 3188 16317 15740 577 2635 553 8281 462 92892 384 330 257 7819 92508 36536 3554 32982 55972 10336 45636 73
is_linear=0
shrinkage=0.05


Tree=183
num_leaves=29
num_cat=0
split_feature=4 3 13 13 32 13 38 3 0 3 24 22 1 0 1 13 18 0 0 13 10 4 20 34 13 13 0 3
split_gain=366.673 272.918 211.543 291.211 148.83 35.8451 4.85317 8.45769 4.1472 11.0066 4.94986 3.28705 2.16163 3.7492 2.69463 2.09055 1.74861 3.36139 3.10219 4.59928 2.6684 2.17912 5.81623 5.73268 4.04353 3.63882 3.56034 2.95024
threshold=1.0000000180025095e-35 -0.10210046172142027 12.92698907852173 -4.518629550933837 14.500000000000002 -13.842182159423826 0.21128143370151523 -0.53761661052703846 -0.71135804057121266 -0.23777956515550611 1.5000000000000002 0.39690129458904272 -0.57997438311576832 -0.14170248061418531 -0.73218438029289235 25.900826454162601 91424.945312500015 -1.0383247733116148 0.25926521420478826 112.09263229370119 0.17685000598430636 16.625000000000004 -1.0000000180025095e-35 2.5000000000000004 101.08408355712892 19835.107421875004 -0.15745390206575391 0.13509597629308703
decision_type=2 2 2 2 2 2 2 2 2 2 2 2 2 2 2 2 2 2 2 2 2 2 2 2 2 2 2 2
left_child=1 6 3 5 -5 -3 8 15 9 -1 -10 -9 14 -14 -4 -8 21 -18 20 -20 -19 25 24 -24 -23 27 -27 -2
right_child=16 2 12 4 -6 -7 7 11 10 -11 -12 -13 13 -15 -16 -17 17 18 19 -21 -22 22 23 -25 -26 26 -28 -29
leaf_value=-0.00019930070461900813 1.5526778023691822e-05 -2.5840422406850015e-06 -4.7081337079905633e-05 -9.0448098523244864e-08 -5.2864797876732431e-05 -9.0448098523244864e-08 -9.4166713966333936e-05 -1.2546387379779518e-05 -1.0413626592612172e-06 7.8357162500511049e-05 2.1630767848460807e-07 1.4819844913242366e-05 -0.00012245763360346686 -3.6041509080349246e-07 0.0016489576410105026 -2.762395309192853e-05 -0.0012096584878633682 0.00096008119156375043 0.001176440126509059 -0.00057521964970599297 0.00014614638861388323 -2.1046902320558808e-05 -0.00017315672961766657 -1.2403586463629463e-05 0.00019738641873330993 0.0019056111773051812 0.00099442868438855375 -5.1694577073191367e-05
leaf_weight=2161 55838 7036 41 20531 2294 3302 105 372 2362 44 14255 175 328 7864 48 31 49 727 166 436 1265 7743 5748 6247 4275 36 190 10172
leaf_count=2161 55838 7036 41 20531 2294 3302 105 372 2362 44 14255 175 328 7864 48 31 49 727 166 436 1265 7743 5748 6247 4275 36 190 10172
internal_value=-0.0020058 -0.00501936 -0.00731469 -0.00909975 -0.012253 -0.00213774 -0.000142271 -0.00428258 7.9694e-06 -0.00202948 0.000278329 -0.00150823 -0.000166043 -0.000250244 0.00758427 -0.0154412 -2.85278e-05 0.00123912 0.00148419 -0.00166113 0.00243474 -6.56517e-05 -0.000473702 -0.00125261 0.000303711 8.22815e-05 0.00641593 6.05969e-05
internal_weight=153841 60949 41444 33163 22825 10338 19505 683 18822 2205 16617 547 8281 8192 89 136 92892 2643 2594 602 1992 90249 24013 11995 12018 66236 226 66010
internal_count=153841 60949 41444 33163 22825 10338 19505 683 18822 2205 16617 547 8281 8192 89 136 92892 2643 2594 602 1992 90249 24013 11995 12018 66236 226 66010
is_linear=0
shrinkage=0.05


Tree=184
num_leaves=29
num_cat=0
split_feature=4 3 13 13 13 13 0 1 25 13 13 25 39 1 25 0 2 13 0 3 39 13 39 3 4 25 38 12
split_gain=366.993 271.669 210.972 291.516 106.466 36.0066 4.60272 6.24348 6.08728 5.16121 11.2496 10.7274 2.89025 2.10136 2.09671 2.0538 1.83736 4.40574 2.23422 3.89188 8.49294 3.69635 2.52051 10.749 5.38601 1.92923 1.20098 0.988976
threshold=1.0000000180025095e-35 -0.10210046172142027 12.92698907852173 -4.518629550933837 0.00075226789808231222 -13.842182159423826 -0.71135804057121266 -0.83055493235588063 0.054756958037614829 -6.3964462117824584e-14 4.5688901270722448e-14 0.10632364451885225 -3.3036907911300655 -0.00185944652184844 0.026541807688772682 -0.75929382443428028 -1.1961632370948789 -343.36230468749994 -1.4874465465545652 -1.7320105433464048 -1.0000000180025095e-35 275.97113037109381 -0.79354643821716297 0.034540135413408286 2.6250000000000004 0.41128018498420721 -0.023340757936239239 -0.99992907047271717
decision_type=2 2 2 2 2 2 2 2 2 2 2 2 2 2 2 2 2 2 2 2 2 2 2 2 2 2 2 2
left_child=1 6 3 5 -5 -3 7 8 -1 11 -11 -8 13 -4 -14 -9 17 26 19 21 -21 -18 23 -20 -24 27 -2 -19
right_child=16 2 12 4 -6 -7 9 15 -10 10 -12 -13 14 -15 -16 -17 18 25 22 20 -22 -23 24 -25 -26 -27 -28 -29
leaf_value=0.00044102228394725206 -0.00056693806276586782 -2.4548401286507602e-06 -0.00013390186044148241 -8.5925693597082626e-08 -8.5925693597082626e-08 -8.5925693597082626e-08 -1.5951090990775398e-07 -0.00016668371274073296 -0.00025231651318777227 -5.4539241329030679e-07 9.2091117123163777e-09 0.00016121380439633855 2.5937589203948444e-05 0.0001303007951043702 -8.3463611611324788e-06 -0.00028109561295323594 7.1202231097446979e-05 -0.00051287180623696838 -7.5440394337984287e-05 0.0014915627282530146 -0.00037618759309141631 -0.00049979284717844089 0.00013847763286985379 0.00011550605278481813 -2.9055846396184099e-06 -0.0010793798541369939 -0.0013556324132316269 0.00036919108464197122
leaf_weight=573 30 7036 85 16468 6357 3302 5589 50 1580 1469 7440 2766 1745 30 6421 38 373 65 19560 259 204 92 6509 5677 59969 33 34 87
leaf_count=573 30 7036 85 16468 6357 3302 5589 50 1580 1469 7440 2766 1745 30 6421 38 373 65 19560 259 204 92 6509 5677 59969 33 34 87
internal_value=-0.00200613 -0.005021 -0.00731107 -0.00909372 -0.0122486 -0.00212807 -0.000155088 -0.00228693 -0.00175337 0.00012164 -0.000715569 0.00101436 -0.000172081 -0.00804348 -6.12295e-05 -0.0153409 -2.79895e-05 -0.00431727 -1.6461e-05 0.00242457 0.00566955 -0.000806452 -4.11601e-05 -0.000466577 0.000120341 -0.000405405 -0.015625 0.00197368
internal_weight=153841 60949 41444 33163 22825 10338 19505 2241 2153 17264 8909 8355 8281 115 8166 88 92892 249 92643 928 463 465 91715 25237 66478 185 64 152
internal_count=153841 60949 41444 33163 22825 10338 19505 2241 2153 17264 8909 8355 8281 115 8166 88 92892 249 92643 928 463 465 91715 25237 66478 185 64 152
is_linear=0
shrinkage=0.05


Tree=185
num_leaves=29
num_cat=0
split_feature=4 3 13 13 32 13 25 0 2 1 2 21 25 2 13 32 25 39 25 25 21 34 37 34 3 0 21 18
split_gain=374.36 254.146 215.205 291.795 149.798 36.0876 6.34074 9.82815 9.90377 7.91696 5.72307 10.063 6.51374 2.38392 3.3935 2.38898 2.14152 2.09959 4.40705 1.91858 1.71078 4.64805 9.06768 6.10369 3.65534 4.9044 3.51408 1.05153
threshold=1.0000000180025095e-35 -0.10210046172142027 12.92698907852173 -4.518629550933837 14.500000000000002 -13.842182159423826 0.46834939718246466 -0.033798407763242715 -0.85274317860603321 -0.6110212206840514 -0.050265831872820847 0.92499998211860668 0.049285508692264564 -1.1961632370948789 -343.36230468749994 14.500000000000002 0.17656463384628299 -2.5507825613021846 0.17860379070043567 0.0044128096196800479 0.92499998211860668 1.0000000180025095e-35 1.0000000180025095e-35 2.5000000000000004 -2.9855184555053706 0.40819515287876135 0.57500001788139354 -4482.9084472656241
decision_type=2 2 2 2 2 2 2 2 2 2 2 2 2 2 2 2 2 2 2 2 2 2 2 2 2 2 2 2
left_child=1 6 3 5 -5 -3 10 8 -8 -9 12 -12 -1 14 27 16 -16 18 -4 -19 24 22 -22 -23 25 -15 -26 -2
right_child=13 2 17 4 -6 -7 7 9 -10 -11 11 -13 -14 20 15 -17 -18 19 -20 -21 21 23 -24 -25 26 -27 -28 -29
leaf_value=5.5460461878533684e-07 -0.00094024947477132576 -2.3320981222182353e-06 -1.7713603537778024e-05 -8.1629408917228494e-08 -5.0217261698216195e-05 -8.1629408917228494e-08 -0.0004135603418182723 0.0016387437146285705 9.2126405318578151e-06 -5.8976917574369858e-05 3.6310920514906998e-05 -9.723427966647142e-07 -3.4827901892368971e-06 -0.00028721240593050022 0.00029464156604741749 0.0026330484856398814 -0.0007907578959942121 -4.5344743512148359e-05 -0.00016821122005445082 2.12215327018686e-06 7.0805117051907227e-05 4.6595417408418651e-05 -0.00029502996506034266 -5.8286999017926521e-05 -7.0678934126025902e-06 -0.0021760735331265361 7.0769593803010275e-05 -0.00067567060015437689
leaf_weight=3053 30 7036 403 20531 2294 3302 187 56 1315 394 3873 7119 3508 617 74 32 79 306 106 7466 2487 15000 3447 15792 35212 34 20054 34
leaf_count=3053 30 7036 403 20531 2294 3302 187 56 1315 394 3873 7119 3508 617 74 32 79 306 106 7466 2487 15000 3447 15792 35212 34 20054 34
internal_value=-0.00203181 -0.00507679 -0.00729177 -0.00909221 -0.0122486 -0.00212323 -0.000370418 -0.00307377 -0.00113182 -0.00955556 -6.97886e-05 0.000627729 -0.00123838 -3.39103e-05 -0.00491968 -0.00148649 -0.00408497 -8.15119e-05 -0.00319253 0.000122234 -2.07787e-05 -0.000285901 -0.00156724 -3.89712e-05 0.000153352 -0.00357143 0.000197228 -0.0148438
internal_weight=153841 60949 41444 33163 22825 10338 19505 1952 1502 450 17553 10992 6561 92892 249 185 153 8281 509 7772 92643 36726 5934 30792 55917 651 55266 64
internal_count=153841 60949 41444 33163 22825 10338 19505 1952 1502 450 17553 10992 6561 92892 249 185 153 8281 509 7772 92643 36726 5934 30792 55917 651 55266 64
is_linear=0
shrinkage=0.05


Tree=186
num_leaves=29
num_cat=0
split_feature=4 3 13 13 32 13 25 0 0 1 38 39 0 13 25 38 25 32 34 39 3 4 3 25 34 3 25 0
split_gain=371.886 260.631 212.617 291.795 149.798 36.0876 6.70662 9.82815 8.04937 7.91696 6.79706 7.51568 6.73001 2.18256 3.39095 2.86133 1.73304 4.09782 5.08466 2.6338 1.94973 1.70674 4.88763 3.97659 8.51696 6.87401 3.26405 2.3116
threshold=1.0000000180025095e-35 -0.10210046172142027 12.92698907852173 -4.518629550933837 14.500000000000002 -13.842182159423826 0.46834939718246466 -0.033798407763242715 -0.16164007782936093 -0.6110212206840514 0.19610068202018741 2.0838214159011845 -0.45384354889392847 24.528713226318363 0.0044128096196800479 -0.066833369433879838 2.3506062030792241 14.500000000000002 1.5000000000000002 -1.6917468309402464 -1.1688111424446104 6.7249999046325692 -2.030936479568481 0.87151888012886058 1.5000000000000002 -5.5044207572937003 0.68973770737648021 -0.23161368072032926
decision_type=2 2 2 2 2 2 2 2 2 2 2 2 2 2 2 2 2 2 2 2 2 2 2 2 2 2 2 2
left_child=1 6 3 5 -5 -3 10 8 -8 -9 11 -1 -12 15 -15 -4 21 18 20 -20 -18 23 27 25 -25 -2 -24 -23
right_child=16 2 13 4 -6 -7 7 9 -10 -11 12 -13 -14 14 -16 -17 17 -19 19 -21 -22 22 26 24 -26 -27 -28 -29
leaf_value=1.6141590709744728e-07 -0.00053123021902827495 -2.2154932161073082e-06 -3.1807151477177476e-05 -7.7547938471367073e-08 -4.7706398613305348e-05 -7.7547938471367073e-08 -0.00012989533221419101 0.001556806528897142 0.00029658467173276828 -5.6028071695651362e-05 -5.8669425006259099e-05 -2.1122850193361845e-06 -8.0189098525480042e-06 -5.7640905886071069e-05 -5.4382599928647798e-06 2.185600532293359e-05 -0.0010404009845085143 -0.002164970183327676 -0.00049955331974679774 0.00020411901739253967 -0.00019456056116023371 -0.00021358020514614942 -5.4458154421834982e-06 -0.00015606522645876826 0.00088366573694733113 1.6983690354555134e-05 -0.00015841534436460068 -0.0019098528608531885
leaf_weight=15687 515 7036 366 20531 2294 3302 1105 56 397 394 127 1130 609 242 5982 1691 34 36 43 229 42 87 58085 754 983 29212 2764 108
leaf_count=15687 515 7036 366 20531 2294 3302 1105 56 397 394 127 1130 609 242 5982 1691 34 36 43 229 42 87 58085 754 983 29212 2764 108
internal_value=-0.00202466 -0.00505956 -0.00730263 -0.00909221 -0.0122486 -0.00212323 -0.000293514 -0.00307377 -0.00113182 -0.00955556 1.56668e-05 0.000221502 -0.0046875 -0.000135853 -0.000602506 0.00127613 -3.33721e-05 -0.00338542 -0.00172414 0.00147059 -0.0131579 -1.94578e-05 -0.000173645 0.000279685 0.00260507 0.000143809 -0.000148318 -0.00807692
internal_weight=153841 60949 41444 33163 22825 10338 19505 1952 1502 450 17553 16817 736 8281 6224 2057 92892 384 348 272 76 92508 61044 31464 1737 29727 60849 195
internal_count=153841 60949 41444 33163 22825 10338 19505 1952 1502 450 17553 16817 736 8281 6224 2057 92892 384 348 272 76 92508 61044 31464 1737 29727 60849 195
is_linear=0
shrinkage=0.05


Tree=187
num_leaves=26
num_cat=0
split_feature=4 3 13 13 32 13 39 2 24 39 2 25 3 25 21 25 2 13 32 25 24 21 24 7 7
split_gain=366.394 265.702 217.228 291.795 149.798 36.0876 6.28169 9.63033 8.99351 8.56218 6.86694 6.36011 4.57346 2.24364 6.02152 2.41722 1.83597 2.89639 2.06373 2.12986 1.68975 1.62776 4.81731 3.57354 0.501465
threshold=1.0000000180025095e-35 -0.10210046172142027 12.92698907852173 -4.518629550933837 14.500000000000002 -13.842182159423826 -3.4769341945648189 0.12080512195825578 1.5000000000000002 -2.6133313179016109 -0.015758932568132874 0.5737033784389497 -0.49673308432102198 0.026541807688772682 0.92499998211860668 0.070480674505233779 -1.1961632370948789 -635.79904174804676 14.500000000000002 0.17656463384628299 1.0000000180025095e-35 0.92499998211860668 1.5000000000000002 0.2142710015177727 0.019333906471729282
decision_type=2 2 2 2 2 2 2 2 2 2 2 2 2 2 2 2 2 2 2 2 2 2 2 2 2
left_child=1 6 3 5 -5 -3 7 11 10 -10 -8 -1 -9 14 -4 -15 17 -2 19 -19 24 23 -23 -22 -18
right_child=16 2 13 4 -6 -7 8 12 9 -11 -12 -13 -14 15 -16 -17 20 18 -20 -21 21 22 -24 -25 -26
leaf_value=-1.5384131762409814e-05 -0.00089435001927357181 -2.1047185553019296e-06 0.00012305899696838835 -7.3670541547798721e-08 -4.5321078682640171e-05 -7.3670541547798721e-08 5.8125927545708699e-08 -0.00020309740706275843 8.588939592454821e-05 1.111343097571994e-07 -6.5767668863179006e-06 -0.00018875111907293914 0.00071427736107907553 -3.9995851308120005e-05 -5.2905233828881987e-05 8.7839907673369376e-07 -0.00019125671858104864 0.00025684217120246628 0.0024324122250546608 -0.00074257354283243163 9.7748174433047809e-06 -0.00012427447350405089 -5.4006357100161179e-06 0.00091451751144841639 -0.00059826056621347637
leaf_weight=3101 41 7036 1245 20531 2294 3302 1228 212 2078 11072 1204 119 491 1937 526 4573 30 83 37 88 55363 3572 33124 519 35
leaf_count=3101 41 7036 1245 20531 2294 3302 1228 212 2078 11072 1204 119 491 1937 526 4573 30 83 37 88 55363 3572 33124 519 35
internal_value=-0.00200613 -0.00501854 -0.00728332 -0.00909221 -0.0122486 -0.00212323 -0.000206357 -0.00199465 0.000243871 0.000760456 -0.00254934 -0.00315217 0.00330725 -3.92465e-05 0.00153868 -0.00046851 -2.96043e-05 -0.00431727 -0.00192308 -0.00423977 -1.80802e-05 -1.2422e-05 -0.000271147 0.000157475 -0.00807692
internal_weight=153841 60949 41444 33163 22825 10338 19505 3923 15582 13150 2432 3220 703 8281 1771 6510 92892 249 208 171 92643 92578 36696 55882 65
internal_count=153841 60949 41444 33163 22825 10338 19505 3923 15582 13150 2432 3220 703 8281 1771 6510 92892 249 208 171 92643 92578 36696 55882 65
is_linear=0
shrinkage=0.05


Tree=188
num_leaves=27
num_cat=0
split_feature=4 13 13 13 1 13 22 1 1 2 13 22 25 2 2 21 0 1 4 22 7 4 10 38 0 22
split_gain=378.577 166.91 331.94 121.704 70.7994 21.8141 16.4035 10.1443 4.66238 1.83828 2.89639 2.55621 1.8632 1.78186 2.68314 4.43166 2.15808 1.98601 1.74671 2.95983 2.66236 4.33402 2.56549 2.20446 2.02851 1.58477
threshold=1.0000000180025095e-35 12.92698907852173 -3.4262548685073848 0.00075226789808231222 -0.060611730441451066 -13.842182159423826 0.054519345983862884 0.34781159460544592 -0.017992522567510601 -1.1961632370948789 -635.79904174804676 0.73668622970581066 0.17656463384628299 0.75919079780578624 0.58073779940605175 0.22500000149011615 0.42942768335342413 -0.030334654264152047 91.299999237060561 0.3358083069324494 0.2142710015177727 13.775000095367433 1.0000000180025095e-35 0.2878114134073258 -1.1507896184921262 0.43352334201335913
decision_type=2 2 2 2 2 2 2 2 2 2 2 2 2 2 2 2 2 2 2 2 2 2 2 2 2 2
left_child=1 2 5 4 -4 8 -5 -7 -1 10 -2 -12 -13 14 16 -16 -3 -15 20 23 24 -22 -21 -20 -11 -19
right_child=9 13 3 6 -6 7 -8 -9 -10 18 11 12 -14 17 15 -17 -18 25 19 22 21 -23 -24 -25 -26 -27
leaf_value=-1.1607692909600902e-05 -0.00084963251830989328 -3.4071966156525443e-06 -6.9987014470408788e-08 -6.9987014470408788e-08 -6.9987014470408788e-08 -6.9987014470408788e-08 -6.9987014470408788e-08 -6.9987014470408788e-08 1.4173563454125352e-05 0.00019039398172903538 -0.001391052320519288 0.00052848984247958115 -0.00051018783012899283 -0.00010029366118073581 1.1805346154092254e-05 -0.00013687470436742614 1.5573893911282498e-05 0.001056938421251849 -0.00015335749498104673 -0.00094982349249915921 -0.0012049573016397455 0.0013509302070611271 -0.00041335368608419768 0.00038891873292353732 -4.1746490190524083e-06 0.0013226481365723301
leaf_weight=9852 41 12273 9915 768 10101 5695 8218 189 3043 1635 39 78 91 34 207 212 304 54 444 50 71 488 98 106 89751 84
leaf_count=9852 41 12273 9915 768 10101 5695 8218 189 3043 1635 39 78 91 34 207 212 304 54 444 50 71 488 98 106 89751 84
internal_value=-0.00203603 -0.00509811 -0.00647171 -0.00982518 -0.0119954 -0.00129267 -0.0049911 -0.00381543 -0.000141528 -2.6913e-05 -0.00431727 -0.00192308 0.000739645 -0.000113913 -0.000180825 -0.00411695 -4.96939e-05 0.00494186 -1.53816e-05 -0.00250716 3.53472e-06 0.00344365 -0.00878378 -0.000818182 -1.75082e-05 0.0076087
internal_weight=153841 60949 47781 29002 20016 18779 8986 5884 12895 92892 249 208 169 13168 12996 419 12577 172 92643 698 91945 559 148 550 91386 138
internal_count=153841 60949 47781 29002 20016 18779 8986 5884 12895 92892 249 208 169 13168 12996 419 12577 172 92643 698 91945 559 148 550 91386 138
is_linear=0
shrinkage=0.05


Tree=189
num_leaves=31
num_cat=0
split_feature=4 3 13 13 13 13 39 1 22 0 24 25 2 22 2 22 0 22 3 1 3 22 39 1 0 1 34 3 39 2
split_gain=378.244 251.22 215.421 290.959 106.466 35.8451 5.65838 12.2441 9.77185 8.88093 7.03142 7.14849 6.02584 2.22799 3.42988 3.39456 1.76219 4.23196 10.7857 8.198 5.72678 13.2071 7.23272 4.74845 3.18131 9.60958 8.4733 6.38747 7.82409 6.19026
threshold=1.0000000180025095e-35 -0.10210046172142027 12.92698907852173 -4.518629550933837 0.00075226789808231222 -13.842182159423826 -3.3376760482788081 -0.88948306441307057 0.66842818260192882 -0.49577102065086359 1.5000000000000002 1.828366279602051 -0.015758932568132874 0.028086829930543903 0.010213079396635296 0.057398274540901191 -0.04626913554966449 0.2075925096869469 -0.377222329378128 -0.34319578111171717 -0.14038556814193723 0.42562603950500494 1.0349489450454714 -0.20879256725311277 0.087825670838356032 -0.26032507419586176 1.0000000180025095e-35 -0.2138758301734924 -0.46583348512649531 0.44401271641254431
decision_type=2 2 2 2 2 2 2 2 2 2 2 2 2 2 2 2 2 2 2 2 2 2 2 2 2 2 2 2 2 2
left_child=1 6 3 5 -5 -3 7 9 -9 -1 12 -12 -8 14 -4 -15 17 18 19 -2 22 -22 -19 -20 27 -26 -27 28 -18 -29
right_child=16 2 13 4 -6 -7 10 8 -10 -11 11 -13 -14 15 -16 -17 24 20 23 -21 21 -23 -24 -25 25 26 -28 29 -30 -31
leaf_value=-9.1603313281963505e-05 0.0020159966892551247 -1.9301229806262893e-06 -0.00014421641678109056 -6.6487663746888349e-08 -6.6487663746888349e-08 -6.6487663746888349e-08 4.4026912844374296e-08 -9.0363761080268159e-06 0.0021354138724707086 -0.00012335816655152507 3.7999873722204936e-07 -0.00036369378137335106 -6.2252457876739616e-06 2.1243454348512277e-05 2.6888985847925414e-06 -5.011088932973059e-06 -5.0769156626210341e-05 5.7974752451361165e-05 -0.00018373040411710117 -0.00027333156880915524 -6.7968212885587481e-07 -0.00047921056889338909 -0.00031503157734241721 1.1717005779858861e-05 -0.00055024397267622229 0.00023184175984390177 -3.4861006787907053e-05 -8.7269295686292359e-07 0.00022709973406927469 0.0008024462390136439
leaf_weight=162 67 7036 40 16468 6357 3302 1202 3816 222 211 12455 260 1177 356 41 7844 2582 21333 1750 967 4638 1586 815 4809 1222 3763 21462 22581 5021 296
leaf_count=162 67 7036 40 16468 6357 3302 1202 3816 222 211 12455 260 1177 356 41 7844 2582 21333 1750 967 4638 1586 815 4809 1222 3763 21462 22581 5021 296
internal_value=-0.00203246 -0.00509319 -0.00729539 -0.00909673 -0.0122486 -0.00213774 -0.000413996 -0.00198934 -0.00118871 -0.0106568 4.6376e-05 0.000513173 -0.00244851 -8.15119e-05 -0.00833333 0 -2.42217e-05 -0.000298207 -0.00134664 -0.00609284 -1.7623e-05 -0.00135765 0.000358949 -0.000598414 0.000148875 -0.000252392 -4.26165e-05 0.000497047 0.0017526 7.97744e-05
internal_weight=153841 60949 41444 33163 22825 10338 19505 4411 4038 373 15094 12715 2379 8281 81 8200 92892 35965 7593 1034 28372 6224 22148 6559 56927 26447 25225 30480 7603 22877
internal_count=153841 60949 41444 33163 22825 10338 19505 4411 4038 373 15094 12715 2379 8281 81 8200 92892 35965 7593 1034 28372 6224 22148 6559 56927 26447 25225 30480 7603 22877
is_linear=0
shrinkage=0.05


Tree=190
num_leaves=31
num_cat=0
split_feature=4 3 13 13 32 13 24 25 25 25 13 22 3 0 38 38 3 32 2 0 7 4 2 25 22 0 4 38 38 4
split_gain=376.517 252.509 214.268 290.959 149.798 35.8451 4.83934 6.1229 7.05495 5.9542 6.60396 5.16574 2.87917 2.21794 3.86477 3.07441 1.81939 5.46915 6.52942 6.73824 4.18218 3.90877 3.83397 9.98067 5.33647 2.18687 2.17041 4.66372 2.29056 2.11294
threshold=1.0000000180025095e-35 -0.10210046172142027 12.92698907852173 -4.518629550933837 14.500000000000002 -13.842182159423826 1.5000000000000002 1.828366279602051 0.098036963492631926 0.098036963492631926 -3.4262548685073848 0.051583386957645423 -2.030936479568481 0.41921372711658483 0.037382680922746665 1.0000000180025095e-35 0.31943830847740179 27.500000000000004 0.59652218222618114 0.36989095807075506 0.012775973882526161 45.274999618530281 0.74247610569000255 0.24467556178569796 0.76530429720878612 0.3220489770174027 61.875000000000007 0.25620965659618383 0.38787573575973516 16.024999618530277
decision_type=2 2 2 2 2 2 2 2 2 2 2 2 2 2 2 2 2 2 2 2 2 2 2 2 2 2 2 2 2 2
left_child=1 6 3 5 -5 -3 9 8 -8 11 -11 -1 -9 15 -15 -4 22 20 19 -19 25 -22 26 29 -25 -18 28 -28 -2 -24
right_child=16 2 13 4 -6 -7 7 12 -10 10 -12 -13 -14 14 -16 -17 17 18 -20 -21 21 -23 23 24 -26 -27 27 -29 -30 -31
leaf_value=0.00010418107498961389 3.0091672562820863e-06 -1.8336168315949747e-06 -2.1775561727959954e-05 -6.3163280559543934e-08 -4.3048201014597374e-05 -6.3163280559543934e-08 -1.5483766107836879e-06 -0.00039089906662333743 1.2834514317457005e-06 1.1727767407909706e-05 -1.1425675253076302e-05 -6.9528214644528741e-07 -0.00029474577155064354 1.2324514972021639e-05 -0.00012978041470240617 1.6810851886315965e-05 0.00020223756566349071 0.0015117595309723092 0.0026984464198007972 -0.0015691570991598674 -0.00025752507677369812 0.00014512090176773003 0.0011448465573283527 0.00021048221684633677 -0.0007483226626839993 -2.3393895108895799e-05 -0.00021067974858331227 0.00029539973111346042 -0.00017655361423744777 0.00028290950891983539
leaf_weight=190 84783 7036 5366 20531 2294 3302 10115 48 6338 359 1027 1216 212 693 66 2156 391 131 111 62 2683 423 418 252 213 510 1206 359 1093 257
leaf_count=190 84783 7036 5366 20531 2294 3302 10115 48 6338 359 1027 1216 212 693 66 2156 391 131 111 62 2683 423 418 252 213 510 1206 359 1093 257
internal_value=-0.00203863 -0.00509237 -0.00730021 -0.00909673 -0.0122486 -0.00213774 -0.000401179 -7.92796e-05 4.1026e-05 -0.00232808 -0.00465368 -3.55619e-05 -0.00769231 -0.000105664 0.00247036 -0.000365594 -3.49869e-05 -0.00103804 0.00542763 -0.000129534 -0.00152857 -0.00239858 1.38292e-05 0.00289474 -0.00274194 0.00147059 -2.37303e-05 -0.00186901 9.89799e-06 0.00677778
internal_weight=153841 60949 41444 33163 22825 10338 19505 16713 16453 2792 1386 1406 260 8281 759 7522 92892 4311 304 193 4007 3106 88581 1140 465 901 87441 1565 85876 675
internal_count=153841 60949 41444 33163 22825 10338 19505 16713 16453 2792 1386 1406 260 8281 759 7522 92892 4311 304 193 4007 3106 88581 1140 465 901 87441 1565 85876 675
is_linear=0
shrinkage=0.05


Tree=191
num_leaves=31
num_cat=0
split_feature=4 3 13 13 32 13 39 1 38 0 39 3 25 39 38 25 4 22 34 18 2 37 34 34 37 32 34 13 0 38
split_gain=374.524 254.323 214.988 291.516 149.798 36.0066 5.24636 11.4108 10.9772 8.08823 5.7964 7.43118 5.0907 2.23023 4.13177 1.9038 1.71632 1.87799 2.021 3.55616 1.73447 5.73906 82.7149 48.7425 4.9008 16.8525 14.6076 1.49636 1.37024 1.6043
threshold=1.0000000180025095e-35 -0.10210046172142027 12.92698907852173 -4.518629550933837 14.500000000000002 -13.842182159423826 -3.3376760482788081 -0.88948306441307057 -0.11674600094556807 -0.49577102065086359 2.0838214159011845 -0.14916777610778806 1.5198326110839846 -2.6133313179016109 0.04020501300692559 0.41128018498420721 109.04999923706056 0.1457205414772034 1.5000000000000002 -1012.0517272949218 0.058991258963942535 1.0000000180025095e-35 2.5000000000000004 2.5000000000000004 1.0000000180025095e-35 2.5000000000000004 2.5000000000000004 13.859466075897219 0.118063572794199 -0.51251009106636036
decision_type=2 2 2 2 2 2 2 2 2 2 2 2 2 2 2 2 2 2 2 2 2 2 2 2 2 2 2 2 2 2
left_child=1 6 3 5 -5 -3 7 9 -9 -1 12 -12 -8 14 -4 -15 20 28 27 -20 24 22 -22 -23 26 -26 -2 -19 -18 -30
right_child=16 2 13 4 -6 -7 10 8 -10 -11 11 -13 -14 15 -16 -17 17 18 19 -21 21 23 -24 -25 25 -27 -28 -29 29 -31
leaf_value=-8.6945728787326144e-05 1.8782798222712061e-06 -1.741935990015226e-06 -0.00010267617112386503 -6.0005116531566734e-08 -4.089579096386749e-05 -6.0005116531566734e-08 2.0970664065631729e-07 0.00066142073159183661 -1.2249821701771454e-05 -0.00011725443079553608 -1.0130600057605854e-05 9.7307898236117036e-06 -0.0002992710792478497 -4.2063867960287307e-07 3.0005303955494483e-05 0.00025305080824463962 0.00011822710400594752 -0.00030573686597494179 0.00010489873614063644 -0.00064673634933752025 0.00046770438900816947 -0.00016332360488573972 -0.00014460712493893541 0.00022538083502121644 -2.1754147283105375e-05 0.0007508105338474816 -0.0001912087340576232 0.00086667123848560351 0.0010415122314501881 -0.00021575160343708803
leaf_weight=162 12889 7036 310 20531 2294 3302 13441 825 3213 211 772 471 410 7558 152 261 50 88 45 94 9077 19013 13926 12917 17042 2279 5284 61 30 97
leaf_count=162 12889 7036 310 20531 2294 3302 13441 825 3213 211 772 471 410 7558 152 261 50 88 45 94 9077 19013 13926 12917 17042 2279 5284 61 30 97
internal_value=-0.00203278 -0.00507843 -0.00729418 -0.00909372 -0.0122486 -0.00212807 -0.000370418 -0.00188733 -0.00111441 -0.0102547 7.28766e-05 -0.00319791 0.0003664 -8.75498e-05 -0.0034632 0.000111907 -3.44486e-05 -0.00306452 -0.00555556 -0.00989209 -1.92043e-05 0.00015974 0.000761857 -0.000274037 -0.000281378 0.000273019 -0.000870797 -0.00151007 0.000988701 -0.00177165
internal_weight=153841 60949 41444 33163 22825 10338 19505 4411 4038 373 15094 1243 13851 8281 462 7819 92892 465 288 139 92427 54933 23003 31930 37494 19321 18173 149 177 127
internal_count=153841 60949 41444 33163 22825 10338 19505 4411 4038 373 15094 1243 13851 8281 462 7819 92892 465 288 139 92427 54933 23003 31930 37494 19321 18173 149 177 127
is_linear=0
shrinkage=0.05


Tree=192
num_leaves=31
num_cat=0
split_feature=4 3 13 13 32 13 38 3 20 25 34 38 0 0 34 22 22 25 0 7 13 25 13 22 34 1 37 3 2 4
split_gain=371.355 260.564 214.412 291.516 149.798 36.0066 4.28006 4.88586 4.68379 3.96231 5.28383 4.55379 2.978 2.09583 8.94659 2.62061 1.83879 3.75111 4.39153 2.48831 2.1256 2.02058 1.94001 1.86074 8.82491 8.64062 7.77027 5.95939 2.60368 2.02163
threshold=1.0000000180025095e-35 -0.10210046172142027 12.92698907852173 -4.518629550933837 14.500000000000002 -13.842182159423826 0.19610068202018741 -0.53761661052703846 -1.0000000180025095e-35 1.5198326110839846 2.5000000000000004 -0.0054282464552670709 -0.71135804057121266 0.41921372711658483 3.5000000000000004 0.26907840371131903 2.2804714441299443 0.50130507349967968 0.0032541416585445408 0.068136669695377364 234.00148773193362 0.34901019930839544 802.21221923828136 1.1484612226486208 2.5000000000000004 -1.4980996847152708 1.0000000180025095e-35 -7.0460891723632804 -0.4680743515491485 1.5749999880790713
decision_type=2 2 2 2 2 2 2 2 2 2 2 2 2 2 2 2 2 2 2 2 2 2 2 2 2 2 2 2 2 2
left_child=1 6 3 5 -5 -3 9 12 -9 11 -11 -1 -8 15 -15 -4 23 20 19 -19 21 -18 -22 27 25 -25 -26 29 -29 -2
right_child=16 2 13 4 -6 -7 7 8 -10 10 -12 -13 -14 14 -16 -17 17 18 -20 -21 22 -23 -24 24 26 -27 -28 28 -30 -31
leaf_value=-1.772176132278357e-06 -0.0013482709355199616 -1.6548391905144648e-06 1.7961204677472407e-06 -5.7004860704988402e-08 -3.8851001415673993e-05 -5.7004860704988402e-08 3.2461641655466135e-06 2.5261159661514865e-05 -1.2196313402113246e-05 -0.00022069534247265164 -0.00047101190240040345 1.8242594162217566e-07 -0.00012037611848690479 1.7262535861223618e-06 0.0031787516648315462 -5.3594085245938721e-05 8.3788088656144063e-05 -0.00039985786951314447 0.0011172700050508799 -0.00099104721824738794 -0.0011114226682318929 0.0010887065568493954 0.00014822977791259639 5.5931479109540273e-05 -0.0014203577190007115 0.0009260168526195946 9.7385886027282972e-05 -0.00024728382790662059 -1.8093821510609816e-08 -0.00038345655888277611
leaf_weight=5897 72 7036 5858 20531 2294 3302 30 204 419 345 65 12433 112 654 105 1664 242 274 33 65 35 45 38 1969 284 1068 384 2135 86216 32
leaf_count=5897 72 7036 5858 20531 2294 3302 30 204 419 345 65 12433 112 654 105 1664 242 274 33 65 35 45 38 1969 284 1068 384 2135 86216 32
internal_value=-0.00202108 -0.00505382 -0.00729659 -0.00909372 -0.0122486 -0.00212807 -0.000288388 -0.00395425 -0.00204655 -0.000138741 -0.005 -3.00055e-05 -0.0123239 -9.96256e-05 0.00240448 -0.0003523 -3.12191e-05 -0.00252732 -0.00604839 -0.00774336 0.00111111 0.00304878 -0.00650685 -1.13932e-05 0.00108637 0.00223082 -0.00411677 -5.73738e-05 -4.32932e-05 -0.0120192
internal_weight=153841 60949 41444 33163 22825 10338 19505 765 623 18740 410 18330 142 8281 759 7522 92892 732 372 339 360 287 73 92160 3705 3037 668 88455 88351 104
internal_count=153841 60949 41444 33163 22825 10338 19505 765 623 18740 410 18330 142 8281 759 7522 92892 732 372 339 360 287 73 92160 3705 3037 668 88455 88351 104
is_linear=0
shrinkage=0.05


Tree=193
num_leaves=30
num_cat=0
split_feature=4 3 13 13 32 13 38 37 32 25 34 25 38 38 39 39 4 22 10 7 10 4 13 34 4 24 7 13 8
split_gain=371.704 263.206 212.33 291.795 149.798 36.0876 4.19372 4.34992 4.49122 4.00592 5.28383 4.23693 2.33882 1.98404 3.08392 3.0756 1.68145 2.80858 2.1457 1.97922 3.91825 4.8081 1.9175 2.26127 1.78463 5.56155 3.46173 1.64983 0.416667
threshold=1.0000000180025095e-35 -0.10210046172142027 12.92698907852173 -4.518629550933837 14.500000000000002 -13.842182159423826 0.19610068202018741 1.0000000180025095e-35 8.5000000000000018 1.5198326110839846 2.5000000000000004 1.0245496630668642 0.23002020269632342 -0.089304592460393892 0.028029168955981735 -2.7810919284820552 91.299999237060561 0.3358083069324494 1.0000000180025095e-35 0.2142710015177727 0.45856748521327978 16.82499980926514 -241.99971008300778 5.0000000000000009 12.625000000000002 2.5000000000000004 0.14139872044324878 -5.1424922943115225 0.050709288567304618
decision_type=2 2 2 2 2 2 2 2 2 2 2 2 2 2 2 2 2 2 2 2 2 2 2 2 2 2 2 2 2
left_child=1 6 3 5 -5 -3 9 12 -9 11 -11 -1 -8 15 -15 -4 19 22 -19 24 21 -21 -18 -24 26 -26 -2 -20 -22
right_child=16 2 13 4 -6 -7 7 8 -10 10 -12 -13 -14 14 -16 -17 17 18 27 20 28 -23 23 -25 25 -27 -28 -29 -30
leaf_value=-1.2337314283652454e-07 1.2759436463485008e-05 -1.5720972309887416e-06 -0.00030177563565703098 -5.4154617669738983e-08 -3.6908451344890363e-05 -5.4154617669738983e-08 -9.3451906334457433e-05 -1.0896463581713573e-05 -0.00038653376810270161 -0.00020966057534901905 -0.00044746130728038334 0.0006131319218900845 0.0006701072905585402 -6.5986950733375683e-06 9.1002756659465939e-05 -1.9144487757779965e-05 -0.00078408454448330935 -0.00087147617899566404 -0.00058200269885353155 -0.0011198480828448563 -0.004000696528294166 0.0017394949198241668 9.3071433914208144e-05 -0.00044294874876075823 6.0113633915743864e-05 -5.2620016611237486e-05 -0.00058218523326493724 0.0010391603483932193 -0.0019177398078735466
leaf_weight=18077 56418 7036 68 20531 2294 3302 66 516 70 345 65 253 113 5666 1620 927 35 50 54 100 30 413 396 119 10074 24823 305 45 30
leaf_count=18077 56418 7036 68 20531 2294 3302 66 516 70 345 65 253 113 5666 1620 927 35 50 54 100 30 413 396 119 10074 24823 305 45 30
internal_value=-0.00201556 -0.00504971 -0.00730383 -0.00909221 -0.0122486 -0.00212323 -0.00026019 -0.00388889 -0.0059727 -0.00011206 -0.005 -2.72777e-06 0.00293296 -0.000141891 0.000144112 -0.00223618 -2.47599e-05 -0.00246781 -0.00855705 -6.23692e-06 0.00292321 0.00433723 -0.000818182 -4.85437e-05 -2.4558e-05 -0.0003059 0.000148529 -0.00429293 -0.00916667
internal_weight=153841 60949 41444 33163 22825 10338 19505 765 586 18740 410 18330 179 8281 7286 995 92892 699 149 92193 573 513 550 515 91620 34897 56723 99 60
internal_count=153841 60949 41444 33163 22825 10338 19505 765 586 18740 410 18330 179 8281 7286 995 92892 699 149 92193 573 513 550 515 91620 34897 56723 99 60
is_linear=0
shrinkage=0.05


Tree=194
num_leaves=29
num_cat=0
split_feature=4 3 13 13 32 13 38 3 25 0 25 34 3 1 25 0 25 32 34 38 2 3 34 0 21 34 2 3
split_gain=372.235 263.274 210.9 291.795 149.798 36.0876 3.74155 4.78057 4.25374 12.039 5.61225 3.54696 3.27461 1.86273 3.88037 3.7492 1.73973 4.09782 4.51635 3.06091 1.73278 11.6295 13.0043 7.28861 6.75396 5.16506 4.88177 1.60994
threshold=1.0000000180025095e-35 -0.10210046172142027 12.92698907852173 -4.518629550933837 14.500000000000002 -13.842182159423826 0.19610068202018741 -0.53761661052703846 0.46834939718246466 -0.033798407763242715 0.15044230222702029 3.5000000000000004 -0.746020346879959 -0.57997438311576832 0.10477743670344354 -0.14170248061418531 2.3506062030792241 14.500000000000002 1.5000000000000002 -0.023340757936239239 0.48264084756374365 -1.3293060660362241 3.5000000000000004 0.28088290989398962 0.97499999403953563 1.0000000180025095e-35 0.33334046602249151 -1.1688111424446104
decision_type=2 2 2 2 2 2 2 2 2 2 2 2 2 2 2 2 2 2 2 2 2 2 2 2 2 2 2 2
left_child=1 6 3 5 -5 -3 8 12 10 -10 -1 -9 -8 14 -4 -15 20 18 27 -20 23 25 -23 26 -25 -22 -2 -18
right_child=16 2 13 4 -6 -7 7 11 9 -11 -12 -13 -14 15 -16 -17 17 -19 19 -21 21 22 -24 24 -26 -27 -28 -29
leaf_value=-6.2334193350437127e-07 -3.7430361123389954e-06 -1.4934923694393045e-06 0.0015647799324467505 -5.1446886786252028e-08 -3.5063028777646003e-05 -5.1446886786252028e-08 -4.8749108912075344e-06 6.307998866094605e-07 -3.3901658812614617e-06 -2.012998559154096e-05 9.1874700480954203e-07 -6.152331462017609e-05 -0.00024587688594515802 -0.00011214441738052955 -4.1012416737573201e-05 -1.57731343302591e-07 -0.0010177711322610775 -0.0020607818596911002 0.00088542935056602702 -4.4586943998713159e-05 0.002035497694733364 9.9916758885302072e-06 0.00090554474735835596 -0.00014195052928117128 -0.00090110568129239525 -0.0011364284288593971 0.00019166325230582007 -0.0001987798540275717
leaf_weight=13004 76156 7036 58 20531 2294 3302 59 467 1474 449 3813 156 83 328 31 7864 34 36 46 226 32 6364 1582 4190 284 446 3454 42
leaf_count=13004 76156 7036 58 20531 2294 3302 59 467 1474 449 3813 156 83 328 31 7864 34 36 46 226 32 6364 1582 4190 284 446 3454 42
internal_value=-0.00201913 -0.00505546 -0.00730986 -0.00909221 -0.0122486 -0.00212323 -0.000265317 -0.00369281 -0.0001254 -0.00235309 0.000129333 -0.00180578 -0.0119718 -0.000172081 0.00702247 -0.000250244 -2.6913e-05 -0.00338542 -0.00172414 0.00128676 -1.29719e-05 0.000670703 0.00112635 -8.14662e-05 -0.00204515 -0.00690377 2.88908e-05 -0.0125
internal_weight=153841 60949 41444 33163 22825 10338 19505 765 18740 1923 16817 623 142 8281 89 8192 92892 384 348 272 92508 8424 7946 84084 4474 478 79610 76
internal_count=153841 60949 41444 33163 22825 10338 19505 765 18740 1923 16817 623 142 8281 89 8192 92892 384 348 272 92508 8424 7946 84084 4474 478 79610 76
is_linear=0
shrinkage=0.05


Tree=195
num_leaves=29
num_cat=0
split_feature=4 3 24 32 25 22 0 32 37 25 1 34 25 3 25 34 25 32 34 8 4 7 10 22 3 34 0 3
split_gain=378.616 250.559 119.784 74.1098 44.8236 25.6857 29.8306 13.1822 4.85087 13.0312 12.4184 11.3741 8.8997 8.24399 7.0249 3.71617 1.8784 4.34702 4.79407 2.59931 1.74262 2.06995 3.9138 1.87799 1.73153 1.69962 1.37024 1.3307
threshold=1.0000000180025095e-35 -0.10210046172142027 2.5000000000000004 14.500000000000002 0.0050568901933729657 0.069670796394348158 -0.12748190760612485 14.500000000000002 1.0000000180025095e-35 0.22058653831481936 -0.43018215894699091 1.0000000180025095e-35 0.025086523033678535 -0.13065119087696073 0.87151888012886058 1.0000000180025095e-35 2.3506062030792241 2.5000000000000004 1.5000000000000002 0.036298429593443877 109.04999923706056 0.2142710015177727 0.67461988329887401 0.1457205414772034 0.4791549444198609 1.5000000000000002 0.118063572794199 -1.1688111424446104
decision_type=2 2 2 2 2 2 2 2 2 2 2 2 2 2 2 2 2 2 2 2 2 2 2 2 2 2 2 2
left_child=1 8 3 4 -3 7 -7 -4 12 11 -11 -10 13 -1 -14 -5 20 18 27 -20 21 24 -23 26 -2 -25 -22 -18
right_child=16 2 5 15 -6 6 -8 -9 9 10 -12 -13 14 -15 -16 -17 17 -19 19 -21 23 22 -24 25 -26 -27 -28 -29
leaf_value=-2.9077579860186209e-06 -1.8977834034598213e-06 -4.8874542446939422e-08 -4.8874542446939422e-08 0.0016015070897089081 -4.8874542446939422e-08 -4.8874542446939422e-08 -4.8874542446939422e-08 0.00013959257564369367 -2.5096206394414954e-05 -0.00016230437902216613 3.362532448399506e-06 2.6676086598597081e-07 9.5147877642969139e-06 0.00017619732579554338 -4.2189443958726199e-06 -9.9223383058229947e-05 -0.00090521364436973388 -0.0014484800835305714 0.00035212608722917616 -0.00058488368319518664 0.00010785023360663209 0.00085221657992224503 -0.0042006800029405758 -4.7892976964214289e-05 0.00032800484149942446 -0.00047050057632680941 -3.8922778556590038e-05 -0.00023248317348646618
leaf_weight=1694 91098 1955 1908 256 14798 2007 19030 202 2312 919 313 7399 5671 296 901 1288 32 54 179 78 50 562 32 149 351 139 127 41
leaf_count=1694 91098 1955 1908 256 14798 2007 19030 202 2312 919 313 7399 5671 296 901 1288 32 54 179 78 50 562 32 149 351 139 127 41
internal_value=-0.00203506 -0.00509729 -0.00729659 -0.01032 -0.011286 -0.00490668 -0.00437919 -0.0101659 -0.00042425 -0.00112172 -0.00596591 -0.000507157 0.000467181 -0.00246231 0.00135423 0.000161917 -2.58365e-05 -0.00351563 -0.00136364 0.00184825 -1.13504e-05 4.07418e-06 0.00294613 -0.00306452 -1.50357e-05 -0.00555556 0.000988701 -0.0126712
internal_weight=153841 60949 41444 18297 16753 23147 21037 2110 19505 10943 1232 9711 8562 1990 6572 1544 92892 384 330 257 92508 92043 594 465 91449 288 177 73
internal_count=153841 60949 41444 18297 16753 23147 21037 2110 19505 10943 1232 9711 8562 1990 6572 1544 92892 384 330 257 92508 92043 594 465 91449 288 177 73
is_linear=0
shrinkage=0.05


Tree=196
num_leaves=31
num_cat=0
split_feature=4 13 13 13 32 13 39 22 1 4 13 39 0 38 9 38 7 22 10 22 39 0 2 0 0 1 2 22 38 11
split_gain=377.919 163.437 329.603 126.832 127.17 22.0075 18.5081 14.0639 4.62021 1.67121 3.85013 2.89479 3.34506 2.85697 2.52036 3.43403 1.97397 3.25619 3.3255 1.69479 4.35971 2.08933 1.61326 2.35422 3.93515 1.88077 1.81806 1.41759 1.36258 1.16203
threshold=1.0000000180025095e-35 12.92698907852173 -3.4262548685073848 0.00075226789808231222 10.500000000000002 -13.842182159423826 3.0046374797821049 0.054519345983862884 -0.017992522567510601 73.799999237060561 567.14498901367199 0.64328655600547802 0.42942768335342413 0.25620965659618383 0.27781334519386297 -0.041224423795938485 0.2142710015177727 1.302780866622925 0.088339064270257964 0.07188716903328897 -2.2433018684387203 -0.065302174538373933 0.75919079780578624 0.53900858759880077 0.55615735054016124 -0.030334654264152047 0.16204221546649936 0.43352334201335913 0.2878114134073258 0.27420678734779363
decision_type=2 2 2 2 2 2 2 2 2 2 2 2 2 2 2 2 2 2 2 2 2 2 2 2 2 2 2 2 2 2
left_child=1 2 5 4 -4 8 -7 -5 -1 16 11 12 -11 -13 15 -12 19 18 -18 20 -2 -21 23 26 -25 -24 -3 -27 -16 -19
right_child=9 22 3 7 -6 6 -8 -9 -10 10 14 13 -14 -15 28 -17 17 29 -20 21 -22 -23 25 24 -26 27 -28 -29 -30 -31
leaf_value=-1.0917398097127485e-05 0.00013874051156545874 -1.286893693048484e-05 -4.6430815324592453e-08 -4.6430815324592453e-08 -2.9729204314540153e-05 -4.6430815324592453e-08 -4.6430815324592453e-08 -4.6430815324592453e-08 1.3978634238200384e-05 -0.00068905489176520501 0.00061015346146656613 -0.00016468760557983045 0.00038081372900660961 0.00046027668908935971 0.00048266647954957196 -0.00043673761979106941 0.00034820448667362974 -0.0017825389417304854 0.0023803819184518987 -2.7559548047500528e-05 -5.8083449673378577e-05 1.5591548271633518e-05 -0.00010170645129412913 -0.00030286625479834209 -2.4770547879041399e-05 0.0010015607768966127 9.1290142909624888e-06 0.0012564250427443897 0.0017610853930771762 0.00018151950134051437
leaf_weight=9852 206 8435 18000 768 2016 5211 673 8218 3043 214 83 521 46 132 31 105 225 47 213 31618 2095 57282 34 55 202 54 4304 84 37 37
leaf_count=9852 206 8435 18000 768 2016 5211 673 8218 3043 214 83 521 46 132 31 105 225 47 213 31618 2095 57282 34 55 202 54 4304 84 37 37
internal_value=-0.00203213 -0.00509155 -0.00645079 -0.00979243 -0.0120079 -0.00129 -0.00382393 -0.00485756 -0.000133773 -2.47599e-05 -0.00190334 -0.00342278 -0.00788462 -0.00164625 0.00351563 0.000531915 -8.17679e-07 0.00306513 0.00479452 -1.8366e-05 -0.00135811 1.63105e-05 -0.000159478 -0.000223146 -0.00496109 0.00465116 -0.000127561 0.00724638 0.0117647 -0.00595238
internal_weight=153841 60949 47781 29002 20016 18779 5884 8986 12895 92892 1169 913 260 653 256 188 91723 522 438 91201 2301 88900 13168 12996 257 172 12739 138 68 84
internal_count=153841 60949 47781 29002 20016 18779 5884 8986 12895 92892 1169 913 260 653 256 188 91723 522 438 91201 2301 88900 13168 12996 257 172 12739 138 68 84
is_linear=0
shrinkage=0.05


Tree=197
num_leaves=29
num_cat=0
split_feature=4 3 13 13 32 13 39 0 38 0 38 2 39 39 25 22 4 12 38 34 25 3 0 25 39 2 10 18
split_gain=377.097 254.578 211.401 291.164 147.916 36.0876 4.73433 5.87628 6.40324 5.33934 4.50119 10.8089 5.15718 1.87552 4.50301 1.96888 1.7108 1.73079 2.19872 1.71291 6.33603 7.81003 7.06597 5.26043 7.86304 5.85645 1.12271 1.26614
threshold=1.0000000180025095e-35 -0.10210046172142027 12.92698907852173 -4.518629550933837 14.500000000000002 -13.842182159423826 2.0838214159011845 -0.12027058377861975 -0.065713010728359209 0.077620092779397978 -0.2351633086800575 -0.25003533065319056 -3.3376760482788081 -2.5507825613021846 0.17860379070043567 0.028086829930543903 146.77500152587893 -0.47924353182315821 -0.3032549768686294 1.5000000000000002 0.76709699630737316 -0.037573305889964097 -0.23161368072032926 0.36725123226642614 -0.097500421106815324 -0.4680743515491485 0.1025880202651024 -927.20971679687489
decision_type=2 2 2 2 2 2 2 2 2 2 2 2 2 2 2 2 2 2 2 2 2 2 2 2 2 2 2 2
left_child=1 6 3 5 -5 -3 10 8 -8 -9 11 -1 -12 14 -4 -15 19 26 -19 20 21 -2 -22 25 -25 -21 27 -18
right_child=16 2 13 4 -6 -7 7 9 -10 -11 12 -13 -14 15 -16 -17 17 18 -20 23 22 -23 -24 24 -26 -27 -28 -29
leaf_value=-0.00034295580173534726 4.6190940786578621e-05 -1.1516243213969797e-06 -9.0037119582134331e-06 -4.4109274558362831e-08 -4.1680084331938413e-05 -4.4109274558362831e-08 -3.5604043061717603e-05 4.7993503367840529e-07 -3.1570074240055873e-06 -1.4337191533741096e-05 -1.1557050326991289e-05 0.00099502116952244232 1.3855741614228479e-07 -3.4663666908008889e-05 -0.00015686690521268503 1.2450269029773717e-06 1.1690752442436447e-06 -0.00038983467923143388 0.00079679844985181859 -0.00038545548541749986 0.00010839046719667619 -7.9624344388721691e-05 -0.0003862592798941007 0.00043557759362886431 3.2400103336932207e-05 2.166452034438153e-06 -0.00074267078059444712 -0.00029775621700057667
leaf_weight=77 16714 7036 403 20531 2294 3302 120 747 304 72 4038 508 13639 81 106 7691 45 56 48 1374 638 12259 1102 2495 6809 51269 30 53
leaf_count=77 16714 7036 403 20531 2294 3302 120 747 304 72 4038 508 13639 81 106 7691 45 56 48 1374 638 12259 1102 2495 6809 51269 30 53
internal_value=-0.00202726 -0.00508335 -0.00730021 -0.00908467 -0.0122377 -0.00212323 -0.000372981 -0.00335881 -0.00813679 -0.000885226 -0.000169751 0.0041453 -0.000312553 -0.000153967 -0.0030943 3.86001e-05 -2.20686e-05 -0.00431034 0.000480769 -1.13318e-05 -0.000316641 -0.000140648 -0.00324713 0.000140039 0.00123603 -5.36634e-05 -0.00820313 -0.00561224
internal_weight=153841 60949 41444 33163 22825 10338 19505 1243 424 819 18262 585 17677 8281 509 7772 92892 232 104 92660 30713 28973 1740 61947 9304 52643 128 98
internal_count=153841 60949 41444 33163 22825 10338 19505 1243 424 819 18262 585 17677 8281 509 7772 92892 232 104 92660 30713 28973 1740 61947 9304 52643 128 98
is_linear=0
shrinkage=0.05


Tree=198
num_leaves=29
num_cat=0
split_feature=7 3 13 13 32 13 24 22 2 39 0 21 1 39 38 39 18 22 2 37 9 21 24 32 34 13 21 3
split_gain=371.575 262.474 212.259 291.164 147.916 36.0876 4.20745 5.4158 10.557 5.43742 4.19333 3.88042 2.25963 1.89411 3.87113 1.73567 1.60127 2.79804 2.50065 1.79308 1.71764 1.65047 4.55164 23.151 4.32991 3.42072 3.89141 3.34608
threshold=1.0000000180025095e-35 -0.10210046172142027 12.92698907852173 -4.518629550933837 14.500000000000002 -13.842182159423826 1.5000000000000002 1.5194970965385439 -0.31434781849384302 -3.3376760482788081 -1.1507896184921262 0.12500000372529033 -1.8363965749740598 -2.6133313179016109 0.04020501300692559 2.8427296876907353 494595.42187500006 0.28653679788112646 0.24637846648693087 1.0000000180025095e-35 0.16438939422369006 0.92499998211860668 1.5000000000000002 14.500000000000002 1.0000000180025095e-35 -5644.7990722656241 1.0000000180025095e-35 0.12002867087721826
decision_type=2 2 2 2 2 2 2 2 2 2 2 2 2 2 2 2 2 2 2 2 2 2 2 2 2 2 2 2
left_child=1 6 3 5 -5 -3 10 9 -9 -8 12 -12 -1 14 -4 -15 21 -18 20 -20 -19 25 23 -23 -24 27 -27 -2
right_child=16 2 13 4 -6 -7 7 8 -10 -11 11 -13 -14 15 -16 -17 17 18 19 -21 -22 22 24 -25 -26 26 -28 -29
leaf_value=-0.00015750589654231104 -0.00027208268863908384 -1.0940431053271307e-06 -9.1921613340299627e-05 -4.1903810830444689e-08 -3.9596080115341436e-05 -4.1903810830444689e-08 -8.5003156118671819e-06 -0.00042200214468203213 -5.3886618502812921e-06 7.7976257531994913e-07 2.9911585099572109e-07 -5.4826102088961774e-06 -0.00031392562082581599 2.412803619467124e-06 3.0927717569387499e-05 -2.1944855010705189e-05 -0.00075113568503483062 -0.00089959374953363239 0.0033713309779644946 0.00045635883928801178 0.00058204999399626178 -0.00019266634049286191 -0.00012668206132356884 0.0015788468042935275 7.8992362436455805e-06 -2.8077519122395663e-05 4.3096127858196533e-05 0.0008170773568082027
leaf_weight=32 1575 7036 310 20531 2294 3302 3993 267 612 11841 1090 1585 85 6966 152 853 44 71 83 63 32 3226 5106 363 27944 15714 38487 184
leaf_count=32 1575 7036 310 20531 2294 3302 3993 267 612 11841 1090 1585 85 6966 152 853 44 71 83 63 32 3226 5106 363 27944 15714 38487 184
internal_value=-0.00201198 -0.00504561 -0.00729659 -0.00908467 -0.0122377 -0.00212323 -0.000262753 3.7396e-05 -0.00378271 0.000249463 -0.00205946 -0.00165421 -0.0113248 -0.000135853 -0.00324675 4.79601e-05 -2.15304e-05 0.00366894 0.00572289 0.00993151 -0.000242718 -3.32077e-05 -0.000294086 -0.00198523 -0.000110439 0.000137598 0.000208022 -0.0020324
internal_weight=153841 60949 41444 33163 22825 10338 19505 16713 879 15834 2792 2675 117 8281 462 7819 92892 293 249 146 103 92599 36639 3589 33050 55960 54201 1759
internal_count=153841 60949 41444 33163 22825 10338 19505 16713 879 15834 2792 2675 117 8281 462 7819 92892 293 249 146 103 92599 36639 3589 33050 55960 54201 1759
is_linear=0
shrinkage=0.05


Tree=199
num_leaves=31
num_cat=0
split_feature=4 3 13 13 32 13 25 34 34 13 25 34 13 0 25 2 4 25 38 20 34 0 15 2 2 32 21 32 7 21
split_gain=368.109 266.62 213.119 291.164 147.916 36.0876 3.47162 5.06468 8.37894 4.37207 4.21479 3.535 2.0965 1.70193 4.80839 2.32262 1.58583 3.90769 5.2042 4.27912 10.4452 4.75365 4.16572 3.59536 7.86762 7.02552 5.06048 7.46768 4.97601 3.54742
threshold=1.0000000180025095e-35 -0.10210046172142027 12.92698907852173 -4.518629550933837 14.500000000000002 -13.842182159423826 1.5198326110839846 1.5000000000000002 2.5000000000000004 -167.92826080322263 0.039012638852000243 3.5000000000000004 -15.922521591186522 -0.14170248061418531 0.13786433637142184 -0.050265831872820847 9.5250000953674334 0.72491061687469494 0.058894742280244834 -1.0000000180025095e-35 2.5000000000000004 0.4552478045225144 -0.48407845199108118 0.70106673240661632 0.55647179484367382 2.5000000000000004 0.57500001788139354 2.5000000000000004 0.069901917129755034 1.0000000180025095e-35
decision_type=2 2 2 2 2 2 2 2 2 2 2 2 2 2 2 2 2 2 2 2 2 2 2 2 2 2 2 2 2 2
left_child=1 6 3 5 -5 -3 9 12 -9 10 -1 -11 -8 14 -4 -15 23 19 22 21 -21 -18 -19 24 29 -26 28 -28 -25 -2
right_child=16 2 13 4 -6 -7 7 8 -10 11 -12 -13 -14 15 -16 -17 17 18 -20 20 -22 -23 -24 26 25 -27 27 -29 -30 -31
leaf_value=-0.00019994955826421087 -4.5948536147320985e-05 -1.0393409500607742e-06 -2.8987712880430887e-05 -3.9808620288922456e-08 -3.7616276109574393e-05 -3.9808620288922456e-08 -0.00063476336466203624 0.00031820543288664857 -0.00042391438987580038 -7.9428788925657874e-07 0.00073794394433142568 1.3710390746118284e-06 -0.00018674502031089391 0.001141926472494262 -0.000201352822823555 -4.0136778160031956e-07 1.4752551921542752e-05 0.00013388822420013283 -0.00049369322929885141 -0.00011705778970014809 3.5632508424033804e-05 0.00047366304546463611 -0.00022466651921898139 0.00090410932189008983 -0.00035355385920551044 -0.002004428551030083 -0.00024331367755132672 0.0016363813729141259 -0.00084987861577340599 3.4548121606785624e-05
leaf_weight=240 8330 7036 305 20531 2294 3302 57 236 65 14300 633 3922 52 62 68 7846 18442 521 484 12574 13349 1632 897 648 1139 87 425 56 76 34232
leaf_count=240 8330 7036 305 20531 2294 3302 57 236 65 14300 633 3922 52 62 68 7846 18442 521 484 12574 13349 1632 897 648 1139 87 425 56 76 34232
internal_value=-0.00200483 -0.00502428 -0.00729297 -0.00908467 -0.0122377 -0.00212323 -0.000203794 -0.0047561 -0.00141196 -0.000106049 0.00335052 -0.00027165 -0.0139908 -0.000117739 -0.00341823 3.79363e-05 -2.36834e-05 -0.000223909 -0.00244479 -0.000132074 -0.000556456 0.000415961 -0.000916784 0.000189474 0.000115328 -0.00383361 0.00288382 -0.00109148 0.00552486 0.000229078
internal_weight=153841 60949 41444 33163 22825 10338 19505 410 301 19095 873 18222 109 8281 373 7908 92892 47899 1902 45997 25923 20074 1418 44993 43788 1226 1205 481 724 42562
internal_count=153841 60949 41444 33163 22825 10338 19505 410 301 19095 873 18222 109 8281 373 7908 92892 47899 1902 45997 25923 20074 1418 44993 43788 1226 1205 481 724 42562
is_linear=0
shrinkage=0.05


Tree=200
num_leaves=31
num_cat=0
split_feature=4 24 32 1 39 25 22 1 38 25 21 38 32 25 25 39 18 9 2 22 39 8 7 34 4 24 22 39 25 21
split_gain=368.634 137.245 53.6676 49.7028 46.8115 31.893 29.8617 19.9258 17.1665 16.7326 12.6426 9.90586 8.06061 4.34774 5.02623 4.38278 1.53314 4.99479 5.04861 3.83862 3.53876 3.44776 3.34744 3.24855 2.05738 3.51916 7.82496 5.09611 3.45828 4.86019
threshold=1.0000000180025095e-35 2.5000000000000004 14.500000000000002 -0.11904333904385565 2.895046710968018 0.0050568901933729657 0.069670796394348158 0.077680200338363661 0.2464515566825867 0.0030902085127308969 1.0000000180025095e-35 -0.041224423795938485 14.500000000000002 0.17073982954025271 0.10477743670344354 4.2792649269104013 -47627.753906249993 0.16004778444767001 0.01608435902744532 0.20285527408123019 0.70472827553749096 0.031887050718069083 0.024420898407697681 2.5000000000000004 8.5250000953674334 2.5000000000000004 0.3493716567754746 1.0000000180025095e-35 0.075770780444145217 0.52500000596046459
decision_type=2 2 2 2 2 2 2 2 2 2 2 2 2 2 2 2 2 2 2 2 2 2 2 2 2 2 2 2 2 2
left_child=1 2 3 9 6 -5 10 -8 11 -1 -3 -6 -10 14 -4 -15 17 18 23 22 -21 -20 -19 -2 25 26 -18 -27 -26 -30
right_child=16 4 13 5 8 -7 7 -9 12 -11 -12 -13 -14 15 -16 -17 24 19 21 20 -22 -23 -24 -25 28 27 -28 -29 29 -31
leaf_value=-3.7818189274476334e-08 -0.00021557495585398381 -3.7818189274476334e-08 -4.4034389418932951e-06 -3.7818189274476334e-08 -3.7818189274476334e-08 -3.7818189274476334e-08 -3.7818189274476334e-08 -3.7818189274476334e-08 -3.7818189274476334e-08 -3.7818189274476334e-08 -3.7818189274476334e-08 -3.7818189274476334e-08 0.0084038268447826133 0.00090967723762611335 -0.00048515191802130689 0.012399636813836573 1.8379269527647303e-05 0.0014404846402652591 0.00014220089299100228 0.00049982949796571058 -0.00075851969489899537 -0.00058427237657789554 -0.0003372788681795339 0.0011719073516047553 1.8185072481562842e-05 5.4931792690415647e-05 -0.00026091430478613221 -8.512745361390291e-05 -0.00013499009200817707 -1.1892503514064711e-05
leaf_weight=812 227 583 1375 1559 1504 13138 27316 3350 209 7316 1020 2036 57 372 269 33 6286 49 121 2380 108 861 338 312 17487 27927 2965 2566 9663 21602
leaf_count=812 227 583 1375 1559 1504 13138 27316 3350 209 7316 1020 2036 57 372 269 33 6286 49 121 2380 108 861 338 312 17487 27927 2965 2566 9663 21602
internal_value=-0.00200678 -0.00502838 -0.00788574 -0.0085816 -0.00305821 -0.0103167 -0.00243965 -0.00209189 -0.00830268 -0.00544414 -0.00909233 -0.00922316 0.00394737 -0.000134212 -0.00127737 0.00450617 -2.42217e-05 0.00088717 -0.00142998 0.00211304 0.0028336 -0.00356415 -0.00251938 0.00245826 -6.94947e-05 0.000197514 -0.000656686 0.000456662 -0.000287168 -0.000602111
internal_weight=153841 60949 24874 22825 36075 14697 32269 30666 3806 8128 1603 3540 266 2049 1644 405 92892 4396 1521 2875 2488 982 387 539 88496 39744 9251 30493 48752 31265
internal_count=153841 60949 24874 22825 36075 14697 32269 30666 3806 8128 1603 3540 266 2049 1644 405 92892 4396 1521 2875 2488 982 387 539 88496 39744 9251 30493 48752 31265
is_linear=0
shrinkage=0.05


Tree=201
num_leaves=31
num_cat=0
split_feature=4 3 13 13 13 13 22 37 25 38 39 3 3 3 39 1 1 1 0 38 39 25 38 22 37 4 38 13 39 38
split_gain=369.84 264.967 212.976 291.012 108.883 36.0066 4.06051 7.3923 9.36193 8.77189 6.62332 9.19575 7.96983 1.95074 4.74744 4.54515 5.16239 3.98094 8.80807 6.37359 5.92337 3.89749 3.5003 4.24253 3.2643 2.69207 6.63018 3.30756 1.77884 3.744
threshold=1.0000000180025095e-35 -0.10210046172142027 12.92698907852173 -4.518629550933837 0.00075226789808231222 -13.842182159423826 0.066147454082965865 1.0000000180025095e-35 0.048380747437477119 -0.14469917118549344 0.2383329048752785 -0.30152188241481775 -0.10819913819432257 0.31943830847740179 0.35307581722736364 0.38379745185375219 -0.033629542216658585 0.14991363883018496 0.48001201450824743 0.17362054437398913 2.6074306964874272 0.20760543644428256 0.067558716982603087 0.40101777017116552 1.0000000180025095e-35 32.024999618530281 -0.052842551842331879 19835.107421875004 -2.6133313179016109 0.04020501300692559
decision_type=2 2 2 2 2 2 2 2 2 2 2 2 2 2 2 2 2 2 2 2 2 2 2 2 2 2 2 2 2 2
left_child=1 6 3 5 -5 -3 10 9 -9 -8 11 -1 -12 17 15 16 -15 25 20 -20 -19 -17 23 -16 -24 27 -27 -2 29 -4
right_child=13 2 28 4 -6 -7 7 8 -10 -11 12 -13 -14 14 22 21 -18 18 19 -21 -22 -23 24 -25 -26 26 -28 -29 -30 -31
leaf_value=-0.00010372492122663542 1.1157636797566306e-06 -9.8548299309401172e-07 -8.3561133089040705e-05 -3.5927279810752515e-08 -3.5927279810752515e-08 -3.5927279810752515e-08 -6.0877983323018023e-05 1.2440974966945193e-06 -7.9664836988426909e-06 6.0365793924171795e-06 -9.7969586166329926e-07 0.0004030079783590801 -1.2592505577865149e-05 0.00011758897972330208 0.00022412103455441009 -0.0001195219322819692 -0.00038191844839169375 8.7905542609269602e-05 0.00094518045567219822 0.0033180678038669067 -0.0002677476823573195 0.0011545117328178815 0.000217994570506414 -0.00039831363104529205 -0.00045150954226330956 9.1453518718652429e-05 -0.0001598835677536041 0.00079619884226770049 4.0217612961279287e-07 2.9403290989461849e-05
leaf_weight=170 77391 7036 310 16468 6357 3302 214 4817 5801 7633 612 201 57 462 1051 251 1747 2373 849 76 224 163 211 161 265 2721 4371 576 7819 152
leaf_count=170 77391 7036 310 16468 6357 3302 214 4817 5801 7633 612 201 57 462 1051 251 1747 2373 849 76 224 163 211 161 265 2721 4371 576 7819 152
internal_value=-0.0020084 -0.00503495 -0.00729659 -0.00908769 -0.0122399 -0.00212807 -0.000229428 -5.82183e-05 -0.000918252 0.00110552 -0.00326923 0.00208895 -0.00624066 -2.26069e-05 -0.00106124 -0.0023923 -0.00329335 2.79405e-05 0.00167518 0.00586486 0.000182903 0.00241546 0.00100711 0.00243399 -0.00262605 -4.02662e-05 -0.000972927 4.45701e-05 -0.000123777 -0.00313853
internal_weight=153841 60949 41444 33163 22825 10338 19505 18465 10618 7847 1040 371 669 92892 4311 2623 2209 88581 3522 925 2597 414 1688 1212 476 85059 7092 77967 8281 462
internal_count=153841 60949 41444 33163 22825 10338 19505 18465 10618 7847 1040 371 669 92892 4311 2623 2209 88581 3522 925 2597 414 1688 1212 476 85059 7092 77967 8281 462
is_linear=0
shrinkage=0.05


Tree=202
num_leaves=31
num_cat=0
split_feature=4 3 13 13 32 13 22 3 1 37 34 22 38 39 39 3 32 34 34 39 22 1 34 39 32 38 4 38 13 39
split_gain=367.698 267.312 214.701 291.012 147.435 36.0066 4.8396 5.40301 5.59862 4.99552 10.2918 9.8308 1.71588 3.19725 2.50879 1.62699 5.04827 8.50344 7.97485 5.17217 3.78852 3.58764 10.6646 9.45635 9.45362 2.95602 2.46313 6.10022 3.16049 1.3984
threshold=1.0000000180025095e-35 -0.10210046172142027 12.92698907852173 -4.518629550933837 14.500000000000002 -13.842182159423826 0.066147454082965865 -0.10819913819432257 -0.017992522567510601 1.0000000180025095e-35 1.0000000180025095e-35 1.3973827958106997 -0.089304592460393892 -2.7810919284820552 0.028029168955981735 0.31943830847740179 31.500000000000004 1.5000000000000002 3.5000000000000004 0.35307581722736364 0.20285527408123019 0.14991363883018496 1.0000000180025095e-35 0.64328655600547802 14.500000000000002 -0.041224423795938485 32.024999618530281 -0.052842551842331879 19835.107421875004 1.6062209606170657
decision_type=2 2 2 2 2 2 2 2 2 2 2 2 2 2 2 2 2 2 2 2 2 2 2 2 2 2 2 2 2 2
left_child=1 6 3 5 -5 -3 7 8 -1 10 -8 -11 13 -4 -14 21 19 -18 -19 25 -21 26 24 -24 -23 -17 28 -28 -2 -9
right_child=15 2 12 4 -6 -7 9 29 -10 11 -12 -13 14 -15 -16 16 17 18 -20 20 -22 22 23 -25 -26 -27 27 -29 -30 -31
leaf_value=-1.1868334431108799e-06 1.059975495768799e-06 -9.3620884343931113e-07 -0.00027430061099091568 -3.4130915820214884e-08 -4.226978222466871e-05 -3.4130915820214884e-08 0.00042386896414003884 -8.3037891630980184e-06 0.00045821797480882212 -1.0096651045635709e-06 4.6984512674498775e-07 -0.00038453166139706312 -5.9849812993934641e-06 -1.7596541892702123e-05 7.4828624599320652e-05 -0.00058522560192232598 -0.0014281698571930999 0.0030882526195743208 -0.00056032686828439121 -0.00011337034262984026 0.00020137985392080227 0.00069106915621891356 0.00041075111587054287 -0.0001684986838477073 0.010553989408538918 -0.00019310044063427712 8.688084278271995e-05 -0.00015188938936592391 0.00075638890015431554 -2.0356266807613502e-05
leaf_weight=855 77391 7036 68 20531 2294 3302 1020 32 116 10259 6827 359 5666 927 1620 152 57 115 44 537 1060 454 1921 1061 86 2346 2721 4371 576 37
leaf_count=855 77391 7036 68 20531 2294 3302 1020 32 116 10259 6827 359 5666 927 1620 152 57 115 44 537 1060 454 1921 1061 86 2346 2721 4371 576 37
internal_value=-0.00199995 -0.00501772 -0.00728935 -0.00908769 -0.0122399 -0.00212807 -0.000190977 -0.00350962 -0.00254892 -4.06174e-06 0.000952593 -0.000711057 -8.75498e-05 -0.00203518 0.000178424 -1.99156e-05 -0.000968453 0.00648148 0.0124214 -0.00136142 0.000860989 2.62472e-05 0.00159001 0.000419182 0.00805556 -0.00278223 -3.85027e-05 -0.000930626 4.26462e-05 -0.017029
internal_weight=153841 60949 41444 33163 22825 10338 19505 1040 971 18465 7847 10618 8281 995 7286 92892 4311 216 159 4095 1597 88581 3522 2982 540 2498 85059 7092 77967 69
internal_count=153841 60949 41444 33163 22825 10338 19505 1040 971 18465 7847 10618 8281 995 7286 92892 4311 216 159 4095 1597 88581 3522 2982 540 2498 85059 7092 77967 69
is_linear=0
shrinkage=0.05


Tree=203
num_leaves=31
num_cat=0
split_feature=5 3 13 13 32 13 22 22 34 34 3 25 3 22 22 22 3 32 34 34 7 37 2 25 21 34 21 3 25 13
split_gain=370.68 263.262 214.125 291.012 147.435 36.0066 4.65517 6.65891 6.80491 5.69243 5.39136 11.0971 9.08903 1.89809 3.42933 3.29987 1.55019 4.70902 8.2675 7.7002 4.29741 4.11712 3.57353 9.2639 6.4827 2.54046 2.05384 3.88576 3.32841 1.90732
threshold=1.0000000180025095e-35 -0.10210046172142027 12.92698907852173 -4.518629550933837 14.500000000000002 -13.842182159423826 0.16764742881059649 0.17335622012615207 3.5000000000000004 3.5000000000000004 -0.14645934849977491 0.055788680911064155 -0.16337496787309644 0.028086829930543903 0.057398274540901191 0.02285436820238829 0.31943830847740179 31.500000000000004 1.5000000000000002 3.5000000000000004 0.012775973882526161 1.0000000180025095e-35 0.74247610569000255 0.27067685127258306 1.0000000180025095e-35 3.5000000000000004 0.97499999403953563 0.12353530526161195 0.62560281157493602 -42.552946090698235
decision_type=2 2 2 2 2 2 2 2 2 2 2 2 2 2 2 2 2 2 2 2 2 2 2 2 2 2 2 2 2 2
left_child=1 6 3 5 -5 -3 10 9 -9 -8 12 -12 -1 15 -15 -4 22 20 -19 -20 29 -22 26 25 -25 -24 28 -28 -2 -18
right_child=16 2 13 4 -6 -7 7 8 -10 -11 11 -13 -14 14 -16 -17 17 18 19 -21 21 -23 23 24 -26 -27 27 -29 -30 -31
leaf_value=-2.5883165708436131e-06 2.2287115573524538e-05 -8.8939840126734555e-07 5.2547392739327395e-06 -3.2424370029204146e-08 -4.0156293113435826e-05 -3.2424370029204146e-08 5.7229941319610676e-07 -2.112805863375306e-06 2.9450500425485475e-05 -7.2152311700288799e-05 0.00018391593844015218 -8.7136939642459028e-07 -7.5176762586723782e-06 2.1655182054430581e-05 -5.5094372260839861e-06 -0.00018483681921128818 -0.00011803375739644238 -0.0013567613643334449 0.0029338399885956048 -0.00053231052487017177 1.0687507156641142e-05 -0.00027057923820754826 0.00052686129935524014 0.0035589259150019372 -0.00046268889415283928 0.0018713860670559542 -9.567144889248599e-06 -0.00011980387906134747 -0.00011785188614913487 0.00018817535148245429
leaf_weight=2732 53487 7036 46 20531 2294 3302 244 11171 2925 76 935 791 631 356 7844 35 266 57 115 44 1149 2028 563 40 395 142 26498 3762 3694 652
leaf_count=2732 53487 7036 46 20531 2294 3302 244 11171 2925 76 935 791 631 356 7844 35 266 57 115 44 1149 2028 563 40 395 142 26498 3762 3694 652
internal_value=-0.00200743 -0.00503741 -0.00729177 -0.00908769 -0.0122399 -0.00212807 -0.000247372 0.00021157 4.96595e-05 0.00734375 -0.00154746 0.000724218 -0.00271335 -9.96256e-05 -2.43902e-05 -0.00771605 -1.93773e-05 -0.000945256 0.00625 0.0121069 -0.00132479 -0.00219547 2.56827e-05 0.00280702 -0.00293103 0.00634752 -1.05786e-05 -0.000343688 0.000165702 0.00168845
internal_weight=153841 60949 41444 33163 22825 10338 19505 14416 14096 320 5089 1726 3363 8281 8200 81 92892 4311 216 159 4095 3177 88581 1140 435 705 87441 30260 57181 918
internal_count=153841 60949 41444 33163 22825 10338 19505 14416 14096 320 5089 1726 3363 8281 8200 81 92892 4311 216 159 4095 3177 88581 1140 435 705 87441 30260 57181 918
is_linear=0
shrinkage=0.05


Tree=204
num_leaves=29
num_cat=0
split_feature=4 3 22 32 14 32 21 1 1 22 25 0 25 34 2 1 2 25 34 0 25 38 38 2 32 2 25 11
split_gain=375.788 255.832 87.0013 55.0754 47.9589 32.7605 20.4065 6.26726 5.53977 4.92225 5.63223 5.78594 5.45145 9.27131 5.07745 2.74541 1.5161 2.34203 2.66245 1.74558 6.19548 4.15035 3.53341 2.91027 11.7116 4.98178 1.53416 0.580645
threshold=1.0000000180025095e-35 -0.10210046172142027 0.064333289861679091 14.500000000000002 -1.0000000180025095e-35 14.500000000000002 0.97499999403953563 -0.066107489168643938 -0.016368578188121315 0.16466205567121509 0.010268474929034712 0.0050510945729911336 0.37481059134006506 2.5000000000000004 0.22227564454078677 -0.49010840058326716 -1.1961632370948789 0.50130507349967968 1.5000000000000002 -1.1507896184921262 0.08266912400722505 0.001903286552987993 0.20396047830581668 -0.4680743515491485 2.5000000000000004 -0.31434781849384302 0.057531381025910384 0.061024907976388938
decision_type=2 2 2 2 2 2 2 2 2 2 2 2 2 2 2 2 2 2 2 2 2 2 2 2 2 2 2 2
left_child=1 9 5 4 -4 6 -3 -5 -7 10 15 -12 14 -14 -11 -1 17 18 26 20 22 -22 -18 24 -21 -25 -2 -20
right_child=16 2 3 7 -6 8 -8 -9 -10 12 11 -13 13 -15 -16 -17 19 -19 27 23 21 -23 -24 25 -26 -27 -28 -29
leaf_value=-2.210109154237009e-05 -0.00079415975587876053 -3.0803151527743937e-08 -6.3760610890077067e-06 0.00047928259593239369 -3.0803151527743937e-08 -0.00081446170717050905 -3.0803151527743937e-08 -0.00025814102320725066 0.00043704706925089509 3.7139438566277672e-07 -3.5449727566885732e-06 1.6970390899793243e-06 -1.5897245502374483e-05 -0.00029903495525560709 0.00071487694375867161 9.5917205651697979e-06 -0.00049364635315420557 -0.00078446681657047979 -0.0011841070570903262 -0.00035463573110556396 0.00017216680972489756 0.00075313665231134573 -0.00077895501511567608 0.00039900337506610392 0.0050684565704059567 -3.4381780952867476e-06 0.0002696769858940778 -0.00045430652065295632
leaf_weight=32 32 4241 2738 1197 29891 175 1170 1649 383 11550 2954 1075 1720 362 953 859 319 40 31 1453 949 379 42 1406 107 87988 115 31
leaf_count=32 32 4241 2738 1197 29891 175 1170 1649 383 11550 2954 1075 1720 362 953 859 319 40 31 1453 949 379 42 1406 107 87988 115 31
internal_value=-0.00202108 -0.00507186 -0.00729418 -0.00635447 -0.00693631 -0.012879 -0.0140686 0.000316233 -0.00134409 -0.00034991 -0.00171748 -0.00251303 0.000111416 -0.00225744 0.000505879 0.00187991 -1.93773e-05 -0.00391566 -0.00179426 -8.90515e-06 0.00158378 0.00316265 -0.00422438 -3.8481e-05 -0.00217949 -1.11864e-06 0.00187075 -0.0104839
internal_weight=153841 60949 41444 35475 32629 5969 5411 2846 558 19505 4920 4029 14585 2082 12503 891 92892 249 209 92643 1689 1328 361 90954 1560 89394 147 62
internal_count=153841 60949 41444 35475 32629 5969 5411 2846 558 19505 4920 4029 14585 2082 12503 891 92892 249 209 92643 1689 1328 361 90954 1560 89394 147 62
is_linear=0
shrinkage=0.05


Tree=205
num_leaves=31
num_cat=0
split_feature=5 3 13 13 32 13 22 22 1 0 25 3 3 0 1 22 3 25 2 21 22 3 34 13 22 1 34 0 13 13
split_gain=372.295 259.847 213.838 290.912 148.881 36.0876 4.23086 7.07351 6.16261 5.41659 4.54406 7.28942 5.32859 1.86248 4.81806 2.46119 1.47597 3.87658 4.41485 3.26263 2.45757 2.44246 4.47637 5.86791 5.06728 3.03723 10.1755 2.76536 1.69285 3.37582
threshold=1.0000000180025095e-35 -0.10210046172142027 12.92698907852173 -4.518629550933837 14.500000000000002 -13.842182159423826 0.16764742881059649 0.17335622012615207 -0.033629542216658585 -0.23161368072032926 0.87151888012886058 -0.14645934849977491 -0.13065119087696073 -0.14170248061418531 -0.6110212206840514 0.29159837961196905 0.4791549444198609 0.10632364451885225 0.52610191702842724 0.075000001117587103 0.17205929011106494 0.31943830847740179 2.5000000000000004 1175.8231201171877 0.32661448419094091 0.14991363883018496 1.0000000180025095e-35 0.25926521420478826 -45.048856735229485 101.08408355712892
decision_type=2 2 2 2 2 2 2 2 2 2 2 2 2 2 2 2 2 2 2 2 2 2 2 2 2 2 2 2 2 2
left_child=1 6 3 5 -5 -3 10 9 -9 -8 11 -1 -12 14 -4 -15 21 28 20 -20 -19 25 23 -23 -24 27 -27 -2 -18 -30
right_child=16 2 13 4 -6 -7 7 8 -10 -11 12 -13 -14 15 -16 -17 17 18 19 -21 -22 22 24 -25 -26 26 -28 -29 29 -31
leaf_value=-3.9949397776396668e-06 2.8781793366960962e-06 -8.4338832362759121e-07 0.0020725093894726483 -2.9262993951356741e-08 -2.5241427297401087e-05 -2.9262993951356741e-08 3.5282466637963788e-07 -6.2470824122184223e-07 0.00099209788052376669 1.3385467176550255e-06 -6.1758836030508257e-07 1.4565509605185652e-06 -6.4318203315957311e-06 4.1348095299466668e-06 -9.8187641421419898e-05 -4.6135161620159548e-05 0.0016602259388968602 -0.00010353938920365201 -2.0422185080481992e-05 0.001840285314175776 -0.00094958247644587811 -9.4000954683206615e-05 5.5781252854541362e-05 -0.00059928539270072 0.0027119768732343104 0.0011884033172910881 2.6830754877736531e-05 -0.0001075452849092183 -0.0005593504749708424 0.001829921589435235
leaf_weight=3340 77989 7036 31 20531 2294 3302 65 13795 301 255 83 1606 60 6392 342 1516 30 57 99 69 44 2491 894 482 80 540 2982 7070 30 35
leaf_count=3340 77989 7036 31 20531 2294 3302 65 13795 301 255 83 1606 60 6392 342 1516 30 57 99 69 44 2491 894 482 80 540 2982 7070 30 35
internal_value=-0.00201068 -0.00504725 -0.00728694 -0.00908166 -0.0122333 -0.00212323 -0.000288388 0.00014914 -1.77355e-05 0.0075 -0.00152781 -0.00127376 -0.0103147 -9.96256e-05 -0.00355228 6.32271e-05 -1.83008e-05 0.00315934 9.29368e-05 0.00505952 -0.00816832 -3.08015e-05 -0.00124778 -0.00221157 0.00169405 2.34249e-05 0.00146224 -3.61514e-05 0.0118421 0.00730769
internal_weight=153841 60949 41444 33163 22825 10338 19505 14416 14096 320 5089 4946 143 8281 373 7908 92892 364 269 168 101 92528 3947 2973 974 88581 3522 85059 95 65
internal_count=153841 60949 41444 33163 22825 10338 19505 14416 14096 320 5089 4946 143 8281 373 7908 92892 364 269 168 101 92528 3947 2973 974 88581 3522 85059 95 65
is_linear=0
shrinkage=0.05


Tree=206
num_leaves=31
num_cat=0
split_feature=4 3 13 13 13 13 24 3 22 37 39 22 3 0 25 22 39 37 3 25 39 38 2 22 4 7 3 2 22 2
split_gain=372.007 260.239 214.413 290.912 109.551 36.0876 4.1546 8.11788 9.07234 8.96951 7.20138 6.15046 4.68677 1.87553 4.70177 2.31842 1.65169 11.8491 12.5386 12.198 9.19601 9.10181 7.20354 6.9476 3.98439 4.84393 3.90214 3.84399 3.72258 5.41403
threshold=1.0000000180025095e-35 -0.10210046172142027 12.92698907852173 -4.518629550933837 0.00075226789808231222 -13.842182159423826 2.5000000000000004 -0.2951731532812118 0.17657836526632312 1.0000000180025095e-35 1.8960810303688052 1.5194970965385439 -0.14645934849977491 -0.14170248061418531 0.13786433637142184 0.29159837961196905 -0.79354643821716297 1.0000000180025095e-35 0.081926357001066222 0.34366941452026373 -2.0109971761703487 0.22453185915946963 0.43497334420681005 0.29652534425258642 0.97499999403953563 0.0027089493814855818 0.097341343760490431 0.0052394943777471789 0.82902491092681896 0.10034083947539331
decision_type=2 2 2 2 2 2 2 2 2 2 2 2 2 2 2 2 2 2 2 2 2 2 2 2 2 2 2 2 2 2
left_child=1 6 3 5 -5 -3 7 9 -9 -1 11 -8 -12 14 -4 -15 17 20 21 -20 23 -19 -22 -2 28 27 -27 -26 -18 -30
right_child=16 2 13 4 -6 -7 10 8 -10 -11 12 -13 -14 15 -16 -17 24 18 19 -21 22 -23 -24 -25 25 26 -28 -29 29 -31
leaf_value=3.1792832578160213e-06 -0.00015772673548711876 -8.0121890744621159e-07 -2.2070901978505005e-05 -2.7799844253788906e-08 -2.7799844253788906e-08 -2.7799844253788906e-08 1.2716193817722744e-06 -8.7579524528442366e-07 5.0317434801111229e-06 -9.8087355960342499e-05 -2.272054191806021e-05 -0.00028448164991820866 1.09107582316058e-06 3.9280690534493332e-06 -0.00018581775642447288 -4.3828403539151572e-05 8.5011221699495692e-05 -2.4998478954419563e-06 8.272196291828536e-05 0.0010061194800472482 6.8001280691202406e-05 -0.00029943195728317012 -0.0008056728471471698 -0.00045691177741609553 -0.00027116940008949623 2.6711147469972617e-05 -3.936860384624115e-05 -7.0148144242598775e-05 0.00049984073514500172 0.0025265297464604161
leaf_weight=1125 1529 7036 305 16468 6357 3302 11217 2111 1706 1635 676 671 364 6392 68 1516 1519 17295 2262 721 1679 1712 235 463 198 47217 17032 613 340 77
leaf_count=1125 1529 7036 305 16468 6357 3302 11217 2111 1706 1635 676 671 364 6392 68 1516 1519 17295 2262 721 1679 1712 235 463 198 47217 17032 613 340 77
internal_value=-0.00200775 -0.00504315 -0.00728453 -0.00908166 -0.0122333 -0.00212323 -0.000280697 -0.00130379 0.00018994 -0.00336957 0.00023979 0.000588829 -0.00375 -8.75498e-05 -0.00355228 7.58725e-05 -1.61478e-05 -0.000355267 9.5498e-05 0.00310929 -0.00289299 -0.000377493 -0.000417973 -0.00527108 0.000114932 4.84168e-05 9.68887e-05 -0.00379162 0.00235021 0.00653477
internal_weight=153841 60949 41444 33163 22825 10338 19505 6577 3817 2760 12928 11888 1040 8281 373 7908 92892 25896 21990 2983 3906 19007 1914 1992 66996 65060 64249 811 1936 417
internal_count=153841 60949 41444 33163 22825 10338 19505 6577 3817 2760 12928 11888 1040 8281 373 7908 92892 25896 21990 2983 3906 19007 1914 1992 66996 65060 64249 811 1936 417
is_linear=0
shrinkage=0.05


Tree=207
num_leaves=31
num_cat=0
split_feature=4 3 13 13 32 13 24 3 3 25 39 1 25 25 0 25 39 37 3 25 39 9 2 1 4 1 32 0 9 21
split_gain=368.136 264.854 213.407 292.584 148.881 36.5749 3.95739 6.32529 12.7195 6.24775 4.99482 8.04103 5.31154 1.82101 5.56772 4.15469 1.56198 11.2128 11.0869 10.3772 8.60967 6.91449 6.79754 6.79616 3.91128 4.54509 4.86871 4.44621 4.02307 2.72034
threshold=1.0000000180025095e-35 -0.10210046172142027 12.92698907852173 -4.518629550933837 14.500000000000002 -13.842182159423826 2.5000000000000004 -0.30756512284278864 -0.31411927938461298 0.68973770737648021 1.8960810303688052 -0.21739330887794492 1.828366279602051 0.034609483554959304 0.070591352880001082 0.036845237016677863 -0.79354643821716297 1.0000000180025095e-35 0.081926357001066222 0.34366941452026373 -1.9181800484657285 0.22749005258083346 0.43497334420681005 -0.28261035680770868 0.97499999403953563 -1.8363965749740598 14.500000000000002 -0.32230573892593378 0.53575837612152111 0.97499999403953563
decision_type=2 2 2 2 2 2 2 2 2 2 2 2 2 2 2 2 2 2 2 2 2 2 2 2 2 2 2 2 2 2
left_child=1 6 3 5 -5 -3 7 8 -1 -9 12 -12 -8 14 -4 -15 17 20 21 -20 23 -19 -22 -2 28 26 -26 -27 29 -18
right_child=16 2 13 4 -6 -7 10 9 -10 -11 11 -13 -14 15 -16 -17 24 18 19 -21 22 -23 -24 -25 25 27 -28 -29 -30 -31
leaf_value=-6.3528445659331737e-05 -0.00038397038886240454 -7.6115796207390096e-07 -1.5627706163046262e-05 -2.640985204109946e-08 -2.3977965940318038e-05 -2.640985204109946e-08 1.0039189706151766e-06 2.5944013849926845e-07 -0.00010027782423047221 -2.635736482595537e-06 -3.0224281200207461e-05 7.6045974480339534e-07 -0.00028991538832827851 -0.00018001434595234624 0.00030701541140791642 -5.3904514312566527e-06 1.6310097823809926e-05 2.0033652361841487e-05 7.858586477237111e-05 0.0009558135060448857 8.8312708371906046e-05 -0.00015917051435742453 -0.00076538920478981119 -0.00014216160831684026 -0.00054657890097045627 0.00019362959132346021 0.0023366927339623276 -2.2242221367083093e-06 0.00094954613654675253 0.00039884143169478933
leaf_weight=2440 594 7036 1263 20531 2294 3302 11695 3810 119 208 416 624 193 121 878 6019 1174 13271 2262 721 1556 5736 235 1521 821 5724 102 58413 125 637
leaf_count=2440 594 7036 1263 20531 2294 3302 11695 3810 119 208 416 624 193 121 878 6019 1174 13271 2262 721 1556 5736 235 1521 821 5724 102 58413 125 637
internal_value=-0.00199898 -0.00501854 -0.0072797 -0.00907261 -0.0122333 -0.00209422 -0.000214048 -0.00121256 -0.00315553 2.4888e-05 0.000293936 -0.00302885 0.000584623 -9.96256e-05 0.001156 -0.000537459 -1.77626e-05 -0.000347544 9.09504e-05 0.00292491 -0.00281618 -0.000353817 -0.000265215 -0.00497636 0.000109708 4.38057e-05 -0.00343987 9.39395e-05 0.00232438 0.00172557
internal_weight=153841 60949 41444 33163 22825 10338 19505 6577 2559 4018 12928 1040 11888 8281 2141 6140 92892 25896 21990 2983 3906 19007 1791 2115 66996 65060 923 64137 1936 1811
internal_count=153841 60949 41444 33163 22825 10338 19505 6577 2559 4018 12928 1040 11888 8281 2141 6140 92892 25896 21990 2983 3906 19007 1791 2115 66996 65060 923 64137 1936 1811
is_linear=0
shrinkage=0.05


Tree=208
num_leaves=31
num_cat=0
split_feature=7 3 13 13 32 13 24 3 3 22 22 2 3 13 25 24 3 25 2 21 22 3 7 14 1 34 0 0 10 7
split_gain=370.139 269.167 207.135 292.584 148.881 36.5749 4.02069 5.97005 12.8443 7.10926 5.45542 8.58297 5.82266 1.79062 3.67505 3.14434 1.47047 3.42086 4.09059 2.72069 2.11531 2.02795 4.33812 4.10299 2.91387 9.67655 2.5362 2.18063 1.82105 1.21927
threshold=1.0000000180025095e-35 -0.10210046172142027 12.92698907852173 -4.518629550933837 14.500000000000002 -13.842182159423826 2.5000000000000004 -0.30756512284278864 -0.31411927938461298 0.17657836526632312 1.5194970965385439 -0.31434781849384302 -0.67368596792221058 29.080923080444339 0.0044128096196800479 1.5000000000000002 0.4791549444198609 0.10632364451885225 0.52610191702842724 0.075000001117587103 0.17205929011106494 0.31943830847740179 0.012775973882526161 1.0000000180025095e-35 0.14991363883018496 1.0000000180025095e-35 0.25926521420478826 0.3220489770174027 0.01829775515943766 0.024264644831418995
decision_type=2 2 2 2 2 2 2 2 2 2 2 2 2 2 2 2 2 2 2 2 2 2 2 2 2 2 2 2 2 2
left_child=1 6 3 5 -5 -3 7 8 -1 -9 12 -12 -8 15 -15 -4 21 28 20 -20 -19 24 27 -24 26 -26 -2 -23 29 -18
right_child=16 2 13 4 -6 -7 10 9 -10 -11 11 -13 -14 14 -16 -17 17 18 19 -21 -22 22 23 -25 25 -27 -28 -29 -30 -31
leaf_value=-6.0352023376365155e-05 2.8956525810752698e-06 -7.2310006397020596e-07 -1.7897143404041397e-05 -2.5089359439044489e-08 -2.2779067643302621e-05 -2.5089359439044489e-08 0.00046295427668279203 -8.0400915173439504e-07 -9.5263933018948599e-05 4.575582253469428e-06 -0.00038304765012406458 -4.3323822059508632e-05 3.4835756706316307e-08 -8.5620399334640439e-05 -7.6442495933530554e-06 1.5170492088273901e-05 0.00080119141162142068 -9.6282778444321912e-05 -1.7321434527310318e-05 0.0017503506897661347 -0.00090002371132443708 0.00021596561402487943 -0.00021456928165636919 0.00036248495483477472 0.0011294107989427758 2.717327035964253e-05 -0.0001074506806805169 -4.874533759804006e-05 0.0017592364342249832 -3.8312318769162008e-05
leaf_weight=2440 77989 7036 371 20531 2294 3302 2570 2217 119 1801 216 455 9687 225 5389 2296 30 57 99 69 44 414 2768 286 540 2982 7070 479 34 31
leaf_count=2440 77989 7036 371 20531 2294 3302 2570 2217 119 1801 216 455 9687 225 5389 2296 30 57 99 69 44 414 2768 286 540 2982 7070 479 34 31
internal_value=-0.00199898 -0.00502674 -0.00730624 -0.00907261 -0.0122333 -0.00209422 -0.000183286 -0.00118975 -0.00307737 1.2444e-05 0.000328744 -0.0040611 0.000569063 -0.00023246 -0.000739223 0.000834271 -1.238e-05 0.00315934 0.00027881 0.00505952 -0.00767327 -2.48573e-05 -0.00113377 -0.00203012 2.45538e-05 0.00143384 -3.38001e-05 0.00193169 0.0113158 0.00614754
internal_weight=153841 60949 41444 33163 22825 10338 19505 6577 2559 4018 12928 671 12257 8281 5614 2667 92892 364 269 168 101 92528 3947 3054 88581 3522 85059 893 95 61
internal_count=153841 60949 41444 33163 22825 10338 19505 6577 2559 4018 12928 671 12257 8281 5614 2667 92892 364 269 168 101 92528 3947 3054 88581 3522 85059 893 95 61
is_linear=0
shrinkage=0.05


Tree=209
num_leaves=31
num_cat=0
split_feature=4 3 13 13 13 13 0 21 13 2 1 25 0 38 25 39 3 1 14 39 3 0 38 25 34 37 2 39 38 2
split_gain=369.496 267.097 206.783 291.852 111.342 36.6564 3.69375 6.46234 8.57328 7.52111 5.87628 4.75819 1.79608 1.72121 3.67196 3.11419 1.46834 12.7056 7.02164 10.3841 7.97636 6.75658 6.20434 7.29251 5.65202 21.0331 9.95792 4.51436 4.47221 3.67495
threshold=1.0000000180025095e-35 -0.10210046172142027 12.92698907852173 -4.518629550933837 0.00075226789808231222 -13.842182159423826 -0.71135804057121266 0.27500000596046453 1.0000000180025095e-35 0.01608435902744532 -0.83055493235588063 0.054756958037614829 -0.75929382443428028 0.0065040125045925387 0.21019235253334048 -2.7144342660903926 -0.30152188241481775 -0.45843018591403956 1.0000000180025095e-35 0.15194281190633777 -2.9855184555053706 0.0023576841922476892 -0.089304592460393892 0.078073017299175276 2.5000000000000004 1.0000000180025095e-35 0.046802124008536346 -3.8356570005416866 -0.24519689381122586 0.0060130511410534391
decision_type=2 2 2 2 2 2 2 2 2 2 2 2 2 2 2 2 2 2 2 2 2 2 2 2 2 2 2 2 2 2
left_child=1 6 3 5 -5 -3 10 8 -8 -9 11 -1 -12 15 -15 -4 18 22 24 20 -20 -21 28 -24 26 -26 -2 29 -18 -19
right_child=16 2 13 4 -6 -7 7 9 -10 -11 12 -13 -14 14 -16 -17 17 27 19 21 -22 -23 23 -25 25 -27 -28 -29 -30 -31
leaf_value=0.0003796530602846413 -2.7745910514160104e-05 -6.8694506077169563e-07 -0.00010913997593614348 -2.3834891467092265e-08 -2.3834891467092265e-08 -2.3834891467092265e-08 2.7380762040063457e-06 -4.1513973781768785e-06 -6.6001820130370588e-07 5.2388001035814765e-07 -0.00023821946536365258 -0.00018582123557564238 -0.00026790525009236493 2.4980622236217366e-05 -4.7822363815105413e-05 -5.8703014504713225e-06 4.9029587525625462e-05 7.6669509385287732e-06 -0.00037448083543223674 -0.00024267405378662014 0.00043885082544279833 0.00063706696854396675 4.3850931329815841e-05 -0.0005399454013112233 -0.00039150820038460474 0.0001645928581883803 0.00026866788799963405 2.6418555261840254e-06 -0.00077296869689587539 -0.00048486061498166384
leaf_weight=573 8243 7036 198 16468 6357 3302 3147 3922 2290 7905 50 1580 38 1782 337 5964 107 138 454 706 3594 100 1265 1302 4598 5315 4360 62147 395 168
leaf_count=573 8243 7036 198 16468 6357 3302 3147 3922 2290 7905 50 1580 38 1782 337 5964 107 138 454 706 3594 100 1265 1302 4598 5315 4360 62147 395 168
internal_value=-0.00199833 -0.00502346 -0.00729418 -0.00905904 -0.0122158 -0.00208938 -0.000198667 4.92354e-05 0.001476 -0.000606663 -0.00210843 -0.0015908 -0.0147727 -0.000226422 0.00100283 -0.00064914 -1.34565e-05 -0.000141937 0.000294118 0.00201895 0.00305089 -0.00316377 -0.00328283 -0.00228866 -7.77225e-05 -0.000970947 0.000624851 1.24093e-05 -0.00836653 -0.00604575
internal_weight=153841 60949 41444 33163 22825 10338 19505 17264 5437 11827 2241 2153 88 8281 2119 6162 92892 65522 27370 4854 4048 806 3069 2567 22516 9913 12603 62453 502 306
internal_count=153841 60949 41444 33163 22825 10338 19505 17264 5437 11827 2241 2153 88 8281 2119 6162 92892 65522 27370 4854 4048 806 3069 2567 22516 9913 12603 62453 502 306
is_linear=0
shrinkage=0.05


Tree=210
num_leaves=29
num_cat=0
split_feature=4 3 24 32 25 22 14 32 25 37 38 1 2 1 1 10 10 38 18 2 18 22 24 3 7 21 22 25
split_gain=365.668 271.234 119.281 72.2513 44.3683 24.0093 19.8954 13.36 3.74491 4.74566 10.9974 8.50136 3.44533 4.55443 3.32964 1.55221 1.62926 5.99875 6.81765 2.43362 1.57425 2.27464 1.41206 1.02018 0.908893 0.684771 2.37097 0.179462
threshold=1.0000000180025095e-35 -0.10210046172142027 2.5000000000000004 14.500000000000002 0.0050568901933729657 0.069670796394348158 -1.0000000180025095e-35 14.500000000000002 1.5198326110839846 1.0000000180025095e-35 -0.033402103930711739 -2.2224216461181636 -0.99266698956489552 -0.21460137516260144 0.34781159460544592 0.99972870945930492 0.82449445128440868 -0.02039896976202726 11506.911621093752 0.012234598863869907 494595.42187500006 0.28653679788112646 1.0000000180025095e-35 -0.0405998658388853 0.0049595800228416928 0.47499999403953558 0.4379138201475144 1.828366279602051
decision_type=2 2 2 2 2 2 2 2 2 2 2 2 2 2 2 2 2 2 2 2 2 2 2 2 2 2 2 2
left_child=1 8 3 4 -3 7 -7 -4 9 10 -1 -11 27 -14 -5 16 20 19 -19 -18 22 -22 -2 25 -25 -17 -27 -10
right_child=15 2 5 14 -6 6 -8 -9 12 11 -12 -13 13 -15 -16 23 17 18 -20 -21 21 -23 -24 24 -26 26 -28 -29
leaf_value=-4.4812431035433366e-06 -0.00032506414772342845 -2.2643146893737652e-08 -2.2643146893737652e-08 0.00011173322327555428 -2.2643146893737652e-08 2.6872281059002294e-05 -2.2643146893737652e-08 0.00014958072933259504 -0.00021556185956998826 -0.00025885051048907146 8.9873265261609263e-06 -1.6869138048772453e-06 -3.4162489977604059e-05 -0.00021160591523521931 -0.0033344228560575825 -0.00052131159677909651 -0.0004207581059950519 5.2443309922080125e-05 0.00097394158951420609 -5.6831981527886473e-05 -0.00067558748660184297 0.00084817331851173025 -3.3704945660385791e-06 0.00045998515661907252 -0.00017512178430519615 -0.0004347830203374823 0.00094505549958862284 -0.0003739060612767285
leaf_weight=1292 63 1955 1908 1445 14798 1990 19047 202 35 202 6860 10741 288 49 99 54 112 848 340 232 44 244 90779 35 48 62 31 38
leaf_count=1292 63 1955 1908 1445 14798 1990 19047 202 35 202 6860 10741 288 49 99 54 112 848 340 232 44 244 90779 35 48 62 31 38
internal_value=-0.00200255 -0.00501198 -0.00730021 -0.0103173 -0.0112711 -0.00491532 -0.00440533 -0.01 -0.000149962 -4.8442e-05 0.000864818 -0.000728776 -0.00487805 -0.00274481 3.23834e-05 -2.79895e-05 -1.78067e-05 0.00159922 0.00328283 -0.00421512 -4.49907e-05 0.00364583 -5.66918e-05 -0.00413043 0.000301205 -0.00663265 -0.00403226 -0.014726
internal_weight=153841 60949 41444 18297 16753 23147 21037 2110 19505 19095 8152 10943 410 337 1544 92892 92662 1532 1188 344 91130 288 90842 230 83 147 93 73
internal_count=153841 60949 41444 18297 16753 23147 21037 2110 19505 19095 8152 10943 410 337 1544 92892 92662 1532 1188 344 91130 288 90842 230 83 147 93 73
is_linear=0
shrinkage=0.05


Tree=211
num_leaves=28
num_cat=0
split_feature=5 13 13 32 13 13 39 0 13 39 2 1 38 13 38 10 39 37 1 25 5 9 21 0 0 22 25
split_gain=368.884 157.38 332.539 118.047 132.151 46.2455 13.2229 8.33858 7.89318 8.14429 5.54611 4.55234 6.1311 4.56855 4.31469 1.7215 1.71759 9.75081 8.06255 6.86945 3.90227 7.36418 3.95258 1.2971 0.860562 1.54607 1.64065
threshold=1.0000000180025095e-35 -8.9208893775939924 0.00075226789808231222 10.500000000000002 -0.064914468675851808 12.92698907852173 0.81853067874908458 0.57766079902648937 -13.842182159423826 3.0046374797821049 0.42572966217994695 -0.017992522567510601 -0.1715494021773338 -494.82939147949213 0.075840681791305556 0.99972870945930492 -0.79354643821716297 1.0000000180025095e-35 -0.17635922878980634 1.3021721839904787 2.6250000000000004 0.17158970236778262 0.92499998211860668 0.52061906456947338 -0.3860360980033874 0.42955288290977484 0.027781608514487747
decision_type=2 2 2 2 2 2 2 2 2 2 2 2 2 2 2 2 2 2 2 2 2 2 2 2 2 2 2
left_child=1 8 3 4 -3 6 -4 -5 11 10 -10 13 -13 -1 -11 16 17 19 -19 -2 21 -18 -22 -7 -17 26 -26
right_child=15 2 5 7 -6 23 -8 -9 9 14 -12 12 -14 -15 -16 24 20 18 -20 -21 22 -23 -24 -25 25 -27 -28
leaf_value=0.0009757269666362282 -0.00018742914712187848 -2.151098954905077e-08 -2.151098954905077e-08 0.00015086147734506164 -2.151098954905077e-08 -1.991132241550495e-06 -2.151098954905077e-08 -0.0012798109349649864 -2.151098954905077e-08 -2.151098954905077e-08 -2.151098954905077e-08 -0.00016583217052982126 2.1606272738865519e-05 -1.5598130981870548e-05 -2.151098954905077e-08 -0.0010983728360601586 3.4841825926525997e-05 -6.5666873809509373e-05 7.9813294045808999e-05 0.00026784953175543506 2.6894832229659024e-05 0.00053469994580570537 -3.7685701631005705e-05 -3.3075661821780353e-05 0.00039618567923238005 0.00072335483166570305 -0.00038267335130352581
leaf_weight=230 3539 6360 5707 2266 14987 12721 3279 40 1818 172 181 136 2907 9622 76 31 5329 12456 9484 342 37671 1326 22515 447 36 37 126
leaf_count=230 3539 6360 5707 2266 14987 12721 3279 40 1818 172 181 136 2907 9622 76 31 5329 12456 9484 342 37671 1326 22515 447 36 37 126
internal_value=-0.00201068 -0.00503331 -0.00649409 -0.010617 -0.011778 -0.00209217 -0.00485756 0.000130095 -0.000614186 -0.00334891 -0.00228864 -0.00013765 0.00155274 -0.000659765 -0.0118952 -2.74512e-05 -1.67275e-05 -0.000363077 4.55789e-05 -0.00267328 0.000117069 0.00126597 -9.9691e-06 -0.000205043 -0.00434783 -0.0031407 -0.00524691
internal_weight=153841 60949 45807 23653 21347 22154 8986 2306 15142 2247 1999 12895 3043 9852 248 92892 92662 25821 21940 3881 66841 6655 60186 13168 230 199 162
internal_count=153841 60949 45807 23653 21347 22154 8986 2306 15142 2247 1999 12895 3043 9852 248 92892 92662 25821 21940 3881 66841 6655 60186 13168 230 199 162
is_linear=0
shrinkage=0.05


Tree=212
num_leaves=31
num_cat=0
split_feature=7 3 13 13 32 13 24 25 25 34 2 25 13 25 2 39 37 3 25 38 39 2 18 25 3 38 20 3 9 32
split_gain=368.551 265.476 207.632 286.209 155.282 35.5231 4.86693 5.80679 5.37258 4.68071 3.77459 4.45757 1.77252 2.96215 2.68603 1.5476 8.97627 9.93607 9.54069 8.05018 6.79974 6.04204 5.07664 3.62928 3.83201 9.23527 5.9022 2.89825 2.86497 1.21103
threshold=1.0000000180025095e-35 -0.10210046172142027 12.92698907852173 -4.518629550933837 14.500000000000002 -13.842182159423826 1.5000000000000002 1.828366279602051 0.098036963492631926 2.5000000000000004 -0.99266698956489552 1.828366279602051 29.080923080444339 0.0044128096196800479 0.63436871767044078 -0.79354643821716297 1.0000000180025095e-35 0.081926357001066222 0.34366941452026373 0.22453185915946963 -1.9181800484657285 0.43497334420681005 -2375.336303710937 2.3506062030792241 -0.2138758301734924 0.046155078336596496 -1.0000000180025095e-35 -1.1688111424446104 0.040844129398465163 8.5000000000000018
decision_type=2 2 2 2 2 2 2 2 2 2 2 2 2 2 2 2 2 2 2 2 2 2 2 2 2 2 2 2 2 2
left_child=1 6 3 5 -5 -3 10 8 -8 -9 -1 -12 14 -14 -4 16 20 19 -19 -18 22 -22 -2 24 25 -17 -26 29 -29 -25
right_child=15 2 12 4 -6 -7 7 9 -10 -11 11 -13 13 -15 -16 23 17 18 -20 -21 21 -23 -24 27 26 -27 -28 28 -30 -31
leaf_value=-0.00026866848069939881 -0.00040828417519189167 -3.8911804555029886e-07 2.9483672690414709e-06 -2.0435440071598231e-08 7.4091632376930429e-06 -2.0435440071598231e-08 -1.3040489147699495e-06 -0.00027151122685046631 2.7449380083143208e-06 -0.00037610917600350389 -1.3724986990860656e-06 0.0016140786124400686 -8.0945175525962639e-05 -7.8892366126232731e-06 0.00036312124416881223 0.00010955226593566959 -3.3704413108398904e-06 7.0557556154401133e-05 0.00090392381536328996 -0.0002827340657871061 8.9519879204671287e-05 -0.00069814913507574856 -0.00012651686247955925 -0.00080350899608056252 3.285529855299773e-05 -0.00011622075175985857 -4.8267265612902092e-05 -0.00036091952858640242 0.00036639279027546323 -0.0016068696035361409
leaf_weight=90 489 7036 2570 20531 2294 3302 10115 202 6338 58 2668 34 225 5389 97 18779 17295 2262 721 1712 1556 235 1626 97 22564 3168 22261 40 57 30
leaf_count=90 489 7036 2570 20531 2294 3302 10115 202 6338 58 2668 34 225 5389 97 18779 17295 2262 721 1712 1556 235 1626 97 22564 3168 22261 40 57 30
internal_value=-0.00200548 -0.00502674 -0.00729056 -0.00905904 -0.0121851 -0.00215709 -0.000216611 0.000106205 0.000223364 -0.00730769 -0.002149 -0.00181347 -0.000208308 -0.000712504 0.000853018 -2.31452e-05 -0.000351406 4.09277e-05 0.00272377 -0.000380123 -0.00256016 -0.000293132 -0.00447991 0.000103738 0.000125052 0.000666378 -0.000139989 -0.00625 0.000257732 -0.0112205
internal_weight=153841 60949 41444 33163 22825 10338 19505 16713 16453 260 2792 2702 8281 5614 2667 92892 25896 21990 2983 19007 3906 1791 2115 66996 66772 21947 44825 224 97 127
internal_count=153841 60949 41444 33163 22825 10338 19505 16713 16453 260 2792 2702 8281 5614 2667 92892 25896 21990 2983 19007 3906 1791 2115 66996 66772 21947 44825 224 97 127
is_linear=0
shrinkage=0.05


Tree=213
num_leaves=31
num_cat=0
split_feature=5 3 24 32 25 0 22 14 3 22 0 3 37 22 25 3 5 25 24 34 38 25 8 0 2 32 3 22 3 11
split_gain=368.838 265.646 119.447 76.8041 43.7135 25.2197 28.2589 11.9505 5.06895 5.03984 6.52786 7.00933 4.59303 8.54073 6.30239 3.59167 1.51416 4.39969 5.27069 6.56136 5.09349 4.49239 3.73259 3.60508 2.68852 7.5424 5.66732 2.59596 1.70559 1.26568
threshold=1.0000000180025095e-35 -0.10210046172142027 2.5000000000000004 14.500000000000002 0.0050568901933729657 -0.12748190760612485 0.069670796394348158 1.0000000180025095e-35 0.18093846738338473 0.066147454082965865 0.0061605265364050874 -0.10819913819432257 1.0000000180025095e-35 1.3973827958106997 0.025086523033678535 -0.25377415120601649 10.424999713897707 0.68973770737648021 2.5000000000000004 1.0000000180025095e-35 0.061989651992917068 0.075770780444145217 0.11566411703824998 0.079906221479177489 0.058991258963942535 2.5000000000000004 0.13509597629308703 0.32973782718181616 -4.3354971408843985 0.98208561539649974
decision_type=2 2 2 2 2 2 2 2 2 2 2 2 2 2 2 2 2 2 2 2 2 2 2 2 2 2 2 2 2 2
left_child=1 9 3 4 -3 7 -7 -4 -5 10 11 -1 14 -14 -11 -12 22 18 19 -18 23 -20 24 -19 25 -2 -26 -22 -24 -30
right_child=16 2 5 8 -6 6 -8 -9 -10 12 15 -13 13 -15 -16 -17 17 20 21 -21 27 -23 28 -25 26 -27 -28 -29 29 -31
leaf_value=-1.0066831331148112e-06 -3.9487846731729046e-05 -1.9413668068018322e-08 -1.9413668068018322e-08 -0.00018358398694011575 -1.9413668068018322e-08 -1.9413668068018322e-08 -1.9413668068018322e-08 0.00072142961061618966 0.0016573869582586359 -4.3772377508152177e-06 -1.0580919098629417e-05 -1.8214218597325607e-05 -1.2388464690314518e-06 -0.00032743209108907628 1.7638900038542213e-05 0.00067416702751329268 0.00032339124364554191 -1.0468514632268855e-05 2.163966724480983e-05 9.0016523001828531e-06 -0.00064453022241555303 -8.2604586227589052e-05 0.00014863191218500717 -0.00090158624031384013 8.0270275236681972e-05 0.00022296155497948181 -4.871202493043382e-05 -0.00034225477296204388 -0.0013056248210504683 -0.00019982628443300943
leaf_weight=842 18892 1955 1877 1106 14798 2083 19030 157 438 1801 70 60 10259 359 6046 68 2239 1303 11338 9480 192 18958 41 148 20144 3115 6594 313 101 34
leaf_count=842 18892 1955 1877 1106 14798 2083 19030 157 438 1801 70 60 10259 359 6046 68 2239 1303 11338 9480 192 18958 41 148 20144 3115 6594 313 101 34
internal_value=-0.0020084 -0.00503085 -0.00729539 -0.0103145 -0.011298 -0.00490884 -0.00439658 -0.0102262 0.000356218 -0.000219175 -0.00360577 -0.00515521 -2.84322e-05 -0.000706348 0.000888875 0.00652174 -2.52982e-05 -0.000238225 -0.000130311 0.000770117 -0.00255624 -0.000478611 0.000166084 -0.001051 0.000192327 -0.000216976 0.000529209 -0.00688119 -0.00710227 -0.00981481
internal_weight=153841 60949 41444 18297 16753 23147 21113 2034 1544 19505 1040 902 18465 10618 7847 138 92892 43971 42015 11719 1956 30296 48921 1451 48745 22007 26738 505 176 135
internal_count=153841 60949 41444 18297 16753 23147 21113 2034 1544 19505 1040 902 18465 10618 7847 138 92892 43971 42015 11719 1956 30296 48921 1451 48745 22007 26738 505 176 135
is_linear=0
shrinkage=0.05


Tree=214
num_leaves=31
num_cat=0
split_feature=4 3 32 22 14 21 38 0 39 25 3 2 22 22 3 34 37 37 32 22 32 34 2 39 39 38 2 32 20 32
split_gain=376.987 256.41 82.5374 89.061 49.1243 21.4517 5.96898 12.5772 8.01686 4.70779 11.8121 7.37635 4.67294 5.7205 5.67759 1.4685 50.7366 21.207 46.4662 39.5312 38.8064 25.4367 20.7422 20.6307 19.3147 17.0696 16.9345 16.779 12.5565 10.0058
threshold=1.0000000180025095e-35 -0.10210046172142027 14.500000000000002 0.064333289861679091 -1.0000000180025095e-35 0.97499999403953563 -1.0000000180025095e-35 0.075262390077114119 4.0603854656219491 0.46834939718246466 -0.11377381160855292 -0.85274317860603321 0.16764742881059649 1.0050483942031863 -0.14645934849977491 1.5000000000000002 1.0000000180025095e-35 1.0000000180025095e-35 8.5000000000000018 0.96546417474746715 8.5000000000000018 2.5000000000000004 0.049516920000314719 -1.5880557894706724 -0.097500421106815324 -0.21846626698970792 0.31094327569007879 14.500000000000002 -1.0000000180025095e-35 14.500000000000002
decision_type=2 2 2 2 2 2 2 2 2 2 2 2 2 2 2 2 2 2 2 2 2 2 2 2 2 2 2 2 2 2
left_child=1 9 3 5 -5 -3 7 -4 -8 12 11 -11 14 -14 -1 16 22 18 21 -20 28 -17 27 29 -24 -22 -25 -2 -19 -18
right_child=15 2 6 4 -6 -7 8 -9 -10 10 -12 -13 13 -15 -16 17 23 20 19 -21 25 -23 24 26 -26 -27 -28 -29 -30 -31
leaf_value=-4.2315326359705422e-06 -6.2388327865323852e-05 -1.8442984664617404e-08 0.0001236043095829269 -6.0464380252705817e-06 -1.8442984664617404e-08 -1.8442984664617404e-08 0.0001268371009196438 -0.00084823741463154975 0.011669158683488084 -0.00026783571247245111 -1.7828804001859477e-05 -4.4828581305615204e-07 1.0989437308847064e-06 -9.070862072882381e-05 1.6619346114829606e-06 0.00015577723353502501 7.2153336007229742e-05 0.00027197037396740794 -0.00087200176286975073 0.0041472515666669809 -0.00077805375414366365 -9.5778201734192302e-05 -0.00012032842207220785 -0.00034902015659758865 0.00051317516283235366 0.0013208968828029204 -8.371083828792315e-05 0.00075217223267575654 -9.2260190572884124e-06 -0.00060144776115496075
leaf_weight=3136 5690 4241 658 2738 29891 1170 2306 375 65 187 70 1695 11512 1324 1581 7731 4963 6748 2502 143 302 17667 1217 7112 5841 3069 4733 758 23907 509
leaf_count=3136 5690 4241 658 2738 29891 1170 2306 375 65 187 70 1695 11512 1324 1581 7731 4963 6748 2502 143 302 17667 1217 7112 5841 3069 4733 758 23907 509
internal_value=-0.00203181 -0.00508745 -0.00731228 -0.00797976 -0.00699454 -0.0139207 0.000146886 -0.00302517 0.00152889 -0.000360164 -0.00268955 -0.00193943 -0.000101122 0.000393425 -0.00144689 -2.6913e-05 -0.000309022 0.00011318 -0.00090486 -0.00721172 0.000952213 -0.000248051 0.00198801 -0.00210054 0.00386087 0.0060442 -0.00327353 -6.20347e-05 0.000392269 0.000438596
internal_weight=153841 60949 41444 38040 32629 5411 3404 1033 2371 19505 1952 1882 17553 12836 4717 92892 30823 62069 28043 2645 34026 25398 13506 17317 7058 3371 11845 6448 30655 5472
internal_count=153841 60949 41444 38040 32629 5411 3404 1033 2371 19505 1952 1882 17553 12836 4717 92892 30823 62069 28043 2645 34026 25398 13506 17317 7058 3371 11845 6448 30655 5472
is_linear=0
shrinkage=0.05


Tree=215
num_leaves=31
num_cat=0
split_feature=4 3 13 13 32 13 25 3 2 22 3 22 22 22 0 22 39 3 39 0 38 25 3 1 0 3 25 0 34 14
split_gain=375.205 259.142 206.64 285.954 149.792 35.1227 4.73901 11.0191 7.37635 4.54317 5.43392 5.25656 1.93724 5.96983 4.50144 1.60046 5.41013 4.76168 6.07258 3.02278 2.84159 2.78859 2.28882 2.05042 5.76134 5.28812 4.84521 5.3255 4.56716 3.42315
threshold=1.0000000180025095e-35 -0.10210046172142027 12.92698907852173 -4.518629550933837 14.500000000000002 -13.842182159423826 0.46834939718246466 -0.11377381160855292 -0.85274317860603321 0.16764742881059649 -0.14645934849977491 0.17335622012615207 0.29159837961196905 0.3493716567754746 -0.14170248061418531 0.07188716903328897 1.6393371224403384 -0.17855050414800641 -2.2730158567428584 0.13259001076221469 0.11252592876553537 0.12219281867146493 0.10763790458440782 -0.17635922878980634 0.2281666770577431 0.013722450006753208 0.87151888012886058 -0.1383506506681442 1.0000000180025095e-35 -1.0000000180025095e-35
decision_type=2 2 2 2 2 2 2 2 2 2 2 2 2 2 2 2 2 2 2 2 2 2 2 2 2 2 2 2 2 2
left_child=1 6 3 5 -5 -3 9 8 -8 10 -1 -11 14 -14 -4 16 17 20 -19 22 -2 -21 -18 24 28 -26 27 -25 -17 -28
right_child=15 2 12 4 -6 -7 7 -9 -10 11 -12 -13 13 -15 -16 23 19 18 -20 21 -22 -23 -24 26 25 -27 29 -29 -30 -31
leaf_value=-4.0199560041720151e-06 0.00013247385731431188 -5.4753973393888253e-07 -0.00016320080089702964 -1.7520835431386534e-08 -1.0557795923864591e-05 -1.7520835431386534e-08 -0.00025444392684882857 -1.6937363801766345e-05 -4.2587152240334449e-07 3.7930393618586327e-08 1.5788378809088124e-06 4.5285548605317634e-07 -8.2064090016977127e-05 1.4676108087707721e-05 3.2858644668400943e-06 -0.00012190333612664365 8.1133423000660768e-05 0.00020021184204004183 -0.00016049764169356483 -0.00035187872596746829 -0.00033393978440657507 9.6400776599331025e-05 0.00056115448927587254 -0.00027822696468181779 -0.0006084914366153519 0.00016795202224590498 0.0011846784785368269 1.3971994439005397e-05 6.8174510321329306e-06 0.00013446474722501739
leaf_weight=3136 299 7036 200 20531 2294 3302 187 70 1695 276 1581 12560 560 1129 6392 6601 541 126 1248 42 33 50 50 202 742 243 85 48845 33560 225
leaf_count=3136 299 7036 200 20531 2294 3302 187 70 1695 276 1581 12560 560 1129 6392 6601 541 126 1248 42 33 50 50 202 742 243 85 48845 33560 225
internal_value=-0.00203083 -0.00507925 -0.0073159 -0.00908015 -0.0122048 -0.00218127 -0.000326839 -0.00266393 -0.00193943 -6.69401e-05 -0.00139389 0.000420692 -0.000250574 -0.0017614 0.000136529 -3.06808e-05 -0.00130808 -0.0028136 -0.00411208 0.00245242 0.00256024 -0.00597826 0.00376481 3.03857e-06 -0.000257619 -0.00403553 0.000220333 0.000180949 -0.000164961 0.00645161
internal_weight=153841 60949 41444 33163 22825 10338 19505 1952 1882 17553 4717 12836 8281 1689 6592 92892 2389 1706 1374 683 332 92 591 90503 41146 985 49357 49047 40161 310
internal_count=153841 60949 41444 33163 22825 10338 19505 1952 1882 17553 4717 12836 8281 1689 6592 92892 2389 1706 1374 683 332 92 591 90503 41146 985 49357 49047 40161 310
is_linear=0
shrinkage=0.05


Tree=216
num_leaves=31
num_cat=0
split_feature=4 3 13 13 32 13 25 3 2 22 25 22 22 13 22 22 39 3 39 2 2 3 3 1 2 32 2 32 25 32
split_gain=373.508 261.047 205.934 285.704 150.763 35.1227 4.63577 10.2817 7.0042 4.12847 5.41518 5.25656 1.98245 5.93836 2.67972 1.64512 5.05509 3.94723 5.23363 2.43643 2.3785 2.65664 1.97531 1.82249 5.22898 9.77669 7.83994 3.78531 8.81741 5.36659
threshold=1.0000000180025095e-35 -0.10210046172142027 12.92698907852173 -4.518629550933837 14.500000000000002 -13.842182159423826 0.46834939718246466 -0.11377381160855292 -0.85274317860603321 0.16764742881059649 0.017389641143381599 0.17335622012615207 0.29159837961196905 178.90980529785159 0.28653679788112646 0.07188716903328897 1.6393371224403384 -0.17855050414800641 -2.2433018684387203 0.02214506454765797 0.1670419126749039 0.23736840486526492 0.11403810977935792 -0.17635922878980634 0.16439450532197955 8.5000000000000018 0.057714371010661132 27.500000000000004 0.53111356496810924 2.5000000000000004
decision_type=2 2 2 2 2 2 2 2 2 2 2 2 2 2 2 2 2 2 2 2 2 2 2 2 2 2 2 2 2 2
left_child=1 6 3 5 -5 -3 9 8 -8 10 -1 -11 14 -14 -4 16 17 19 -19 -2 22 -22 -18 24 26 -26 -17 29 -29 -25
right_child=15 2 12 4 -6 -7 7 -9 -10 11 -12 -13 13 -15 -16 23 20 18 -20 -21 21 -23 -24 27 25 -27 -28 28 -30 -31
leaf_value=1.5825879906825414e-06 -1.5499862414846464e-05 -5.2016274724193842e-07 6.5566603320818569e-08 -1.6644793659817207e-08 -1.0029906127671448e-05 -1.6644793659817207e-08 -0.00024172173050638715 -1.6090495611677942e-05 -4.0457794628317725e-07 3.6033873937657008e-08 -3.5022185424412756e-06 4.3021271175051754e-07 -4.3116795491429793e-05 0.00053140528943500145 0.00066304796975983412 -3.4009479994285589e-05 7.7076751850627741e-05 0.00017959347889614943 -0.00015341066289610591 0.00061240842312571334 -0.00059673599545371082 5.3524271142424605e-05 0.00056309824514212789 1.6331331661346461e-05 -0.00011722299264632086 -0.00098470875320045854 0.00016434121116653511 0.00022031612907580673 0.0018117010478217147 -0.00018589796626698621
leaf_weight=1512 229 7036 6498 20531 2294 3302 187 70 1695 276 3205 12560 1463 226 94 27404 545 129 1245 103 37 54 47 43843 6055 472 7215 2102 46 3366
leaf_count=1512 229 7036 6498 20531 2294 3302 187 70 1695 276 3205 12560 1463 226 94 27404 545 129 1245 103 37 54 47 43843 6055 472 7215 2102 46 3366
internal_value=-0.00202953 -0.00507104 -0.0073159 -0.00907713 -0.0122004 -0.00218127 -0.000301205 -0.0026127 -0.00191286 -4.4152e-05 -0.00130909 0.000420692 -0.000262649 -0.001791 0.000128944 -3.39103e-05 -0.00132901 -0.00278429 -0.00396652 0.00210843 0.002306 -0.00521978 0.00346284 2.76234e-07 -0.000245467 -0.00154359 -7.22147e-07 0.000205138 0.00225791 0.000111737
internal_weight=153841 60949 41444 33163 22825 10338 19505 1952 1882 17553 4717 12836 8281 1689 6592 92892 2389 1706 1374 332 683 91 592 90503 41146 6527 34619 49357 2148 47209
internal_count=153841 60949 41444 33163 22825 10338 19505 1952 1882 17553 4717 12836 8281 1689 6592 92892 2389 1706 1374 332 683 91 592 90503 41146 6527 34619 49357 2148 47209
is_linear=0
shrinkage=0.05


Tree=217
num_leaves=31
num_cat=0
split_feature=4 24 32 1 39 25 22 0 1 38 21 38 0 21 34 0 22 39 25 32 39 9 25 8 25 38 39 39 0 38
split_gain=372.296 136.482 53.7194 51.5973 46.0722 31.6184 28.6176 26.8943 20.9847 15.6341 12.3092 10.4877 4.43594 8.56924 6.74833 4.39856 1.74894 5.17219 3.22062 4.46782 3.80809 2.13771 2.5345 1.87208 1.8182 7.72948 8.76317 6.98538 3.3178 5.55805
threshold=1.0000000180025095e-35 2.5000000000000004 14.500000000000002 -0.11904333904385565 2.895046710968018 0.0050568901933729657 0.069670796394348158 -0.0025897515006363388 0.077680200338363661 -0.041224423795938485 1.0000000180025095e-35 0.30095177888870245 0.0061605265364050874 0.075000001117587103 3.5000000000000004 0.28088290989398962 0.07188716903328897 1.6393371224403384 0.3816142082214356 14.500000000000002 -2.2730158567428584 0.079565115272998824 0.063200417906045928 0.0083049805834889429 0.2751480787992478 -0.16173593699932096 -5.2819278240203849 -1.6657541394233701 0.55615735054016124 0.8683454990386964
decision_type=2 2 2 2 2 2 2 2 2 2 2 2 2 2 2 2 2 2 2 2 2 2 2 2 2 2 2 2 2 2
left_child=1 2 3 7 6 -5 10 -1 -8 15 -3 -11 14 -14 -4 -6 17 18 20 -20 -2 22 -19 -23 28 27 -27 -26 -18 -30
right_child=16 4 12 5 9 -7 8 -9 -10 11 -12 -13 13 -15 -16 -17 24 21 19 -21 -22 23 -24 -25 25 26 -28 -29 29 -31
leaf_value=-1.5812553976826347e-08 8.9154871576221155e-05 -1.5812553976826347e-08 -0.0004021843108314426 -1.5812553976826347e-08 -1.5812553976826347e-08 -1.5812553976826347e-08 -1.5812553976826347e-08 -1.5812553976826347e-08 -1.5812553976826347e-08 -1.5812553976826347e-08 -1.5812553976826347e-08 0.0018141257539902496 -0.00036745790255001949 0.0013105635123942473 0.0015414992163324329 -1.5812553976826347e-08 5.3117681195073539e-06 0.00024174572535880039 -3.3112536047336803e-06 0.0010872110946465415 -0.00014197563908361702 7.9305822845295468e-05 -1.1524232121532423e-05 -0.0004002107127189769 -0.00079669870378779983 0.00087897481361246064 -2.0882452790156952e-05 -0.00013195542666355475 0.00014056226492721591 0.0035908843812728439
leaf_weight=6519 207 583 874 1559 1280 13138 27316 1609 3350 2108 1020 194 429 490 256 224 64970 365 121 36 1342 77 186 55 527 210 21648 719 2399 30
leaf_count=6519 207 583 874 1559 1280 13138 27316 1609 3350 2108 1020 194 429 490 256 224 64970 365 121 36 1342 77 186 55 527 210 21648 719 2399 30
internal_value=-0.00202791 -0.00506448 -0.00791389 -0.00861008 -0.00309979 -0.010378 -0.00248613 -0.00541339 -0.0021457 -0.00830268 -0.00899875 -0.00571242 -0.000158614 0.00242111 -0.00225664 -0.0122673 -3.55251e-05 -0.00137087 -0.00284291 0.00398089 -0.00353454 0.002306 0.00367514 -0.00340909 -2.76234e-07 -0.000383051 -0.000164699 -0.00421348 0.000130937 0.00194524
internal_weight=153841 60949 24874 22825 36075 14697 32269 8128 30666 3806 1603 2302 2049 919 1130 1504 92892 2389 1706 157 1549 683 551 132 90503 23104 21858 1246 67399 2429
internal_count=153841 60949 24874 22825 36075 14697 32269 8128 30666 3806 1603 2302 2049 919 1130 1504 92892 2389 1706 157 1549 683 551 132 90503 23104 21858 1246 67399 2429
is_linear=0
shrinkage=0.05


Tree=218
num_leaves=31
num_cat=0
split_feature=4 3 13 13 13 13 25 34 34 25 25 13 25 25 0 11 18 38 38 38 8 8 38 38 3 3 7 7 39 34
split_gain=372.501 263.127 206.922 286.454 110.633 35.1227 3.73506 4.80068 8.03235 4.46702 4.64179 2.0965 1.71289 3.62617 2.7847 1.57076 4.85429 4.70388 5.76371 10.0138 7.46018 4.6611 3.90827 7.65847 6.04158 3.59576 3.48853 3.47239 3.39929 1.97005
threshold=1.0000000180025095e-35 -0.10210046172142027 12.92698907852173 -4.518629550933837 0.00075226789808231222 -13.842182159423826 1.5198326110839846 1.5000000000000002 2.5000000000000004 1.0245496630668642 0.46834939718246466 -15.922521591186522 0.41128018498420721 0.37481059134006506 0.40819515287876135 0.3951751589775086 -3779.6428222656245 0.11906004324555398 0.09158931672573091 0.090164035558700575 0.0089848292991518992 0.10234197229146959 0.18249313533306125 0.13058479875326159 0.14591440558433535 -0.30756512284278864 0.14139872044324878 0.064881198108196272 -0.21211908012628553 1.5000000000000002
decision_type=2 2 2 2 2 2 2 2 2 2 2 2 2 2 2 2 2 2 2 2 2 2 2 2 2 2 2 2 2 2
left_child=1 6 3 5 -5 -3 9 11 -9 10 -1 -8 13 -4 -14 17 25 18 19 -2 -20 27 23 -18 -24 26 -17 -19 -27 -23
right_child=15 2 12 4 -6 -7 7 8 -10 -11 -12 -13 14 -15 -16 16 22 21 20 -21 -22 29 24 -25 -26 28 -28 -29 -30 -31
leaf_value=-5.5897816861790428e-08 -2.838448817671481e-05 -4.9336398218100015e-07 -3.6176910567058722e-06 -1.502192627798503e-08 -1.502192627798503e-08 -1.502192627798503e-08 -0.00053835110095307181 0.00035773667710921287 -0.00034497961207024998 0.00058468368174209205 -2.9676786719973684e-06 -0.00013248911872600042 0.00010794935973697062 -0.00016362104673329884 0.00071068242122756728 -0.00018764301229375838 3.8358111242310993e-06 7.9917827175229761e-05 8.3748681534356022e-05 0.0011105700158786137 -0.00036479592798018207 -7.0793967989774692e-05 -0.00018499675066198582 0.00031972594538630687 0.00029267349474442866 0.0014795128608345543 0.0017945379783432609 0.00076632810785605139 0.00044297772527244415 -0.00057936895381115151
leaf_weight=17553 35936 7036 7936 16468 6357 3302 57 236 65 253 1289 52 210 84 51 490 44360 3464 505 114 881 60 3105 1828 545 237 59 660 583 65
leaf_count=17553 35936 7036 7936 16468 6357 3302 57 236 65 253 1289 52 210 84 51 490 44360 3464 505 114 881 60 3105 1828 545 237 59 660 583 65
internal_value=-0.00202953 -0.00506694 -0.00732072 -0.00908618 -0.0122136 -0.00218127 -0.000278134 -0.005 -0.00174419 -0.000176748 -0.000265365 -0.0139908 -0.000250574 -0.000380299 0.00373563 -3.66016e-05 0.000148905 -0.000264484 -0.000443423 -0.000321775 -0.0036075 0.00131207 6.8221e-05 0.000192691 -0.00150685 0.00308619 -4.55373e-05 0.00160039 0.00518293 -0.0082
internal_weight=153841 60949 41444 33163 22825 10338 19505 410 301 19095 18842 109 8281 8020 261 92892 51207 41685 37436 36050 1386 4249 49838 46188 3650 1369 549 4124 820 125
internal_count=153841 60949 41444 33163 22825 10338 19505 410 301 19095 18842 109 8281 8020 261 92892 51207 41685 37436 36050 1386 4249 49838 46188 3650 1369 549 4124 820 125
is_linear=0
shrinkage=0.05


Tree=219
num_leaves=31
num_cat=0
split_feature=4 3 24 32 25 0 22 0 3 25 2 2 22 3 22 25 22 3 9 0 32 3 38 4 22 10 25 38 25 0
split_gain=373.135 261.822 121.483 68.7967 43.825 25.2402 28.0381 10.6021 4.42714 3.99563 8.41788 7.89881 5.65646 5.26474 5.06818 4.42037 1.61786 3.68641 3.90066 3.85763 4.29004 3.65781 2.94016 2.08028 2.5295 2.68409 2.57821 2.24165 5.84424 2.4278
threshold=1.0000000180025095e-35 -0.10210046172142027 2.5000000000000004 14.500000000000002 0.0050568901933729657 -0.12748190760612485 0.069670796394348158 -0.60192203521728505 0.18093846738338473 0.37481059134006506 -0.25003533065319056 0.22227564454078677 0.16764742881059649 -0.14645934849977491 0.17335622012615207 0.45891858637332922 0.08353451639413835 -0.096248183399438844 0.60017606616020214 -0.0077558977063745252 8.5000000000000018 -0.36788189411163325 -0.02039896976202726 91.299999237060561 0.3358083069324494 1.0000000180025095e-35 0.22597272694110873 -0.26290866732597346 0.19525043666362765 -0.065302174538373933
decision_type=2 2 2 2 2 2 2 2 2 2 2 2 2 2 2 2 2 2 2 2 2 2 2 2 2 2 2 2 2 2
left_child=1 9 3 4 -3 7 -7 -4 -5 12 15 -12 13 -1 -14 -11 17 19 22 21 -21 -2 -19 27 26 -26 -25 28 -18 -29
right_child=16 2 5 8 -6 6 -8 -9 -10 10 11 -13 14 -15 -16 -17 23 18 -20 20 -22 -23 -24 24 25 -27 -28 29 -30 -31
leaf_value=-4.0345647615135873e-06 -0.0002306982162221489 -1.4270829964085778e-08 0.0023826028129608247 -0.00019109539697338514 -1.4270829964085778e-08 -1.4270829964085778e-08 -1.4270829964085778e-08 -1.4270829964085778e-08 0.0015036777158789006 -0.00028438979301155585 1.2449852444390508e-06 -0.0006396966838762134 3.7817698782705002e-08 1.6785924325273663e-06 8.4229115478014494e-07 -0.00015968798004585634 0.00031003974792108148 1.2885155817668795e-05 -0.00031896957037638837 0.00013644249626366931 0.0012866555397533998 2.9074848308138521e-05 -8.5166741182573111e-05 -0.00015196035387982779 -0.00081024894417438132 -0.00038655156221340946 0.00088683136332852399 -3.3961090147051603e-05 -0.00026507834124835198 1.2220284406524659e-05
leaf_weight=3087 169 1955 36 1106 14798 2083 19030 1998 438 169 1779 98 276 1568 12062 466 2239 962 136 335 64 473 1553 403 50 99 63 30280 723 55343
leaf_count=3087 169 1955 36 1106 14798 2083 19030 1998 438 169 1779 98 276 1568 12062 466 2239 962 136 335 64 473 1553 403 50 99 63 30280 723 55343
internal_value=-0.00202531 -0.0050653 -0.00731348 -0.0103583 -0.011289 -0.00490668 -0.00439421 -0.0102262 -0.000259067 -0.000288388 -0.00214968 -0.000466169 -1.32407e-05 -0.00149839 0.00054709 -0.00712598 -3.06808e-05 -0.00105634 -0.0020464 0.00146494 0.00532581 -0.000934579 -0.0016004 1.17713e-05 -0.00288618 -0.00855705 -0.00107296 3.18903e-05 0.0013842 -1.48909e-05
internal_weight=153841 60949 41444 18297 16753 23147 21113 2034 1544 19505 2512 1877 16993 4655 12338 635 92892 3692 2651 1041 399 642 2515 89200 615 149 466 88585 2962 85623
internal_count=153841 60949 41444 18297 16753 23147 21113 2034 1544 19505 2512 1877 16993 4655 12338 635 92892 3692 2651 1041 399 642 2515 89200 615 149 466 88585 2962 85623
is_linear=0
shrinkage=0.05


Tree=220
num_leaves=29
num_cat=0
split_feature=5 3 13 13 32 13 13 2 25 2 0 2 2 0 13 22 5 12 38 22 2 0 18 34 37 37 10 34
split_gain=370.794 267.154 207.989 319.537 149.703 37.6303 14.5822 6.66661 4.03044 5.90216 5.93694 3.91435 7.25912 6.31234 2.29513 1.74763 1.70179 1.73079 2.19872 1.70154 3.53587 3.99794 3.1449 1.91041 47.9341 19.6727 1.12271 1.16412
threshold=1.0000000180025095e-35 -0.10210046172142027 6.8573131561279306 -3.9830549955368038 10.500000000000002 -13.842182159423826 12.92698907852173 0.0079350844025611895 0.46834939718246466 -0.85274317860603321 -0.033798407763242715 0.21943420171737674 0.5375255048274995 0.082535255700349822 -14.936060905456541 0.26907840371131903 146.77500152587893 -0.47924353182315821 -0.3032549768686294 0.08353451639413835 0.12686107307672503 -0.0077558977063745252 -540.38027954101551 1.5000000000000002 1.0000000180025095e-35 1.0000000180025095e-35 0.1025880202651024 1.5000000000000002
decision_type=2 2 2 2 2 2 2 2 2 2 2 2 2 2 2 2 2 2 2 2 2 2 2 2 2 2 2 2
left_child=1 8 3 5 -5 -3 7 -4 11 14 -11 13 -13 -1 -10 -8 19 26 -19 20 21 -2 -22 24 -21 -25 27 -18
right_child=16 2 6 4 -6 -7 15 -9 9 10 -12 12 -14 -15 -16 -17 17 18 -20 23 22 -23 -24 25 -26 -27 -28 -29
leaf_value=3.5926813843569752e-08 -7.1301536126046905e-05 -4.6798224157374588e-07 -1.3557288465881489e-08 -1.3557288465881489e-08 -3.6190751338016289e-05 -1.3557288465881489e-08 1.329741304053796e-06 -1.3557288465881489e-08 -0.00035345373380444455 1.6227454168453323e-06 -1.3875508128935391e-05 0.00071519712507079583 -0.00077544032210012063 -3.2976237903020333e-05 -8.4284125118461376e-05 -3.3096681644190829e-05 -1.4807769610395841e-05 -0.00037578011364292958 0.00068582532290966444 0.00016787869780216018 -0.00038617110436651623 4.6724980101062153e-05 -8.141090419521704e-05 -6.8647494693731625e-05 -0.0001799880146617092 9.0399240786548211e-05 -0.00072922444099079173 -0.00037998123568548371
leaf_weight=15926 1428 7036 326 18435 2083 3545 6227 1738 93 1315 450 827 190 610 94 2054 56 56 48 12386 96 1692 444 26695 16843 33076 30 42
leaf_count=15926 1428 7036 326 18435 2083 3545 6227 1738 93 1315 450 827 190 610 94 2054 56 56 48 12386 96 1692 444 26695 16843 33076 30 42
internal_value=-0.00202173 -0.00505217 -0.00732313 -0.00936606 -0.0130057 -0.00230838 -0.00118173 -0.00494186 -0.000226865 -0.00238217 -0.00148725 1.28183e-05 0.0030236 -0.000172351 -0.0108289 -0.000244536 -3.33721e-05 -0.00431034 0.000480769 -2.26635e-05 -0.00107923 -0.000432692 -0.00481481 2.07865e-05 -0.000310479 0.000182781 -0.00820313 -0.00561224
internal_weight=153841 60949 41444 31099 20518 10581 10345 2064 19505 1952 1765 17553 1017 16536 187 8281 92892 232 104 92660 3660 3120 540 89000 29229 59771 128 98
internal_count=153841 60949 41444 31099 20518 10581 10345 2064 19505 1952 1765 17553 1017 16536 187 8281 92892 232 104 92660 3660 3120 540 89000 29229 59771 128 98
is_linear=0
shrinkage=0.05


Tree=221
num_leaves=31
num_cat=0
split_feature=4 3 24 25 0 39 24 14 14 25 34 34 25 0 0 18 0 2 34 0 9 4 2 25 38 39 39 0 34 1
split_gain=369.375 269.486 121.778 34.1383 25.9033 26.4752 24.0199 10.4132 6.7609 3.87009 4.80068 7.25797 3.13081 3.20547 1.77338 1.55166 2.48782 4.63319 5.13982 5.04226 3.82886 5.81129 5.32713 2.09874 6.78969 9.21514 5.64636 3.30266 7.12032 4.98893
threshold=1.0000000180025095e-35 -0.10210046172142027 2.5000000000000004 0.0050568901933729657 -0.12748190760612485 1.2781740427017214 1.0000000180025095e-35 1.0000000180025095e-35 1.0000000180025095e-35 1.5198326110839846 1.5000000000000002 2.5000000000000004 1.0245496630668642 -0.71135804057121266 -0.9501657485961913 91424.945312500015 0.25926521420478826 0.27723158895969396 1.5000000000000002 0.118063572794199 0.040844129398465163 30.47500038146973 0.45175465941429144 0.26722472906112676 -0.16173593699932096 -5.2819278240203849 -1.7133322358131406 0.48001201450824743 3.5000000000000004 0.024697513319551948
decision_type=2 2 2 2 2 2 2 2 2 2 2 2 2 2 2 2 2 2 2 2 2 2 2 2 2 2 2 2 2 2
left_child=1 9 3 8 7 -6 -5 -4 -3 12 -11 -12 13 -1 -14 23 17 19 -19 -17 21 -18 -22 27 26 -26 -25 29 -29 -2
right_child=15 2 4 6 5 -7 -8 -9 -10 10 11 -13 14 -15 -16 16 20 18 -20 -21 22 -23 -24 24 25 -27 -28 28 -30 -31
leaf_value=-0.0001358608843043396 1.2988507975984429e-05 -1.2879424042587416e-08 -1.2879424042587416e-08 -1.2879424042587416e-08 -1.2879424042587416e-08 -1.2879424042587416e-08 -1.2879424042587416e-08 0.00068530738233793488 -1.2879424042587416e-08 -0.00040286810144890344 0.00035204844851196811 -0.00029505202186648006 -2.8769091137672406e-05 3.4130473151391261e-08 0.0010001575789129336 0.00019268579177193976 -0.00031464174049440803 -0.00026440197388469705 0.0020745267618316292 -0.00092683264018662945 -0.0015730267816607248 0.0016818546920777577 -7.3124734117853069e-05 -0.00074283266574662668 0.00085681684452775279 -2.7871071728128446e-05 -0.00012039733534187498 1.2398629364768558e-05 0.0011861419828214843 -7.1294039319949625e-05
leaf_weight=2011 53149 2099 1877 986 14885 6228 15147 157 65 109 236 65 50 16831 203 1490 97 139 321 91 102 83 320 532 214 21641 649 2667 932 10465
leaf_count=2011 53149 2099 1877 986 14885 6228 15147 157 65 109 236 65 50 16831 203 1490 97 139 321 91 102 83 320 532 214 21641 649 2667 932 10465
internal_value=-0.00201523 -0.00503987 -0.00732072 -0.0103692 -0.004911 -0.00439184 -0.00957819 -0.0102999 -0.0162662 -0.00019354 -0.005 -0.00174419 -9.03378e-05 -0.000164526 0.00543478 -3.06808e-05 0.00116345 0.00199657 0.00641304 0.000711575 -0.00166113 0.00444444 -0.0042654 -6.56517e-05 -0.000477513 -0.000277968 -0.00417019 7.55062e-05 0.00154904 -7.85991e-06
internal_weight=153841 60949 41444 18297 23147 21113 16133 2034 2164 19505 410 301 19095 18842 253 92892 2643 2041 460 1581 602 180 422 90249 23036 21855 1181 67213 3599 63614
internal_count=153841 60949 41444 18297 23147 21113 16133 2034 2164 19505 410 301 19095 18842 253 92892 2643 2041 460 1581 602 180 422 90249 23036 21855 1181 67213 3599 63614
is_linear=0
shrinkage=0.05


Tree=222
num_leaves=26
num_cat=0
split_feature=5 3 24 32 24 0 39 34 39 0 0 0 1 1 20 0 24 5 38 9 23 24 39 39 3
split_gain=369.693 270.057 121.585 66.755 31.682 26.3362 26.4752 9.92814 3.45153 3.07162 6.66987 15.7768 10.295 6.04309 4.33084 1.79608 1.37861 1.34479 3.31477 4.86851 4.66996 2.78887 3.46652 3.13784 0.352015
threshold=1.0000000180025095e-35 -0.10210046172142027 2.5000000000000004 14.500000000000002 1.5000000000000002 -0.12748190760612485 1.2781740427017214 3.5000000000000004 1.9768069386482241 -0.71135804057121266 -0.27138800919055933 -0.16164007782936093 -0.34319578111171717 -0.83055493235588063 1.0000000180025095e-35 -0.75929382443428028 1.0000000180025095e-35 9.5250000953674334 -0.068472228944301591 0.55574390292167675 1.0000000180025095e-35 2.5000000000000004 0.26376391947269445 1.827630400657654 -0.014667710755020378
decision_type=2 2 2 2 2 2 2 2 2 2 2 2 2 2 2 2 2 2 2 2 2 2 2 2 2
left_child=1 9 3 4 -3 7 -7 -4 -5 13 12 -12 -11 14 -1 -15 24 21 20 -20 -19 23 -23 -18 -2
right_child=16 2 5 8 -6 6 -8 -9 -10 10 11 -13 -14 15 -16 -17 17 18 19 -21 -22 22 -24 -25 -26
leaf_value=-0.00015771188649619968 -0.00045168709671455703 -1.2235452840458044e-08 -1.2235452840458044e-08 0.00049027914960206418 -1.2235452840458044e-08 -1.2235452840458044e-08 -1.2235452840458044e-08 -1.2235452840458044e-08 -0.00040812315758616334 9.7371459798371086e-06 -1.2397525920489504e-05 3.6667017261616716e-07 9.4791246033147829e-05 -0.00021944230784766525 4.2664963241978812e-05 -0.00024754532227734186 -4.6019047006041259e-05 -2.6324558148519557e-05 -4.8100416866611946e-05 0.00012240531215013256 0.00017048364073261524 4.5897654587591377e-05 -6.9025406167957988e-05 0.00017788595560966331 -0.00016676330767523184
leaf_weight=809 35 7848 1500 1039 8905 14885 6228 534 505 3408 2575 11127 154 50 1344 38 10137 6990 33313 2878 4677 31876 2600 356 30
leaf_count=809 35 7848 1500 1039 8905 14885 6228 534 505 3408 2575 11127 154 50 1344 38 10137 6990 33313 2878 4677 31876 2600 356 30
internal_value=-0.00201393 -0.00503987 -0.00732313 -0.0103692 -0.011286 -0.00491532 -0.00439184 -0.0103491 -0.000420984 -0.000188413 3.76506e-05 -0.000463436 0.00196519 -0.00192994 -0.00140502 -0.0147727 -2.85278e-05 -2.34307e-05 -0.000207907 -0.000444171 0.000524985 0.000172897 0.000390126 -0.000540837 -0.00730769
internal_weight=153841 60949 41444 18297 16753 23147 21113 2034 1544 19505 17264 13702 3562 2241 2153 88 92892 92827 47858 36191 11667 44969 34476 10493 65
internal_count=153841 60949 41444 18297 16753 23147 21113 2034 1544 19505 17264 13702 3562 2241 2153 88 92892 92827 47858 36191 11667 44969 34476 10493 65
is_linear=0
shrinkage=0.05


Tree=223
num_leaves=30
num_cat=0
split_feature=4 3 13 13 32 13 13 2 37 1 2 25 25 3 25 4 18 3 3 3 34 34 32 38 25 38 13 38 25
split_gain=369.182 269.19 208.235 319.109 150.212 37.5457 14.6197 6.66661 4.02334 8.38204 7.95185 6.17485 7.03131 5.74123 1.70252 1.43272 2.55113 3.06725 2.7 2.74714 2.34058 1.69293 11.4583 12.6371 3.1164 2.85105 14.8149 7.85629 0.636206
threshold=1.0000000180025095e-35 -0.10210046172142027 6.8573131561279306 -3.9830549955368038 10.500000000000002 -13.842182159423826 12.92698907852173 0.0079350844025611895 1.0000000180025095e-35 -2.4581794738769527 0.3874464631080628 0.024413964711129669 1.5198326110839846 -0.11680322512984274 0.41128018498420721 80.049999237060561 -3059.7783203124995 -0.33636999130249018 -0.27595424652099604 0.23132795840501788 1.5000000000000002 5.0000000000000009 20.500000000000004 -0.32030953466892237 0.16399107128381732 -0.34707100689411158 -286.30595397949213 -0.32030953466892237 0.11052900552749635
decision_type=2 2 2 2 2 2 2 2 2 2 2 2 2 2 2 2 2 2 2 2 2 2 2 2 2 2 2 2 2
left_child=1 8 3 5 -5 -3 7 -4 11 28 -11 13 -13 -1 -8 21 18 -18 -17 -20 -19 25 23 -23 -24 26 -2 -27 -10
right_child=15 2 6 4 -6 -7 14 -9 9 10 -12 12 -14 -15 -16 16 17 20 19 -21 -22 22 24 -25 -26 27 -28 -29 -30
leaf_value=-4.0467798639414291e-06 -0.0011201611438646467 -4.4332738565090626e-07 -1.1623680198435142e-08 -1.1623680198435142e-08 -5.4693951928930233e-05 -1.1623680198435142e-08 -5.5344438863218912e-06 -1.1623680198435142e-08 -0.00033865287857947463 -2.7703828811948119e-06 0.0021867347529437712 4.3451601488199908e-06 -0.00010893877809215098 0.00014723360621196797 0.00021825353442457877 0.0019657314667839063 -0.00099506529221282474 7.0559059546908623e-05 -0.0004645054608087394 0.00094090224954716947 -0.00022970787242530474 0.0048582793689642932 -0.0028341059683903735 9.6666056200877406e-05 -0.00011859658493478809 0.00063939220209443095 4.292373767073102e-05 -3.9181405579898769e-06 -0.00032529893122032775
leaf_weight=1765 335 7036 326 18435 2083 3545 8020 1738 38 10773 99 6205 410 182 261 36 35 259 116 64 422 243 102 2281 47 503 912 87537 33
leaf_count=1765 335 7036 326 18435 2083 3545 8020 1738 38 10773 99 6205 410 182 261 36 35 259 116 64 422 243 102 2281 47 503 912 87537 33
internal_value=-0.00201848 -0.00504233 -0.00732193 -0.00936606 -0.0130032 -0.00231311 -0.0011769 -0.00494186 -0.000198667 -0.000833866 -0.000722038 0.000613174 0.00134165 -0.00186184 -0.000238498 -3.44486e-05 -0.00198498 -0.00342179 0.00277778 0.000277778 -0.00267988 -1.46803e-05 0.00122522 0.0020206 -0.0122483 -5.17993e-05 -0.00242582 -1.81736e-05 -0.0179577
internal_weight=153841 60949 41444 31099 20518 10581 10345 2064 19505 10943 10872 8562 6615 1947 8281 92892 932 716 216 180 681 91960 2673 2524 149 89287 1247 88040 71
internal_count=153841 60949 41444 31099 20518 10581 10345 2064 19505 10943 10872 8562 6615 1947 8281 92892 932 716 216 180 681 91960 2673 2524 149 89287 1247 88040 71
is_linear=0
shrinkage=0.05


Tree=224
num_leaves=24
num_cat=0
split_feature=4 13 13 13 1 13 24 1 13 24 18 9 10 21 4 23 12 24 0 0 0 0 13
split_gain=371.272 158.103 318.412 119.122 68.5164 20.1117 12.1021 11.8913 5.104 1.378 1.3323 4.80369 3.36095 3.28739 1.68257 6.76116 1.53511 1.28438 1.35 1.12095 5.97374 1.96434 0.441084
threshold=1.0000000180025095e-35 12.92698907852173 -3.4262548685073848 0.00075226789808231222 -0.060611730441451066 -13.842182159423826 2.5000000000000004 -0.25677183270454401 -15.922521591186522 1.0000000180025095e-35 -159326.23437499997 0.13435168564319613 0.054153898730874069 0.12500000372529033 61.875000000000007 1.0000000180025095e-35 -0.26712816953659052 1.0000000180025095e-35 0.0850844942033291 0.52061906456947338 0.55615735054016124 0.49761769175529486 -0.98692473769187916
decision_type=2 2 2 2 2 2 2 2 2 2 2 2 2 2 2 2 2 2 2 2 2 2 2
left_child=1 2 5 4 -4 8 -5 -7 -1 22 11 12 -11 -13 16 -16 -12 18 -3 21 -21 -19 -2
right_child=9 17 3 6 -6 7 -8 -9 -10 10 14 13 -14 -15 15 -17 -18 19 -20 20 -22 -23 -24
leaf_value=-1.1269638809409475e-05 -0.00038609381512758013 4.2942072847886865e-05 -1.1042496188513384e-08 -1.1042496188513384e-08 -1.1042496188513384e-08 8.783627134406298e-07 -1.1042496188513384e-08 -1.1042496188513384e-08 1.0237310076685671e-05 -0.0010390907961396092 -1.7564080171375909e-05 -0.0010784996127456978 0.00019329233219161809 0.0006875754189461646 -0.00023071441693609885 7.4495183251834697e-05 1.1968038789568655e-05 -2.7173227224144577e-06 -0.00020004003225722203 -0.00019060796241790175 1.8774306870740672e-06 0.003178901682035537 -0.00016193554930242967
leaf_weight=12214 33 30 9915 3741 10101 1482 5245 4402 681 161 38171 56 232 807 928 860 51612 12619 30 94 353 42 32
leaf_count=12214 33 30 9915 3741 10101 1482 5245 4402 681 161 38171 56 232 807 928 860 51612 12619 30 94 353 42 32
internal_value=-0.00201978 -0.00505217 -0.00638905 -0.00967347 -0.0118205 -0.00131663 -0.00489094 -0.00373895 -0.000211322 -3.01425e-05 -2.50466e-05 0.00159236 -0.00298982 0.00367903 -4.72311e-05 -0.001566 -1.69854e-05 -0.000201245 -0.0075 -0.000167836 -0.00262864 -8.09573e-05 -0.00730769
internal_weight=153841 60949 47781 29002 20016 18779 8986 5884 12895 92892 92827 1256 393 863 91571 1788 89783 13168 60 13108 447 12661 65
internal_count=153841 60949 47781 29002 20016 18779 8986 5884 12895 92892 92827 1256 393 863 91571 1788 89783 13168 60 13108 447 12661 65
is_linear=0
shrinkage=0.05


Tree=225
num_leaves=31
num_cat=0
split_feature=4 24 32 1 39 25 22 0 1 38 21 32 0 25 39 39 39 37 4 1 25 39 1 4 4 9 39 21 34 38
split_gain=366.88 132.735 50.9518 47.6974 47.0204 32.8956 28.2476 26.6661 20.0235 15.5855 12.5757 10.2443 4.44392 4.39086 4.74209 4.44497 1.49022 8.14826 6.68826 12.175 6.44237 6.0872 7.97058 5.03146 3.36926 6.68947 3.93539 3.90074 9.11486 5.749
threshold=1.0000000180025095e-35 2.5000000000000004 14.500000000000002 -0.11904333904385565 2.895046710968018 0.0050568901933729657 0.069670796394348158 -0.0025897515006363388 0.077680200338363661 -0.041224423795938485 1.0000000180025095e-35 14.500000000000002 0.28088290989398962 0.17073982954025271 0.3223510086536408 4.2792649269104013 -0.79354643821716297 1.0000000180025095e-35 14.625000000000002 -0.18165310472249982 0.08266912400722505 -2.0109971761703487 -0.28261035680770868 9.6250000000000018 2.6250000000000004 0.17158970236778262 2.1535294055938725 0.92499998211860668 2.5000000000000004 -0.51251009106636036
decision_type=2 2 2 2 2 2 2 2 2 2 2 2 2 2 2 2 2 2 2 2 2 2 2 2 2 2 2 2 2 2
left_child=1 2 3 7 6 -5 10 -1 -8 12 -3 -11 -6 14 -4 -15 17 21 19 -19 -20 22 -2 -23 25 26 -18 28 -26 -29
right_child=16 4 13 5 9 -7 8 -9 -10 11 -12 -13 -14 15 -16 -17 24 18 20 -21 -22 23 -24 -25 27 -27 -28 29 -30 -31
leaf_value=-1.0490371379087715e-08 -0.00033484528361122853 -1.0490371379087715e-08 0.00042011681960976764 -1.0490371379087715e-08 -1.0490371379087715e-08 -1.0490371379087715e-08 -1.0490371379087715e-08 -1.0490371379087715e-08 -1.0490371379087715e-08 -1.0490371379087715e-08 -1.0490371379087715e-08 0.00064263467504337276 -1.0490371379087715e-08 0.00076276394166000969 -0.00044012566365088591 0.011054871483984796 4.9182455592517059e-05 -4.3198376945729908e-05 3.2247343037964013e-05 0.00017513305730072293 -0.00024592326507560036 8.0791797216185623e-05 -0.0001116688133215723 -0.00055078189087000122 -4.1978529469838358e-05 0.00050352247085373866 -0.00012913875712707769 0.0012841032881509493 0.00011140148897388243 -4.3948515408852486e-05
leaf_weight=6519 528 583 962 1559 1280 13138 27316 1609 3350 2090 1020 212 224 372 682 33 5224 9106 3073 6004 3807 1584 1464 330 18388 1326 191 68 19327 22472
leaf_count=6519 528 583 962 1559 1280 13138 27316 1609 3350 2090 1020 212 224 372 682 33 5224 9106 3073 6004 3807 1584 1464 330 18388 1326 191 68 19327 22472
internal_value=-0.00200905 -0.00502346 -0.00783348 -0.0085115 -0.00308593 -0.0102113 -0.00246599 -0.00543799 -0.00212776 -0.00834209 -0.00893637 -0.00575586 -0.0123005 -0.000280625 -0.00142944 0.00438272 -3.12191e-05 -0.000353336 2.04638e-05 0.000608868 -0.0012718 -0.00245776 -0.00439257 -0.000444096 9.32892e-05 0.00115339 0.000373961 -2.53091e-05 0.000285695 -0.000545697
internal_weight=153841 60949 24874 22825 36075 14697 32269 8128 30666 3806 1603 2302 1504 2049 1644 405 92892 25896 21990 15110 6880 3906 1992 1914 66996 6741 5415 60255 37715 22540
internal_count=153841 60949 24874 22825 36075 14697 32269 8128 30666 3806 1603 2302 1504 2049 1644 405 92892 25896 21990 15110 6880 3906 1992 1914 66996 6741 5415 60255 37715 22540
is_linear=0
shrinkage=0.05


Tree=226
num_leaves=31
num_cat=0
split_feature=4 3 13 13 13 13 25 34 34 13 25 34 13 22 22 22 22 38 3 1 39 34 25 1 38 25 39 38 38 25
split_gain=366.53 260.317 210.546 292.589 109.84 36.9835 3.75943 4.32331 7.0959 3.41157 3.64109 3.00093 2.39696 1.91737 5.41683 3.93414 1.50472 5.43418 5.06951 5.31999 4.21384 7.38632 5.84347 3.43487 2.69816 6.08414 5.79907 3.87019 3.81478 9.23641
threshold=1.0000000180025095e-35 -0.10210046172142027 12.92698907852173 -4.518629550933837 0.00075226789808231222 -13.842182159423826 1.5198326110839846 1.5000000000000002 2.5000000000000004 -167.92826080322263 0.023783382959663871 3.5000000000000004 -15.922521591186522 0.26907840371131903 0.3493716567754746 0.24311444908380511 0.17335622012615207 0.20396047830581668 -0.67368596792221058 0.47194734215736395 0.18352951109409335 3.5000000000000004 0.34901019930839544 0.068857610225677504 -0.26290866732597346 0.19525043666362765 2.6074306964874272 -0.43764922022819513 -0.16173593699932096 0.25891709327697759
decision_type=2 2 2 2 2 2 2 2 2 2 2 2 2 2 2 2 2 2 2 2 2 2 2 2 2 2 2 2 2 2
left_child=1 6 3 5 -5 -3 9 12 -9 10 -1 -11 -8 15 -15 -4 17 18 19 -2 22 -22 -19 -20 25 26 -18 -27 29 -26
right_child=16 2 13 4 -6 -7 7 8 -10 11 -12 -13 -14 14 -16 -17 24 20 23 -21 21 -23 -24 -25 28 27 -28 -29 -30 -31
leaf_value=-0.00037900524910448099 -0.00083369623609945594 -3.7230440613544429e-07 -1.2935336009841815e-06 -9.9658528101333305e-09 -9.9658528101333305e-09 -9.9658528101333305e-09 -0.00045173651545200112 0.00034791494997047691 -0.00027486973873380092 -1.1603951798769022e-06 0.00057044407940197005 2.5692186249017594e-06 -9.0500842418369523e-05 -6.5527795500717244e-05 6.4087090446671531e-06 0.00044389941458761428 0.00049103268456311309 -0.00011860830699668311 -8.8735493254450692e-06 0.002530793655935757 8.2532698280656701e-05 0.00090474326282473534 0.0010788845669967683 -0.00010541943501294243 -5.9336610611258722e-06 -0.00085339484734401618 -0.00038528492940721184 2.3448476154546915e-06 8.000916788428571e-06 -0.00066311708201056735
leaf_weight=169 115 7036 5728 16468 6357 3302 57 236 65 14300 704 3922 52 925 1129 499 1662 440 17307 38 390 271 49 3921 2094 187 115 504 65072 727
leaf_count=169 115 7036 5728 16468 6357 3302 57 236 65 14300 704 3922 52 925 1129 499 1662 440 17307 38 390 271 49 3921 2094 187 115 504 65072 727
internal_value=-0.00201295 -0.00502592 -0.00726764 -0.00904849 -0.0122092 -0.00207003 -0.000262753 -0.005 -0.0019103 -0.000161037 0.00289233 -0.000307321 -0.0135321 -0.000135853 -0.00146056 0.000301108 -3.60634e-05 -0.000391683 -0.000571769 -0.00964052 0.00295652 0.00555976 -0.000562372 -0.000506407 7.7813e-05 0.00170178 0.00324986 -0.00227931 1.87796e-05 -0.00178128
internal_weight=153841 60949 41444 33163 22825 10338 19505 410 301 19095 873 18222 109 8281 2054 6227 92892 22531 21381 153 1150 661 489 21228 70361 2468 1777 691 67893 2821
internal_count=153841 60949 41444 33163 22825 10338 19505 410 301 19095 873 18222 109 8281 2054 6227 92892 22531 21381 153 1150 661 489 21228 70361 2468 1777 691 67893 2821
is_linear=0
shrinkage=0.05


Tree=227
num_leaves=29
num_cat=0
split_feature=4 24 32 1 22 25 0 1 34 0 32 0 34 0 1 34 25 32 34 38 22 38 37 2 38 11 38 2
split_gain=365.48 133.053 49.9151 48.3141 35.883 32.8956 26.9514 22.5457 15.6796 15.3954 11.9195 8.7464 5.9175 4.3592 8.3695 4.99861 1.47423 4.2318 4.2111 2.96594 1.46129 4.8212 5.51086 4.52511 2.33217 5.86785 3.79635 0.829279
threshold=1.0000000180025095e-35 2.5000000000000004 14.500000000000002 -0.11904333904385565 0.069670796394348158 0.0050568901933729657 -0.0025897515006363388 0.077680200338363661 5.0000000000000009 0.20170141011476519 14.500000000000002 0.065983854234218611 2.5000000000000004 0.0061605265364050874 0.01248703431338072 3.5000000000000004 2.3506062030792241 14.500000000000002 1.5000000000000002 -0.023340757936239239 0.17335622012615207 0.20396047830581668 1.0000000180025095e-35 0.65442737936973583 -0.26290866732597346 0.24098192900419238 -0.16173593699932096 0.089128036051988616
decision_type=2 2 2 2 2 2 2 2 2 2 2 2 2 2 2 2 2 2 2 2 2 2 2 2 2 2 2 2
left_child=1 2 3 6 10 -5 -1 8 -6 -9 11 -3 -12 15 -15 -4 20 18 27 -20 21 23 -23 -2 25 -22 -26 -18
right_child=16 4 13 5 7 -7 -8 9 -10 -11 12 -13 -14 14 -16 -17 17 -19 19 -21 24 22 -24 -25 26 -27 -28 -29
leaf_value=-9.4675601696266637e-09 -2.8933159577363041e-05 -9.4675601696266637e-09 -0.00041121138591403568 -9.4675601696266637e-09 -9.4675601696266637e-09 -9.4675601696266637e-09 -9.4675601696266637e-09 -9.4675601696266637e-09 0.00081958974049554023 -9.4675601696266637e-09 -0.00087493455788366977 -9.4675601696266637e-09 0.0010783445714269329 0.0013982400440740611 -0.00028299230997491355 0.0014802061550359268 -0.00081977839673013123 -0.0018490511105734111 0.00077604708451796509 -2.5352618132594085e-05 0.00057477415036569777 0.00043946616611800218 -6.788100398782069e-05 0.0034256200860034573 -0.00015307864789457985 -5.5635518073822102e-05 8.8983200617459665e-06 -0.00030663037675343358
leaf_weight=6519 21325 1502 874 1559 29002 13138 1609 948 670 3256 102 491 104 407 512 256 34 36 46 226 1126 669 481 31 2808 1338 64730 42
leaf_count=6519 21325 1502 874 1559 29002 13138 1609 948 670 3256 102 491 104 407 512 256 34 36 46 226 1126 669 481 31 2808 1338 64730 42
internal_value=-0.00200743 -0.00501608 -0.00782946 -0.00850055 -0.00307623 -0.0102113 -0.00540723 -0.00267446 -0.00218893 -0.00610133 -0.00926558 -0.0104491 0.00218447 -0.000353831 0.00220348 -0.00243363 -3.33721e-05 -0.003125 -0.00143678 0.00147059 -2.05388e-05 -0.000371012 0.00278261 -0.000540832 9.21402e-05 0.00160308 3.70162e-05 -0.0118421
internal_weight=153841 60949 24874 22825 36075 14697 8128 33876 29672 4204 2199 1993 206 2049 919 1130 92892 384 348 272 92508 22506 1150 21356 70002 2464 67538 76
internal_count=153841 60949 24874 22825 36075 14697 8128 33876 29672 4204 2199 1993 206 2049 919 1130 92892 384 348 272 92508 22506 1150 21356 70002 2464 67538 76
is_linear=0
shrinkage=0.05


Tree=228
num_leaves=29
num_cat=0
split_feature=4 3 13 13 32 13 25 37 1 25 0 3 20 0 32 22 25 32 8 21 39 37 3 25 4 1 25 0
split_gain=367.31 265.408 208.341 293.628 145.408 37.0655 3.84124 4.86233 8.41786 6.78357 3.12808 5.10482 2.88448 1.85471 4.91012 2.58497 1.48142 4.2318 2.69515 2.0881 1.58007 7.90752 8.55867 5.54566 3.50292 3.89495 3.82188 1.53
threshold=1.0000000180025095e-35 -0.10210046172142027 12.92698907852173 -4.518629550933837 14.500000000000002 -13.842182159423826 1.5198326110839846 1.0000000180025095e-35 -2.4581794738769527 0.024413964711129669 -0.63252678513526905 -1.2384648919105528 -1.0000000180025095e-35 -0.04626913554966449 14.500000000000002 0.87769630551338207 2.3506062030792241 14.500000000000002 0.024097275920212272 1.0000000180025095e-35 -0.79354643821716297 1.0000000180025095e-35 0.081926357001066222 1.3021721839904787 0.97499999403953563 -1.8363965749740598 0.72491061687469494 -0.34417968988418574
decision_type=2 2 2 2 2 2 2 2 2 2 2 2 2 2 2 2 2 2 2 2 2 2 2 2 2 2 2 2
left_child=1 6 3 5 -5 -3 7 9 -9 -1 12 -12 -8 14 -4 -15 20 18 19 -18 21 23 -23 -2 26 -26 -22 -20
right_child=16 2 13 4 -6 -7 10 8 -10 -11 11 -13 -14 15 -16 -17 17 -19 27 -21 24 22 -24 -25 25 -27 -28 -29
leaf_value=-1.599525182858078e-06 -0.00016138150312028227 -2.405895432135487e-07 -4.1428780913999979e-05 -8.994182161145331e-09 -5.8814429396776562e-05 -8.994182161145331e-09 -0.00030681964180372866 -0.00030897441487893069 -2.3178765821523332e-06 3.6836712381644574e-06 0.0010410921449000067 -0.00025774966262150019 -0.00010709740005139301 1.321236530371096e-06 0.0012117514080303123 -0.0002075495759775196 0.0003213396243686686 -0.0017565985550447407 -0.0012300773196871337 8.1760360648251017e-07 0.00010351375209882649 -2.7131857567182056e-05 0.00021126766603949635 0.00043141771848075001 -0.00040406916040825819 6.4908921897794892e-06 0.0012143102024791768 -9.2927780350900339e-05
leaf_weight=1947 3564 7036 1122 20531 2294 3302 82 71 10872 6205 124 138 66 7059 68 32 38 36 39 146 1741 19007 2983 182 889 63952 190 125
leaf_count=1947 3564 7036 1122 20531 2294 3302 82 71 10872 6205 124 138 66 7059 68 32 38 36 39 146 1741 19007 2983 182 889 63952 190 125
internal_value=-0.00200483 -0.005021 -0.00728453 -0.00905603 -0.0122223 -0.0020652 -0.000211484 -0.000108667 -0.000797313 0.000815751 -0.005 -0.00171756 -0.0108108 -0.000190194 -0.00201681 0.000116345 -2.58365e-05 -0.003125 -0.00143678 0.00271739 -1.29719e-05 -0.000345819 1.59163e-05 -0.0024693 0.000115318 5.28215e-05 0.00221388 -0.00609756
internal_weight=153841 60949 41444 33163 22825 10338 19505 19095 10943 8152 410 262 148 8281 1190 7091 92892 384 348 184 92508 25736 21990 3746 66772 64841 1931 164
internal_count=153841 60949 41444 33163 22825 10338 19505 19095 10943 8152 410 262 148 8281 1190 7091 92892 384 348 184 92508 25736 21990 3746 66772 64841 1931 164
is_linear=0
shrinkage=0.05


Tree=229
num_leaves=25
num_cat=0
split_feature=4 13 13 13 13 2 39 39 13 39 2 13 22 38 13 2 24 18 22 2 4 25 7 13
split_gain=372.356 160.205 340.069 113.453 46.6995 43.0333 22.4269 11.9787 7.6058 8.27202 5.64628 4.73568 5.8248 4.31469 4.03288 1.62858 1.37922 1.31902 2.13185 2.02112 1.32513 2.97325 2.6829 0.441084
threshold=1.0000000180025095e-35 -8.9208893775939924 0.00075226789808231222 -2.5585784847129834e-13 12.92698907852173 -0.0013345219776965676 -3.9579927921295162 0.81853067874908458 -13.842182159423826 3.0046374797821049 0.42572966217994695 -15.922521591186522 0.35283140838146215 0.075840681791305556 -40.278293609619134 0.75919079780578624 1.0000000180025095e-35 494595.42187500006 0.28653679788112646 0.24637846648693087 0.57500001788139354 1.0245496630668642 0.0019485723460093143 -0.98692473769187916
decision_type=2 2 2 2 2 2 2 2 2 2 2 2 2 2 2 2 2 2 2 2 2 2 2 2
left_child=1 8 3 6 7 -5 -3 -4 11 10 -10 14 -13 -11 -1 -6 23 20 -19 -20 21 -18 -22 -2
right_child=16 2 4 5 15 -7 -8 -9 9 13 -12 12 -14 -15 -16 -17 17 18 19 -21 22 -23 -24 -25
leaf_value=1.7219964014898381e-05 -0.00037352870527189289 2.4801390180020206e-05 -8.5444730530880634e-09 -8.5444730530880634e-09 -5.1222428057768131e-06 -8.5444730530880634e-09 -8.5444730530880634e-09 -8.5444730530880634e-09 -8.5444730530880634e-09 -8.5444730530880634e-09 -8.5444730530880634e-09 1.3498844548284978e-05 -1.5341847324043897e-05 -8.5444730530880634e-09 -1.6988156155855632e-05 0.00032479785069870943 3.481876523028899e-05 -0.0007045823250905422 -8.0468668687799783e-05 0.0021835501553310994 -0.00010279318290546157 0.001395995354194582 -3.0228679440370484e-06 -0.00016208891218749634
leaf_weight=7331 33 463 5707 3097 12996 12242 7851 3279 1818 172 181 515 166 76 4883 172 1644 44 103 146 832 62 89996 32
leaf_count=7331 33 463 5707 3097 12996 12242 7851 3279 1818 172 181 515 166 76 4883 172 1644 44 103 146 832 62 89996 32
internal_value=-0.00201946 -0.00505628 -0.00653012 -0.0106995 -0.00207863 -0.0132489 -0.00599591 -0.00485756 -0.000597675 -0.00328215 -0.00221361 -0.000129895 0.00392805 -0.0118952 -0.000356149 -0.00018226 -2.6913e-05 -2.18148e-05 0.00332765 0.00512048 -3.24205e-05 0.00134818 -5.83521e-05 -0.00730769
internal_weight=153841 60949 45807 23653 22154 15339 8314 8986 15142 2247 1999 12895 681 248 12214 13168 92892 92827 293 249 92534 1706 90828 65
internal_count=153841 60949 45807 23653 22154 15339 8314 8986 15142 2247 1999 12895 681 248 12214 13168 92892 92827 293 249 92534 1706 90828 65
is_linear=0
shrinkage=0.05


Tree=230
num_leaves=31
num_cat=0
split_feature=4 3 13 13 32 13 2 2 2 1 39 1 39 25 25 20 3 1 14 39 3 38 38 25 34 37 4 39 38 14
split_gain=376.082 258.684 208.197 288.616 145.408 35.6035 4.17783 10.8099 8.51711 8.12789 11.0109 8.38548 3.68475 1.68704 3.64808 2.72167 1.37066 11.0096 6.28322 9.93505 7.63304 6.36209 5.99378 6.68158 4.97168 18.371 8.54858 4.42139 4.18232 3.25024
threshold=1.0000000180025095e-35 -0.10210046172142027 12.92698907852173 -4.518629550933837 14.500000000000002 -13.842182159423826 -0.056510178372263901 -0.0068671519402414552 0.01608435902744532 -0.39653104543685908 -2.196045875549316 -0.63069605827331532 -3.8904254436492915 0.41128018498420721 0.37481059134006506 -1.0000000180025095e-35 -0.30152188241481775 -0.45843018591403956 1.0000000180025095e-35 0.15194281190633777 -2.9855184555053706 -0.13532882928848264 -0.089304592460393892 0.078073017299175276 2.5000000000000004 1.0000000180025095e-35 2.6250000000000004 -3.9579927921295162 -0.24519689381122586 1.0000000180025095e-35
decision_type=2 2 2 2 2 2 2 2 2 2 2 2 2 2 2 2 2 2 2 2 2 2 2 2 2 2 2 2 2 2
left_child=1 6 3 5 -5 -3 9 12 -9 11 -11 -1 -8 14 -4 -15 18 22 24 20 -20 -21 28 -24 26 -26 -2 -19 -18 -29
right_child=16 2 13 4 -6 -7 7 8 -10 10 -12 -13 -14 15 -16 -17 17 27 19 21 -22 -23 23 -25 25 -27 -28 29 -30 -31
leaf_value=-8.2682241708350535e-06 0.00026315121929570349 -3.4079208620826186e-07 -3.8601148415421753e-06 -8.1172494004336603e-09 -5.5873280703284955e-05 -8.1172494004336603e-09 -1.4758595460832475e-05 -4.1650285141260612e-06 6.3077554909489838e-07 3.5146360662071056e-07 -4.3927283749628513e-06 3.7002037478009786e-05 4.2409764615573581e-05 0.0003586245278328763 -0.00016036037441262614 -1.1502807885516468e-05 0.00013237763216112348 -0.00028077846035579702 -0.0003585125040235093 0.00091071579928016276 0.00040873785933019869 -0.00019823129873245478 4.7520724563366803e-05 -0.00050685617237805332 -0.00036012267919148473 0.00014622062383418331 -1.0530019850995416e-05 1.0132557951015621e-05 -0.00069686692286597654 -5.4202096643883265e-05
leaf_weight=3804 2566 7036 7936 20531 2294 3302 277 2119 8288 973 1212 1146 1686 91 84 170 107 225 454 60 3594 746 1265 1302 4598 5315 10037 52974 395 9254
leaf_count=3804 2566 7036 7936 20531 2294 3302 277 2119 8288 973 1212 1146 1686 91 84 170 107 225 454 60 3594 746 1265 1302 4598 5315 10037 52974 395 9254
internal_value=-0.00202563 -0.00507761 -0.00731228 -0.00908316 -0.0122223 -0.00215225 -0.000329403 0.000226354 -0.000415586 -0.00129292 -0.00383295 -0.000171717 0.00362965 -0.000220384 -0.000349127 0.00373563 -2.31452e-05 -0.000147279 0.000274023 0.00190564 0.00291502 -0.00316377 -0.00307103 -0.00209388 -7.77225e-05 -0.000915465 0.000581211 -3.60271e-06 -0.00806773 2.16944e-05
internal_weight=153841 60949 41444 33163 22825 10338 19505 12370 10407 7135 2185 4950 1963 8281 8020 261 92892 65522 27370 4854 4048 806 3069 2567 22516 9913 12603 62453 502 62228
internal_count=153841 60949 41444 33163 22825 10338 19505 12370 10407 7135 2185 4950 1963 8281 8020 261 92892 65522 27370 4854 4048 806 3069 2567 22516 9913 12603 62453 502 62228
is_linear=0
shrinkage=0.05


Tree=231
num_leaves=31
num_cat=0
split_feature=4 13 13 13 1 13 39 24 13 39 0 1 34 37 38 13 1 1 34 2 25 25 2 39 2 2 2 39 38 2
split_gain=373.861 157.935 321.728 120.759 67.4468 20.1474 18.5992 12.5529 4.72722 1.56464 7.37884 10.1337 8.80668 8.00836 5.77617 4.7601 3.2736 5.54234 8.50339 5.21728 3.60957 3.79067 3.18062 1.46561 3.7019 5.13818 3.26836 2.08861 3.53782 1.88517
threshold=1.0000000180025095e-35 12.92698907852173 -3.4262548685073848 0.00075226789808231222 -0.060611730441451066 -13.842182159423826 3.0046374797821049 2.5000000000000004 -15.922521591186522 -0.79354643821716297 -1.2837300300598142 -0.83055493235588063 3.5000000000000004 1.0000000180025095e-35 -0.51251009106636036 291.52088928222662 -1.8363965749740598 -0.85710671544075001 3.5000000000000004 -0.23012874275445935 0.50130507349967968 0.017917876131832603 -0.85274317860603321 2.8427296876907353 0.05083038471639157 0.0031719767721369867 0.24990835040807727 2.6675099134445195 -0.055424382910132401 0.056309804320335395
decision_type=2 2 2 2 2 2 2 2 2 2 2 2 2 2 2 2 2 2 2 2 2 2 2 2 2 2 2 2 2 2
left_child=1 2 5 4 -4 8 -7 -5 -1 10 14 12 -12 -13 -2 -16 20 18 -18 -19 21 -11 -22 27 25 -25 -26 29 -29 -3
right_child=9 23 3 7 -6 6 -8 -9 -10 16 11 13 -14 -15 15 -17 17 19 -20 -21 22 -23 -24 24 26 -27 -28 28 -30 -31
leaf_value=-1.0372560798227532e-05 -0.0012859932884891131 -1.8982076684805426e-05 -7.7113869304119764e-09 -7.7113869304119764e-09 -7.7113869304119764e-09 -7.7113869304119764e-09 -7.7113869304119764e-09 -7.7113869304119764e-09 9.1570952724422865e-06 -0.001171879371433685 -9.1077149483850559e-05 -0.00013575633054889076 -0.00063980259957824347 1.8821600608145627e-05 0.00055475389779784112 -0.00027177954158217108 0.00038526162864835123 0.00043659403597729325 -0.00063080446376773645 -3.323958228924201e-06 -0.0010979657878239964 2.9849338019253407e-05 -0.00058305868200324686 -0.00018465626071098874 -6.934616671331867e-05 0.00062358637220688226 9.0656742294021982e-06 -0.00012175322984876296 0.00044337311838034031 4.0155299644793552e-06
leaf_weight=12214 38 4741 9915 3741 10101 5211 673 5245 681 50 1710 3258 1292 18884 608 106 3623 1039 568 60680 63 701 272 57 441 105 274 46 73 7431
leaf_count=12214 38 4741 9915 3741 10101 5211 673 5245 681 50 1710 3258 1292 18884 608 106 3623 1039 568 60680 63 701 272 57 441 105 274 46 73 7431
internal_value=-0.00202563 -0.00506858 -0.00640474 -0.00970623 -0.011868 -0.00130598 -0.00373046 -0.00489094 -0.00019969 -2.9066e-05 -0.000359129 -0.000505091 -0.00323118 -0.000135489 0.00452128 0.00553221 9.85133e-05 0.000143377 0.00190289 2.38986e-05 -0.00262431 -0.000699068 -0.0069403 -0.000220231 -0.00219498 0.00462963 -0.00374126 -7.93263e-05 0.00651261 -0.000143773
internal_weight=153841 60949 47781 29002 20016 18779 5884 8986 12895 92892 25896 25144 3002 22142 752 714 66996 65910 4191 61719 1086 751 335 13168 877 162 715 12291 119 12172
internal_count=153841 60949 47781 29002 20016 18779 5884 8986 12895 92892 25896 25144 3002 22142 752 714 66996 65910 4191 61719 1086 751 335 13168 877 162 715 12291 119 12172
is_linear=0
shrinkage=0.05


Tree=232
num_leaves=31
num_cat=0
split_feature=4 3 13 13 32 13 25 34 34 25 22 13 22 13 39 0 39 0 3 38 3 4 9 7 25 3 38 22 3 9
split_gain=370.412 258.103 205.937 297.556 145.408 38.2229 3.70269 4.32331 7.0959 3.02934 3.538 2.39696 2.02652 5.57626 3.88912 1.69125 1.42078 6.73212 7.81388 12.0995 6.03847 11.7741 9.46168 4.39794 3.12928 3.33163 7.79214 5.47759 2.96006 1.86365
threshold=1.0000000180025095e-35 -0.10210046172142027 12.92698907852173 -4.518629550933837 14.500000000000002 -13.842182159423826 1.5198326110839846 1.5000000000000002 2.5000000000000004 1.0245496630668642 1.5194970965385439 -15.922521591186522 0.26907840371131903 169.54162597656253 3.1904519796371464 -0.9501657485961913 -0.79354643821716297 -1.2837300300598142 -1.7320105433464048 -0.18378288298845288 0.034540135413408286 22.774999618530277 0.25851306319236761 0.024874925613403324 2.3506062030792241 -0.2138758301734924 0.046155078336596496 0.79644945263862621 -1.1688111424446104 0.040844129398465163
decision_type=2 2 2 2 2 2 2 2 2 2 2 2 2 2 2 2 2 2 2 2 2 2 2 2 2 2 2 2 2 2
left_child=1 6 3 5 -5 -3 9 11 -9 10 -1 -8 14 -14 -4 -11 17 18 23 -20 22 -22 -19 -2 25 26 -18 -27 -26 -30
right_child=16 2 12 4 -6 -7 7 8 -10 15 -12 -13 13 -15 -16 -17 24 20 19 -21 21 -23 -24 -25 28 27 -28 -29 29 -31
leaf_value=-2.6455910939982584e-07 0.00052988553186155459 1.8995439679729201e-07 4.8223219794570909e-06 -7.3258175838913792e-09 -5.3079231098775165e-05 -7.3258175838913792e-09 -0.00041373719316349796 0.00033749317303560203 -0.00024826902127248298 -1.8032972850565154e-05 -0.00017682301485329941 -7.1976425257727094e-05 -3.6610481744134273e-05 0.00049286971000120675 -5.0193067919951021e-05 0.00092974716963740544 9.7613230416584984e-05 -1.3597676782056094e-05 -4.8196178382438341e-05 0.0033097593624257815 0.00016664736877541921 -0.00027571829119155263 -0.00021738372028632104 -0.00016921658626118993 -0.00093063723545496943 -4.5504844357436435e-06 -0.00010743818943606469 -0.00036502143524986055 -0.00034779066271767734 0.00035896977107749558
leaf_weight=18039 50 7036 5697 20531 2294 3302 57 236 65 50 803 52 1768 286 530 203 18779 14122 177 201 4720 957 5345 324 127 44120 3168 705 40 57
leaf_count=18039 50 7036 5697 20531 2294 3302 57 236 65 50 803 52 1768 286 530 203 18779 14122 177 201 4720 957 5345 324 127 44120 3168 705 40 57
internal_value=-0.00201263 -0.00504151 -0.00727367 -0.00903492 -0.0122223 -0.00199749 -0.000298641 -0.005 -0.0019103 -0.000197696 -0.000270672 -0.0135321 -0.000220384 -0.00158228 0.000228842 0.00523715 -2.52982e-05 -0.000339821 0.00432181 0.00939153 -0.00047924 0.00095561 -0.000897673 -0.000802139 9.62744e-05 0.000116067 0.000620814 -0.000131065 -0.00580357 0.000773196
internal_weight=153841 60949 41444 33163 22825 10338 19505 410 301 19095 18842 109 8281 2054 6227 253 92892 25896 752 378 25144 5677 19467 374 66996 66772 21947 44825 224 97
internal_count=153841 60949 41444 33163 22825 10338 19505 410 301 19095 18842 109 8281 2054 6227 253 92892 25896 752 378 25144 5677 19467 374 66996 66772 21947 44825 224 97
is_linear=0
shrinkage=0.05


Tree=233
num_leaves=31
num_cat=0
split_feature=4 3 13 13 13 13 37 25 38 39 22 3 34 22 25 39 22 38 38 37 0 25 39 38 20 22 39 25 38 11
split_gain=369.73 257.835 206.784 297.556 109.121 38.2229 4.08841 9.25277 8.44947 8.16302 7.67392 7.6669 6.95699 1.93656 5.4672 3.72697 1.55437 3.44904 4.20224 3.11135 4.46773 3.62908 2.05493 7.95044 7.72474 1.79121 1.70541 2.86419 1.59659 1.15248
threshold=1.0000000180025095e-35 -0.10210046172142027 12.92698907852173 -4.518629550933837 0.00075226789808231222 -13.842182159423826 1.0000000180025095e-35 0.048380747437477119 -0.061893768608570092 -5.6178345680236808 1.3973827958106997 -0.2138758301734924 2.5000000000000004 0.26907840371131903 0.41128018498420721 3.1904519796371464 2.2804714441299443 -0.12385898828506468 -0.32030953466892237 1.0000000180025095e-35 -0.010272690560668705 0.15379410237073901 -5.2819278240203849 -0.21429705619812009 -1.0000000180025095e-35 1.0404728055000307 -5.0388715267181388 0.064136389642953887 -0.28505955636501307 0.47651654481887823
decision_type=2 2 2 2 2 2 2 2 2 2 2 2 2 2 2 2 2 2 2 2 2 2 2 2 2 2 2 2 2 2
left_child=1 6 3 5 -5 -3 8 9 11 -8 -9 -1 -10 15 -15 -4 22 18 -18 21 -21 -19 23 25 -25 -2 27 -24 -28 -20
right_child=16 2 13 4 -6 -7 7 10 12 -11 -12 -13 -14 14 -16 -17 17 19 29 20 -22 -23 26 24 -26 -27 28 -29 -30 -31
leaf_value=-7.0655458634151389e-05 -0.0010974225632324169 1.8045667695742741e-07 4.5812058804842365e-06 -6.9595267046968097e-09 -6.9595267046968097e-09 -6.9595267046968097e-09 -0.00017861330287364564 -4.1594784313981969e-06 5.0405395959945112e-05 3.1018148900411574e-06 -0.00027319846578139511 -9.4763367779557873e-08 -2.6327274512404353e-06 -3.1839062305299921e-05 0.00058794085405618408 -4.7683414523953463e-05 0.00012496822024260189 0.0006697575780999853 -0.00085023749921876073 3.7358019631503898e-05 0.0018885127532035023 -0.00046708627894532785 0.0003705519316768773 -0.00018902785931571855 0.0028053157900526349 -3.8428924139204389e-05 0.00012355278135695643 -0.00071073523137805039 -3.4748262701486678e-06 -0.00050497003913544357
leaf_weight=335 61 7036 5697 16468 6357 3302 45 5664 5156 4962 272 544 2527 1929 125 530 33 71 53 191 34 313 44 76 116 66 2528 166 89103 37
leaf_count=335 61 7036 5697 16468 6357 3302 45 5664 5156 4962 272 544 2527 1929 125 530 33 71 53 191 34 313 44 76 116 66 2528 166 89103 37
internal_value=-0.00201295 -0.00503905 -0.00727005 -0.00903492 -0.0122223 -0.00199749 -0.000298641 -0.000938956 0.000519738 0.000644098 -0.00227426 -0.004124 0.00105102 -0.00020227 -0.00153359 0.000236872 -2.74512e-05 -0.0023224 -0.00995935 -0.000779967 0.00388889 -0.00351563 -9.22309e-06 0.00399687 0.0104167 -0.00570866 -2.31378e-05 -0.00452381 -1.28232e-05 -0.0155556
internal_weight=153841 60949 41444 33163 22825 10338 19505 10943 8562 5007 5936 879 7683 8281 2054 6227 92892 732 123 609 225 384 92160 319 192 127 91841 210 91631 90
internal_count=153841 60949 41444 33163 22825 10338 19505 10943 8562 5007 5936 879 7683 8281 2054 6227 92892 732 123 609 225 384 92160 319 192 127 91841 210 91631 90
is_linear=0
shrinkage=0.05


Tree=234
num_leaves=31
num_cat=0
split_feature=5 3 13 13 32 13 25 3 13 25 3 38 13 1 38 5 39 39 7 3 1 7 39 25 1 9 0 38 8 0
split_gain=379.152 243.257 206.784 297.556 145.408 38.2229 5.98493 10.5037 5.78671 4.53118 9.26498 4.84982 1.5122 3.14164 2.34252 1.44853 3.97753 4.93213 8.48285 3.95785 3.7813 2.84415 7.75055 4.74958 3.52115 4.70799 4.57858 2.7401 1.68924 1.31234
threshold=1.0000000180025095e-35 -0.10210046172142027 12.92698907852173 -4.518629550933837 14.500000000000002 -13.842182159423826 0.46834939718246466 -0.11377381160855292 2.5585784847129844e-13 0.16598269343376162 -0.30756512284278864 -0.2351633086800575 29.080923080444339 0.16631524264812472 -0.096071764826774583 4.9249999523162851 0.41046079993247991 -1.6406424045562742 0.017378530465066436 0.072836447507143035 -0.4405550211668014 0.010986366309225561 1.5179046392440798 0.14129736274480822 -0.087581042200326906 0.2632130235433579 0.26615048944950109 -0.15907365083694455 0.00029158769757486885 -0.3002066165208816
decision_type=2 2 2 2 2 2 2 2 2 2 2 2 2 2 2 2 2 2 2 2 2 2 2 2 2 2 2 2 2 2
left_child=1 6 3 5 -5 -3 9 8 -8 11 -11 -1 14 -14 -4 16 17 18 -2 -19 29 22 23 -17 26 -26 -23 -24 -22 -18
right_child=15 2 12 4 -6 -7 7 -9 -10 10 -12 -13 13 -15 -16 21 20 19 -20 -21 28 24 27 -25 25 -27 -28 -29 -30 -31
leaf_value=0.00066848926952343599 3.0279129137735125e-05 1.7143384310955605e-07 -2.846910763649865e-05 -6.6115503694619688e-09 -5.0424921567501785e-05 -6.6115503694619688e-09 -2.3845023127514877e-05 -1.4875150543812097e-05 9.0890575696831182e-05 -4.5493455071928328e-05 9.31036616243169e-06 -1.9647360767240209e-06 -3.0685919474128667e-05 2.4039684102187121e-05 7.2023902299641055e-06 -4.8995934861288718e-05 -0.00047352924201422619 0.00013938745519227852 -0.00025564150345645207 -3.6853417802666874e-05 9.268424811300003e-05 -2.4185071763244137e-05 -0.00010430346017367082 -0.00018339361611220876 -1.7092069337094895e-06 0.00015005453233633386 -0.00036301967956299655 7.7467226890754295e-05 -9.277831735700691e-05 -0.00067045525350947939
leaf_weight=477 3605 7036 336 20531 2294 3302 1097 70 785 1963 1509 13604 4737 877 2331 1956 44 11712 1940 3156 157 37517 203 1495 19185 7614 1401 1592 1278 37
leaf_count=477 3605 7036 336 20531 2294 3302 1097 70 785 1963 1509 13604 4737 877 2331 1956 44 11712 1940 3156 157 37517 203 1495 19185 7614 1401 1592 1278 37
internal_value=-0.00203863 -0.00510304 -0.00727005 -0.00903492 -0.0122223 -0.00199749 -0.00049859 -0.003125 -0.00241764 -0.000206517 0.00141129 -0.000605426 -0.00020227 -0.000667973 0.000778028 -2.79895e-05 0.000327192 0.000510704 -0.000761948 0.000985338 -0.0021438 -0.000137748 -0.0012581 -0.00264416 -4.83132e-05 0.000392739 -0.000352022 0.00140669 -0.00155052 -0.0126543
internal_weight=153841 60949 41444 33163 22825 10338 19505 1952 1882 17553 3472 14081 8281 5614 2667 92892 21929 20413 5545 14868 1516 70963 5246 3451 65717 26799 38918 1795 1435 81
internal_count=153841 60949 41444 33163 22825 10338 19505 1952 1882 17553 3472 14081 8281 5614 2667 92892 21929 20413 5545 14868 1516 70963 5246 3451 65717 26799 38918 1795 1435 81
is_linear=0
shrinkage=0.05


Tree=235
num_leaves=29
num_cat=0
split_feature=5 3 13 13 32 13 25 3 2 25 3 39 22 25 22 2 10 8 9 3 0 3 25 18 22 5 2 39
split_gain=378.011 243.376 208.555 297.274 145.408 38.1397 5.22836 9.92104 5.72597 4.04417 8.26052 4.84395 2.62305 5.11913 1.75602 1.50377 2.17235 1.84346 1.86193 1.68595 1.49215 8.70632 7.67287 4.62388 4.60946 4.31169 2.52829 0.0428571
threshold=1.0000000180025095e-35 -0.10210046172142027 12.92698907852173 -4.518629550933837 14.500000000000002 -13.842182159423826 0.46834939718246466 -0.11377381160855292 -0.85274317860603321 0.16598269343376162 -0.30756512284278864 -5.6178345680236808 0.057398274540901191 0.0061841362621635207 0.064333289861679091 0.80164751410484325 0.33351872861385351 0.007295887917280198 0.027242654934525493 0.28204661607742315 0.25926521420478826 -1.5139685869216917 0.10068949684500696 -13795.140624999998 0.13105144351720813 61.875000000000007 0.65442737936973583 1.573778033256531
decision_type=2 2 2 2 2 2 2 2 2 2 2 2 2 2 2 2 2 2 2 2 2 2 2 2 2 2 2 2
left_child=1 6 3 5 -5 -3 9 8 -8 11 -11 -1 13 -4 -14 20 17 -17 -19 -18 23 26 -23 24 -2 -25 -22 -9
right_child=15 2 12 4 -6 -7 7 27 -10 10 -12 -13 14 -15 -16 16 19 18 -20 -21 21 22 -24 25 -26 -27 -28 -29
leaf_value=-0.0001336516320669152 -0.0002186570721554317 1.6286215095407825e-07 -0.00016534387218108056 -6.2809728509888702e-09 -4.7903675489126275e-05 -6.2809728509888702e-09 -0.00013703465323840026 -6.337839633436061e-05 -1.2902634925567517e-06 -4.3218782318332069e-05 8.8448478543101061e-06 -1.1877538568226428e-06 -2.9151623500422234e-05 1.9974537360448207e-05 -5.5692765183898104e-06 0.0008538203199776244 0.0027209502969514064 0.00017850882786727592 -0.00036981834695322126 0.00029118880837593846 -0.0013565392104234958 0.00011217528996651255 -0.00014780248790864943 -3.1719572281190684e-06 0.00016080889060576169 -0.00015549254758720645 -0.00043780823369020085 -5.2611668484916592e-06
leaf_weight=87 280 7036 37 20531 2294 3302 187 40 1695 1963 1509 13994 155 400 7689 42 40 125 133 52 267 5143 7032 70178 8336 1118 146 30
leaf_count=87 280 7036 37 20531 2294 3302 187 40 1695 1963 1509 13994 155 400 7689 42 40 125 133 52 267 5143 7032 70178 8336 1118 146 30
internal_value=-0.00203668 -0.00509647 -0.00726402 -0.00903643 -0.0122223 -0.00200232 -0.0004909 -0.0029457 -0.00225824 -0.000217911 0.00131048 -0.000594773 -0.000166043 0.00360412 -0.000376084 -2.9066e-05 0.00306122 0.001 -0.000581395 0.00978261 -4.21622e-05 -0.000548141 -0.000305955 3.75413e-05 0.00113162 -9.46757e-05 -0.00768765 -0.0214286
internal_weight=153841 60949 41444 33163 22825 10338 19505 1952 1882 17553 3472 14081 8281 437 7844 92892 392 300 258 92 92500 12588 12175 79912 8616 71296 413 70
internal_count=153841 60949 41444 33163 22825 10338 19505 1952 1882 17553 3472 14081 8281 437 7844 92892 392 300 258 92 92500 12588 12175 79912 8616 71296 413 70
is_linear=0
shrinkage=0.05


Tree=236
num_leaves=29
num_cat=0
split_feature=4 3 24 32 24 0 22 21 24 22 2 3 2 21 1 2 12 7 0 39 2 2 2 39 2 0 4 20
split_gain=378.746 242.813 119.143 67.321 34.0094 26.174 27.1607 10.391 3.93422 4.15062 11.144 4.03249 3.30661 5.04473 3.09097 1.35671 2.4326 1.7609 1.45666 4.2018 5.41519 5.33855 2.16082 12.7993 4.32818 1.11039 0.807979 0.5
threshold=1.0000000180025095e-35 -0.10210046172142027 2.5000000000000004 14.500000000000002 1.5000000000000002 -0.12748190760612485 0.069670796394348158 0.97499999403953563 1.5000000000000002 1.5194970965385439 -0.31434781849384302 -0.67368596792221058 -0.99266698956489552 0.12500000372529033 0.34781159460544592 -1.1961632370948789 0.61018490791320812 0.085104662925004973 -1.1507896184921262 -0.61569482088088978 -0.34572002291679377 -0.096626114100217805 -0.4680743515491485 -0.64869436621665943 -0.31434781849384302 -2.2867292165756221 3.0249999761581425 1.0000000180025095e-35
decision_type=2 2 2 2 2 2 2 2 2 2 2 2 2 2 2 2 2 2 2 2 2 2 2 2 2 2 2 2
left_child=1 8 3 4 -3 7 -7 -4 12 11 -11 -10 27 -14 -5 16 17 25 19 20 -17 -21 23 -20 -24 -2 -18 -1
right_child=15 2 5 14 -6 6 -8 -9 9 10 -12 -13 13 -15 -16 18 26 -19 22 21 -22 -23 24 -25 -26 -27 -28 -29
leaf_value=-5.1169203775691793e-05 0.00014691770696726987 -5.9669242084394272e-09 -5.9669242084394272e-09 5.6944507639882484e-05 -5.9669242084394272e-09 -5.9669242084394272e-09 -5.9669242084394272e-09 -5.9669242084394272e-09 0.00018994546406882944 -0.0002711177944527998 9.2383823925915246e-06 -9.7272051917081078e-07 4.7338627458876896e-07 -6.7451057323953883e-06 -0.0032986035426309651 0.00040290901746481319 -0.00017711151065894477 -0.0011185207886870688 -0.00059939591058145504 -0.00035707338381789203 -0.00090340219706134682 0.00091204107687794806 0.0003756416448525698 0.00048083286182429665 -3.6941441907615939e-06 -0.00065139951587522545 0.00043127824922099822 -0.00041256795121454487
leaf_weight=50 56 7848 1404 1445 8905 2083 19030 630 3083 267 612 12751 1117 1585 99 806 33 52 776 775 43 65 1406 784 87988 77 31 40
leaf_count=50 56 7848 1404 1445 8905 2083 19030 630 3083 267 612 12751 1117 1585 99 806 33 52 776 775 43 65 1406 784 87988 77 31 40
internal_value=-0.00203863 -0.0051014 -0.00726643 -0.0102817 -0.0112025 -0.00488292 -0.00436106 -0.0102999 -0.000501154 -0.000210914 -0.00355518 -2.52621e-05 -0.00223854 -0.0019245 -0.000291451 -2.9066e-05 -0.00371486 -0.00662162 -1.91596e-05 0.00143576 0.00391637 -0.00107143 -4.61772e-05 -0.00189103 -1.3983e-05 -0.00357143 0.0046875 -0.0116667
internal_weight=153841 60949 41444 18297 16753 23147 21113 2034 19505 16713 879 15834 2792 2702 1544 92892 249 185 92643 1689 849 840 90954 1560 89394 133 64 90
internal_count=153841 60949 41444 18297 16753 23147 21113 2034 19505 16713 879 15834 2792 2702 1544 92892 249 185 92643 1689 849 840 90954 1560 89394 133 64 90
is_linear=0
shrinkage=0.05


Tree=237
num_leaves=31
num_cat=0
split_feature=4 3 24 25 0 22 24 14 14 25 3 2 38 39 37 4 39 39 37 2 1 2 3 1 38 25 14 2 9 2
split_gain=376.181 245.233 118.662 35.2869 26.174 27.1607 24.734 9.36842 6.12182 4.60451 6.61363 5.08097 3.94666 8.24907 4.58241 1.32447 3.50878 4.40637 6.81905 4.12665 3.87682 2.94288 2.66279 6.00217 7.64893 3.99248 3.34195 3.07939 2.59214 1.71099
threshold=1.0000000180025095e-35 -0.10210046172142027 2.5000000000000004 0.0050568901933729657 -0.12748190760612485 0.069670796394348158 1.0000000180025095e-35 1.0000000180025095e-35 1.0000000180025095e-35 0.46834939718246466 -0.11377381160855292 -0.85274317860603321 -0.2351633086800575 -2.5812519788742061 1.0000000180025095e-35 4.9249999523162851 0.41046079993247991 -1.4882310032844541 1.0000000180025095e-35 0.49753846228122717 -0.4405550211668014 -0.015758932568132874 -1.8692067265510557 -2.0014209747314449 -0.34707100689411158 0.34366941452026373 1.0000000180025095e-35 0.48264084756374365 0.064533196389675154 -0.066813539713621126
decision_type=2 2 2 2 2 2 2 2 2 2 2 2 2 2 2 2 2 2 2 2 2 2 2 2 2 2 2 2 2 2
left_child=1 9 3 8 7 -6 -5 -4 -3 12 11 -11 13 -1 -14 16 17 18 -2 -19 29 -22 25 24 -24 28 -27 -25 -17 -18
right_child=15 2 4 6 5 -7 -8 -9 -10 10 -12 -13 14 -15 -16 22 20 19 -20 -21 21 -23 23 27 -26 26 -28 -29 -30 -31
leaf_value=0.00085353092402574082 -0.00012718682973933933 -5.6685779980174562e-09 -5.6685779980174562e-09 -5.6685779980174562e-09 -5.6685779980174562e-09 -5.6685779980174562e-09 -5.6685779980174562e-09 0.00063102948718879025 -5.6685779980174562e-09 -0.00013560923860727917 -1.0625217913283469e-05 -1.0834553111539631e-06 1.6418773909639551e-06 -0.00023117901431044639 -3.3189150023704157e-06 -0.00042959839808786438 -0.00038672191891482452 0.00011093224963070348 3.9494299552470229e-05 -0.00026304890472202082 -0.00018137576645602452 -2.6637009263522257e-05 -0.00098556169047211441 -1.8118420763775511e-05 0.00087932753331461063 -0.0011380656690873853 0.00029195876419960896 9.032474144336223e-05 0.00055641170815422388 -0.00070157585842656818
leaf_weight=460 2416 2099 1877 986 2083 19030 15147 157 65 187 70 1695 6942 130 10021 144 37 13331 3540 1126 198 1237 75 62839 464 222 55 6997 167 44
leaf_count=460 2416 2099 1877 986 2083 19030 15147 157 65 187 70 1695 6942 130 10021 144 37 13331 3540 1126 198 1237 75 62839 464 222 55 6997 167 44
internal_value=-0.00203343 -0.00508581 -0.00726161 -0.0102708 -0.00488292 -0.00436106 -0.00946662 -0.0102999 -0.0162662 -0.000462702 -0.00276639 -0.0022051 -0.000206517 0.00381356 -0.000346342 -3.06808e-05 0.000308952 0.000481311 -0.000663197 0.000952826 -0.00201187 -0.00141115 -0.000135634 -0.000107638 0.00514842 -0.00348639 -0.00785199 -0.000148204 0.000401929 -0.0126543
internal_weight=153841 60949 41444 18297 23147 21113 16133 2034 2164 19505 1952 1882 17553 590 16963 92892 21929 20413 5956 14457 1516 1435 70963 70375 539 588 277 69836 311 81
internal_count=153841 60949 41444 18297 23147 21113 16133 2034 2164 19505 1952 1882 17553 590 16963 92892 21929 20413 5956 14457 1516 1435 70963 70375 539 588 277 69836 311 81
is_linear=0
shrinkage=0.05


Tree=238
num_leaves=29
num_cat=0
split_feature=4 3 22 32 14 32 21 37 1 0 0 1 22 1 3 3 22 7 0 39 1 2 39 18 9 22 4 7
split_gain=374.021 249.132 82.8473 54.047 48.0034 32.3193 21.6506 6.9115 5.6753 3.78448 22.1819 9.51938 7.37416 7.07586 5.29842 4.69233 1.37414 3.12272 3.43564 1.89888 7.31656 5.65228 1.88975 1.81971 1.73481 1.50971 1.38238 0.76233
threshold=1.0000000180025095e-35 -0.10210046172142027 0.064333289861679091 14.500000000000002 -1.0000000180025095e-35 14.500000000000002 0.97499999403953563 1.0000000180025095e-35 -0.016368578188121315 -0.16164007782936093 -0.22464623302221295 -0.6110212206840514 0.90294119715690624 -0.43018215894699091 -0.14916777610778806 -0.13065119087696073 2.2804714441299443 0.017378530465066436 -0.010272690560668705 -5.2819278240203849 -2.0014209747314449 0.1034887805581093 -5.0388715267181388 180.22222137451175 0.24663520604372027 2.0120359659194951 4.9249999523162851 0.013436993118375542
decision_type=2 2 2 2 2 2 2 2 2 2 2 2 2 2 2 2 2 2 2 2 2 2 2 2 2 2 2 2
left_child=1 9 5 4 -4 6 -3 -5 -7 10 14 15 -12 -13 -1 -11 19 27 24 20 25 -22 23 -21 -19 -2 -24 -18
right_child=16 2 3 7 -6 8 -8 -9 -10 11 12 13 -14 -15 -16 -17 17 18 -20 22 21 -23 26 -25 -26 -27 -28 -29
leaf_value=-2.2376391837991302e-06 0.00058204940405377911 -5.3851490981165837e-09 -5.7319804376737829e-06 -0.00030766822769981607 -5.3851490981165837e-09 -0.00080350719027498659 -5.3851490981165837e-09 0.00057659154167846412 0.00038936657953444928 0.00070529652649901865 -1.3149490689817919e-05 -7.7458746185885599e-05 -0.00037826432318074899 2.039447655830237e-07 0.00010273219513457228 -2.6646840191087251e-05 0.00043336141566424695 -0.00043737453015028612 0.00095275817552819035 -0.00067853897863881507 -0.00071878091250662161 0.001365341080748777 2.1065180588904916e-05 2.8940881252003531e-05 -1.1605350048378428e-05 0.0013847422072665854 -8.2410913201401429e-06 0.00052843118844306399
leaf_weight=6312 39 4241 2738 1234 29891 175 1170 1612 383 562 1561 596 138 9904 367 65 39 432 53 125 143 73 21237 85 177 64 70394 31
leaf_count=6312 39 4241 2738 1234 29891 175 1170 1612 383 562 1561 596 138 9904 367 65 39 432 53 125 143 73 21237 85 177 64 70394 31
internal_value=-0.00202498 -0.00506858 -0.00726161 -0.00634461 -0.00692099 -0.0127115 -0.013893 0.000263528 -0.00125448 -0.00040887 -0.00121151 0.00019547 -0.00631254 -0.000161905 8.60907e-05 0.00618022 -2.79895e-05 -0.00218579 -0.00324773 -1.08507e-05 0.00384013 -0.00138889 -2.42267e-05 -0.0047619 -0.00431034 0.0148058 -1.33688e-05 0.00785714
internal_weight=153841 60949 41444 35475 32629 5969 5411 2846 558 19505 8378 11127 1699 10500 6679 627 92892 732 662 92160 319 216 91841 210 609 103 91631 70
internal_count=153841 60949 41444 35475 32629 5969 5411 2846 558 19505 8378 11127 1699 10500 6679 627 92892 732 662 92160 319 216 91841 210 609 103 91631 70
is_linear=0
shrinkage=0.05


Tree=239
num_leaves=29
num_cat=0
split_feature=5 3 13 13 32 13 2 2 2 25 2 22 0 22 13 39 22 7 0 25 39 1 2 7 39 25 22 7
split_gain=377.181 247.873 206.572 298.502 143.452 38.3897 4.63045 10.0054 8.51711 7.68026 7.85198 6.4528 2.72665 1.84918 5.20456 3.19182 1.38032 2.69432 3.39327 3.36147 1.74284 6.8845 4.989 1.3754 1.36657 2.62874 1.42546 0.546201
threshold=1.0000000180025095e-35 -0.10210046172142027 12.92698907852173 -4.518629550933837 14.500000000000002 -13.842182159423826 -0.050265831872820847 -0.0068671519402414552 0.01608435902744532 0.049285508692264564 -0.10309716314077376 0.26907840371131903 -0.2165737375617027 0.26907840371131903 209.65491485595706 3.1904519796371464 2.2804714441299443 0.017378530465066436 -0.010272690560668705 0.48954793810844427 -5.2819278240203849 -2.0014209747314449 0.1034887805581093 0.039870209991931922 -5.0388715267181388 0.064136389642953887 1.8438517451286318 0.013436993118375542
decision_type=2 2 2 2 2 2 2 2 2 2 2 2 2 2 2 2 2 2 2 2 2 2 2 2 2 2 2 2
left_child=1 6 3 5 -5 -3 9 12 -9 10 -1 -11 -8 15 -15 -4 20 27 19 -19 21 23 -23 -2 25 -22 -26 -18
right_child=16 2 13 4 -6 -7 7 8 -10 11 -12 -13 -14 14 -16 -17 17 18 -20 -21 24 22 -24 -25 26 -27 -28 -29
leaf_value=5.2569477055461789e-05 0.0036044652845802537 1.6049123718781586e-07 4.1633876354579356e-06 -5.1158916432107541e-09 -5.5900194218127912e-05 -5.1158916432107541e-09 0.00077980497256025731 -4.5329086178881484e-06 7.5712406365417176e-07 -3.4674162778839353e-06 -7.4476534291509483e-06 -1.3853562143311105e-05 6.8693733316423108e-06 -3.1908549059640507e-05 0.00048654626234157541 -4.3596473557446146e-05 0.00041169334488103462 -2.13690193122517e-05 0.00090512026675178096 -0.00048106207819605546 0.00038879894732385644 -0.0006828418668812906 0.0012970740267113383 0.00065902338459636616 4.7512254514187061e-07 -0.0006372688714259187 -0.00014749786835578372 0.00050200962902091086
leaf_weight=1914 30 7036 5697 20531 2294 3302 354 2119 8288 1262 1139 3084 1345 1829 225 530 39 297 53 312 44 143 73 73 90844 166 787 31
leaf_count=1914 30 7036 5697 20531 2294 3302 354 2119 8288 1262 1139 3084 1345 1829 225 530 39 297 53 312 44 143 73 73 90844 166 787 31
internal_value=-0.00202856 -0.00508499 -0.00727246 -0.00903643 -0.0122289 -0.00198781 -0.000437067 0.000165207 -0.000415586 -0.00142249 0.000499509 -0.00277266 0.00372278 -0.000208308 -0.00150925 0.000220813 -2.31452e-05 -0.00218579 -0.00317221 -0.00422824 -5.96788e-06 0.00368339 -0.00138889 0.0143204 -1.87825e-05 -0.00404762 -9.54917e-06 0.00714286
internal_weight=153841 60949 41444 33163 22825 10338 19505 12106 10407 7399 3053 4346 1699 8281 2054 6227 92892 732 662 609 92160 319 216 103 91841 210 91631 70
internal_count=153841 60949 41444 33163 22825 10338 19505 12106 10407 7399 3053 4346 1699 8281 2054 6227 92892 732 662 609 92160 319 216 103 91841 210 91631 70
is_linear=0
shrinkage=0.05


Tree=240
num_leaves=30
num_cat=0
split_feature=5 3 13 13 32 13 2 0 22 13 38 22 34 22 13 39 22 38 38 38 0 39 38 13 2 38 25 5 18
split_gain=382.368 241.214 206.007 298.502 143.452 38.3897 3.89031 8.94219 6.77605 4.93558 4.60329 4.55767 2.59286 1.55113 5.06428 3.1095 1.29783 2.59348 4.09696 2.45756 2.88656 1.74079 7.44515 4.56612 1.85739 1.35052 4.77661 3.5882 1.1994
threshold=1.0000000180025095e-35 -0.10210046172142027 12.92698907852173 -4.518629550933837 14.500000000000002 -13.842182159423826 0.01608435902744532 0.0023576841922476892 1.5194970965385439 -255.66212463378903 -0.27273432910442347 0.44704014062881475 1.5000000000000002 0.26907840371131903 209.65491485595706 3.1904519796371464 2.2804714441299443 -0.12385898828506468 -0.25294733047485346 -0.064150437712669359 0.0032541416585445408 -5.2819278240203849 -0.21429705619812009 -241.99971008300778 -0.20038617402315137 -0.07237124070525168 0.25551733374595648 16.625000000000004 -629.76440429687489
decision_type=2 2 2 2 2 2 2 2 2 2 2 2 2 2 2 2 2 2 2 2 2 2 2 2 2 2 2 2 2
left_child=1 6 3 5 -5 -3 7 8 -1 12 -11 -9 -8 15 -15 -4 21 18 -18 -19 -21 22 24 -24 -2 26 -23 -27 -20
right_child=16 2 13 4 -6 -7 9 11 -10 10 -12 -13 -14 14 -16 -17 17 19 28 20 -22 25 23 -25 -26 27 -28 -29 -30
leaf_value=-6.134805799241987e-07 0.0001777963220341957 1.5246667532844224e-07 3.9552182536850386e-06 -4.860097061050217e-09 -5.3105184507221561e-05 -4.860097061050217e-09 0.0019216590252341655 0.0001391753636381814 -0.00018644501964791392 0.00083739689976204852 -4.1281113447766182e-07 -8.4787248430871672e-05 0.00081559172810915896 -3.0313121606658482e-05 0.00046221894922449661 -4.1416649879573839e-05 4.2996409536458056e-05 0.00059196854125335421 -0.00085161426749858458 -0.00020434144451274736 0.0011339041289316263 6.3135915810269048e-05 0.0040268756461183178 0.00049829716755385358 -0.00076196205420759689 6.2943930373905723e-06 -0.00011658195418761086 -5.4900600010281653e-05 -0.00052314006167523356
leaf_weight=10476 41 7036 5697 20531 2294 3302 70 36 623 189 7889 82 140 1829 225 530 52 52 39 510 47 12530 54 138 86 57769 3213 18329 32
leaf_count=10476 41 7036 5697 20531 2294 3302 70 36 623 189 7889 82 140 1829 225 530 52 52 39 510 47 12530 54 138 86 57769 3213 18329 32
internal_value=-0.00203961 -0.00511698 -0.00727488 -0.00903643 -0.0122289 -0.00198781 -0.000531915 -0.0011389 -0.000993333 0.000289575 9.28448e-05 -0.0148305 0.00785714 -0.000220384 -0.00141188 0.000172635 -2.04539e-05 -0.00211749 -0.00873984 -0.000779967 -0.00175045 -3.79774e-06 0.00368339 0.00989583 -0.00570866 -1.66048e-05 0.000404942 -0.000103814 -0.0165493
internal_weight=153841 60949 41444 33163 22825 10338 19505 11217 11099 8288 8078 118 210 8281 2054 6227 92892 732 123 609 557 92160 319 192 127 91841 15743 76098 71
internal_count=153841 60949 41444 33163 22825 10338 19505 11217 11099 8288 8078 118 210 8281 2054 6227 92892 732 123 609 557 92160 319 192 127 91841 15743 76098 71
is_linear=0
shrinkage=0.05


Tree=241
num_leaves=31
num_cat=0
split_feature=5 3 13 13 32 13 2 2 22 1 13 34 34 22 39 39 22 13 2 39 3 13 7 39 1 2 22 39 3 1
split_gain=382.414 241.743 204.528 298.374 143.926 38.3897 3.86606 7.84247 7.49909 5.85057 4.62989 4.09042 2.2881 1.59966 4.89986 3.06874 1.29516 2.56148 2.33675 2.4961 2.16395 3.32173 2.12729 1.89407 6.07833 4.56411 1.63331 1.29421 5.5723 2.89228
threshold=1.0000000180025095e-35 -0.10210046172142027 12.92698907852173 -4.518629550933837 14.500000000000002 -13.842182159423826 0.01608435902744532 0.0090772365219891089 1.5194970965385439 -0.43018215894699091 -255.66212463378903 1.0000000180025095e-35 1.5000000000000002 0.26907840371131903 3.3527572154998784 3.1904519796371464 2.2804714441299443 261.93348693847662 -0.34572002291679377 -1.738950192928314 -1.8692067265510557 -1856.4384765624998 0.017378530465066436 -5.2819278240203849 -2.0014209747314449 0.1034887805581093 2.0120359659194951 -0.79354643821716297 -7.0460891723632804 -1.8363965749740598
decision_type=2 2 2 2 2 2 2 2 2 2 2 2 2 2 2 2 2 2 2 2 2 2 2 2 2 2 2 2 2 2
left_child=1 6 3 5 -5 -3 7 8 -1 -9 12 -12 -8 15 -15 -4 23 20 -19 -20 22 -22 -18 24 26 -26 -2 28 -25 -29
right_child=16 2 13 4 -6 -7 10 9 -10 -11 11 -13 -14 14 -16 -17 17 18 19 -21 21 -23 -24 27 25 -27 -28 29 -30 -31
leaf_value=-1.8430305236591276e-07 0.00051110594851956214 1.4484334156202167e-07 3.7574573410007871e-06 -4.6170922079977055e-09 -5.0449925281860487e-05 -4.6170922079977055e-09 0.0018255760739724573 -8.0547886009328093e-05 -0.00017712276866551822 -7.445672534668266e-06 -1.0121369902357097e-05 2.6319319502942819e-06 0.00077481214170370101 -2.3132249554783537e-05 0.0016102163924153563 -3.9345817385595146e-05 0.00047475932709304254 -0.00078270882215452817 0.000218117216014245 -0.00094360534662925116 -0.00034154464236610187 0.00045162853332237664 -0.00032660792650653265 -0.00089484684383006651 -0.00061060167082684622 0.0012073054669980788 0.0011840030217961479 -0.00036481458881380748 -1.7988228828325244e-05 9.7336380397956205e-06
leaf_weight=9861 39 7036 5697 20531 2294 3302 70 190 622 544 2046 6032 140 2004 50 530 43 30 65 88 43 163 300 50 143 73 64 790 25117 65884
leaf_count=9861 39 7036 5697 20531 2294 3302 70 190 622 544 2046 6032 140 2004 50 530 43 30 65 88 43 163 300 50 143 73 64 790 25117 65884
internal_value=-0.00204188 -0.00511944 -0.0072797 -0.00903492 -0.0122267 -0.00198781 -0.000529351 -0.00113444 -0.000784604 -0.00613079 0.000289575 9.90344e-05 0.00761905 -0.000250574 -0.00146056 0.000148547 -2.26069e-05 -0.00211749 -0.00724044 -0.00473856 -0.000409836 0.00364078 -0.00284257 -5.96788e-06 0.00384013 -0.000925926 0.013835 -1.93269e-05 -0.00032483 9.59894e-05
internal_weight=153841 60949 41444 33163 22825 10338 19505 11217 10483 734 8288 8078 210 8281 2054 6227 92892 732 183 153 549 206 343 92160 319 216 103 91841 25167 66674
internal_count=153841 60949 41444 33163 22825 10338 19505 11217 10483 734 8288 8078 210 8281 2054 6227 92892 732 183 153 549 206 343 92160 319 216 103 91841 25167 66674
is_linear=0
shrinkage=0.05


Tree=242
num_leaves=31
num_cat=0
split_feature=4 3 24 32 24 0 22 34 3 0 0 39 0 22 21 38 3 39 23 22 0 4 39 24 0 34 38 0 8 9
split_gain=382.241 242.575 116.691 70.1474 33.8291 26.7727 27.8183 10.4183 3.59131 3.34551 17.8077 5.49068 4.57705 6.76551 4.45544 4.05406 1.28019 7.23526 5.22737 4.41936 2.64904 1.58838 3.52211 4.05699 2.37059 10.7093 6.2583 2.04371 1.18477 0.159087
threshold=1.0000000180025095e-35 -0.10210046172142027 2.5000000000000004 14.500000000000002 1.5000000000000002 -0.12748190760612485 0.069670796394348158 3.5000000000000004 0.18093846738338473 -0.16164007782936093 -0.22464623302221295 -0.55940255522727955 -0.13434076309204099 0.38575327396392828 1.0000000180025095e-35 -0.2351633086800575 -5.5044207572937003 -2.4668667316436763 1.0000000180025095e-35 0.57745811343193065 -1.0383247733116148 4.9249999523162851 0.41046079993247991 2.5000000000000004 -0.065302174538373933 2.5000000000000004 0.016485792584717277 0.20854931324720385 0.006811645347625018 0.11852356418967248
decision_type=2 2 2 2 2 2 2 2 2 2 2 2 2 2 2 2 2 2 2 2 2 2 2 2 2 2 2 2 2 2
left_child=1 9 3 4 -3 7 -7 -4 -5 10 14 -12 13 -11 -1 -14 17 28 19 -19 -20 22 23 -18 25 -23 -26 -24 -2 -30
right_child=16 2 5 8 -6 6 -8 -9 -10 12 11 -13 15 -15 -16 -17 21 18 20 -21 -22 24 27 -25 26 -27 -28 -29 29 -31
leaf_value=-3.8809414597248138e-06 -0.0003792413513247925 -4.3862375975978204e-09 -4.3862375975978204e-09 -0.00018676480248944682 -4.3862375975978204e-09 -4.3862375975978204e-09 -4.3862375975978204e-09 -4.3862375975978204e-09 0.0014393553708094689 7.2248871270556192e-07 -8.598070393773743e-06 -6.446970200441091e-05 0.00074035554458991119 0.0010837905735583597 3.364972415933035e-05 -5.5311766012070595e-07 -5.022059626612319e-05 -0.00024883382389079034 0.00061217155816225904 0.00062127068151292752 -0.0011989385913289982 -0.00013096946690604661 -0.00011175109109941543 6.6829308577239912e-05 -2.438835951487639e-05 6.5367463219874472e-05 6.3985212074430667e-05 0.00013224340429844871 -0.0012098565684206413 -0.00096692296403279884
leaf_weight=4191 31 7848 1500 1106 8905 2083 19030 534 438 607 824 875 262 161 2488 10097 4354 139 32 311 122 11397 1336 15376 32533 11065 15955 180 31 30
leaf_count=4191 31 7848 1500 1106 8905 2083 19030 534 438 607 824 875 262 161 2488 10097 4354 139 32 311 122 11397 1336 15376 32533 11065 15955 180 31 30
internal_value=-0.00203766 -0.00511452 -0.0072785 -0.0102626 -0.0112025 -0.00491964 -0.00439184 -0.0103982 -6.47668e-05 -0.000516534 -0.00127119 -0.00584167 5.16761e-05 0.00377604 -0.000108549 -0.000224443 -1.88391e-05 -0.00215517 -0.000165563 0.00255556 -0.00811688 -2.71161e-06 0.000376541 0.000554992 -0.000116279 -0.000540914 8.04323e-05 -0.00194591 -0.0152174 -0.0192623
internal_weight=153841 60949 41444 18297 16753 23147 21113 2034 1544 19505 8378 1699 11127 768 6679 10359 92892 696 604 450 154 92196 21246 19730 70950 22462 48488 1516 92 61
internal_count=153841 60949 41444 18297 16753 23147 21113 2034 1544 19505 8378 1699 11127 768 6679 10359 92892 696 604 450 154 92196 21246 19730 70950 22462 48488 1516 92 61
is_linear=0
shrinkage=0.05


Tree=243
num_leaves=30
num_cat=0
split_feature=4 3 13 13 32 13 24 39 1 22 39 3 39 22 22 39 2 10 8 9 3 34 37 22 1 34 34 22 1
split_gain=375.59 252.046 204.107 298.119 144.878 38.3897 3.92179 5.04988 8.18526 5.69203 3.89063 4.34836 2.186 1.58374 4.43382 2.89852 1.25903 2.06023 2.34088 1.68847 1.29614 4.80986 5.75351 5.04505 2.73545 8.48253 2.59849 0.661774 0.977699
threshold=1.0000000180025095e-35 -0.10210046172142027 12.92698907852173 -4.518629550933837 14.500000000000002 -13.842182159423826 2.5000000000000004 1.8960810303688052 -0.21739330887794492 1.5194970965385439 1.6393371224403384 -1.7320105433464048 2.0838214159011845 0.26907840371131903 0.3493716567754746 3.1904519796371464 0.80164751410484325 0.20622655749320987 0.0083049805834889429 0.027242654934525493 0.31943830847740179 2.5000000000000004 1.0000000180025095e-35 0.32661448419094091 0.14129775762557986 1.0000000180025095e-35 5.0000000000000009 0.43352334201335913 0.032885696738958366
decision_type=2 2 2 2 2 2 2 2 2 2 2 2 2 2 2 2 2 2 2 2 2 2 2 2 2 2 2 2 2
left_child=1 6 3 5 -5 -3 10 9 -9 -8 11 -1 -12 15 -15 -4 20 18 -18 -20 24 22 -22 -23 26 -26 -2 -19 -29
right_child=16 2 13 4 -6 -7 7 8 -10 -11 12 -13 -14 14 -16 -17 17 27 19 -21 21 23 -24 -25 25 -27 -28 28 -30
leaf_value=0.00030065868927875677 -6.8373111928471749e-06 1.3782048636378711e-07 3.5698037858306269e-06 -4.1669257177179288e-09 -3.8589188893295177e-05 -4.1669257177179288e-09 1.684789041912788e-06 -3.3802790467573375e-05 5.2087485977084289e-07 -0.00016807258315925606 6.6248764868517311e-05 -4.806279442730941e-06 -2.0137098496264964e-07 -5.4866590448192129e-05 1.2830705003469238e-05 -3.7378307204435508e-05 0.00053756083716048272 0.00021705530588440639 0.00016548435183546159 -0.0004594792249916213 7.8434781759062367e-05 0.00011310578019275674 -0.00024007128203537868 0.0026037435948263465 0.0010197939289732555 1.9405314326743187e-05 0.00022800766101892429 0.00064450702680480816 0.0015519385313318202
leaf_weight=334 82120 7036 5697 20531 2294 3302 11217 416 624 671 305 5547 391 925 1129 530 45 32 112 101 933 930 2104 76 589 3232 2516 63 39
leaf_count=334 82120 7036 5697 20531 2294 3302 11217 416 624 671 305 5547 391 925 1129 530 45 32 112 101 933 930 2104 76 589 3232 2516 63 39
internal_value=-0.00202271 -0.00507268 -0.0072785 -0.0090319 -0.0122223 -0.00198781 -0.000385799 0.000119895 -0.00322115 0.00041218 -0.00137981 -0.00179816 0.00215517 -0.000256612 -0.00146056 0.000140517 -2.15304e-05 0.00280612 0.000193798 -0.00199531 -3.35135e-05 -0.000908978 -0.00190155 0.00208748 6.50033e-06 0.0013151 -5.25781e-05 0.00783582 0.00980392
internal_weight=153841 60949 41444 33163 22825 10338 19505 12928 1040 11888 6577 5881 696 8281 2054 6227 92892 392 258 213 92500 4043 3037 1006 88457 3821 84636 134 102
internal_count=153841 60949 41444 33163 22825 10338 19505 12928 1040 11888 6577 5881 696 8281 2054 6227 92892 392 258 213 92500 4043 3037 1006 88457 3821 84636 134 102
is_linear=0
shrinkage=0.05


Tree=244
num_leaves=30
num_cat=0
split_feature=4 3 24 32 25 0 22 21 25 3 34 24 39 3 3 3 25 2 21 10 22 3 34 14 22 3 25 4 4
split_gain=372.292 253.824 116.491 69.8469 44.8884 25.5152 27.8663 10.5834 3.81671 4.46489 6.26372 3.77199 4.57532 4.47171 3.59131 1.60477 2.88681 3.96472 2.51236 2.03364 1.7987 1.70026 3.59532 4.953 4.14869 1.95662 10.0852 2.88423 1.15523
threshold=1.0000000180025095e-35 -0.10210046172142027 2.5000000000000004 14.500000000000002 0.0050568901933729657 -0.12748190760612485 0.069670796394348158 0.97499999403953563 1.828366279602051 -2.030936479568481 2.5000000000000004 2.5000000000000004 1.8960810303688052 -0.30756512284278864 0.18093846738338473 0.4791549444198609 0.10632364451885225 0.52610191702842724 0.075000001117587103 0.01829775515943766 0.17205929011106494 0.31943830847740179 2.5000000000000004 1.0000000180025095e-35 0.32661448419094091 0.26020193099975591 0.11511772498488428 61.875000000000007 10.625000000000002
decision_type=2 2 2 2 2 2 2 2 2 2 2 2 2 2 2 2 2 2 2 2 2 2 2 2 2 2 2 2 2
left_child=1 8 3 4 -3 7 -7 -4 11 -10 -11 13 -13 -1 -5 21 19 20 -19 28 -18 25 23 -23 -24 27 -27 -2 -17
right_child=15 2 5 14 -6 6 -8 -9 9 10 -12 12 -14 -15 -16 16 17 18 -20 -21 -22 22 24 -25 -26 26 -28 -29 -30
leaf_value=-6.4631648418386067e-05 8.5244183769287933e-07 -3.9585794318320325e-09 -3.9585794318320325e-09 -0.00017549710292030993 -3.9585794318320325e-09 -3.9585794318320325e-09 -3.9585794318320325e-09 -3.9585794318320325e-09 -0.00042196424281115653 0.00025194704483521196 -0.00024031673370633659 1.475058462674639e-06 -7.8046535647194932e-06 -1.9802340973608632e-07 0.0013693170617136601 0.00083780568820658163 -5.184494896647799e-05 5.9202511025039513e-06 0.0016211848997235213 0.0016118269235759772 -0.00083845668660919139 -0.00020626311712201447 8.4080116573521067e-05 0.00041370825260997595 0.0024456397656228571 0.0005928239589700102 -0.00012276505399286229 -0.00012645690610386696 -9.9402678848677102e-06
leaf_weight=2446 84791 1955 1404 1106 14798 2083 19030 630 52 189 65 11695 1040 4018 438 31 57 99 69 34 44 2679 894 294 80 1095 1281 1414 30
leaf_count=2446 84791 1955 1404 1106 14798 2083 19030 630 52 189 65 11695 1040 4018 438 31 57 99 69 34 44 2679 894 294 80 1095 1281 1414 30
internal_value=-0.00200905 -0.00504561 -0.00725919 -0.0102407 -0.0111786 -0.00490236 -0.00438711 -0.0102507 -0.00034222 -0.00588235 -0.00314961 -0.000253919 0.000245387 -0.00123762 -6.47668e-05 -1.6686e-05 0.0032967 0.000650558 0.00535714 0.0107895 -0.00717822 -2.97207e-05 -0.0010451 -0.00190885 0.00159138 1.55225e-05 0.00143098 -2.34905e-05 0.00532787
internal_weight=153841 60949 41444 18297 16753 23147 21113 2034 19505 306 254 19199 12735 6464 1544 92892 364 269 168 95 101 92528 3947 2973 974 88581 2376 86205 61
internal_count=153841 60949 41444 18297 16753 23147 21113 2034 19505 306 254 19199 12735 6464 1544 92892 364 269 168 95 101 92528 3947 2973 974 88581 2376 86205 61
is_linear=0
shrinkage=0.05


Tree=245
num_leaves=28
num_cat=0
split_feature=4 3 13 13 13 13 25 3 34 14 2 34 0 34 2 4 12 3 25 2 9 3 7 1 38 10 38
split_gain=371.002 256.721 206.855 298.401 109.121 38.4733 3.86276 4.46489 6.26372 2.93497 3.60243 2.72624 1.51799 5.46116 2.46614 1.236 2.77594 1.31552 2.64556 3.36094 2.29344 1.50186 4.24494 2.21778 1.25366 1.02147 1.25911
threshold=1.0000000180025095e-35 -0.10210046172142027 12.92698907852173 -4.518629550933837 0.00075226789808231222 -13.842182159423826 1.828366279602051 -2.030936479568481 2.5000000000000004 -1.0000000180025095e-35 0.089128036051988616 5.0000000000000009 -0.04626913554966449 1.0000000180025095e-35 0.033844090998172767 146.77500152587893 -0.47924353182315821 0.4791549444198609 0.10632364451885225 0.52610191702842724 0.032985167577862747 0.31943830847740179 0.012775973882526161 0.14991363883018496 -0.3032549768686294 0.1025880202651024 0.029578108340501789
decision_type=2 2 2 2 2 2 2 2 2 2 2 2 2 2 2 2 2 2 2 2 2 2 2 2 2 2 2
left_child=1 6 3 5 -5 -3 9 -8 -9 10 -1 -11 13 -4 -14 17 25 21 20 -20 -19 23 -23 -2 -18 26 -17
right_child=15 2 12 4 -6 -7 7 8 -10 11 -12 -13 14 -15 -16 16 24 18 19 -21 -22 22 -24 -25 -26 -27 -28
leaf_value=3.6473969991072789e-05 -1.9509336634445166e-06 1.3604855223338722e-07 -0.00013150534279679594 -3.7606504602404306e-09 -3.7606504602404306e-09 -3.7606504602404306e-09 -0.0004008660306705987 0.00023934969259345137 -0.00022830089702101974 -1.0615001979821634e-06 0.000928524643867841 0.00018986251222881129 1.7264002907585583e-05 -9.3505402224094109e-06 -2.8067412612620392e-06 -0.00046009937581613369 -0.00033552040199033974 0.00048707242369249077 -0.00046896248009995742 0.00072724093748372421 0.0017654170014981124 9.485852161934443e-05 -0.00015820857230287546 0.00014017792075812739 0.000645310588371913 -0.00065144519381111804 -2.4956280922737268e-05
leaf_weight=812 84937 7036 143 16468 6357 3302 52 189 65 17310 378 699 574 1047 6517 41 56 54 101 162 38 893 3000 3475 48 30 57
leaf_count=812 84937 7036 143 16468 6357 3302 52 189 65 17310 378 699 574 1047 6517 41 56 54 101 162 38 893 3000 3475 48 30 57
internal_value=-0.00200775 -0.00503905 -0.00726523 -0.0090304 -0.0122223 -0.00198298 -0.000308895 -0.00588235 -0.00314961 -0.000220064 0.00218487 -0.000378977 -0.000196232 -0.00184874 8.10887e-05 -1.88391e-05 -0.00366379 -9.71293e-06 0.00302817 0.000475285 0.0103261 -2.13965e-05 -0.000982533 2.09248e-05 0.00240385 -0.00859375 -0.00612245
internal_weight=153841 60949 41444 33163 22825 10338 19505 306 254 19199 1190 18009 8281 1190 7091 92892 232 92660 355 263 92 92305 3893 88412 104 128 98
internal_count=153841 60949 41444 33163 22825 10338 19505 306 254 19199 1190 18009 8281 1190 7091 92892 232 92660 355 263 92 92305 3893 88412 104 128 98
is_linear=0
shrinkage=0.05


Tree=246
num_leaves=31
num_cat=0
split_feature=4 13 13 13 1 13 39 24 13 39 38 38 1 38 34 0 0 18 9 7 38 38 25 2 18 38 1 25 34 0
split_gain=371.692 160.091 332.757 115.121 57.9852 49.0684 29.9644 14.2098 8.04641 8.14429 5.55192 4.31469 3.88103 5.89469 5.77699 1.33081 1.22236 7.31027 8.59994 7.69798 6.40141 5.71456 4.77064 4.56022 9.14589 5.05551 4.07116 11.1623 5.39114 2.73499
threshold=1.0000000180025095e-35 -8.9208893775939924 0.00075226789808231222 -1.2792892423564917e-13 -0.060611730441451066 12.92698907852173 3.1904519796371464 2.5000000000000004 -13.842182159423826 3.0046374797821049 -1.0000000180025095e-35 0.075840681791305556 -0.017992522567510601 -0.27273432910442347 5.0000000000000009 0.52061906456947338 0.25926521420478826 -14541.110351562498 0.22989788651466372 0.11979893967509271 -0.18378288298845288 0.8683454990386964 0.11511772498488428 0.33334046602249151 -159326.23437499997 0.6600414812564851 0.068857610225677504 0.36039669811725622 1.0000000180025095e-35 0.55615735054016124
decision_type=2 2 2 2 2 2 2 2 2 2 2 2 2 2 2 2 2 2 2 2 2 2 2 2 2 2 2 2 2 2
left_child=1 8 3 6 -5 7 -3 -4 12 10 -10 -11 14 -14 -1 -7 23 18 20 -20 -18 22 -19 26 -25 -26 28 -28 -2 -23
right_child=16 2 5 4 -6 15 -8 -9 9 11 -12 -13 13 -15 -16 -17 17 21 19 -21 -22 29 -24 24 25 -27 27 -29 -30 -31
leaf_value=-1.3983985926391109e-05 -6.5534069720653296e-05 -3.5726179372284097e-09 -3.5726179372284097e-09 -3.5726179372284097e-09 -3.5726179372284097e-09 -1.1780965816007473e-06 -3.5726179372284097e-09 -3.5726179372284097e-09 1.3427681839003078e-05 -3.5726179372284097e-09 -3.5726179372284097e-09 -3.5726179372284097e-09 -0.00022398960631463146 1.7814169938238387e-05 0.0011342917192254842 -2.947767623203223e-05 0.0006210447381270655 9.519803482663827e-05 -0.00036766664116222081 0.0010731515425499037 -0.0010179188958870432 0.00088495205633520998 -0.00011261611146188801 0.0025627741450587778 0.00016483142766368088 -0.00071737034801703603 -0.0001544219859693839 0.002580733806651879 1.4491458487192726e-05 0.0034523642949480051
leaf_weight=9482 10741 7744 3741 7009 7626 12721 1274 5245 592 172 1407 76 57 2986 370 447 61 5221 794 209 653 30 5975 104 3741 72 2804 126 62324 37
leaf_count=9482 10741 7744 3741 7009 7626 12721 1274 5245 592 172 1407 76 57 2986 370 447 61 5221 794 209 653 30 5975 104 3741 72 2804 126 62324 37
internal_value=-0.00201068 -0.00504479 -0.00651811 -0.0106424 -0.0133806 -0.00211474 -0.00619871 -0.00496328 -0.000587769 -0.00334891 -0.00228864 -0.0118952 -0.00010663 0.00145416 -0.000588713 -0.000170869 -1.99156e-05 -0.000469954 -0.00350903 -0.00052343 -0.00770308 -6.65897e-06 -9.37835e-05 5.31835e-05 0.00171688 0.00131786 -3.25679e-05 -0.00186007 4.07172e-05 0.0145522
internal_weight=153841 60949 45807 23653 14635 22154 9018 8986 15142 2247 1999 248 12895 3043 9852 13168 92892 12980 1717 1003 714 11263 11196 79912 3917 3813 75995 2930 73065 67
internal_count=153841 60949 45807 23653 14635 22154 9018 8986 15142 2247 1999 248 12895 3043 9852 13168 92892 12980 1717 1003 714 11263 11196 79912 3917 3813 75995 2930 73065 67
is_linear=0
shrinkage=0.05


Tree=247
num_leaves=31
num_cat=0
split_feature=5 3 13 13 32 13 25 3 1 24 13 38 39 13 22 18 0 2 9 3 12 22 20 5 3 2 22 20 39 0
split_gain=375.441 255.143 209.477 293.628 144.878 37.0655 3.81318 4.46489 5.52707 3.63465 4.49665 4.35066 1.52873 2.22048 1.56885 1.33952 4.52757 5.67714 5.79569 5.36039 3.35317 3.18328 1.76674 1.58648 4.35827 3.20429 2.62446 2.79077 2.46534 1.88259
threshold=1.0000000180025095e-35 -0.10210046172142027 12.92698907852173 -4.518629550933837 14.500000000000002 -13.842182159423826 1.828366279602051 -2.030936479568481 -0.31937563419342035 2.5000000000000004 -270.54681396484369 0.0076154225971549758 -3.3376760482788081 52.485153198242195 0.10713599249720575 -47627.753906249993 0.27388224005699163 0.4731090664863587 0.2343661114573479 0.12630619108676913 -0.76944845914840687 0.23799675703048709 -1.0000000180025095e-35 7.0250000953674325 -2.030936479568481 0.49054430425167089 0.035777354612946517 -1.0000000180025095e-35 2.6675099134445195 -0.2165737375617027
decision_type=2 2 2 2 2 2 2 2 2 2 2 2 2 2 2 2 2 2 2 2 2 2 2 2 2 2 2 2 2 2
left_child=1 6 3 5 -5 -3 9 -8 -9 11 -11 -1 13 -4 -14 16 19 22 -19 21 -21 -2 -18 26 29 -26 27 -17 -28 -25
right_child=15 2 12 4 -6 -7 7 8 -10 10 -12 -13 14 -15 -16 23 17 18 -20 20 -22 -23 -24 24 25 -27 28 -29 -30 -31
leaf_value=-7.1720814069225222e-06 -0.00015514737730249197 -4.2989967812107521e-07 -3.7811356653417678e-07 -3.3939870403669893e-09 -3.9938638555857275e-05 -3.3939870403669893e-09 -0.00038012352984074919 0.0001884901992980111 -0.00020703197998620605 0.00094516876099116388 3.7280487451369393e-07 1.0831012676159498e-06 3.5489776259526197e-06 -0.00020799049183162067 -1.1113054976661687e-05 -3.9931230669580307e-05 -0.00074850575119899006 -0.00077327088426723751 0.00048239320539039676 3.8917817437216651e-05 0.0016795658229676353 0.00030112087172329759 -0.0014524302811163106 -0.00023664653222052069 -2.4791254295583252e-05 0.0001150899135402915 1.8935518329446165e-05 -0.00032647779838207517 -0.00011905377173427089 -0.0016206766641033571
leaf_weight=4350 717 7036 65 20531 2294 3302 52 192 62 329 12406 2114 2142 41 6033 41 138 213 353 123 213 2588 51 61 50256 5289 32457 32 273 87
leaf_count=4350 717 7036 65 20531 2294 3302 52 192 62 329 12406 2114 2142 41 6033 41 138 213 353 123 213 2588 51 61 50256 5289 32457 32 273 87
internal_value=-0.002011 -0.00506038 -0.0072797 -0.00905603 -0.0122223 -0.0020652 -0.000344783 -0.00588235 -0.00314961 -0.000256524 0.000233608 -0.00122215 -0.000166043 -0.00613208 -8.8685e-05 -1.02269e-05 0.000841674 -0.00268212 -0.000176678 0.00157237 0.00758929 0.000960666 -0.0101852 -5.25447e-05 -0.000215018 -0.000192187 0.000223303 -0.00924658 0.000244424 -0.00878378
internal_weight=153841 60949 41444 33163 22825 10338 19505 306 254 19199 12735 6464 8281 106 8175 92892 4396 755 566 3641 336 3305 189 88496 55693 55545 32803 73 32730 148
internal_count=153841 60949 41444 33163 22825 10338 19505 306 254 19199 12735 6464 8281 106 8175 92892 4396 755 566 3641 336 3305 189 88496 55693 55545 32803 73 32730 148
is_linear=0
shrinkage=0.05


Tree=248
num_leaves=28
num_cat=0
split_feature=4 3 13 13 32 13 39 3 22 37 25 38 38 39 13 25 10 10 38 18 18 38 25 4 39 38 18
split_gain=369.942 262.462 209.406 293.501 145.355 37.0655 2.83245 6.50804 5.01687 4.26452 9.06726 5.06714 2.32911 1.52873 2.22048 1.54754 1.24975 1.60435 5.41391 6.3475 2.37506 1.63827 6.61355 3.42639 1.04348 1.08036 1.10949
threshold=1.0000000180025095e-35 -0.10210046172142027 12.92698907852173 -4.518629550933837 14.500000000000002 -13.842182159423826 2.0838214159011845 -0.30756512284278864 0.64281371235847484 1.0000000180025095e-35 0.048380747437477119 -0.033402103930711739 -0.02039896976202726 -3.3376760482788081 52.485153198242195 0.026541807688772682 0.99972870945930492 0.82449445128440868 -0.02039896976202726 11506.911621093752 25717.500000000004 -0.058792609721422188 0.25551733374595648 32.024999618530281 0.58535233139991771 -0.010044470895081757 4571.6706542968759
decision_type=2 2 2 2 2 2 2 2 2 2 2 2 2 2 2 2 2 2 2 2 2 2 2 2 2 2 2
left_child=1 6 3 5 -5 -3 9 12 -9 11 -11 -1 -8 14 -4 -15 17 21 20 -20 -19 22 -2 -23 25 -18 -27
right_child=16 2 13 4 -6 -7 7 8 -10 10 -12 -13 -14 15 -16 -17 24 18 19 -21 -22 23 -24 -25 -26 26 -28
leaf_value=-3.6579246418972667e-06 6.6036960657243305e-05 -4.0840469421502144e-07 -3.5920788820746798e-07 -3.2242876883486403e-09 -3.7941706628064067e-05 -3.2242876883486403e-09 -0.00015138801260737101 -1.9655628167531428e-06 -3.4689275654886598e-05 3.2377056063912269e-06 -6.5595177713838574e-06 1.0857068211531449e-05 -0.00017505192336653188 2.5581958084452473e-05 -0.00019759096724003965 -5.4530677417507627e-06 1.8702035237540924e-05 -8.7879171358414522e-05 6.0750006709682681e-05 0.00090995447218064998 -0.0016642457293137543 -2.7399154555058858e-06 -0.00012300207756415008 -9.7571851793304949e-05 0.00043630778431672965 -0.00047592608887882335 2.3453166897979134e-05
leaf_weight=855 13886 7036 65 20531 2294 3302 41 1092 80 4957 5935 6515 30 1746 41 6429 56 300 848 340 44 68111 3853 5280 30 111 33
leaf_count=855 13886 7036 65 20531 2294 3302 41 1092 80 4957 5935 6515 30 1746 41 6429 56 300 848 340 44 68111 3853 5280 30 111 33
internal_value=-0.0020006 -0.00502756 -0.0072785 -0.00905452 -0.0122202 -0.0020652 -0.000244809 -0.0025543 -0.00166382 -8.76136e-05 -0.000716122 0.000841248 -0.0172535 -0.000166043 -0.00613208 -8.8685e-05 -1.4533e-05 -5.39596e-06 0.00159922 0.00319865 -0.00392442 -3.23713e-05 0.000398839 -0.000136597 -0.00369565 -0.005 -0.00729167
internal_weight=153841 60949 41444 33163 22825 10338 19505 1243 1172 18262 10892 7370 71 8281 106 8175 92892 92662 1532 1188 344 91130 17739 73391 230 200 144
internal_count=153841 60949 41444 33163 22825 10338 19505 1243 1172 18262 10892 7370 71 8281 106 8175 92892 92662 1532 1188 344 91130 17739 73391 230 200 144
is_linear=0
shrinkage=0.05


Tree=249
num_leaves=26
num_cat=0
split_feature=4 13 13 13 32 13 24 1 13 24 0 0 21 0 10 10 38 18 7 38 25 4 0 22 25
split_gain=374.394 160.163 323.483 119.435 124.618 20.2719 14.1959 10.3114 3.9793 1.29375 1.35 1.25074 6.07686 1.95286 1.25012 1.60327 4.59288 5.67376 2.10135 1.46746 6.1773 3.09866 1.01151 0.920773 1.23854
threshold=1.0000000180025095e-35 12.92698907852173 -3.4262548685073848 0.00075226789808231222 10.500000000000002 -13.842182159423826 2.5000000000000004 0.34781159460544592 -14.936060905456541 1.0000000180025095e-35 0.0850844942033291 0.52061906456947338 0.32500000298023229 0.49761769175529486 0.99972870945930492 0.82449445128440868 -0.02039896976202726 11506.911621093752 0.032045600935816772 -0.058792609721422188 0.25551733374595648 32.024999618530281 -0.3860360980033874 0.42955288290977484 0.027781608514487747
decision_type=2 2 2 2 2 2 2 2 2 2 2 2 2 2 2 2 2 2 2 2 2 2 2 2 2
left_child=1 2 5 4 -4 8 -5 -7 -1 10 -3 13 -13 -11 15 19 18 -18 -17 20 -2 -21 -16 24 -24
right_child=14 9 3 6 -6 7 -8 -9 -10 11 -12 12 -14 -15 22 16 17 -19 -20 21 -22 -23 23 -25 -26
leaf_value=-7.1519013661644457e-06 6.2735112624381055e-05 4.5144444273094659e-05 -3.0630733039312082e-09 -3.0630733039312082e-09 -9.8811852147710773e-06 -3.0630733039312082e-09 -3.0630733039312082e-09 -3.0630733039312082e-09 1.1489167311351273e-05 -8.0208536397213195e-07 -0.00019008538563800487 4.2152396427637345e-05 -9.9956932933434773e-05 0.0030170570859224324 -0.00094462305285349622 -3.2196733459777771e-05 5.7712506374198607e-05 0.00086445674857161744 -0.0011006176294616539 -2.602919682730652e-06 -0.00011685197368594258 -9.2693259203639646e-05 0.00040581284411549178 0.00068595620044001435 -0.00034510059997670334
leaf_weight=12546 13886 30 18000 3741 2016 5695 5245 189 349 12619 30 229 218 42 31 241 848 340 103 68111 3853 5280 36 37 126
leaf_count=12546 13886 30 18000 3741 2016 5695 5245 189 349 12619 30 229 218 42 31 241 848 340 103 68111 3853 5280 36 37 126
internal_value=-0.00201198 -0.0050571 -0.00640265 -0.00971312 -0.011863 -0.00129 -0.00492433 -0.00372196 -0.000180302 -0.000174666 -0.0075 -0.000141135 -0.00274049 -4.93642e-05 -1.39947e-05 -4.85636e-06 0.00159922 0.00307239 -0.00348837 -3.18227e-05 0.00037629 -0.000130466 -0.00369565 -0.00238693 -0.00401235
internal_weight=153841 60949 47781 29002 20016 18779 8986 5884 12895 13168 60 13108 447 12661 92892 92662 1532 1188 344 91130 17739 73391 230 199 162
internal_count=153841 60949 47781 29002 20016 18779 8986 5884 12895 13168 60 13108 447 12661 92892 92662 1532 1188 344 91130 17739 73391 230 199 162
is_linear=0
shrinkage=0.05


Tree=250
num_leaves=29
num_cat=0
split_feature=4 3 13 13 32 13 24 22 2 3 3 1 22 13 1 1 2 13 32 25 0 25 13 38 2 32 2 38
split_gain=373.865 255.731 210.617 293.222 145.355 36.9835 3.80752 5.05916 8.58297 4.97832 3.59497 7.41393 2.7664 1.55762 3.28988 3.02068 1.2238 2.31949 2.08734 2.40936 1.42656 6.1752 3.52573 3.27121 2.27339 10.6738 3.53439 1.01967
threshold=1.0000000180025095e-35 -0.10210046172142027 12.92698907852173 -4.518629550933837 14.500000000000002 -13.842182159423826 2.5000000000000004 1.5194970965385439 -0.31434781849384302 -0.67368596792221058 -1.7320105433464048 -0.88948306441307057 0.69387668371200573 29.080923080444339 0.12620035558938983 0.16631524264812472 -1.1961632370948789 -343.36230468749994 14.500000000000002 0.17656463384628299 -1.1507896184921262 0.08266912400722505 -388.63066101074213 0.13523621112108233 -0.4680743515491485 2.5000000000000004 -0.31434781849384302 -0.023340757936239239
decision_type=2 2 2 2 2 2 2 2 2 2 2 2 2 2 2 2 2 2 2 2 2 2 2 2 2 2 2 2
left_child=1 6 3 5 -5 -3 10 9 -9 -8 12 -12 -1 14 -4 -15 17 27 19 -19 21 22 -18 -23 25 -22 -26 -2
right_child=16 2 13 4 -6 -7 7 8 -10 -11 11 -13 -14 15 -16 -17 20 18 -20 -21 24 23 -24 -25 26 -27 -28 -29
leaf_value=-0.00019174421283790785 -0.0002485023306076799 -3.9960515218017874e-08 1.7045958796092986e-05 -2.9099196387346476e-09 -3.6044468142995556e-05 -2.9099196387346476e-09 0.00042206324769064455 -0.00024394597405554734 -3.9647479101571907e-05 -9.2809169681614611e-08 -5.8490363797465288e-05 -1.0809673150053806e-06 0.00058683213952269659 -2.6011011895676276e-05 -1.5674470328507175e-05 2.2679689311746887e-05 -0.0014060060315749985 0.00028838068384584955 0.002282853365425093 -0.00065597603854205557 -0.0003191075012823938 0.00020043370490670372 -4.2404546951128366e-05 0.001119797417565603 0.00035708901263019501 0.0047921273474484591 -2.6697309182374155e-06 -0.0011372974120471364
leaf_weight=31 30 7036 2210 20531 2294 3302 2570 216 455 9687 1047 5196 303 4737 457 877 126 74 32 79 1453 1173 235 155 1406 107 87988 34
leaf_count=31 30 7036 2210 20531 2294 3302 2570 216 455 9687 1047 5196 303 4737 457 877 126 74 32 79 1453 1173 235 155 1406 107 87988 34
internal_value=-0.00201003 -0.005053 -0.00727488 -0.00905603 -0.0122202 -0.00207003 -0.000331966 0.000166306 -0.0040611 0.000397732 -0.00131139 -0.00158177 0.00374251 -0.000141891 0.000853018 -0.000614535 -1.34565e-05 -0.00351406 -0.000675676 -0.00310458 -4.0478e-06 0.00143576 -0.00436288 0.00301205 -3.07848e-05 -0.00192308 2.23729e-06 -0.0117188
internal_weight=153841 60949 41444 33163 22825 10338 19505 12928 671 12257 6577 6243 334 8281 2667 5614 92892 249 185 153 92643 1689 361 1328 90954 1560 89394 64
internal_count=153841 60949 41444 33163 22825 10338 19505 12928 671 12257 6577 6243 334 8281 2667 5614 92892 249 185 153 92643 1689 361 1328 90954 1560 89394 64
is_linear=0
shrinkage=0.05


Tree=251
num_leaves=30
num_cat=0
split_feature=4 3 24 32 25 0 22 21 22 0 22 21 2 24 25 4 25 18 14 7 2 38 8 22 3 25 12 21 21
split_gain=372.003 254.766 118.852 68.0485 44.3418 25.7424 28.1314 10.5834 3.32086 7.26714 7.24165 5.81698 4.91162 3.09857 3.07424 1.20829 2.99798 2.48593 2.69921 2.42483 2.45672 2.36048 2.32258 2.07713 1.66613 5.56543 1.68678 1.60109 0.379301
threshold=1.0000000180025095e-35 -0.10210046172142027 2.5000000000000004 14.500000000000002 0.0050568901933729657 -0.12748190760612485 0.069670796394348158 0.97499999403953563 0.092890832573175444 0.020675501786172393 0.094430532306432738 0.87500000000000011 0.069597724825143828 1.5000000000000002 0.17073982954025271 0.57500001788139354 1.0245496630668642 120.2678565979004 -1.0000000180025095e-35 0.0019485723460093143 0.11897543817758562 0.17362054437398913 0.0034686950966715817 0.096917413175106062 -5.5044207572937003 0.81155571341514599 -0.74853721261024464 0.42499999701976782 0.92499998211860668
decision_type=2 2 2 2 2 2 2 2 2 2 2 2 2 2 2 2 2 2 2 2 2 2 2 2 2 2 2 2 2
left_child=1 8 3 4 -3 7 -7 -4 9 11 28 -1 -11 -12 -5 16 17 18 -2 20 21 -17 -18 -22 25 -21 -26 -19 -10
right_child=15 2 5 14 -6 6 -8 -9 10 12 13 -13 -14 -15 -16 19 22 27 -20 24 23 -23 -24 -25 26 -27 -28 -29 -30
leaf_value=-3.5204081451033053e-07 0.00045550039914618384 -2.7644236567979152e-09 -2.7644236567979152e-09 -0.00013583342895437113 -2.7644236567979152e-09 -2.7644236567979152e-09 -2.7644236567979152e-09 -2.7644236567979152e-09 0.00023745086821380619 0.00074931453761841816 -7.8875293026233452e-06 -6.5066624555324337e-06 -6.6035186810667766e-05 2.6685876262576979e-07 0.0013502040928785348 -3.9532500607642842e-06 6.6860256711559488e-05 9.3629499645727686e-05 5.9649565161642201e-05 -0.00047383458153607631 -0.00026746580688646995 -0.00056877558046385514 0.0019280363237251916 -0.00019341098870380679 -2.8560210317898647e-05 0.00079414769695374085 1.1247593715169123e-05 -0.0001520256221762845 0.00073551895165351608
leaf_weight=1272 110 1955 1404 1257 14798 2083 19030 630 31 74 2054 592 67 15378 287 564 31 297 792 433 40 46 31 187 25793 160 63962 446 37
leaf_count=1272 110 1955 1404 1257 14798 2083 19030 630 31 74 2054 592 67 15378 287 564 31 297 792 433 40 46 31 187 25793 160 63962 446 37
internal_value=-0.00200613 -0.00504151 -0.00725919 -0.0102708 -0.0111965 -0.0048786 -0.00436106 -0.0102507 -0.000329403 -0.00225686 -0.000108571 -0.00308476 0.00868794 -0.000172097 -0.000226684 -1.4533e-05 0.00130346 0.000896657 0.00266075 -3.9206e-05 -0.00271804 -0.00106557 0.0120968 -0.00715859 -1.43888e-05 -0.00265599 3.0639e-06 -0.00124495 0.0161765
internal_weight=153841 60949 41444 18297 16753 23147 21113 2034 19505 2005 17500 1864 141 17432 1544 92892 1707 1645 902 91185 837 610 62 227 90348 593 89755 743 68
internal_count=153841 60949 41444 18297 16753 23147 21113 2034 19505 2005 17500 1864 141 17432 1544 92892 1707 1645 902 91185 837 610 62 227 90348 593 89755 743 68
is_linear=0
shrinkage=0.05


Tree=252
num_leaves=30
num_cat=0
split_feature=5 3 24 25 0 22 24 21 14 24 3 39 2 1 2 1 39 38 38 34 0 3 38 38 10 3 3 10 1
split_gain=370.343 257.88 118.972 34.7131 25.7424 28.1314 24.6741 10.5834 6.72161 3.06368 5.25807 4.45502 4.40582 3.50444 7.4651 4.31187 1.23754 5.75163 6.32362 15.0903 6.27773 5.52872 2.99178 3.72379 7.11849 3.45928 2.07172 1.75044 0.672043
threshold=1.0000000180025095e-35 -0.10210046172142027 2.5000000000000004 0.0050568901933729657 -0.12748190760612485 0.069670796394348158 1.0000000180025095e-35 0.97499999403953563 1.0000000180025095e-35 2.5000000000000004 -7.0460891723632804 1.8624963164329531 -0.047140786424279206 -0.11316166818141936 0.10034083947539331 -0.019487836398184296 -0.79354643821716297 0.8683454990386964 0.22453185915946963 3.5000000000000004 -1.2837300300598142 -0.2138758301734924 0.8683454990386964 0.25620965659618383 0.066711172461509718 0.097341343760490431 0.23132795840501788 0.074179902672767653 -0.1971066817641258
decision_type=2 2 2 2 2 2 2 2 2 2 2 2 2 2 2 2 2 2 2 2 2 2 2 2 2 2 2 2 2
left_child=1 9 3 8 7 -6 -5 -4 -3 13 12 -12 -11 14 -1 -15 17 18 20 -20 -2 -19 23 25 -25 -18 -23 -24 -29
right_child=16 2 4 6 5 -7 -8 -9 -10 10 11 -13 -14 15 -16 -17 22 21 19 -21 -22 26 27 24 -26 -27 -28 28 -30
leaf_value=-2.0669685348400321e-06 0.00033947534036646439 -2.6262024739580195e-09 -2.6262024739580195e-09 -2.6262024739580195e-09 -2.6262024739580195e-09 -2.6262024739580195e-09 -2.6262024739580195e-09 -2.6262024739580195e-09 -2.6262024739580195e-09 -0.00080305859608606131 1.755345499198374e-06 -6.4052176384791521e-06 7.246613047195661e-05 -5.1556446515554864e-06 0.001145530853593843 0.00025515721604880157 2.0042120237711259e-05 -0.0005196661984116993 -8.5074089573444072e-05 -0.00037675913244635505 -1.70633622274484e-05 0.0016305037491760332 -6.7118498670687687e-05 0.00050602893510619425 -3.1826539140859815e-05 -4.1897620726525941e-05 0.0033544248584113563 -0.00072322329037327279 -0.00037917619315877457
leaf_weight=4773 666 2099 1404 986 2083 19030 15147 630 65 135 11626 1061 106 1323 190 291 48244 40 1657 421 23006 62 43 677 908 17062 44 32 30
leaf_count=4773 666 2099 1404 986 2083 19030 15147 630 65 135 11626 1061 106 1323 190 291 48244 40 1657 421 23006 62 43 677 908 17062 44 32 30
internal_value=-0.0020006 -0.0050292 -0.0072604 -0.0102735 -0.0048786 -0.00436106 -0.00947592 -0.0102507 -0.01622 -0.000288388 0.000158571 0.000297549 -0.00715768 -0.00116695 -0.000508765 -0.00319083 -1.34565e-05 -0.000306997 -0.000363107 -0.0030077 -0.000130956 0.00958904 0.000100006 0.000113244 0.00250789 5.51251e-05 0.015566 -0.00833333 -0.0137097
internal_weight=153841 60949 41444 18297 23147 21113 16133 2034 2164 19505 12928 12687 241 6577 4963 1614 92892 25896 25750 2078 23672 146 66996 66891 1585 65306 106 105 62
internal_count=153841 60949 41444 18297 23147 21113 16133 2034 2164 19505 12928 12687 241 6577 4963 1614 92892 25896 25750 2078 23672 146 66996 66891 1585 65306 106 105 62
is_linear=0
shrinkage=0.05


Tree=253
num_leaves=31
num_cat=0
split_feature=5 3 13 13 32 13 24 22 2 13 20 2 21 13 1 22 1 2 32 3 13 32 34 2 25 0 0 14 2 3
split_gain=369.446 260.16 213.336 292.968 146.312 36.9835 2.85764 5.07769 8.58297 4.03576 3.81647 6.52811 5.7096 1.78737 2.83593 2.80713 1.3284 4.69483 8.58077 18.9148 7.82661 7.62628 15.6034 8.54973 3.9981 3.29685 3.22055 3.02283 2.48534 2.3826
threshold=1.0000000180025095e-35 -0.10210046172142027 12.92698907852173 -4.518629550933837 14.500000000000002 -13.842182159423826 2.5000000000000004 1.5194970965385439 -0.31434781849384302 -270.54681396484369 -1.0000000180025095e-35 -0.85274317860603321 1.0000000180025095e-35 29.080923080444339 0.16631524264812472 0.15782912075519565 -0.17635922878980634 0.16439450532197955 8.5000000000000018 -0.15598179399967191 -21365.042968749996 2.5000000000000004 1.0000000180025095e-35 0.11543872207403184 0.87151888012886058 -0.1383506506681442 -0.13054180890321729 -1.0000000180025095e-35 0.11188825592398645 -0.11680322512984274
decision_type=2 2 2 2 2 2 2 2 2 2 2 2 2 2 2 2 2 2 2 2 2 2 2 2 2 2 2 2 2 2
left_child=1 6 3 5 -5 -3 10 9 -9 -8 11 -1 -12 15 -15 -4 17 21 20 -20 -19 23 -23 -2 25 29 -27 -26 -29 -18
right_child=16 2 13 4 -6 -7 7 8 -10 -11 12 -13 -14 14 -16 -17 24 18 19 -21 -22 22 -24 -25 27 26 -28 28 -30 -31
leaf_value=-0.00023357669466670457 -3.8621238063374022e-05 -3.769295815057919e-08 2.0219514176094311e-05 -2.4948923502601183e-09 -2.7450441978003895e-05 -2.4948923502601183e-09 0.00091778846072661517 -0.00023184978556586123 -3.7766215359584526e-05 6.9131865019796192e-07 -1.2280548704134884e-06 9.324749579119401e-07 -2.0926084453941202e-05 -2.4710191769585928e-05 2.154597437746608e-05 -3.4443117698766325e-06 1.572379421485295e-05 0.0019684134661770206 -0.0017099469556573314 0.00042555644610554823 -0.00013611300175456998 -0.00052705360448345871 0.00051089879052897071 0.00032717060774381334 0.0011307095125551261 0.00027222173386801498 7.7696205635715425e-06 -4.5502068612002933e-05 0.00056934072710965731 -0.00029884503287109582
leaf_weight=108 28483 7036 1260 20531 2294 3302 311 216 455 11946 1613 3290 1566 4737 877 1407 86 150 285 187 5905 609 3555 2027 85 158 50993 145 87 137
leaf_count=108 28483 7036 1260 20531 2294 3302 311 216 455 11946 1613 3290 1566 4737 877 1407 86 150 285 187 5905 609 3555 2027 85 158 50993 145 87 137
internal_value=-0.00199443 -0.00501936 -0.0072604 -0.00905301 -0.0122158 -0.00207003 -0.000257626 0.000174041 -0.0040611 0.000405891 -0.00110613 5.88582e-05 -0.00235137 -8.15119e-05 -0.000587816 0.000984252 -9.68867e-06 -0.000221475 -0.00145166 -0.00794492 -0.0009455 1.0094e-05 0.00201729 -0.000263848 0.000159119 0.000124577 0.000151023 0.0057571 0.00280172 -0.0059417
internal_weight=153841 60949 41444 33163 22825 10338 19505 12928 671 12257 6577 3398 3179 8281 5614 2667 92892 41201 6527 472 6055 34674 4164 30510 51691 51374 51151 317 232 223
internal_count=153841 60949 41444 33163 22825 10338 19505 12928 671 12257 6577 3398 3179 8281 5614 2667 92892 41201 6527 472 6055 34674 4164 30510 51691 51374 51151 317 232 223
is_linear=0
shrinkage=0.05


Tree=254
num_leaves=31
num_cat=0
split_feature=4 3 13 13 32 13 22 22 0 13 3 37 25 2 0 1 38 38 37 32 3 2 38 7 38 8 10 37 11 38
split_gain=369.522 262.789 211.045 292.968 146.312 36.9835 2.87191 5.62269 4.69141 5.27827 4.25585 3.49063 1.8697 1.60597 2.62712 1.5352 1.26485 5.98489 12.5755 14.0932 7.29371 11.9525 6.92043 5.58695 4.43242 12.5381 9.28037 3.56364 2.67693 4.55431
threshold=1.0000000180025095e-35 -0.10210046172142027 12.92698907852173 -4.518629550933837 14.500000000000002 -13.842182159423826 0.066147454082965865 0.075931634753942504 0.0061605265364050874 1.0000000180025095e-35 -0.25377415120601649 1.0000000180025095e-35 0.017917876131832603 0.75919079780578624 0.69536349177360546 0.056961901485919959 0.13058479875326159 0.14686369150877002 1.0000000180025095e-35 2.5000000000000004 0.12002867087721826 0.67617648839950573 0.13182542473077777 0.015860996209084991 0.11103353276848794 0.043589115142822273 0.4511911422014237 1.0000000180025095e-35 0.3951751589775086 -0.26290866732597346
decision_type=2 2 2 2 2 2 2 2 2 2 2 2 2 2 2 2 2 2 2 2 2 2 2 2 2 2 2 2 2 2
left_child=1 6 3 5 -5 -3 8 12 9 -1 -10 -9 -8 14 -4 -15 24 18 22 -20 21 -19 -18 -22 28 26 -26 -27 29 -2
right_child=16 2 13 4 -6 -7 7 11 10 -11 -12 -13 -14 15 -16 -17 17 20 19 -21 23 -23 -24 -25 25 27 -28 -29 -30 -31
leaf_value=-2.7438620469639974e-07 0.00028249544457470947 -3.5808310243050226e-08 -6.9836108155599266e-07 -2.3701477327471125e-09 -2.6077919879104185e-05 -2.3701477327471125e-09 0.00077150966880227244 2.2678221624363921e-06 -5.60982332025793e-06 -3.5989665716649998e-06 0.00061558148682642111 -2.938080378756439e-06 0.00010728918935284378 -2.6475660420180355e-05 -4.5652022468064623e-05 0.0016150858162828057 -0.00055872255742641221 -3.787482517268971e-05 0.00083663579058046705 -0.00087469313023326434 -0.0003482174117061478 -0.0017425225232734253 3.9544017098314992e-05 0.0004479973604747334 3.2490766184340964e-05 -0.0006774967674467022 -0.00053538497563645137 -0.0014394324875811285 1.7802350404598837e-05 -3.6086969598643711e-05
leaf_weight=451 1602 7036 8079 20531 2294 3302 45 7752 70 451 68 10513 155 76 30 96 127 6424 678 127 259 62 437 1401 1382 45 299 99 44500 35450
leaf_count=451 1602 7036 8079 20531 2294 3302 45 7752 70 451 68 10513 155 76 30 96 127 6424 678 127 259 62 437 1401 1382 45 299 99 44500 35450
internal_value=-0.00199248 -0.00501772 -0.00727005 -0.00905301 -0.0122158 -0.00207003 -0.000231992 -8.80043e-05 -0.00278846 -0.004102 0.0057971 -0.000179305 0.00825 -0.000129815 -0.000231225 0.00465116 -7.53563e-06 0.000538623 0.00359752 0.0076087 2.45519e-05 -0.000732347 -0.00212766 0.00298193 -6.98634e-05 -0.00250685 -0.00129387 -0.0166667 -1.53276e-05 -0.000329267
internal_weight=153841 60949 41444 33163 22825 10338 19505 18465 1040 902 138 18265 200 8281 8109 172 92892 9515 1369 805 8146 6486 564 1660 83377 1825 1681 144 81552 37052
internal_count=153841 60949 41444 33163 22825 10338 19505 18465 1040 902 138 18265 200 8281 8109 172 92892 9515 1369 805 8146 6486 564 1660 83377 1825 1681 144 81552 37052
is_linear=0
shrinkage=0.05


Tree=255
num_leaves=31
num_cat=0
split_feature=4 3 13 13 32 13 2 2 21 2 0 1 13 2 0 1 38 38 20 32 34 3 2 7 38 8 10 18 11 34
split_gain=370.097 260.317 211.617 292.968 146.312 36.9835 2.67406 6.05585 8.02035 6.64824 5.44716 5.89593 4.44561 1.59787 2.63151 1.5352 1.16514 5.80327 9.76648 7.31597 6.81961 6.23728 10.292 5.19497 4.03649 11.5238 8.28124 3.31796 2.44778 5.68018
threshold=1.0000000180025095e-35 -0.10210046172142027 12.92698907852173 -4.518629550933837 14.500000000000002 -13.842182159423826 0.21387980878353122 0.5375255048274995 0.47499999403953558 0.3874464631080628 0.082535255700349822 -0.022654294036328789 6.3309943675994882 0.75919079780578624 0.69536349177360546 0.056961901485919959 0.13058479875326159 0.14686369150877002 -1.0000000180025095e-35 2.5000000000000004 3.5000000000000004 0.12002867087721826 0.67617648839950573 0.015860996209084991 0.11103353276848794 0.043589115142822273 0.4511911422014237 269.80349731445318 0.3951751589775086 5.0000000000000009
decision_type=2 2 2 2 2 2 2 2 2 2 2 2 2 2 2 2 2 2 2 2 2 2 2 2 2 2 2 2 2 2
left_child=1 6 3 5 -5 -3 10 9 -9 -8 11 -1 -12 14 -4 -15 24 18 20 -20 -18 22 -19 -23 28 26 -26 -27 29 -2
right_child=16 2 13 4 -6 -7 7 8 -10 -11 12 -13 -14 15 -16 -17 17 21 19 -21 -22 23 -24 -25 25 27 -28 -29 -30 -31
leaf_value=-7.5902782398584564e-07 -3.4757265018232206e-05 -3.4017894730897716e-08 -6.6344302747812361e-07 -2.2516403461097572e-09 -2.4774023885149044e-05 -2.2516403461097572e-09 0.00019718750428425808 0.0013523438349941084 -0.0012351573912835129 0.0026880304566630105 -3.224084969359185e-05 0.00043483411906985098 0.00025674922436424075 -2.515187739917134e-05 -4.3369421344661388e-05 0.0015343315254686654 3.7566816243399252e-05 -3.5981083914055168e-05 0.00074797468532790228 -0.00055485856009125959 -0.00040934759464185817 -0.00033080654112084052 -0.0016553963971097535 0.00042559749245099681 3.08662278751239e-05 -0.00071390653678636475 -0.0005086157268546287 -0.0015033645234031204 1.6912232884368911e-05 0.00066703218173477449
leaf_weight=17354 35815 7036 8079 20531 2294 3302 815 81 109 130 412 409 195 76 30 96 439 6424 694 136 100 259 62 1401 1382 67 299 77 44500 1237
leaf_count=17354 35815 7036 8079 20531 2294 3302 815 81 109 130 412 409 195 76 30 96 439 6424 694 136 100 259 62 1401 1382 67 299 77 44500 1237
internal_value=-0.00199833 -0.00502592 -0.00726764 -0.00905301 -0.0122158 -0.00207003 -0.000262753 0.00209251 -0.00605263 0.00373016 -0.000408274 -0.000249113 -0.0050659 -0.000117739 -0.000218893 0.00465116 -1.18417e-05 0.000512349 0.00352447 0.00692771 -0.00171614 6.13798e-06 -0.000693802 0.00274096 -7.16624e-05 -0.00239726 -0.00123438 -0.0159722 -1.96194e-05 -0.000319821
internal_weight=153841 60949 41444 33163 22825 10338 19505 1135 190 945 18370 17763 607 8281 8109 172 92892 9515 1369 830 539 8146 6486 1660 83377 1825 1681 144 81552 37052
internal_count=153841 60949 41444 33163 22825 10338 19505 1135 190 945 18370 17763 607 8281 8109 172 92892 9515 1369 830 539 8146 6486 1660 83377 1825 1681 144 81552 37052
is_linear=0
shrinkage=0.05


Tree=256
num_leaves=30
num_cat=0
split_feature=4 3 13 13 32 13 25 3 34 25 24 13 2 0 1 4 14 25 13 2 7 3 38 0 32 38 24 4 3
split_gain=369.919 257.389 211.76 292.716 147.271 36.9835 3.87699 4.46489 6.26372 3.69839 3.55784 2.27071 1.59382 2.63371 1.5352 1.17249 3.12479 3.10653 4.18457 4.16138 2.63476 2.74964 2.76321 1.37654 5.07334 4.11119 1.31781 1.31143 1.04268
threshold=1.0000000180025095e-35 -0.10210046172142027 12.92698907852173 -4.518629550933837 14.500000000000002 -13.842182159423826 1.828366279602051 -2.030936479568481 2.5000000000000004 1.0245496630668642 2.5000000000000004 307.94297790527349 0.75919079780578624 0.69536349177360546 0.056961901485919959 0.72499999403953563 -1.0000000180025095e-35 0.81155571341514599 -526.57556152343739 0.048030192032456405 0.0019485723460093143 0.047430166974663741 0.046155078336596496 -0.065302174538373933 27.500000000000004 0.014184430707246067 2.5000000000000004 0.12500000372529033 0.18093846738338473
decision_type=2 2 2 2 2 2 2 2 2 2 2 2 2 2 2 2 2 2 2 2 2 2 2 2 2 2 2 2 2
left_child=1 6 3 5 -5 -3 9 -8 -9 10 -1 -11 13 -4 -14 16 27 18 -18 -19 21 22 -17 24 -22 -25 -23 -2 -29
right_child=15 2 12 4 -6 -7 7 8 -10 11 -12 -13 14 -15 -16 20 17 19 -20 -21 23 26 -24 25 -26 -27 -28 28 -30
leaf_value=-2.4390593966548884e-06 -2.5583160501703256e-05 -3.2316999994352829e-08 -6.302708761042608e-07 -2.1390583288042691e-09 -2.3535322690891593e-05 -2.1390583288042691e-09 -0.00032752857672929821 0.00024112709173663706 -0.00021718057680612473 0.000324236608883197 3.9531777477500052e-07 -0.0010878089405864809 -2.3894283529212775e-05 -4.1200950277428319e-05 0.0014576149491952323 6.0368228464777189e-05 -0.00035449571717354822 -1.29385714459666e-05 1.8729294463386498e-05 0.0017825565740842667 -1.4128445791654343e-05 -3.0216982337391562e-05 -0.00022743594292288965 -1.3579858729814342e-05 -0.00048849136274103596 4.9882747044313529e-05 -0.00022222686149414705 0.00048882444627748307 0.00010839437699747234
leaf_weight=6291 50 7036 8079 20531 2294 3302 52 189 65 327 12551 30 76 30 96 309 105 63 1746 54 29941 90 161 40554 1296 18141 173 170 39
leaf_count=6291 50 7036 8079 20531 2294 3302 52 189 65 327 12551 30 76 30 96 309 105 63 1746 54 29941 90 161 40554 1296 18141 173 170 39
internal_value=-0.00200808 -0.00503495 -0.00726402 -0.00905 -0.0122114 -0.00207003 -0.000298641 -0.00588235 -0.00314961 -0.000209646 -0.000305169 0.00483193 -0.000111701 -0.000212727 0.00465116 -2.20686e-05 0.00111136 0.000431911 -6.75311e-05 0.00833333 -4.9909e-05 -0.00303547 -0.000744681 -2.55749e-05 -0.000293722 0.000117131 -0.00712928 0.00627413 0.00801435
internal_weight=153841 60949 41444 33163 22825 10338 19505 306 254 19199 18842 357 8281 8109 172 92892 2227 1968 1851 117 90665 733 470 89932 31237 58695 263 259 209
internal_count=153841 60949 41444 33163 22825 10338 19505 306 254 19199 18842 357 8281 8109 172 92892 2227 1968 1851 117 90665 733 470 89932 31237 58695 263 259 209
is_linear=0
shrinkage=0.05


Tree=257
num_leaves=31
num_cat=0
split_feature=4 3 13 13 13 13 2 2 1 22 1 1 22 25 2 13 21 2 1 9 11 38 34 34 14 39 1 1 2 38
split_gain=368.555 258.907 211.76 292.716 109.617 36.9835 2.7977 10.3564 7.15828 7.51995 3.36971 2.1543 1.69347 4.73174 1.7108 1.36937 1.23616 7.06934 11.4575 4.99148 4.78097 4.69616 7.71864 7.50518 4.37778 5.02147 3.99513 5.93639 4.52676 3.68422
threshold=1.0000000180025095e-35 -0.10210046172142027 12.92698907852173 -4.518629550933837 0.00075226789808231222 -13.842182159423826 0.5375255048274995 0.3874464631080628 -0.077038504183292375 0.52937799692153942 -0.10752514749765395 0.085885863751173033 0.057398274540901191 0.0061841362621635207 0.75919079780578624 -25.710027694702145 1.0000000180025095e-35 -0.20038617402315137 -0.63069605827331532 0.031114255078136924 0.72329530119895946 0.026671548373997215 5.0000000000000009 1.5000000000000002 1.0000000180025095e-35 -0.94299852848052967 0.13344171643257144 0.085885863751173033 0.65442737936973583 -0.061893768608570092
decision_type=2 2 2 2 2 2 2 2 2 2 2 2 2 2 2 2 2 2 2 2 2 2 2 2 2 2 2 2 2 2
left_child=1 6 3 5 -5 -3 7 10 15 -10 -1 -9 13 -4 -14 -8 21 18 20 -20 -18 24 23 -23 25 -2 27 -19 -28 -26
right_child=16 2 12 4 -6 -7 8 11 9 -11 -12 -13 14 -15 -16 -17 17 26 19 -21 -22 22 -24 -25 29 -27 28 -29 -30 -31
leaf_value=1.6638227231700284e-08 -0.00016821409042128892 -3.0701149994635191e-08 -0.00015743250801920287 -2.0321054123640557e-09 -2.0321054123640557e-09 -2.0321054123640557e-09 -0.00093565903494487635 0.0026579423626616823 -0.00077193709054475994 0.0013062967859795924 -3.0878028777567872e-06 0.0015833658614476951 -5.3587144770232696e-06 1.9463301236562268e-05 0.00020744696144203037 -0.0013133862775519397 0.00074617410374061522 -6.9529003784828825e-07 0.00030507096888235125 0.0020705021888972916 -0.00086042239777368585 0.00023725538647573942 0.003882826663006371 -4.4882405675580193e-05 0.00043213622004157812 -5.5195169363782794e-05 7.4987186330034713e-05 -0.00025632309665816566 0.0010769042634414057 6.5356153444301463e-07
leaf_weight=15637 2493 7036 37 16468 6357 3302 37 85 30 85 3548 45 7672 400 172 38 1082 70742 181 280 384 1572 96 2153 480 7861 1769 1813 607 1379
leaf_count=15637 2493 7036 37 16468 6357 3302 37 85 30 85 3548 45 7672 400 172 38 1082 70742 181 280 384 1572 96 2153 480 7861 1769 1813 607 1379
internal_value=-0.0020071 -0.00502838 -0.00726402 -0.00905 -0.0122114 -0.00207003 -0.000278134 -0.000218742 -0.00631579 0.00152174 -0.000314047 0.0138462 -0.000111701 0.00291762 -0.000280469 -0.0183333 -2.47599e-05 5.85495e-05 0.00304878 0.00992408 0.000886767 -0.000424099 0.00110573 0.000744966 -0.000902727 -0.00130384 -1.83502e-05 -8.44187e-05 0.00199916 0.00133136
internal_weight=153841 60949 41444 33163 22825 10338 19505 19315 190 115 19185 130 8281 437 7844 75 92892 76858 1927 461 1466 16034 3821 3725 12213 10354 74931 72555 2376 1859
internal_count=153841 60949 41444 33163 22825 10338 19505 19315 190 115 19185 130 8281 437 7844 75 92892 76858 1927 461 1466 16034 3821 3725 12213 10354 74931 72555 2376 1859
is_linear=0
shrinkage=0.05


Tree=258
num_leaves=31
num_cat=0
split_feature=4 3 22 32 14 32 21 1 38 2 2 21 1 1 1 1 21 2 1 34 21 34 3 39 34 0 2 7 1 32
split_gain=367.834 259.668 82.5196 53.5426 48.3038 32.2721 21.4104 5.6753 5.5383 2.80721 9.78292 7.55119 3.47493 3.09723 2.39135 1.97104 1.22618 6.47805 10.4664 4.98627 4.43974 4.11307 8.57815 6.83033 10.3467 6.7212 5.36047 4.55084 3.60789 13.4835
threshold=1.0000000180025095e-35 -0.10210046172142027 0.064333289861679091 14.500000000000002 -1.0000000180025095e-35 14.500000000000002 0.97499999403953563 -0.016368578188121315 0.30095177888870245 0.5375255048274995 0.3874464631080628 0.42499999701976782 -0.077038504183292375 -0.10752514749765395 0.082000128924846663 0.085885863751173033 1.0000000180025095e-35 -0.20038617402315137 -0.63069605827331532 5.0000000000000009 0.12500000372529033 3.5000000000000004 -1.0404431819915769 0.075535457581281676 1.0000000180025095e-35 0.46805934607982641 -0.34572002291679377 0.026397281326353553 0.14991363883018496 20.500000000000004
decision_type=2 2 2 2 2 2 2 2 2 2 2 2 2 2 2 2 2 2 2 2 2 2 2 2 2 2 2 2 2 2
left_child=1 9 5 4 -4 6 -3 -7 -5 10 13 14 -13 -1 -11 -12 21 18 20 -20 -18 23 27 26 -25 -24 -2 -23 -19 -30
right_child=16 2 3 8 -6 7 -8 -9 -10 11 15 12 -14 -15 -16 -17 17 28 19 -21 -22 22 25 24 -26 -27 -28 -29 29 -31
leaf_value=1.5806315870115267e-08 0.00016352459459170813 -1.9305001417458533e-09 -5.4421960242886275e-06 -2.2358454951076911e-05 -1.9305001417458533e-09 -0.00072501869387560543 -1.9305001417458533e-09 0.00039428589175285263 0.0039472769961504464 0.0030277115974216787 0.0025250452445285984 -0.001199855628137546 -0.00029249648553040521 -2.9334127338689483e-06 -0.00019910211900350702 0.0015041975683753104 0.0011281475814418334 -5.5813513020515871e-06 0.0008073241396436379 0.012883428212383769 -8.3154917949457641e-05 -0.00089838896294300134 -8.8973614047384476e-05 0.00057657411174355001 8.8972692495399234e-06 0.0013502076035324072 -9.5902370011602322e-05 -0.00097012420981440613 6.9531403775183192e-05 0.0028448490696716235
leaf_weight=15637 2163 4241 2738 2709 29891 175 1170 383 137 37 85 68 53 3548 32 45 324 72962 375 86 1142 107 4136 850 2060 293 6214 211 1728 241
leaf_count=15637 2163 4241 2738 2709 29891 175 1170 383 137 37 85 68 53 3548 32 45 324 72962 375 86 1142 107 4136 850 2060 293 6214 211 1728 241
internal_value=-0.00200678 -0.0050251 -0.00726402 -0.00634884 -0.00692252 -0.0127031 -0.0138838 -0.00125448 0.000228391 -0.00026788 -0.000208387 -0.00631579 -0.013843 -0.000301016 0.00688406 0.0134615 -2.63747e-05 5.65979e-05 0.00291905 0.00949024 0.00085266 -0.000424099 -0.00165894 9.52423e-05 0.00218213 -0.00108941 -0.0006297 -0.00959119 -1.70157e-05 0.00209497
internal_weight=153841 60949 41444 35475 32629 5969 5411 558 2846 19505 19315 190 121 19185 69 130 92892 76858 1927 461 1466 16034 4747 11287 2910 4429 8377 318 74931 1969
internal_count=153841 60949 41444 35475 32629 5969 5411 558 2846 19505 19315 190 121 19185 69 130 92892 76858 1927 461 1466 16034 4747 11287 2910 4429 8377 318 74931 1969
is_linear=0
shrinkage=0.05


Tree=259
num_leaves=31
num_cat=0
split_feature=4 3 13 13 32 13 0 21 22 22 22 0 3 22 22 3 4 37 13 38 38 13 22 3 7 10 9 8 38 7
split_gain=366.914 260.62 211.76 292.716 147.271 36.9835 2.71341 8.80871 3.24027 2.8438 2.83009 9.85151 2.6422 1.45535 4.35993 2.62119 1.36346 2.11759 3.91261 4.41254 3.859 3.0747 2.32826 2.15938 1.74823 3.64363 3.76661 1.60396 6.04535 3.52224
threshold=1.0000000180025095e-35 -0.10210046172142027 12.92698907852173 -4.518629550933837 14.500000000000002 -13.842182159423826 0.42942768335342413 0.42499999701976782 0.7075285315513612 0.58520621061325084 1.5194970965385439 -0.81152173876762379 -0.72040659189224232 0.26907840371131903 0.3493716567754746 0.02693387866020203 80.049999237060561 1.0000000180025095e-35 52.485153198242195 0.04020501300692559 0.2464515566825867 -2.6707801818847652 0.096917413175106062 -0.17855050414800641 0.1908216327428818 0.68267035484313976 0.57154762744903576 0.051635121926665313 0.8683454990386964 0.064881198108196272
decision_type=2 2 2 2 2 2 2 2 2 2 2 2 2 2 2 2 2 2 2 2 2 2 2 2 2 2 2 2 2 2
left_child=1 6 3 5 -5 -3 10 9 -9 -8 12 -12 -1 15 -15 -4 24 20 23 -20 22 -22 -18 -19 27 26 -26 29 -29 -2
right_child=16 2 13 4 -6 -7 7 8 -10 -11 11 -13 -14 14 -16 -17 17 18 19 -21 21 -23 -24 -25 25 -27 -28 28 -30 -31
leaf_value=9.331315506395837e-05 -3.1064318500966839e-06 -2.9069567487816134e-08 -2.677830231527683e-05 -1.8339751346585604e-09 -2.1240532203523066e-05 -1.8339751346585604e-09 -0.00018914701305333161 -0.00032902649258650284 -0.0011377624052677086 0.003971017020920186 -0.00015544692268091244 4.2764038998931166e-05 -5.7000408737776775e-07 -4.849537117162689e-05 1.4609234399904392e-05 6.3826455499863686e-06 6.70621766251413e-05 -0.00048519489571476824 0.0014020514188578578 -0.00055962074923374822 -4.0709619254310393e-05 0.0012041708387636784 -0.00018995116477620264 -0.00083405835060631594 0.00080780208904391757 -0.0021308913477834555 -0.0016559074600899029 -9.0504131771477342e-05 0.0018929121470631029 0.00019686143397586194
leaf_weight=3082 74866 7036 2046 20531 2294 3302 32 58 61 38 318 709 15207 925 1129 4181 129 42 52 53 83 75 408 90 768 35 60 10102 55 6074
leaf_count=3082 74866 7036 2046 20531 2294 3302 32 58 61 38 318 709 15207 925 1129 4181 129 42 52 53 83 75 408 90 768 35 60 10102 55 6074
internal_value=-0.00200645 -0.005021 -0.00726402 -0.00905 -0.0122114 -0.00207003 -0.000255063 -0.00621693 -0.0144958 0.00785714 -0.000196728 -0.00275073 -5.33107e-05 -0.000111701 -0.00126582 0.00026899 -2.85278e-05 -0.00193133 -0.00601266 0.00119048 -0.000539568 0.00632911 -0.00256052 -0.0117424 -9.24315e-06 0.00223059 0.00289855 -3.0462e-05 -0.000622723 4.38596e-05
internal_weight=153841 60949 41444 33163 22825 10338 19505 189 119 70 19316 1027 18289 8281 2054 6227 92892 932 237 105 695 158 537 132 91960 863 828 91097 10157 80940
internal_count=153841 60949 41444 33163 22825 10338 19505 189 119 70 19316 1027 18289 8281 2054 6227 92892 932 237 105 695 158 537 132 91960 863 828 91097 10157 80940
is_linear=0
shrinkage=0.05


Tree=260
num_leaves=31
num_cat=0
split_feature=4 3 13 13 32 13 2 2 1 22 24 1 24 0 13 34 9 25 7 13 0 25 0 9 3 3 34 13 38 38
split_gain=368.283 259.735 210.332 292.716 147.271 36.9835 3.86385 9.23296 5.95919 4.39292 2.84748 2.32403 1.48681 1.53218 1.36937 1.33124 11.0808 8.93985 7.09687 6.72044 6.47505 5.01075 8.1307 7.32837 14.0174 8.54693 6.32361 6.28207 3.09434 3.07191
threshold=1.0000000180025095e-35 -0.10210046172142027 12.92698907852173 -4.518629550933837 14.500000000000002 -13.842182159423826 0.5375255048274995 0.3874464631080628 -0.077038504183292375 0.52937799692153942 2.5000000000000004 0.085885863751173033 1.0000000180025095e-35 -0.04626913554966449 -25.710027694702145 1.5000000000000002 0.24663520604372027 0.76709699630737316 0.052381923422217376 -1380.4899902343748 0.20854931324720385 0.36725123226642614 -0.15371266752481458 0.25007857382297521 -0.043015411123633378 -0.21834377944469449 2.5000000000000004 -5644.7990722656241 0.13865176588296893 -0.083091724663972841
decision_type=2 2 2 2 2 2 2 2 2 2 2 2 2 2 2 2 2 2 2 2 2 2 2 2 2 2 2 2 2 2
left_child=1 6 3 5 -5 -3 7 10 14 -10 -1 -9 -4 -14 -8 16 17 18 -2 29 -21 23 27 25 -25 -17 -24 -23 -19 -18
right_child=15 2 12 4 -6 -7 8 11 9 -11 -12 -13 13 -15 -16 21 19 28 -20 20 -22 22 26 24 -26 -27 -28 -29 -30 -31
leaf_value=-2.2790240567262436e-06 -1.0195387502477237e-05 -2.7616089113425327e-08 -0.00014743900909737324 -1.7422763779256323e-09 -2.0178505593346221e-05 -1.7422763779256323e-09 -0.00077199518152736989 0.0023988214825065371 -0.00070226408711167657 0.0012720580955864578 3.6698567851275624e-07 0.0014290161901609139 -2.2917270022102887e-05 1.0081900323229491e-06 -0.0011308360620040801 0.00014689975948281274 0.0010759613962254022 -0.00045044584855140108 -0.0002647631988577727 -1.0881774703958014e-07 0.00038950734031273951 -0.00090561133497754913 0.00040113862228456578 -0.00021205195947796471 5.4849951829717003e-05 -1.211735860004986e-05 8.402625124364992e-05 -2.295886945115275e-05 0.00028884400551665708 0.00040197601990673746
leaf_weight=6526 17246 7036 59 20531 2294 3302 37 85 30 85 12659 45 1189 7033 38 10675 165 1003 4366 5694 1405 336 2655 8299 6867 26923 3724 2590 110 834
leaf_count=6526 17246 7036 59 20531 2294 3302 37 85 30 85 12659 45 1189 7033 38 10675 165 1003 4366 5694 1405 336 2655 8299 6867 26923 3724 2590 110 834
internal_value=-0.00201068 -0.00503085 -0.00727005 -0.00905 -0.0122114 -0.00207003 -0.000273007 -0.00020321 -0.00736842 -0.000217391 -0.000293198 0.0130769 -0.000141891 -8.51374e-05 -0.0183333 -2.9066e-05 -0.000297667 -0.000863586 -0.000638534 0.00129044 0.000750106 0.000104319 0.0011741 -8.43378e-05 -0.00101213 0.000289909 0.00217511 -0.0010082 -0.0052336 0.00513013
internal_weight=153841 60949 41444 33163 22825 10338 19505 19315 190 115 19185 130 8281 8222 75 92892 30823 22725 21612 8098 7099 62069 9305 52764 15166 37598 6379 2926 1113 999
internal_count=153841 60949 41444 33163 22825 10338 19505 19315 190 115 19185 130 8281 8222 75 92892 30823 22725 21612 8098 7099 62069 9305 52764 15166 37598 6379 2926 1113 999
is_linear=0
shrinkage=0.05


Tree=261
num_leaves=28
num_cat=0
split_feature=4 13 13 13 32 13 39 39 13 0 1 25 0 1 22 38 38 38 25 4 39 2 39 7 39 1 18
split_gain=365.547 155.686 311.015 116.062 121.261 20.1201 18.8727 11.9234 3.61368 1.65518 5.73282 3.75415 1.96847 3.75932 1.37414 2.86514 4.41529 2.45756 2.95053 1.43544 3.33472 3.82708 3.44522 2.69767 6.55149 3.2173 0.929589
threshold=1.0000000180025095e-35 12.92698907852173 -3.4262548685073848 0.00075226789808231222 10.500000000000002 -13.842182159423826 3.0046374797821049 0.81853067874908458 -14.936060905456541 0.52061906456947338 -0.080943223088979707 0.030949776060879234 0.49761769175529486 0.42490811645984655 2.2804714441299443 -0.12385898828506468 -0.25294733047485346 -0.064150437712669359 0.50130507349967968 4.9249999523162851 0.41046079993247991 0.028296528384089473 -1.4882310032844541 0.010986366309225561 1.5179046392440798 -0.087581042200326906 -629.76440429687489
decision_type=2 2 2 2 2 2 2 2 2 2 2 2 2 2 2 2 2 2 2 2 2 2 2 2 2 2 2
left_child=1 2 5 4 -4 8 -7 -5 -1 12 -11 -12 13 -3 19 16 -16 -17 -19 20 22 -22 -2 24 -21 -25 -18
right_child=14 9 3 7 -6 6 -8 -9 -10 10 11 -13 -14 -15 15 17 26 18 -20 23 21 -23 -24 25 -26 -27 -28
leaf_value=-7.5886807967557102e-06 -2.6244555545934957e-05 -4.2612079585569712e-07 -1.6551625590293508e-09 -1.6551625590293508e-09 -7.8068415365582788e-06 -1.6551625590293508e-09 -1.6551625590293508e-09 -1.6551625590293508e-09 1.0928434176343974e-05 -0.00099354116988062272 0.0010019604106841053 -2.6336882683615612e-05 0.0028627502114064772 -2.4173876136218595e-05 3.6769456837093023e-05 0.00051472138830728194 -0.00077979125015846344 0.00012830507371507026 -0.00036291099295288813 -0.00010599320473602724 -0.00017831103675546489 3.0124755544721692e-06 8.3944108906923974e-05 -2.7034505883549721e-05 4.6599277216738448e-05 2.8666592344615828e-05 -0.00048484626890916499
leaf_weight=12546 5734 12638 18000 5707 2016 5211 673 3279 349 40 51 356 42 41 52 52 39 305 252 3451 627 889 14180 38685 1795 26799 32
leaf_count=12546 5734 12638 18000 5707 2016 5211 673 3279 349 40 51 356 42 41 52 52 39 305 252 3451 627 889 14180 38685 1795 26799 32
internal_value=-0.00200223 -0.00501116 -0.00633777 -0.00958382 -0.0117031 -0.00132462 -0.00374745 -0.00486312 -0.000219077 -0.000197448 -0.00318792 -0.00141278 -9.2367e-05 -0.000128165 -2.79895e-05 -0.00218579 -0.00914634 -0.000779967 -0.00175045 -1.08507e-05 0.000347643 -0.00191293 0.000519735 -0.000119468 -0.00121045 -3.20689e-05 -0.0172535
internal_weight=153841 60949 47781 29002 20016 18779 5884 8986 12895 13168 447 407 12721 12679 92892 732 123 609 557 92160 21430 1516 19914 70730 5246 65484 71
internal_count=153841 60949 47781 29002 20016 18779 5884 8986 12895 13168 447 407 12721 12679 92892 732 123 609 557 92160 21430 1516 19914 70730 5246 65484 71
is_linear=0
shrinkage=0.05


Tree=262
num_leaves=31
num_cat=0
split_feature=4 13 13 13 32 13 1 14 13 22 32 37 1 0 21 38 25 32 38 22 38 34 37 25 38 2 18 2 21 14
split_gain=364.172 154.442 290.514 145.391 126.945 46.2806 23.9034 11.215 3.96511 6.86569 4.02233 6.2158 3.36292 2.17305 2.17106 1.83048 1.24242 6.13037 13.4379 11.649 8.07413 10.291 7.32065 3.60459 3.79148 4.79825 4.29527 3.17214 6.0015 4.11704
threshold=1.0000000180025095e-35 -13.842182159423826 0.00075226789808231222 -1.2792892423564917e-13 14.500000000000002 12.92698907852173 -0.19454328715801236 1.0000000180025095e-35 -17.055952072143551 0.36326839029788976 2.5000000000000004 1.0000000180025095e-35 0.30820107460021978 0.52061906456947338 0.47499999403953558 -0.092491291463375078 0.2751480787992478 14.500000000000002 0.38787573575973516 1.1484612226486208 0.12438236922025682 1.5000000000000002 1.0000000180025095e-35 0.21295502036809924 -0.058792609721422188 -0.4680743515491485 22888.474609375004 0.63436871767044078 0.57500001788139354 1.0000000180025095e-35
decision_type=2 2 2 2 2 2 2 2 2 2 2 2 2 2 2 2 2 2 2 2 2 2 2 2 2 2 2 2 2 2
left_child=1 8 3 6 -5 7 -3 -4 10 14 12 -12 -1 -7 -10 -11 23 20 19 -19 21 -18 -22 24 25 -2 -26 28 -25 -29
right_child=16 2 5 4 -6 13 -8 -9 9 15 11 -13 -14 -15 -16 -17 17 18 -20 -21 22 -23 -24 27 26 -27 -28 29 -30 -31
leaf_value=-2.160947523136059e-05 -0.00047644957065908768 -1.5724044310778831e-09 -1.5724044310778831e-09 -1.5724044310778831e-09 3.422653083723585e-05 -4.6328359608021743e-07 -1.5724044310778831e-09 1.2603546164780689e-06 0.00010774935644217447 0.0003019737123362131 -7.8967707192077771e-05 0.0013903703031230624 7.7540731585322165e-06 -3.2535847987277151e-05 9.1081115647900803e-06 -1.7524995926178027e-05 -0.00014743951235868274 0.00027547184475337565 -0.000985552148857818 0.0028379522727563756 -5.5824382283321426e-05 -2.8611095153289329e-06 0.00049561462307149264 -0.00011069515314538489 -8.5434145806331099e-06 6.345088793851587e-05 -0.00022244683310301862 0.00022543082200930775 0.00015431421554778382 0.0014199877091023265
leaf_weight=10538 485 3293 8061 13090 1545 12721 7972 925 297 36 450 506 410 447 469 189 7048 1580 54 288 976 12260 1172 2318 45199 12726 3257 423 5037 69
leaf_count=10538 485 3293 8061 13090 1545 12721 7972 925 297 36 450 506 410 447 469 189 7048 1580 54 288 976 12260 1172 2318 45199 12726 3257 423 5037 69
internal_value=-0.00199313 -0.00499639 -0.0063002 -0.00989575 -0.0131824 -0.00209669 -0.00562583 -0.00486312 -0.00013765 0.00290111 -0.000390625 0.00271967 -0.000662221 -0.00020884 0.00515666 -0.00477778 -2.26069e-05 -0.000337925 0.00236733 0.00307816 -0.000580257 -0.00090377 0.00232775 8.34364e-05 -4.49998e-05 0.000705851 -0.000249711 0.00109277 0.000832767 0.00497967
internal_weight=153841 60949 48054 25900 14635 22154 11265 8986 12895 991 11904 956 10948 13168 766 225 92892 23378 1922 1868 21456 19308 2148 69514 61667 13211 48456 7847 7355 492
internal_count=153841 60949 48054 25900 14635 22154 11265 8986 12895 991 11904 956 10948 13168 766 225 92892 23378 1922 1868 21456 19308 2148 69514 61667 13211 48456 7847 7355 492
is_linear=0
shrinkage=0.05


Tree=263
num_leaves=31
num_cat=0
split_feature=4 3 13 13 32 13 2 2 1 22 37 1 39 13 24 13 0 3 38 18 13 2 4 21 21 18 32 4 23 2
split_gain=368.74 264.458 211.045 289.93 147.271 36.1685 3.91989 8.63614 5.95919 4.39292 3.38245 2.70608 1.54114 2.22048 1.5163 1.36937 1.34145 8.09197 6.06312 5.80534 4.23872 4.39174 6.23022 5.30676 3.35323 3.26286 4.10162 3.78206 2.96727 1.91273
threshold=1.0000000180025095e-35 -0.10210046172142027 12.92698907852173 -4.518629550933837 14.500000000000002 -13.842182159423826 0.5375255048274995 0.3874464631080628 -0.077038504183292375 0.52937799692153942 1.0000000180025095e-35 0.085885863751173033 -3.3376760482788081 52.485153198242195 1.0000000180025095e-35 -25.710027694702145 0.25926521420478826 -1.5139685869216917 0.8683454990386964 -14541.110351562498 19835.107421875004 0.24990835040807727 13.075000286102297 0.52500000596046459 0.075000001117587103 -7179.2463378906241 2.5000000000000004 61.875000000000007 1.0000000180025095e-35 0.65442737936973583
decision_type=2 2 2 2 2 2 2 2 2 2 2 2 2 2 2 2 2 2 2 2 2 2 2 2 2 2 2 2 2 2
left_child=1 6 3 5 -5 -3 7 10 15 -10 -1 -9 13 -4 -14 -8 20 24 19 -19 25 22 -22 -23 -18 26 -2 -27 -20 -26
right_child=16 2 12 4 -6 -7 8 11 9 -11 -12 -13 14 -15 -16 -17 17 18 28 -21 21 23 -24 -25 29 27 -28 -29 -30 -31
leaf_value=1.0676953641920061e-06 3.3600918269463198e-05 -3.663387953261519e-07 -9.3839160700626839e-07 -1.4937842095239889e-09 -1.9169418935328921e-05 -1.4937842095239889e-09 -0.00073193551464959558 0.0022789248786008074 -0.00066715915237418148 0.0012099150986085408 -2.8126152393946846e-06 0.001359025288454274 -0.00014002258842290779 -0.00018550374989916886 -4.9575989836968326e-09 -0.001022990408010481 0.00071824119296976332 -0.00042392317104522176 3.5705506850586269e-06 4.7151144428131402e-06 0.0014383046288796199 -0.0017765761521392803 -0.00031563097025359352 0.0021742070828588791 -0.0013328693708677326 -4.9719763805435718e-06 0.00055003650265459758 -0.00013526405707752601 0.0023983120536863337 -0.0008197015074158893
leaf_weight=8341 10387 7036 65 20531 2294 3302 37 85 30 85 10844 45 59 41 8116 38 44 1599 34 10867 105 36 333 276 253 66163 1558 1054 66 117
leaf_count=8341 10387 7036 65 20531 2294 3302 37 85 30 85 10844 45 59 41 8116 38 44 1599 34 10867 105 36 333 276 253 66163 1558 1054 66 117
internal_value=-0.0020006 -0.00502264 -0.00728212 -0.00906507 -0.0122114 -0.0021184 -0.000221738 -0.000151437 -0.00736842 -0.000217391 -0.000238468 0.0126923 -0.000141891 -0.00613208 -6.42202e-05 -0.0183333 -1.77626e-05 -0.000489214 -0.000262613 -0.000360982 5.88147e-05 0.0038 0.000570776 0.00833333 -0.00736715 2.33698e-05 0.000784847 -0.000111951 0.012 -0.00891892
internal_weight=153841 60949 41444 33163 22825 10338 19505 19315 190 115 19185 130 8281 106 8175 75 92892 12980 12566 12466 79912 750 438 312 414 79162 11945 67217 100 370
internal_count=153841 60949 41444 33163 22825 10338 19505 19315 190 115 19185 130 8281 106 8175 75 92892 12980 12566 12466 79912 750 438 312 414 79162 11945 67217 100 370
is_linear=0
shrinkage=0.05


Tree=264
num_leaves=30
num_cat=0
split_feature=4 3 13 13 32 13 2 2 1 22 24 1 24 25 13 0 3 2 34 21 2 18 25 3 3 21 2 13 0
split_gain=369.912 261.788 211.259 289.804 147.752 36.1685 3.88342 8.68145 5.95919 4.39292 2.73149 2.70608 1.48908 1.41539 1.36937 1.24928 7.56861 6.03064 10.4153 9.58315 4.13194 8.41617 4.54869 3.60056 3.52508 3.23024 2.02809 2.00906 1.8309
threshold=1.0000000180025095e-35 -0.10210046172142027 12.92698907852173 -4.518629550933837 14.500000000000002 -13.842182159423826 0.5375255048274995 0.3874464631080628 -0.077038504183292375 0.52937799692153942 2.5000000000000004 0.085885863751173033 1.0000000180025095e-35 0.41128018498420721 -25.710027694702145 0.25926521420478826 -1.5139685869216917 0.46560677886009222 3.5000000000000004 0.97499999403953563 0.34433087706565862 -159326.23437499997 1.828366279602051 0.44951760768890386 0.39519904553890234 0.075000001117587103 0.65442737936973583 -70.99575042724608 0.16742195188999179
decision_type=2 2 2 2 2 2 2 2 2 2 2 2 2 2 2 2 2 2 2 2 2 2 2 2 2 2 2 2 2
left_child=1 6 3 5 -5 -3 7 10 14 -10 -1 -9 -4 -14 -8 20 25 19 -19 -18 23 28 -23 24 -2 -17 -27 -25 -22
right_child=15 2 12 4 -6 -7 8 11 9 -11 -12 -13 13 -15 -16 16 17 18 -20 -21 21 22 -24 27 -26 26 -28 -29 -30
leaf_value=-2.0372897693338534e-06 -1.449704724463402e-06 -3.4802185555984428e-07 -0.00013302145900176242 -1.4190949990477894e-09 -1.8210947988563097e-05 -1.4190949990477894e-09 -0.00069533873891711585 0.002164978634670767 -0.00063380119475547241 0.0011494193436781136 3.9653984716275071e-07 0.0012910740240315603 -1.727479146149519e-06 0.00011180748189995368 -0.00097184088760995696 0.00068232913332127521 -9.6998036576497956e-05 -3.1574307952059177e-05 0.00066799009738397429 -0.00090494049851675611 0.0011610977599766017 0.00014766119446419561 -0.00066778118344432537 -7.7444058911792937e-05 -0.00036987969608065171 -0.0012662259023243458 -0.00077871643204509506 0.00066037578963114296 0.0046157890912951879
leaf_weight=6526 76165 7036 59 20531 2294 3302 37 85 30 85 12659 45 7961 261 38 44 4527 5963 1774 302 40 3276 49 49 183 253 117 99 51
leaf_count=6526 76165 7036 59 20531 2294 3302 37 85 30 85 12659 45 7961 261 38 44 4527 5963 1774 302 40 3276 49 49 183 253 117 99 51
internal_value=-0.00200483 -0.00503167 -0.0072797 -0.00906356 -0.0122092 -0.0021184 -0.000255063 -0.000185089 -0.00736842 -0.000217391 -0.000272348 0.0126923 -0.000135853 -7.90562e-05 -0.0183333 -1.88391e-05 -0.000473806 -0.000254655 0.000610702 -0.00164113 5.50606e-05 0.00175644 0.00134586 -2.09161e-05 -3.60193e-05 -0.0071256 -0.00864865 0.00777027 0.0167582
internal_weight=153841 60949 41444 33163 22825 10338 19505 19315 190 115 19185 130 8281 8222 75 92892 12980 12566 7737 4829 79912 3416 3325 76496 76348 414 370 148 91
internal_count=153841 60949 41444 33163 22825 10338 19505 19315 190 115 19185 130 8281 8222 75 92892 12980 12566 7737 4829 79912 3416 3325 76496 76348 414 370 148 91
is_linear=0
shrinkage=0.05


Tree=265
num_leaves=31
num_cat=0
split_feature=4 3 13 13 32 13 2 2 1 22 3 1 38 25 25 4 18 7 3 3 2 1 7 25 1 25 4 25 8 13
split_gain=365.137 267.846 211.545 289.804 147.752 36.1685 3.68817 8.57359 5.52867 4.39292 3.65494 2.70608 1.24272 4.1329 2.28161 1.21986 1.92653 3.15873 2.90627 3.00002 2.57591 2.22878 1.52271 3.58474 4.30267 4.15086 1.24263 3.74245 3.03845 1.11569
threshold=1.0000000180025095e-35 -0.10210046172142027 12.92698907852173 -4.518629550933837 14.500000000000002 -13.842182159423826 0.5375255048274995 0.3874464631080628 -0.077038504183292375 0.52937799692153942 -0.14645934849977491 0.085885863751173033 0.0031204816186800603 0.21019235253334048 0.20246493816375735 80.049999237060561 -3059.7783203124995 0.064881198108196272 -0.10819913819432257 0.23132795840501788 0.37988154590129858 0.14991363883018496 0.2142710015177727 0.21582465618848803 -0.40616120398044581 0.10777691379189493 10.424999713897707 0.68973770737648021 0.11566411703824998 -25.710027694702145
decision_type=2 2 2 2 2 2 2 2 2 2 2 2 2 2 2 2 2 2 2 2 2 2 2 2 2 2 2 2 2 2
left_child=1 6 3 5 -5 -3 7 10 29 -10 -1 -9 14 -14 -4 22 18 20 -17 -20 -18 -19 26 25 -25 -24 28 -28 -2 -8
right_child=15 2 12 4 -6 -7 8 11 9 -11 -12 -13 13 -15 -16 16 17 21 19 -21 -22 -23 23 24 -26 -27 27 -29 -30 -31
leaf_value=-2.6434970161088132e-06 1.2115918397002153e-05 -3.3062076278185206e-07 -1.370929756520746e-05 -1.3481402490954e-09 -1.7300400589134737e-05 -1.3481402490954e-09 -0.00066057180197126011 0.002056729702937229 -0.00060211113501769885 0.0010919483764942079 8.2546348588456611e-07 0.0012265203228299824 2.2245572423998879e-05 -3.9584720963914131e-05 6.1441958277243578e-06 0.0015927310592778181 0.00015311971827824597 -0.00037546307892846715 -0.0006465381474687476 0.00075312790963690728 -0.00033288584239867907 -4.0921592627644044e-05 0.00012935528679306301 -0.0017712073729867737 0.0011921217113698675 0.0029828160209478673 -9.1465097816524621e-06 -0.00017383335844920616 -0.00072005534064658694 -0.00092324884322945912
leaf_weight=15456 48728 7036 4907 20531 2294 3302 37 85 30 85 3729 45 1829 347 1198 60 177 315 92 64 55 169 168 136 69 166 40631 1910 152 38
leaf_count=15456 48728 7036 4907 20531 2294 3302 37 85 30 85 3729 45 1829 347 1198 60 177 315 92 64 55 169 168 136 69 166 40631 1910 152 38
internal_value=-0.00199735 -0.00500459 -0.0072785 -0.00906356 -0.0122092 -0.0021184 -0.000173033 -0.000104841 -0.00710526 -0.000217391 -0.000191556 0.0126923 -0.000129815 0.00089614 -0.000495495 -2.42217e-05 -0.00182403 -0.00307263 0.00231481 -0.00128205 0.00172414 -0.0053719 -5.98086e-06 0.00264378 -0.00256098 0.00583832 -2.16034e-05 -0.0002192 0.000150368 -0.0176667
internal_weight=153841 60949 41444 33163 22825 10338 19505 19315 190 115 19185 130 8281 2176 6105 92892 932 716 216 156 232 484 91960 539 205 334 91421 42541 48880 75
internal_count=153841 60949 41444 33163 22825 10338 19505 19315 190 115 19185 130 8281 2176 6105 92892 932 716 216 156 232 484 91960 539 205 334 91421 42541 48880 75
is_linear=0
shrinkage=0.05


Tree=266
num_leaves=31
num_cat=0
split_feature=4 3 13 13 32 13 0 22 22 0 24 22 0 22 0 3 18 9 32 13 0 39 10 18 8 4 7 39 3 13
split_gain=365.408 267.29 211.974 289.956 148.234 36.2496 3.29563 5.26713 2.91209 9.5612 3.12763 2.82761 1.40037 2.08372 1.24338 7.56861 5.29196 7.59817 5.03305 4.10015 4.3313 6.11956 2.98105 2.84847 5.12444 3.21284 1.98561 2.37242 1.59131 1.1823
threshold=1.0000000180025095e-35 -0.10210046172142027 12.92698907852173 -4.518629550933837 14.500000000000002 -13.842182159423826 0.42942768335342413 0.7075285315513612 1.5194970965385439 -0.81152173876762379 2.5000000000000004 0.52937799692153942 -0.41516467928886408 0.87769630551338207 0.25926521420478826 -1.5139685869216917 -14541.110351562498 0.18891121447086337 31.500000000000004 19835.107421875004 0.17160026729106906 0.26376391947269445 0.25315131247043615 -7179.2463378906241 0.13912878930568698 61.875000000000007 0.043287498876452453 -0.97540584206581105 -2.030936479568481 25.900826454162601
decision_type=2 2 2 2 2 2 2 2 2 2 2 2 2 2 2 2 2 2 2 2 2 2 2 2 2 2 2 2 2 2
left_child=1 6 3 5 -5 -3 8 11 10 -10 -1 -8 -4 -14 19 26 17 -17 -18 23 21 -21 -22 24 -2 -25 28 -28 -16 -9
right_child=14 2 12 4 -6 -7 7 29 9 -11 -12 -13 13 -15 15 16 18 -19 -20 20 22 -23 -24 25 -26 -27 27 -29 -30 -31
leaf_value=-1.80325043006172e-06 5.2877009313496984e-05 -3.1408972464275944e-07 0.0015694246725327155 -1.2807332366406298e-09 -1.6435380559677583e-05 -1.2807332366406298e-09 -0.00048906175043938918 -0.0005744755044798114 -0.00014743978583202591 4.0904936605072958e-05 1.3332460470531338e-06 0.00080178622938897437 -1.3796884791890179e-06 -0.00018455012337048032 -0.00074038640636269056 -0.00079208822803563577 -5.7614545094335223e-06 -1.4353228154869586e-05 0.001094265115743702 0.00060015199299769258 0.0023163636652907145 -0.0017054465372301109 0.0011334161352577921 -4.8909736640796732e-06 0.0024092051103115032 -0.00012734051649479521 -0.0019586013578445222 -0.00098871717599007241 0.0011110356193814815 -0.00087708640106798613
leaf_weight=6206 11659 7036 36 20531 2294 3302 33 38 318 709 12083 87 8207 38 47 592 10597 1040 337 548 76 74 52 66163 286 1054 32 292 43 31
leaf_count=6206 11659 7036 36 20531 2294 3302 33 38 318 709 12083 87 8207 38 47 592 10597 1040 337 548 76 74 52 66163 286 1054 32 292 43 31
internal_value=-0.00199378 -0.00500213 -0.00727367 -0.00906055 -0.012207 -0.00211356 -0.000175596 -0.00674603 -0.000111307 -0.00270204 3.41735e-05 -0.000416667 -0.000117739 -0.000160703 -1.99156e-05 -0.000473806 -0.000254655 -0.00291054 0.00014176 5.38092e-05 0.00373333 0.00200965 0.0121094 1.89485e-05 0.000730431 -0.000107488 -0.0071256 -0.00895062 -0.000555556 -0.0177536
internal_weight=153841 60949 41444 33163 22825 10338 19505 189 19316 1027 18289 120 8281 8245 92892 12980 12566 1632 10934 79912 750 622 128 79162 11945 67217 414 324 90 69
internal_count=153841 60949 41444 33163 22825 10338 19505 189 19316 1027 18289 120 8281 8245 92892 12980 12566 1632 10934 79912 750 622 128 79162 11945 67217 414 324 90 69
is_linear=0
shrinkage=0.05


Tree=267
num_leaves=30
num_cat=0
split_feature=4 3 13 13 32 13 3 3 3 25 13 32 13 0 3 2 0 3 2 21 34 13 2 4 21 21 2 2 2
split_gain=364.837 269.794 211.402 289.956 148.234 36.2496 3.50135 8.20012 7.72807 5.77494 4.28464 4.24166 4.17943 1.30154 4.4676 2.33788 1.1628 7.07122 5.42966 9.03927 8.60683 4.09597 4.52186 5.81268 5.30676 3.10954 2.97237 3.17106 1.8317
threshold=1.0000000180025095e-35 -0.10210046172142027 12.92698907852173 -4.518629550933837 14.500000000000002 -13.842182159423826 -0.14645934849977491 -0.1595446318387985 -0.13690672069787976 0.46834939718246466 -17.055952072143551 2.5000000000000004 10.550772666931154 -0.14170248061418531 0.054127128794789321 -0.050265831872820847 0.25926521420478826 -1.5139685869216917 0.46560677886009222 0.97499999403953563 3.5000000000000004 19835.107421875004 0.24990835040807727 13.075000286102297 0.52500000596046459 0.075000001117587103 0.70106673240661632 0.65442737936973583 0.65442737936973583
decision_type=2 2 2 2 2 2 2 2 2 2 2 2 2 2 2 2 2 2 2 2 2 2 2 2 2 2 2 2 2
left_child=1 6 3 5 -5 -3 7 11 12 -10 -9 -1 -8 14 -4 -15 21 25 19 -19 -20 26 23 -23 -24 -18 27 -2 -27
right_child=16 2 13 4 -6 -7 8 10 9 -11 -12 -13 -14 15 -16 -17 17 18 20 -21 -22 22 24 -25 -26 28 -28 -29 -30
leaf_value=-2.5779844676560294e-06 1.7441166283072366e-06 -2.9838523841062145e-07 -0.00013679414521566223 -1.2166965748085984e-09 -1.5613611531693771e-05 -1.2166965748085984e-09 4.7595555307790801e-06 -0.00017328171213668207 5.2499664136145632e-07 -6.9504173931279404e-06 -2.7841290104976989e-06 0.00023057447329924137 -1.2971842330771373e-06 0.0010902308588926883 0.00060296186662851228 -8.7306829225680665e-07 0.00064454891965057585 -9.2211756935391836e-05 -3.0633393094060479e-05 -0.00086329097111535996 0.00063962370535717715 0.0013358484871021275 -0.0017023564848206345 -0.0003210928682321146 0.0020117969162871938 -0.0011540845443284754 0.0024134870382709044 -0.00072222564508999775 -0.00070336708604455613
leaf_weight=13320 79028 7036 265 20531 2294 3302 533 204 2920 131 825 1422 150 62 108 7846 44 4527 5963 302 1774 105 36 333 276 253 37 97 117
leaf_count=13320 79028 7036 265 20531 2294 3302 533 204 2920 131 825 1422 150 62 108 7846 44 4527 5963 302 1774 105 36 333 276 253 37 97 117
internal_value=-0.00198793 -0.00499393 -0.00727608 -0.00906055 -0.012207 -0.00211356 -0.000144835 -0.000470801 0.00123192 0.000155687 -0.0047862 -0.000169584 0.00603953 -0.000129815 -0.00301609 6.32271e-06 -1.56095e-05 -0.000454545 -0.000242718 -0.00155829 0.00057839 5.56863e-05 0.00373333 0.000456621 0.00833333 -0.00688406 2.08433e-05 1.4218e-05 -0.00837838
internal_weight=153841 60949 41444 33163 22825 10338 19505 15771 3734 3051 1029 14742 683 8281 373 7908 92892 12980 12566 4829 7737 79912 750 438 312 414 79162 79125 370
internal_count=153841 60949 41444 33163 22825 10338 19505 15771 3734 3051 1029 14742 683 8281 373 7908 92892 12980 12566 4829 7737 79912 750 438 312 414 79162 79125 370
is_linear=0
shrinkage=0.05


Tree=268
num_leaves=31
num_cat=0
split_feature=4 3 13 13 13 13 2 2 21 37 3 1 22 0 34 22 0 38 3 25 2 1 38 39 34 37 1 21 2 18
split_gain=367.823 264.752 209.904 289.831 109.668 36.2496 3.10669 8.63962 5.61839 3.24643 3.01212 2.70608 2.32351 1.58528 3.57645 2.58754 1.17226 6.26054 5.83937 5.37281 3.67792 6.54562 9.90711 7.16389 4.12529 9.31008 4.86861 2.87505 2.46857 1.62976
threshold=1.0000000180025095e-35 -0.10210046172142027 12.92698907852173 -4.518629550933837 0.00075226789808231222 -13.842182159423826 0.5375255048274995 0.3874464631080628 0.47499999403953558 1.0000000180025095e-35 -1.3293060660362241 0.085885863751173033 0.57745811343193065 -0.04626913554966449 1.0000000180025095e-35 0.87769630551338207 0.25926521420478826 0.8683454990386964 -1.5139685869216917 0.10068949684500696 0.2584895938634873 0.027129234746098522 0.0055424345191568145 -0.23789435625076291 1.0000000180025095e-35 1.0000000180025095e-35 0.068857610225677504 0.075000001117587103 0.61745002865791332 -17149.739257812496
decision_type=2 2 2 2 2 2 2 2 2 2 2 2 2 2 2 2 2 2 2 2 2 2 2 2 2 2 2 2 2 2
left_child=1 6 3 5 -5 -3 7 9 12 -1 -10 -9 -8 14 -4 -15 20 18 27 -20 24 22 -22 -23 25 -2 -26 -18 -19 -30
right_child=16 2 13 4 -6 -7 8 11 10 -11 -12 -13 -14 15 -16 -17 17 28 19 -21 21 23 -24 -25 26 -27 -28 -29 29 -31
leaf_value=1.3645950891629815e-06 4.9358758075172125e-05 -2.834659764900904e-07 -0.00012380349602786312 -1.1558617460681685e-09 -1.1558617460681685e-09 -1.1558617460681685e-09 -0.00023276015495175102 0.0019539554547113977 -0.00081022273475428561 -2.4973996979475026e-06 -0.00019905698143415936 0.0011654133684333692 0.0023235729793500528 9.9142811212508714e-07 -1.2900515143118592e-05 -0.00017527896378734348 0.00061232147366804726 0.00033997928385975348 8.2007667019190847e-05 -0.00014072823566262314 5.5513505224381172e-05 -0.00038774755561243255 0.00048827725401127801 1.3575879355661717e-05 1.0864302946545294e-05 -0.00018779914105122327 -0.00013144880687786465 -0.0010141565823973545 0.00097842763846040372 0.0029423648082329522
leaf_weight=8341 4286 7036 143 16468 6357 3302 33 85 78 10844 31 45 48 7059 1047 32 44 30 5239 7227 4301 594 2022 2202 59480 5601 1426 370 30 40
leaf_count=8341 4286 7036 143 16468 6357 3302 33 85 78 10844 31 45 48 7059 1047 32 44 30 5239 7227 4301 594 2022 2202 59480 5601 1426 370 30 40
internal_value=-0.0020019 -0.00502018 -0.00728091 -0.00905904 -0.0122048 -0.00211356 -0.000216611 -0.000154025 -0.00657895 -0.000241074 -0.0139908 0.0126923 0.00339506 -0.000160005 -0.00184874 0.000123396 -2.15304e-05 -0.00046225 -0.000559006 -0.000364993 5.00551e-05 0.000995175 0.00188597 -0.00101931 -7.16879e-05 -0.00101901 8.20937e-05 -0.00640097 0.012 0.0171429
internal_weight=153841 60949 41444 33163 22825 10338 19505 19315 190 19185 109 130 81 8281 1190 7091 92892 12980 12880 12466 79912 9119 6323 2796 70793 9887 60906 414 100 70
internal_count=153841 60949 41444 33163 22825 10338 19505 19315 190 19185 109 130 81 8281 1190 7091 92892 12980 12880 12466 79912 9119 6323 2796 70793 9887 60906 414 100 70
is_linear=0
shrinkage=0.05


Tree=269
num_leaves=30
num_cat=0
split_feature=4 3 24 25 0 22 24 21 2 2 21 3 1 37 1 22 3 3 7 37 1 34 0 25 2 0 9 22 22
split_gain=365.923 265.396 121.749 34.5046 26.4251 27.6886 23.7505 10.391 3.12926 8.60831 5.61839 3.01212 3.00222 2.84442 2.70608 2.32351 1.35016 2.05858 3.7607 3.96808 1.99966 7.73788 1.97826 1.96929 3.19199 3.25007 2.07103 1.80437 1.73008
threshold=1.0000000180025095e-35 -0.10210046172142027 2.5000000000000004 0.0050568901933729657 -0.12748190760612485 0.069670796394348158 1.0000000180025095e-35 0.97499999403953563 0.5375255048274995 0.3874464631080628 0.47499999403953558 -1.3293060660362241 -0.230472557246685 1.0000000180025095e-35 0.085885863751173033 0.57745811343193065 0.4791549444198609 0.31943830847740179 0.012775973882526161 1.0000000180025095e-35 0.14129775762557986 1.0000000180025095e-35 0.25926521420478826 0.10632364451885225 0.52610191702842724 0.46805934607982641 0.032985167577862747 0.73668622970581066 0.17205929011106494
decision_type=2 2 2 2 2 2 2 2 2 2 2 2 2 2 2 2 2 2 2 2 2 2 2 2 2 2 2 2 2
left_child=1 8 3 12 7 -6 -5 -4 9 13 15 -12 -3 -1 -11 -10 17 20 27 -20 22 -22 -2 26 28 -26 -18 -19 -25
right_child=16 2 4 6 5 -7 -8 -9 10 14 11 -13 -14 -15 -16 -17 23 18 19 -21 21 -23 -24 24 25 -27 -28 -29 -30
leaf_value=1.2963653347048324e-06 2.6246749595127895e-06 -1.09806865876476e-09 -1.09806865876476e-09 -1.09806865876476e-09 -1.09806865876476e-09 -1.09806865876476e-09 -1.09806865876476e-09 -1.09806865876476e-09 -0.00022112214720416344 0.0018562576819758276 -0.00076971159801657123 -0.0001891041323624514 -1.09806865876476e-09 -2.3725297130501272e-06 0.0011071427000117005 0.00220739433038255 0.00044483404636492835 0.00013230370797464295 2.0602308222556626e-05 -0.00023881885813776244 0.00092660861265342624 1.0311677261208766e-05 -0.00010301687372426291 -6.2530195486902591e-07 0.0018451917731117859 0.00016796889254793064 0.0014979125775455152 -0.00031048406036883784 -0.00076520353736310779
leaf_weight=8341 77838 429 1404 986 2083 19030 15147 630 33 85 78 31 1735 10844 45 48 54 833 1159 1895 589 3270 6884 57 40 128 41 60 44
leaf_count=8341 77838 429 1404 986 2083 19030 15147 630 33 85 78 31 1735 10844 45 48 54 833 1159 1895 589 3270 6884 57 40 128 41 60 44
internal_value=-0.00199248 -0.00500295 -0.00726643 -0.0103145 -0.004857 -0.00433264 -0.00951931 -0.0102999 -0.00019354 -0.000130727 -0.00657895 -0.0139908 -0.0162431 -0.000217618 0.0126923 0.00339506 -1.72243e-05 -2.91804e-05 -0.00114644 -0.00198101 2.06026e-05 0.00113371 -3.00984e-05 0.00302198 0.000836431 0.00505952 0.00921053 0.00170773 -0.00618812
internal_weight=153841 60949 41444 18297 23147 21113 16133 2034 19505 19315 190 109 2164 19185 130 81 92892 92528 3947 3054 88581 3859 84722 364 269 168 95 893 101
internal_count=153841 60949 41444 18297 23147 21113 16133 2034 19505 19315 190 109 2164 19185 130 81 92892 92528 3947 3054 88581 3859 84722 364 269 168 95 893 101
is_linear=0
shrinkage=0.05


Tree=270
num_leaves=30
num_cat=0
split_feature=5 3 24 32 25 0 22 34 1 2 2 1 22 24 1 5 3 34 3 25 7 7 22 39 7 3 22 25 3
split_gain=367.279 264.243 121.749 69.5265 43.9898 26.4251 27.6886 9.44975 3.18537 3.11421 8.62918 5.3827 3.75959 2.89 2.70608 1.27202 3.42219 5.71229 4.82669 3.4818 3.24811 3.06726 2.74188 4.21248 2.45953 2.01812 5.75221 4.268 0.568889
threshold=1.0000000180025095e-35 -0.10210046172142027 2.5000000000000004 14.500000000000002 0.0050568901933729657 -0.12748190760612485 0.069670796394348158 3.5000000000000004 0.34781159460544592 0.5375255048274995 0.3874464631080628 -0.077038504183292375 0.52937799692153942 2.5000000000000004 0.085885863751173033 8.5250000953674334 -1.3293060660362241 2.5000000000000004 -1.1688111424446104 0.68973770737648021 0.067315220832824721 0.080966081470251097 0.035777354612946517 1.9339771866798403 0.082290776073932662 0.11062880977988244 0.24511294811964038 0.062328692525625236 -1.7320105433464048
decision_type=2 2 2 2 2 2 2 2 2 2 2 2 2 2 2 2 2 2 2 2 2 2 2 2 2 2 2 2 2
left_child=1 9 3 4 -3 7 -7 -4 -5 10 13 28 -13 -1 -12 22 17 20 21 -20 -17 -18 23 -2 -19 27 -27 -24 -11
right_child=15 2 5 8 -6 6 -8 -9 -10 11 14 12 -14 -15 -16 16 18 24 19 -21 -22 -23 25 -25 -26 26 -28 -29 -30
leaf_value=-1.7185812653670478e-06 -0.00028934846726556623 -1.0431652258265219e-09 -1.0431652258265219e-09 9.6471606503285845e-05 -1.0431652258265219e-09 -1.0431652258265219e-09 -1.0431652258265219e-09 -1.0431652258265219e-09 -0.0034388848340124408 -0.00075410646515266123 0.0017634447978770362 -0.00049657817564829237 0.0010167986011132624 5.6672532142346371e-07 0.0010517855650111155 0.00054405448136066181 0.0016420748877242362 -0.0013276311572881254 -7.0200925610535998e-06 -0.00014193236592253671 -0.00013971291749674368 0.00075701215369174612 -2.821673036640512e-05 5.0135099993698767e-05 -0.00073229970741505888 6.0367064492591192e-05 -0.00015845603242371482 5.484864756880913e-05 -0.00050954536135428192
leaf_weight=6526 53 1955 1500 1445 14798 2083 19030 534 99 45 85 30 85 12659 45 105 111 70 49353 2026 231 178 9980 33 292 3329 3265 23866 30
leaf_count=6526 53 1955 1500 1445 14798 2083 19030 534 99 45 85 30 85 12659 45 105 111 70 49353 2026 231 178 9980 33 292 3329 3265 23866 30
internal_value=-0.00199183 -0.00500788 -0.00726643 -0.0103145 -0.0112502 -0.004857 -0.00433264 -0.0102999 -0.000161917 -0.000208921 -0.000146259 -0.00657895 0.000217391 -0.000233255 0.0126923 -1.29182e-05 -0.000175687 -0.0036533 -0.000128706 -0.000164951 0.00104167 0.00631488 0.000197404 -0.00872093 -0.00801105 0.00021637 -0.000583864 0.000372274 -0.017
internal_weight=153841 60949 41444 18297 16753 23147 21113 2034 1544 19505 19315 190 115 19185 130 92892 52366 698 51668 51379 336 289 40526 86 362 40440 6594 33846 75
internal_count=153841 60949 41444 18297 16753 23147 21113 2034 1544 19505 19315 190 115 19185 130 92892 52366 698 51668 51379 336 289 40526 86 362 40440 6594 33846 75
is_linear=0
shrinkage=0.05


Tree=271
num_leaves=31
num_cat=0
split_feature=4 3 13 13 32 13 39 3 22 37 22 34 1 0 38 0 38 14 25 34 32 38 3 0 22 22 0 25 0 2
split_gain=366.232 265.317 213.121 289.453 150.169 36.2496 2.76754 6.57947 5.08795 3.28941 8.80268 5.65155 2.39545 2.37082 2.32911 1.17581 3.98232 10.4096 8.83745 5.24022 10.863 6.3545 3.46657 9.41362 6.49322 3.85685 9.91188 4.25201 3.41614 0.443
threshold=1.0000000180025095e-35 -0.10210046172142027 12.92698907852173 -4.518629550933837 14.500000000000002 -13.842182159423826 2.0838214159011845 -0.30756512284278864 0.64281371235847484 1.0000000180025095e-35 1.3973827958106997 2.5000000000000004 -0.6110212206840514 -0.14170248061418531 -0.02039896976202726 -0.04626913554966449 0.012711743358522655 -1.0000000180025095e-35 1.0000000180025095e-35 1.0000000180025095e-35 19.500000000000004 0.0092328316532075422 -2.9855184555053706 0.41921372711658483 1.6626445651054385 0.78105181455612194 0.025512470863759521 0.48954793810844427 -0.5168200135231017 0.014916628599166872
decision_type=2 2 2 2 2 2 2 2 2 2 2 2 2 2 2 2 2 2 2 2 2 2 2 2 2 2 2 2 2 2
left_child=1 6 3 5 -5 -3 9 14 -9 11 -11 -1 29 -14 -8 16 19 28 -19 20 -2 -21 23 24 -17 27 -27 -24 -18 -4
right_child=15 2 12 4 -6 -7 7 8 -10 10 -12 -13 13 -15 -16 22 17 18 -20 21 -22 -23 25 -25 -26 26 -28 -29 -30 -31
leaf_value=3.8414372505127969e-05 -9.461512626268805e-05 -2.6918561597135628e-07 0.00057961506873772397 -9.9100696453519594e-10 -1.4841948095820762e-05 -9.9100696453519594e-10 -0.00014366816616359079 -1.0268436097609091e-06 -3.2804366058730541e-05 -1.0244555538651227e-06 -0.00018254937937569013 -6.7690633754750262e-06 -7.6485743909629789e-05 2.7494027523833389e-07 -0.00017106909866011636 0.00089063246637525626 0.00093222890030789096 0.00029094788547035893 -0.00011973560350307094 2.8487389828977736e-05 -0.0017492977567439617 0.00051156206353862447 4.2844391085953591e-06 -0.0014409068710901788 -0.0010653717124103797 0.00050403843710420532 -0.00034247225330849199 0.00017390700909700445 0.00021040223042748316 0.00044285872339836115
leaf_weight=5152 3260 7036 36 20531 2294 3302 41 1092 80 10533 359 2218 342 7872 30 460 139 563 8550 22342 192 190 50798 44 61 718 1876 2970 729 31
leaf_count=5152 3260 7036 36 20531 2294 3302 41 1092 80 10533 359 2218 342 7872 30 460 139 563 8550 22342 192 190 50798 44 61 718 1876 2970 729 31
internal_value=-0.00198793 -0.00499967 -0.00726281 -0.00905452 -0.0121982 -0.00211356 -0.000190977 -0.00247385 -0.0015785 -3.5593e-05 -0.000587587 0.00078019 -8.75498e-05 -0.000164354 -0.0172535 -1.18417e-05 -0.000235646 -0.00108456 -0.0015829 9.04403e-05 -0.00172364 0.000368365 0.000129552 0.00402655 0.00590211 9.04865e-05 -0.0017926 0.000181335 0.00414747 0.00932836
internal_weight=153841 60949 41444 33163 22825 10338 19505 1243 1172 18262 10892 7370 8281 8214 71 92892 35965 9981 9113 25984 3452 22532 56927 565 521 56362 2594 53768 868 67
internal_count=153841 60949 41444 33163 22825 10338 19505 1243 1172 18262 10892 7370 8281 8214 71 92892 35965 9981 9113 25984 3452 22532 56927 565 521 56362 2594 53768 868 67
is_linear=0
shrinkage=0.05


Tree=272
num_leaves=30
num_cat=0
split_feature=4 3 13 13 32 13 3 39 3 3 22 3 2 13 39 22 3 2 2 0 10 13 3 37 13 39 1 9 2
split_gain=365.923 265.679 211.975 289.453 150.169 36.2496 3.13329 6.30833 5.09403 4.27761 3.8804 3.79284 3.53149 1.4115 2.69609 2.29889 1.12461 2.66092 3.59792 4.15724 3.19979 2.65312 2.16827 3.90804 5.08439 4.67711 1.28831 3.95708 3.78161
threshold=1.0000000180025095e-35 -0.10210046172142027 12.92698907852173 -4.518629550933837 14.500000000000002 -13.842182159423826 -0.14645934849977491 2.0838214159011845 -0.13690672069787976 -0.30756512284278864 0.61953195929527294 -0.1595446318387985 0.048030192032456405 27.433041572570804 -2.3825964927673335 0.15782912075519565 0.46115627884864813 0.29218007624149328 0.52610191702842724 0.69536349177360546 0.078153409063816084 -70.99575042724608 0.41302186250686651 1.0000000180025095e-35 1277.381286621094 -0.23789435625076291 -0.17635922878980634 0.35876150429248815 0.16439450532197955
decision_type=2 2 2 2 2 2 2 2 2 2 2 2 2 2 2 2 2 2 2 2 2 2 2 2 2 2 2 2 2
left_child=1 6 3 5 -5 -3 7 11 12 -9 -10 -1 -8 15 -15 -4 22 21 20 -20 -19 -18 26 25 -25 -24 28 -28 -2
right_child=16 2 13 4 -6 -7 8 9 10 -11 -12 -13 -14 14 -16 -17 17 18 19 -21 -22 -23 23 24 -26 -27 27 -29 -30
leaf_value=-5.8359693634336864e-07 -8.7611435600296753e-07 -2.5572633517278849e-07 1.9551025010722415e-05 -9.4145661630843625e-10 -1.4099850691029828e-05 -9.4145661630843625e-10 5.9089407783313413e-07 -0.00013648475785541124 5.3557372315974647e-07 -4.2341129053046171e-06 -2.3931771361677801e-05 -4.727025472493776e-06 0.00069745608375667081 -8.2520464809776581e-05 -3.1469008530431681e-06 -3.9316599159674746e-06 -0.00014594340039744634 2.1876899666532344e-06 0.0012481971330893461 -0.00027625837393875955 -0.00057776804690832931 0.00087962929699780682 -0.00088099748052438386 -0.00013811726838528109 -0.00086219447565086022 0.00085960720543577752 -3.2785392913252737e-06 8.0824962917137869e-05 -0.00014692782117013242
leaf_weight=14117 34665 7036 1173 20531 2294 3302 515 71 2932 725 119 858 168 400 5395 1313 30 176 229 99 75 55 33 590 128 209 40392 9691 6520
leaf_count=14117 34665 7036 1173 20531 2294 3302 515 71 2932 725 119 858 168 400 5395 1313 30 176 229 99 75 55 33 590 128 209 40392 9691 6520
internal_value=-0.00199248 -0.00500295 -0.00726764 -0.00905452 -0.0121982 -0.00211356 -0.000190977 -0.000499334 0.00111141 -0.00483668 0.000237627 -0.000268781 0.00501464 -0.000111701 -0.000539258 0.000884956 -1.72243e-05 0.00203313 0.00082038 0.00426829 -0.00368526 0.0102941 -3.19859e-05 -0.00239583 -0.00424791 0.00309917 -7.12188e-06 0.000163229 -0.000214277
internal_weight=153841 60949 41444 33163 22825 10338 19505 15771 3734 796 3051 14975 683 8281 5795 2486 92892 664 579 328 251 85 92228 960 718 242 91268 50083 41185
internal_count=153841 60949 41444 33163 22825 10338 19505 15771 3734 796 3051 14975 683 8281 5795 2486 92892 664 579 328 251 85 92228 960 718 242 91268 50083 41185
is_linear=0
shrinkage=0.05


Tree=273
num_leaves=30
num_cat=0
split_feature=4 3 13 13 13 13 22 20 22 39 22 13 13 39 13 2 4 3 34 3 14 13 22 39 3 37 13 2 3
split_gain=365.653 267.937 208.767 289.731 110.96 36.3308 2.93604 8.1675 5.61126 7.88672 3.14087 2.5792 2.14881 1.29086 1.87097 1.32422 1.04418 3.15866 5.36899 4.31536 3.29837 3.00398 2.72446 4.21248 2.57998 2.42733 2.41022 4.21117 2.51682
threshold=1.0000000180025095e-35 -0.10210046172142027 12.92698907852173 -4.518629550933837 0.00075226789808231222 -13.842182159423826 0.035777354612946517 1.0000000180025095e-35 0.066147454082965865 0.2383329048752785 1.5194970965385439 2.0012042522430424 4.5688901270722448e-14 -3.3376760482788081 52.485153198242195 0.13099563121795657 8.5250000953674334 -1.3293060660362241 2.5000000000000004 -1.1688111424446104 1.0000000180025095e-35 -47.463386535644524 0.035777354612946517 1.9339771866798403 -0.63297128677368153 1.0000000180025095e-35 -3452.599487304687 -0.18567474931478498 -0.57151401042938221
decision_type=2 2 2 2 2 2 2 2 2 2 2 2 2 2 2 2 2 2 2 2 2 2 2 2 2 2 2 2 2
left_child=1 6 3 5 -5 -3 7 11 9 -8 -10 -1 -9 14 -4 -15 22 18 20 21 -18 -19 23 -2 -21 -20 27 -24 -28
right_child=16 2 13 4 -6 -7 8 12 10 -11 -12 -13 -14 15 -16 -17 17 19 25 24 -22 -23 26 -25 -26 -27 28 -29 -30
leaf_value=2.0047352736226827e-06 -0.0002749313388931514 -2.4294001841414907e-07 -1.6713672138516992e-06 -8.943837854930143e-10 -8.943837854930143e-10 -8.943837854930143e-10 3.311554081858719e-05 -5.6075426241142501e-05 2.4546447646002578e-07 -4.2200783357336893e-06 -6.384088617680823e-05 -4.9266250548984529e-07 0.00014880162376304865 7.1712067641880189e-06 -0.00017128127384725543 -8.4458008011448201e-06 -0.00012593357824451263 0.0018858581298105447 -0.0012174652413261496 -0.00017247961470319968 0.0010406093087421753 -7.1404009426011278e-05 -0.00067824814570869923 4.7578050003150354e-05 -4.5616628535511895e-06 -0.00025493397305071801 9.1732498178393607e-05 -4.1957855643764627e-05 2.247425220407856e-06
leaf_weight=134 53 7036 65 16468 6357 3302 299 40 17438 502 1027 30 35 3456 41 4719 276 194 235 3256 60 95 244 33 48123 127 9491 1265 29440
leaf_count=134 53 7036 65 16468 6357 3302 299 40 17438 502 1027 30 35 3456 41 4719 276 194 235 3256 60 95 244 33 48123 127 9491 1265 29440
internal_value=-0.00199605 -0.00500541 -0.0072797 -0.00905301 -0.0121982 -0.00210873 -0.000173033 0.00533473 -0.000241358 -0.00433833 -6.36339e-05 0.0115854 -0.00833333 -0.000178119 -0.00566038 -0.000107034 -2.15304e-05 -0.000169003 -0.00351003 -0.000123868 0.00104167 0.00596886 0.000169027 -0.00872093 -0.000158139 -0.00773481 0.000187933 -0.0017727 0.000263928
internal_weight=153841 60949 41444 33163 22825 10338 19505 239 19266 801 18465 164 75 8281 106 8175 92892 52366 698 51668 336 289 40526 86 51379 362 40440 1509 38931
internal_count=153841 60949 41444 33163 22825 10338 19505 239 19266 801 18465 164 75 8281 106 8175 92892 52366 698 51668 336 289 40526 86 51379 362 40440 1509 38931
is_linear=0
shrinkage=0.05


Tree=274
num_leaves=31
num_cat=0
split_feature=4 13 13 13 32 13 39 24 25 0 0 20 25 2 2 39 25 38 38 32 11 38 10 25 38 39 18 18 21 2
split_gain=364.6 157.031 312.231 117.729 120.436 18.8026 19.3643 13.4785 3.26698 1.69748 5.39208 3.30765 2.92041 1.65341 3.28121 3.27941 1.31972 6.08188 8.17188 5.99715 5.07988 4.79661 3.51382 3.23439 3.62043 5.68118 4.20608 3.15697 3.01382 6.44486
threshold=1.0000000180025095e-35 12.92698907852173 -3.4262548685073848 0.00075226789808231222 10.500000000000002 -13.842182159423826 3.0046374797821049 2.5000000000000004 0.47939355671405798 0.52061906456947338 0.55615735054016124 -1.0000000180025095e-35 0.20760543644428256 0.16204221546649936 0.13674338161945346 0.075535457581281676 0.2751480787992478 -0.16173593699932096 -0.13909088820219037 14.500000000000002 0.89065662026405346 -0.18378288298845288 0.66694399714469921 0.21295502036809924 -0.060671037063002579 2.6675099134445195 22888.474609375004 -661.87683105468739 0.57500001788139354 0.63436871767044078
decision_type=2 2 2 2 2 2 2 2 2 2 2 2 2 2 2 2 2 2 2 2 2 2 2 2 2 2 2 2 2 2
left_child=1 2 5 4 -4 8 -7 -5 -1 13 12 -12 -11 14 -3 -15 23 20 27 -20 21 -18 -22 24 25 -2 -26 -19 29 -25
right_child=16 9 3 7 -6 6 -8 -9 -10 10 11 -13 -14 15 -16 -17 17 18 19 -21 22 -23 -24 28 26 -27 -28 -29 -30 -31
leaf_value=-2.3079301749344164e-07 7.7322682681359173e-05 -3.7908087846795007e-06 -8.4966459621836367e-10 -8.4966459621836367e-10 -1.0466548417022853e-05 -8.4966459621836367e-10 -8.4966459621836367e-10 -8.4966459621836367e-10 -0.00013999076618367683 -0.00025783844675789623 6.4284973743791433e-05 -8.9490336632628211e-05 -3.944096911314807e-05 9.2940616501731459e-07 -5.6330590780335918e-05 0.000229051739240713 -0.00034614476520136944 3.0081309931447032e-05 -3.974194756734065e-05 0.00052421419465253775 0.00045618265882671103 -0.0010802168196950028 -0.001453089270420996 -0.00010158522472753771 -8.6048412004853869e-06 -0.00012927308457039014 -0.00020788926214152428 0.0009999642710393046 0.00014357177902465389 0.00055433355550511332
leaf_weight=12088 12209 7756 18000 3741 2016 5211 673 5245 807 62 220 133 32 3421 679 865 783 113 20045 1737 237 195 38 2318 45310 888 3260 230 5150 379
leaf_count=12088 12209 7756 18000 3741 2016 5211 673 5245 807 62 220 133 32 3421 679 865 783 113 20045 1737 237 195 38 2318 45310 888 3260 230 5150 379
internal_value=-0.0019889 -0.00499393 -0.00632626 -0.00957865 -0.0117131 -0.00130332 -0.00364548 -0.00482417 -0.000234587 -0.000159478 -0.00318792 -0.000354108 -0.0138298 -5.30619e-05 -0.000459395 0.000746617 -1.72243e-05 -0.000342202 -0.000150282 -0.000270866 -0.00373105 -0.00541922 0.00227273 9.20678e-05 -2.95944e-05 0.000708177 -0.000228536 0.00750729 0.00104817 -0.000305895
internal_weight=153841 60949 47781 29002 20016 18779 5884 8986 12895 13168 447 353 94 12721 8435 4286 92892 23378 22125 21782 1253 978 275 69514 61667 13097 48570 343 7847 2697
internal_count=153841 60949 47781 29002 20016 18779 5884 8986 12895 13168 447 353 94 12721 8435 4286 92892 23378 22125 21782 1253 978 275 69514 61667 13097 48570 343 7847 2697
is_linear=0
shrinkage=0.05


Tree=275
num_leaves=31
num_cat=0
split_feature=4 3 13 13 13 13 24 3 3 0 34 34 3 2 0 25 25 34 0 0 14 2 3 21 2 0 34 0 9 24
split_gain=364.288 267.415 210.19 290.843 110.96 36.6564 2.69622 4.70066 13.5098 5.96589 4.46598 7.68463 7.32476 1.42424 2.62493 1.2383 4.74348 7.46425 7.52405 6.87334 4.28805 4.64299 3.04471 15.2046 8.21338 5.60565 15.0855 5.0521 4.05547 2.80113
threshold=1.0000000180025095e-35 -0.10210046172142027 12.92698907852173 -4.518629550933837 0.00075226789808231222 -13.842182159423826 2.5000000000000004 -0.30756512284278864 -0.31411927938461298 -0.098668817430734621 3.5000000000000004 2.5000000000000004 -2.5811635255813594 0.75919079780578624 0.69536349177360546 0.2751480787992478 0.36725123226642614 1.5000000000000002 -0.23161368072032926 -0.15371266752481458 1.0000000180025095e-35 -0.14213109761476514 -0.35053816437721247 1.0000000180025095e-35 0.4156948477029801 0.48001201450824743 3.5000000000000004 -0.32230573892593378 0.32898981869220739 2.5000000000000004
decision_type=2 2 2 2 2 2 2 2 2 2 2 2 2 2 2 2 2 2 2 2 2 2 2 2 2 2 2 2 2 2
left_child=1 6 3 5 -5 -3 7 8 -1 -9 11 -8 -12 14 -4 22 20 18 -18 -19 29 -22 23 28 -25 27 -27 -24 -2 -17
right_child=15 2 13 4 -6 -7 10 9 -10 -11 12 -13 -14 -15 -16 16 17 19 -20 -21 21 -23 25 24 -26 26 -28 -29 -30 -31
leaf_value=-4.1201205194679384e-05 -9.408835849896158e-05 -2.1925336661876955e-07 -2.2276208398460025e-06 -8.0718136640744541e-10 -8.0718136640744541e-10 -8.0718136640744541e-10 1.4598006469010057e-06 3.0610480101403947e-06 -7.0566212870632893e-05 -2.0579106416348061e-06 -0.00066581037119779187 -1.6260141464700431e-05 3.2352538206785533e-05 0.00019106280209498975 -4.3720284319498793e-05 8.837203364505682e-05 0.00021750750692488553 -0.00011195704080166208 -0.00012931230596759398 0.00023361828132605346 0.0012201520813833917 -0.00035073291747490229 -0.00030869182061433261 0.00024700589316253765 -0.00040683017514678288 4.1897207685299807e-05 0.0022523454119378044 -7.8654446411072231e-06 -0.00039033268469818136 -0.0001149893831055752
leaf_weight=2440 3279 7036 8079 16468 6357 3302 7588 1769 119 2249 79 2571 2690 172 30 1545 1362 2926 4945 6379 63 1142 1796 8853 1122 2605 526 50400 933 5016
leaf_count=2440 3279 7036 8079 16468 6357 3302 7588 1769 119 2249 79 2571 2690 172 30 1545 1362 2926 4945 6379 63 1142 1796 8853 1122 2605 526 50400 933 5016
internal_value=-0.00199183 -0.00499557 -0.00726764 -0.00904698 -0.0121982 -0.00208938 -0.000167906 -0.000992094 -0.00266706 7.4664e-05 0.000251392 -0.000233783 0.00203142 -0.000141891 -0.000237391 -2.09921e-05 -0.000335786 0.000166539 -0.00116141 0.00106663 -0.00134561 -0.00408714 8.4875e-05 0.000738352 0.00180201 -8.26902e-05 0.00197221 -0.000205954 -0.00178063 -0.000842097
internal_weight=153841 60949 41444 33163 22825 10338 19505 6577 2559 4018 12928 10159 2769 8281 8109 92892 23378 15612 6307 9305 7766 1205 69514 14187 9975 55327 3131 52196 4212 6561
internal_count=153841 60949 41444 33163 22825 10338 19505 6577 2559 4018 12928 10159 2769 8281 8109 92892 23378 15612 6307 9305 7766 1205 69514 14187 9975 55327 3131 52196 4212 6561
is_linear=0
shrinkage=0.05


Tree=276
num_leaves=28
num_cat=0
split_feature=4 3 13 13 32 13 22 13 0 3 20 3 3 38 39 2 13 25 0 3 25 8 2 4 39 2 12
split_gain=366.869 262.597 209.62 290.843 150.169 36.6564 2.6544 4.87546 7.87549 3.00575 11.1617 9.62269 2.41917 2.05752 1.63823 1.21478 1.8988 2.1674 1.27904 1.19769 7.38502 5.08741 4.91285 1.38534 3.26135 2.61368 0.796324
threshold=1.0000000180025095e-35 -0.10210046172142027 12.92698907852173 -4.518629550933837 14.500000000000002 -13.842182159423826 0.066147454082965865 -1.0000000180025095e-35 0.0050510945729911336 -0.14645934849977491 1.0000000180025095e-35 -0.1595446318387985 -0.36788189411163325 0.4563125222921372 2.8427296876907353 -1.1961632370948789 -343.36230468749994 0.36039669811725622 -1.7402585148811338 -5.5044207572937003 0.81155571341514599 0.058819487690925605 0.19831135123968127 4.9249999523162851 0.41046079993247991 -0.23012874275445935 -0.67482170462608326
decision_type=2 2 2 2 2 2 2 2 2 2 2 2 2 2 2 2 2 2 2 2 2 2 2 2 2 2 2
left_child=1 6 3 5 -5 -3 7 12 -9 11 -11 -8 -1 14 -4 16 26 18 -18 20 22 -22 -17 24 -21 -25 -2
right_child=15 2 13 4 -6 -7 9 8 -10 10 -12 -13 -14 -15 -16 19 17 -19 -20 23 21 -23 -24 25 -26 -27 -28
leaf_value=-0.00011971491468327355 -0.00078569853412493356 -2.0829069828783107e-07 4.6842674423592966e-07 -7.6682229808707323e-10 -1.3133088126180728e-05 -7.6682229808707323e-10 -6.3963786246444077e-07 -4.3431228119677112e-06 0.0010048521019120026 3.3141079438619571e-06 -9.0052615351547706e-06 -5.3367526965494955e-06 4.8680475352516183e-07 0.00045178884057580292 -2.1903028647738465e-05 -0.00057065848412800259 0.00046011885709488717 -0.00077882654015634678 -0.00095524486229298089 3.6977699595725469e-05 0.0017355353469359833 -0.00079657963041067023 0.0010142995192867199 0.00017022176294255264 -7.6865980756250793e-05 -1.2730002438955842e-05 -0.00013722737780552213
leaf_weight=72 34 7036 7412 20531 2294 3302 14149 466 71 2702 608 1006 431 32 837 463 110 40 35 19583 145 43 45 3720 1516 67128 30
leaf_count=72 34 7036 7412 20531 2294 3302 14149 466 71 2702 608 1006 431 32 837 463 110 40 35 19583 145 43 45 3720 1516 67128 30
internal_value=-0.00200418 -0.00501854 -0.00727005 -0.00904698 -0.0121982 -0.00208938 -0.000234555 -0.00269231 -0.00600559 -9.61278e-05 0.00126888 -0.000394259 0.00084493 -0.000153967 -0.000203055 -2.63747e-05 -0.00351406 -0.000945946 0.00189655 -1.70007e-05 -0.00208333 0.00638298 -0.00521654 -1.35948e-06 0.000354282 -0.000107272 -0.0109375
internal_weight=153841 60949 41444 33163 22825 10338 19505 1040 537 18465 3310 15155 503 8281 8249 92892 249 185 145 92643 696 188 508 91947 21099 70848 64
internal_count=153841 60949 41444 33163 22825 10338 19505 1040 537 18465 3310 15155 503 8281 8249 92892 249 185 145 92643 696 188 508 91947 21099 70848 64
is_linear=0
shrinkage=0.05


Tree=277
num_leaves=28
num_cat=0
split_feature=4 3 13 13 32 13 24 22 2 39 3 1 2 39 39 0 22 13 0 25 39 38 20 1 39 25 20
split_gain=370.317 259.903 208.483 290.843 150.169 36.6564 2.63872 4.64643 7.93894 4.51947 3.92759 6.75771 2.44491 1.29364 3.63518 3.04011 1.21595 2.71384 2.93396 2.10735 1.4569 6.82579 5.2036 2.18758 1.36916 2.14603 1.34277
threshold=1.0000000180025095e-35 -0.10210046172142027 12.92698907852173 -4.518629550933837 14.500000000000002 -13.842182159423826 2.5000000000000004 1.5194970965385439 -0.31434781849384302 1.827630400657654 -1.7320105433464048 -0.88948306441307057 0.056309804320335395 2.8427296876907353 1.827630400657654 0.0099040218628942984 2.2804714441299443 1987.2608032226565 -0.0065390306990593663 0.50130507349967968 -5.2819278240203849 -0.19698385149240491 -1.0000000180025095e-35 -1.8363965749740598 -5.0388715267181388 0.050240816548466689 -1.0000000180025095e-35
decision_type=2 2 2 2 2 2 2 2 2 2 2 2 2 2 2 2 2 2 2 2 2 2 2 2 2 2 2
left_child=1 6 3 5 -5 -3 10 9 -9 -8 12 -12 -1 14 -4 -15 20 18 19 -18 21 23 -23 -2 25 -22 -26
right_child=16 2 13 4 -6 -7 7 8 -10 -11 11 -13 -14 15 -16 -17 17 -19 -20 -21 24 22 -24 -25 26 -27 -28
leaf_value=0.00020965706937520106 0.00014853088339551181 -1.9787616337343952e-07 -3.513308640665022e-06 -7.2848118318271951e-10 -1.2476433719871804e-05 -7.2848118318271951e-10 1.7588867554311789e-06 -0.00019320399652992214 -4.7008251019011601e-05 -4.1741980094177207e-06 -4.0680049260037567e-05 -9.0149330332302324e-07 0.00030834272186982788 0.0001365508603452829 0.00022946897546730308 -3.6007312304580745e-05 5.354887006944181e-05 -0.00077121481350749628 0.0012385062074337962 -0.00031746025987462544 0.00056435820031957077 -0.00022435480604676811 0.0027136924511083254 -0.00073450511225914945 1.3840785791584179e-05 -0.00054264338277408238 -1.2728457866850036e-05
leaf_weight=274 43 7036 6695 20531 2294 3302 11173 216 455 1084 1047 5196 60 181 733 672 328 48 51 305 30 74 111 91 39078 180 52553
leaf_count=274 43 7036 6695 20531 2294 3302 11173 216 455 1084 1047 5196 60 181 733 672 328 48 51 305 30 74 111 91 39078 180 52553
internal_value=-0.00200645 -0.00503495 -0.00727488 -0.00904698 -0.0121982 -0.00208938 -0.00027557 0.000139233 -0.00391207 0.000361018 -0.00109092 -0.00137354 0.00419162 -0.000178119 3.36564e-05 -0.00202227 -1.93773e-05 -0.00204918 -0.00124269 -0.0021722 -3.25521e-06 0.00336991 0.00959459 -0.00522388 -1.49715e-05 -0.00404762 -5.7295e-06
internal_weight=153841 60949 41444 33163 22825 10338 19505 12928 671 12257 6577 6243 334 8281 7428 853 92892 732 684 633 92160 319 185 134 91841 210 91631
internal_count=153841 60949 41444 33163 22825 10338 19505 12928 671 12257 6577 6243 334 8281 7428 853 92892 732 684 633 92160 319 185 134 91841 210 91631
is_linear=0
shrinkage=0.05


Tree=278
num_leaves=29
num_cat=0
split_feature=5 3 13 13 32 13 2 2 21 1 3 13 22 13 3 3 21 22 34 1 21 3 18 18 22 25 22 13
split_gain=370.271 260.474 208.128 290.717 150.655 36.6564 2.56823 8.21707 6.4633 3.32045 3.20476 2.26688 1.30183 2.68168 2.21815 2.63377 2.10358 1.17137 6.06529 7.30922 6.07977 5.05848 1.70732 1.61698 1.16587 4.72146 3.47484 0.805463
threshold=1.0000000180025095e-35 -0.10210046172142027 12.92698907852173 -4.518629550933837 14.500000000000002 -13.842182159423826 0.5375255048274995 0.37988154590129858 0.42499999701976782 -0.10752514749765395 -1.3293060660362241 -74.675922393798814 2.2804714441299443 1987.2608032226565 -1.7320105433464048 -1.5139685869216917 0.62500000000000011 1.1484612226486208 2.5000000000000004 -1.4980996847152708 0.42499999701976782 -7.0460891723632804 2512.0473632812505 -159326.23437499997 0.26907840371131903 0.41128018498420721 0.24311444908380511 -6.7894721031188956
decision_type=2 2 2 2 2 2 2 2 2 2 2 2 2 2 2 2 2 2 2 2 2 2 2 2 2 2 2 2
left_child=1 6 3 5 -5 -3 7 9 27 -1 -10 -9 17 14 16 -16 -14 21 19 -19 -20 22 -2 -23 26 -26 -4 -8
right_child=12 2 24 4 -6 -7 8 11 10 -11 -12 -13 13 -15 15 -17 -18 18 20 -21 -22 23 -24 -25 25 -27 -28 -29
leaf_value=2.5490402233620569e-08 -0.00072601767363215182 -1.8798235520476755e-07 -2.0780221776416225e-06 -6.920571240235836e-10 -1.1852612033878309e-05 -6.920571240235836e-10 0.001954452188651994 0.004441743525834714 -0.00063257581508255063 -3.1321094385937097e-06 -4.2311539197634548e-05 0.00058225673638042155 2.1840969000742853e-05 -0.0007326540728321212 0.00057685274641982556 -7.6923226557782702e-05 -0.00036975836586016083 3.5118507824283275e-07 0.00056599508436620892 0.00075164266596552487 -0.00098578982220725382 0.00035093283211085139 -0.0011966572391696282 -3.4775500523102911e-06 -1.7469835164455661e-05 0.00056494450073414377 0.00042024614228011389 0.00015955263430958314
leaf_weight=15614 71 7036 5728 20531 2294 3302 39 36 87 3545 34 120 272 48 54 84 274 1969 214 1068 454 1134 33 87217 1929 125 499 30
leaf_count=15614 71 7036 5728 20531 2294 3302 39 36 87 3545 34 120 272 48 54 84 274 1969 214 1068 454 1134 33 87217 1929 125 499 30
internal_value=-0.00200418 -0.00503249 -0.00727488 -0.00904547 -0.0121961 -0.00208938 -0.00026788 -0.000210976 -0.00605263 -0.000304035 -0.0130165 0.0112179 -1.72243e-05 -0.00211749 -0.00131579 0.00434783 -0.00274725 -5.42535e-07 0.000870445 0.00181923 -0.00344311 -3.70245e-05 -0.0110577 -2.40518e-05 -0.000184157 -0.00121714 0.000156576 0.00615942
internal_weight=153841 60949 41444 33163 22825 10338 19505 19315 190 19159 121 156 92892 732 684 138 546 92160 3705 3037 668 88455 104 88351 8281 2054 6227 69
internal_count=153841 60949 41444 33163 22825 10338 19505 19315 190 19159 121 156 92892 732 684 138 546 92160 3705 3037 668 88455 104 88351 8281 2054 6227 69
is_linear=0
shrinkage=0.05


Tree=279
num_leaves=31
num_cat=0
split_feature=4 3 13 13 32 13 2 2 21 1 3 22 13 22 25 22 25 38 38 34 11 38 3 10 25 38 38 18 21 38
split_gain=371.074 260.833 206.995 290.717 150.655 36.6564 3.31707 7.75181 5.22651 3.1031 3.01212 2.75 2.40085 1.20358 3.72752 1.56358 1.05652 5.24104 7.51514 5.36627 4.91621 5.22516 4.38137 3.60493 2.63823 3.0239 4.82057 3.65115 2.73196 5.72506
threshold=1.0000000180025095e-35 -0.10210046172142027 12.92698907852173 -4.518629550933837 14.500000000000002 -13.842182159423826 0.5375255048274995 0.37988154590129858 0.47499999403953558 -0.10752514749765395 -1.3293060660362241 0.57745811343193065 -74.675922393798814 0.057398274540901191 0.0061841362621635207 0.064333289861679091 0.2751480787992478 -0.16173593699932096 -0.13909088820219037 3.5000000000000004 0.89065662026405346 -0.18378288298845288 -0.10819913819432257 0.66694399714469921 0.21295502036809924 -0.060671037063002579 -0.064150437712669359 22888.474609375004 0.57500001788139354 0.12438236922025682
decision_type=2 2 2 2 2 2 2 2 2 2 2 2 2 2 2 2 2 2 2 2 2 2 2 2 2 2 2 2 2 2
left_child=1 6 3 5 -5 -3 7 9 11 -1 -10 -8 -9 14 -4 -15 24 20 22 -20 21 -18 -19 -22 25 26 -2 -27 29 -26
right_child=16 2 13 4 -6 -7 8 12 10 -11 -12 -13 -14 15 -16 -17 17 18 19 -21 23 -23 -24 -25 28 27 -28 -29 -30 -31
leaf_value=2.4215882121939537e-08 3.7949352404384813e-05 -1.7858323744452918e-07 -0.00014705044567370323 -6.5745426782240437e-10 -1.1259981432184228e-05 -6.5745426782240437e-10 -0.00019296663880273169 0.0042196563495429792 -0.00061961876861220985 -2.9755039666640242e-06 -0.00015113564271121392 0.0020415839504757758 0.00055314389956140049 -2.4267961895744378e-05 1.7103350403751261e-05 -4.0521806255127728e-06 -0.0003254551045527722 0.0010114944724635005 -4.4204730270408501e-05 0.00021864339549943179 0.00044128594170166107 -0.0010258748796185765 -0.00022572707280469446 -0.0013714601554785729 5.186533681133029e-05 -7.9199101789267409e-06 0.00052324307809803179 -0.00019756164992681491 0.00013366029581596655 -0.00046638363806257186
leaf_weight=15614 12810 7036 37 20531 2294 3302 33 36 78 3545 31 48 120 155 400 7689 783 241 17833 3949 237 195 102 38 2399 45310 287 3260 5150 298
leaf_count=15614 12810 7036 37 20531 2294 3302 33 36 78 3545 31 48 120 155 400 7689 783 241 17833 3949 237 195 102 38 2399 45310 287 3260 5150 298
internal_value=-0.00200418 -0.00503577 -0.0072797 -0.00904547 -0.0121961 -0.00208938 -0.00026788 -0.00020321 -0.00684211 -0.000293596 -0.0139908 0.00277778 0.0108974 -0.000208308 0.00234554 -0.000350586 -1.50713e-05 -0.000305843 -0.000127684 -0.00024332 -0.00345172 -0.00511247 0.00721574 0.00245455 8.27172e-05 -2.7162e-05 0.000647095 -0.000208977 0.000946221 -0.000342974
internal_weight=153841 60949 41444 33163 22825 10338 19505 19315 190 19159 109 81 156 8281 437 7844 92892 23378 22125 21782 1253 978 343 275 69514 61667 13097 48570 7847 2697
internal_count=153841 60949 41444 33163 22825 10338 19505 19315 190 19159 109 81 156 8281 437 7844 92892 23378 22125 21782 1253 978 343 275 69514 61667 13097 48570 7847 2697
is_linear=0
shrinkage=0.05


Tree=280
num_leaves=31
num_cat=0
split_feature=4 3 24 32 25 0 39 21 2 2 21 3 1 3 1 1 38 38 20 25 34 3 2 7 38 8 10 11 34 38
split_gain=371.313 260.553 121.44 71.4257 43.4118 25.5692 26.5412 10.6802 3.31448 7.70154 5.22651 3.11928 3.0923 3.01212 2.30246 1.8 1.17233 5.66339 7.9906 6.87587 5.67301 5.41405 9.54217 4.61516 3.05268 11.4461 6.80414 2.50186 5.0881 4.5135
threshold=1.0000000180025095e-35 -0.10210046172142027 2.5000000000000004 14.500000000000002 0.0050568901933729657 -0.12748190760612485 1.2781740427017214 0.97499999403953563 0.5375255048274995 0.3874464631080628 0.47499999403953558 0.18093846738338473 -0.10752514749765395 -1.3293060660362241 0.085885863751173033 0.096356604248285307 0.13058479875326159 0.14686369150877002 -1.0000000180025095e-35 0.29224318265914923 3.5000000000000004 0.12002867087721826 0.67617648839950573 0.015860996209084991 0.11103353276848794 0.043589115142822273 0.4511911422014237 0.39956201612949377 5.0000000000000009 -0.37418840825557703
decision_type=2 2 2 2 2 2 2 2 2 2 2 2 2 2 2 2 2 2 2 2 2 2 2 2 2 2 2 2 2 2
left_child=1 8 3 4 -3 7 -7 -4 9 12 15 -5 -1 -12 -11 -10 24 18 20 -20 -18 22 -19 -23 27 26 -26 28 -2 -29
right_child=16 2 5 11 -6 6 -8 -9 10 14 13 -13 -14 -15 -16 -17 17 21 19 -21 -22 23 -24 -25 25 -27 -28 29 -30 -31
leaf_value=3.7468710335559179e-08 -2.9656875459555586e-05 -6.245815544312842e-10 -6.245815544312842e-10 -0.00016031856068693257 -6.245815544312842e-10 -6.245815544312842e-10 -6.245815544312842e-10 -6.245815544312842e-10 0.0020809831098343562 0.001619281229907117 -0.00058863783018159939 0.0013264245888933305 -2.8234020560997523e-06 -0.00014357886057565322 0.00056638591413360928 -0.00013027052156326432 3.8734826455316332e-05 -3.4247117781118984e-05 0.00037007222682164327 0.0011422602883529177 -0.00039614568348353288 -0.00033800104425302962 -0.0015413379180714423 0.00038240809016404262 3.7021843301304455e-05 -0.0011129570083300742 -0.00050991670948048599 -0.00033545695593786861 0.00062831380723629812 2.1339599992986321e-05
leaf_weight=15637 35992 1955 1404 1106 14798 14885 6228 630 45 85 78 438 3548 31 45 36 439 6424 674 156 100 259 62 1401 1382 144 299 697 1244 43619
leaf_count=15637 35992 1955 1404 1106 14798 14885 6228 630 45 85 78 438 3548 31 45 36 439 6424 674 156 100 259 62 1401 1382 144 299 697 1244 43619
internal_value=-0.0020032 -0.00503577 -0.0072785 -0.0103227 -0.0112711 -0.00487212 -0.00435632 -0.0102262 -0.000270443 -0.000205799 -0.00684211 -3.23834e-05 -0.000287985 -0.0139908 0.0119231 0.00277778 -1.34565e-05 0.000512349 0.00348795 0.00656627 -0.00125232 1.2276e-05 -0.00063984 0.00256024 -7.34615e-05 -0.00209589 -0.000936942 -2.82029e-05 -0.000330325 0.000225652
internal_weight=153841 60949 41444 18297 16753 23147 21113 2034 19505 19315 190 1544 19185 109 130 81 92892 9515 1369 830 539 8146 6486 1660 83377 1825 1681 81552 37236 44316
internal_count=153841 60949 41444 18297 16753 23147 21113 2034 19505 19315 190 1544 19185 109 130 81 92892 9515 1369 830 539 8146 6486 1660 83377 1825 1681 81552 37236 44316
is_linear=0
shrinkage=0.05


Tree=281
num_leaves=29
num_cat=0
split_feature=4 3 13 13 32 13 0 21 3 24 22 3 22 39 13 39 4 12 38 20 10 3 39 1 8 3 32 1
split_gain=369.515 261.226 207.208 290.591 151.141 36.6564 2.70874 7.13189 3.37944 2.47247 4.45817 3.95582 2.09995 1.27951 1.87097 1.19826 1.09244 2.1754 1.4652 1.46188 1.65938 1.08541 2.10656 2.64618 1.75171 1.41607 3.66982 1.67623
threshold=1.0000000180025095e-35 -0.10210046172142027 12.92698907852173 -4.518629550933837 14.500000000000002 -13.842182159423826 0.42942768335342413 0.47499999403953558 -1.3293060660362241 2.5000000000000004 1.5194970965385439 -0.30756512284278864 0.57745811343193065 -3.3376760482788081 52.485153198242195 2.8427296876907353 146.77500152587893 -0.47924353182315821 -0.3032549768686294 -1.0000000180025095e-35 1.0000000180025095e-35 0.4791549444198609 1.0955861806869509 0.28938786685466772 0.0034686950966715817 0.31943830847740179 27.500000000000004 0.14129775762557986
decision_type=2 2 2 2 2 2 2 2 2 2 2 2 2 2 2 2 2 2 2 2 2 2 2 2 2 2 2 2
left_child=1 6 3 5 -5 -3 9 12 -9 11 -11 -1 -8 14 -4 -15 21 19 -19 20 -18 25 24 -24 -23 27 -27 -2
right_child=16 2 13 4 -6 -7 7 8 -10 10 -12 -13 -14 15 -16 -17 17 18 -20 -21 -22 22 23 -25 -26 26 -28 -29
leaf_value=-5.5307581530201561e-05 -2.081059557462045e-06 -1.6962284649458117e-07 -1.0641026553607838e-06 -5.9335247670971996e-10 -6.6890027288627966e-06 -5.9335247670971996e-10 -0.00012375699548510108 -0.00057787768295630606 -0.00013639991754687053 1.3786582518531285e-06 -0.00012506995584289702 -4.4808146401686979e-08 0.002247113677236763 9.2721220829282566e-07 -0.00016142392330775358 -1.6238271149157739e-05 -8.9553701904499381e-05 -0.00027367245050698787 0.00058925139803493092 -4.0311544386555868e-05 -0.00062615834825019531 -0.00067510708286214443 0.0012739716686347557 0.00059948686519780455 0.00018460255451516682 -0.00010468891049911535 0.0010244086416085611 0.00010177739172242441
leaf_weight=2548 84603 7036 65 20531 2294 3302 36 76 31 12083 671 4014 46 7322 41 853 42 56 48 45 41 31 30 47 247 3629 264 3809
leaf_count=2548 84603 7036 65 20531 2294 3302 36 76 31 12083 671 4014 46 7322 41 853 42 56 48 45 41 31 30 47 247 3629 264 3809
internal_value=-0.00200645 -0.00503167 -0.00727729 -0.00904396 -0.0121939 -0.00208938 -0.00026019 -0.00621693 -0.0147196 -0.000201905 0.000203858 -0.000990552 0.00487805 -0.00020227 -0.00566038 -0.000131498 -2.15304e-05 -0.00344828 0.00192308 -0.0078125 -0.011747 -1.29506e-05 0.00274648 0.0100649 0.000719424 -2.35632e-05 -0.000956846 1.75316e-05
internal_weight=153841 60949 41444 33163 22825 10338 19505 189 107 19316 12754 6562 82 8281 106 8175 92892 232 104 128 83 92660 355 77 278 92305 3893 88412
internal_count=153841 60949 41444 33163 22825 10338 19505 189 107 19316 12754 6562 82 8281 106 8175 92892 232 104 128 83 92660 355 77 278 92305 3893 88412
is_linear=0
shrinkage=0.05


Tree=282
num_leaves=28
num_cat=0
split_feature=4 3 13 13 32 13 2 2 1 22 1 1 39 13 25 13 4 39 25 22 25 38 32 39 38 39 18
split_gain=370.15 261.226 207.208 290.591 151.141 36.6564 3.59601 7.68511 4.85272 3.3422 2.95806 2.30246 1.27951 1.87097 1.25985 1.13357 1.03756 3.11462 2.84503 4.69449 4.08746 2.60063 6.13559 2.50913 7.06013 2.86843 1.64892
threshold=1.0000000180025095e-35 -0.10210046172142027 12.92698907852173 -4.518629550933837 14.500000000000002 -13.842182159423826 0.5375255048274995 0.3874464631080628 -0.077038504183292375 0.52937799692153942 -0.10752514749765395 0.085885863751173033 -3.3376760482788081 52.485153198242195 0.026541807688772682 25.900826454162601 8.5250000953674334 -5.6178345680236808 0.72491061687469494 0.11411863192915918 0.41949391365051275 0.41058568656444555 5.5000000000000009 -3.4038996696472164 0.13523621112108233 -1.9821955561637876 359.73741149902349
decision_type=2 2 2 2 2 2 2 2 2 2 2 2 2 2 2 2 2 2 2 2 2 2 2 2 2 2 2
left_child=1 6 3 5 -5 -3 7 10 15 -10 -1 -9 13 -4 -14 -8 21 -18 20 -20 -19 23 26 24 -2 -25 -23
right_child=16 2 12 4 -6 -7 8 11 9 -11 -12 -13 14 -15 -16 -17 17 18 19 -21 -22 22 -24 25 -26 -27 -28
leaf_value=3.5108694063043308e-08 2.238755249534723e-05 -1.6114170416985209e-07 -1.0108975225927448e-06 -5.63684852874234e-10 -6.3545525924196482e-06 -5.63684852874234e-10 -0.00046083026546855888 0.0015382482354991686 -0.00036033416690111058 0.00083798715066114241 -2.7059076038665163e-06 0.00053806885883424878 2.2911844365898189e-05 -0.0001533527271423659 -5.9630250327298575e-06 -0.00054898379880849088 -0.00082101707853945581 -1.6996620965844914e-05 -0.0004566784205345909 -0.00013293529573724859 0.00013675033812673572 -0.0003588407615708136 -0.0009290221487015482 -4.9258340024938702e-05 0.00073212176166107261 2.0156163635577912e-05 0.00050116746230228354
leaf_weight=15637 2250 7036 65 20531 2294 3302 40 85 30 85 3548 45 1746 41 6429 35 38 45810 37 2103 4378 67 42 5007 444 32686 30
leaf_count=15637 2250 7036 65 20531 2294 3302 40 85 30 85 3548 45 1746 41 6429 35 38 45810 37 2103 4378 67 42 5007 444 32686 30
internal_value=-0.00200385 -0.00503167 -0.00727729 -0.00904396 -0.0121939 -0.00208938 -0.00026019 -0.000192855 -0.00710526 -0.000652174 -0.000274954 0.0119231 -0.00020227 -0.00566038 -0.000131498 -0.017 -1.72243e-05 -0.000164229 -0.000153837 -0.00193925 -7.77078e-05 0.000172729 -0.00665468 0.000196227 0.00167038 9.08657e-05 0.000257732
internal_weight=153841 60949 41444 33163 22825 10338 19505 19315 190 115 19185 130 8281 106 8175 75 92892 52366 52328 2140 50188 40526 139 40387 2694 37693 97
internal_count=153841 60949 41444 33163 22825 10338 19505 19315 190 115 19185 130 8281 106 8175 75 92892 52366 52328 2140 50188 40526 139 40387 2694 37693 97
is_linear=0
shrinkage=0.05


Tree=283
num_leaves=31
num_cat=0
split_feature=5 3 13 13 32 13 2 2 1 22 1 1 39 13 39 13 25 38 38 39 0 22 2 3 2 32 32 39 3 21
split_gain=370.87 261.406 206.642 290.591 151.141 36.6564 3.87782 7.68182 4.59803 3.14271 2.90615 2.30246 1.27386 1.87097 1.18179 1.13357 1.09579 5.2268 6.37759 5.44243 4.27321 6.52968 4.01017 3.81289 2.62045 10.8808 11.9372 9.15851 4.97529 8.72654
threshold=1.0000000180025095e-35 -0.10210046172142027 12.92698907852173 -4.518629550933837 14.500000000000002 -13.842182159423826 0.5375255048274995 0.3874464631080628 -0.077038504183292375 0.52937799692153942 -0.10752514749765395 0.085885863751173033 -3.3376760482788081 52.485153198242195 2.8427296876907353 25.900826454162601 0.2751480787992478 -0.16173593699932096 -0.13909088820219037 -5.2819278240203849 -0.027654435485601422 0.18881237506866458 -0.16097670793533322 -0.10819913819432257 -0.4680743515491485 2.5000000000000004 27.500000000000004 -0.64869436621665943 -0.35053816437721247 1.0000000180025095e-35
decision_type=2 2 2 2 2 2 2 2 2 2 2 2 2 2 2 2 2 2 2 2 2 2 2 2 2 2 2 2 2 2
left_child=1 6 3 5 -5 -3 7 10 15 -10 -1 -9 13 -4 -14 -8 24 20 23 -20 22 -22 -18 -19 25 27 -27 -2 29 -26
right_child=16 2 12 4 -6 -7 8 11 9 -11 -12 -13 14 -15 -16 -17 17 18 19 -21 21 -23 -24 -25 28 26 -28 -29 -30 -31
leaf_value=3.3353259359891145e-08 -0.00051961062255330653 -1.5308461896135949e-07 -9.6035264646310754e-07 -5.355006102305223e-10 -6.0368249627988301e-06 -5.355006102305223e-10 -0.00043778875219513093 0.0014613358237242102 -0.00034231745855605508 0.00079608779312808492 -2.5706122236731904e-06 0.00051116541589253629 1.1376892350819555e-06 -0.00014568509078524759 -1.5128206340063361e-05 -0.00052153460886806625 -0.00016819235992883015 0.00096915341037803889 0.00048529577386057372 -2.5739379170923797e-05 0.00092238167855554888 -0.00027852531885060744 -0.00069033525288001341 -0.0002216724092133234 -0.00013257060002905917 0.0043113529715824673 -0.0008252145417174992 4.2626293675802204e-05 -4.6735352904524191e-06 0.00018377084080253587
leaf_weight=15637 878 7036 65 20531 2294 3302 40 85 30 85 3548 45 7322 41 853 35 241 241 195 21587 106 496 410 102 2535 167 107 984 55296 9547
leaf_count=15637 878 7036 65 20531 2294 3302 40 85 30 85 3548 45 7322 41 853 35 241 241 195 21587 106 496 410 102 2535 167 107 984 55296 9547
internal_value=-0.00200255 -0.00503331 -0.0072797 -0.00904396 -0.0121939 -0.00208938 -0.00026019 -0.000190267 -0.00736842 -0.00108696 -0.000272348 0.0119231 -0.000214346 -0.00566038 -0.000143731 -0.017 -1.39947e-05 -0.000310121 -0.000132203 -0.000238729 -0.00345172 -0.000415282 -0.0062596 0.00663265 8.55943e-05 -0.00163858 0.00766423 -0.00300752 0.000140253 0.00105943
internal_weight=153841 60949 41444 33163 22825 10338 19505 19315 190 115 19185 130 8281 106 8175 75 92892 23378 22125 21782 1253 602 651 343 69514 2136 274 1862 67378 12082
internal_count=153841 60949 41444 33163 22825 10338 19505 19315 190 115 19185 130 8281 106 8175 75 92892 23378 22125 21782 1253 602 651 343 69514 2136 274 1862 67378 12082
is_linear=0
shrinkage=0.05


Tree=284
num_leaves=30
num_cat=0
split_feature=4 3 24 25 0 22 24 21 14 2 2 1 22 1 1 22 25 0 7 18 8 39 4 34 2 39 25 20 3
split_gain=370.548 261.788 121.344 34.1412 25.5486 27.4256 23.8151 10.6802 7.3905 3.88342 7.19539 4.59803 3.14271 2.75319 2.33972 1.22176 2.13295 3.06768 2.18649 1.67659 2.27508 1.59103 5.0744 3.8194 3.20381 1.12851 3.18778 1.20617 0.568889
threshold=1.0000000180025095e-35 -0.10210046172142027 2.5000000000000004 0.0050568901933729657 -0.12748190760612485 0.069670796394348158 1.5000000000000002 0.97499999403953563 1.0000000180025095e-35 0.5375255048274995 0.3874464631080628 -0.077038504183292375 0.52937799692153942 -0.10752514749765395 0.042569207027554519 2.2804714441299443 0.50130507349967968 0.0032541416585445408 0.033334208652377136 7727.2529296875009 0.017171482555568222 -5.2819278240203849 8.4249997138977069 1.0000000180025095e-35 0.095260594040155425 -4.8595726490020743 0.050240816548466689 -1.0000000180025095e-35 -1.7320105433464048
decision_type=2 2 2 2 2 2 2 2 2 2 2 2 2 2 2 2 2 2 2 2 2 2 2 2 2 2 2 2 2
left_child=1 9 3 8 7 -6 -5 -4 -3 10 13 28 -13 -1 -12 21 19 18 -18 20 -17 22 23 -2 -24 26 -23 -27 -11
right_child=15 2 4 6 5 -7 -8 -9 -10 11 14 12 -14 -15 -16 16 17 -19 -20 -21 -22 25 24 -25 -26 27 -28 -29 -30
leaf_value=3.1685596391896588e-08 0.0010238444827104733 -5.0872557971899622e-10 -5.0872557971899622e-10 -5.0872557971899622e-10 -5.0872557971899622e-10 -5.0872557971899622e-10 -5.0872557971899622e-10 -5.0872557971899622e-10 3.3126667586286356e-06 -0.00049545787842466302 0.002103929459052232 -0.00032520158562825228 0.00075628340347168039 -2.4420816124895309e-06 0.00027158668718450275 0.00040416570083421472 -7.84369489522296e-06 0.00069020363869862005 -0.00043575130442622507 -0.00078696991910368161 -0.00023952399710317797 0.00070450239698441038 -0.00081647525022298165 -0.00064940570034150216 0.0011160904146738926 1.3287225927751876e-05 -0.00039021002130179181 -1.0812354021659011e-05 -0.00038046205174407282
leaf_weight=15637 162 2099 1404 7343 2083 19030 8790 630 65 45 73 30 85 3548 57 133 102 33 237 45 182 64 75 52 30 39005 383 52389 30
leaf_count=15637 162 2099 1404 7343 2083 19030 8790 630 65 45 73 30 85 3548 57 133 102 33 237 45 182 64 75 52 30 39005 383 52389 30
internal_value=-0.00200223 -0.00503167 -0.0072797 -0.0103227 -0.00487428 -0.00435869 -0.00953171 -0.0102262 -0.01622 -0.000255063 -0.000185089 -0.00736842 -0.00108696 -0.00026453 0.0115385 -1.4533e-05 -0.00204918 -0.0047043 -0.00612094 0.000694444 0.00198413 1.6276e-06 0.00352665 0.00794393 -0.00547619 -1.06162e-05 -0.00251678 1.64125e-06 -0.017
internal_weight=153841 60949 41444 18297 23147 21113 16133 2034 2164 19505 19315 190 115 19185 130 92892 732 372 339 360 315 92160 319 214 105 91841 447 91394 75
internal_count=153841 60949 41444 18297 23147 21113 16133 2034 2164 19505 19315 190 115 19185 130 92892 732 372 339 360 315 92160 319 214 105 91841 447 91394 75
is_linear=0
shrinkage=0.05


Tree=285
num_leaves=31
num_cat=0
split_feature=4 24 32 1 22 25 0 1 0 1 32 0 1 0 1 34 1 2 32 38 2 32 38 11 25 32 38 14 22 38
split_gain=368.702 133.686 53.0846 54.1893 35.0647 31.9067 28.0465 22.9196 15.2001 12.6164 11.281 9.05204 5.93628 4.16905 7.86678 4.88509 1.11626 3.45178 7.40886 6.64426 6.05423 6.47749 5.34624 4.04771 3.3618 7.71998 5.56488 3.31813 8.93396 5.15523
threshold=1.0000000180025095e-35 2.5000000000000004 14.500000000000002 -0.11904333904385565 0.069670796394348158 0.0050568901933729657 -0.0025897515006363388 0.077680200338363661 0.20170141011476519 0.053351530805230148 14.500000000000002 0.065983854234218611 0.024697513319551948 0.0061605265364050874 0.01248703431338072 3.5000000000000004 -0.17635922878980634 0.16439450532197955 2.5000000000000004 0.1074047163128853 0.11188825592398645 2.5000000000000004 0.12438236922025682 0.99981656670570385 0.50130507349967968 20.500000000000004 0.061033483594655998 1.0000000180025095e-35 0.26275002956390386 0.022899578325450424
decision_type=2 2 2 2 2 2 2 2 2 2 2 2 2 2 2 2 2 2 2 2 2 2 2 2 2 2 2 2 2 2
left_child=1 2 3 6 10 -5 -1 9 -9 -6 11 -3 -12 15 -15 -4 17 20 23 -20 21 -2 -22 -19 27 26 -26 29 -29 -18
right_child=16 4 13 5 7 -7 -8 8 -10 -11 12 -13 -14 14 -16 -17 24 18 19 -21 22 -23 -24 -25 25 -27 -28 28 -30 -31
leaf_value=-4.832893007330464e-10 -3.5329769812134441e-05 -4.832893007330464e-10 -0.00035470265182802312 -4.832893007330464e-10 -4.832893007330464e-10 -4.832893007330464e-10 -4.832893007330464e-10 -4.832893007330464e-10 -4.832893007330464e-10 0.00041160279053455655 -0.00020325936036324956 -4.832893007330464e-10 0.0043935989836871494 0.0012610574038991471 -0.00031727959205933776 0.0014606949557262336 -1.0055553694674533e-05 -0.00013903042991092134 -0.0006018546723214976 -0.00094199598077307576 0.000164748395445892 0.00027204100677977601 0.00094585110299635943 0.00024225529460209367 0.00013958897099963959 0.0011446411030364718 -0.00023076690077954826 -0.00012509615841124205 0.0002212862439861841 6.3611861608306455e-05
leaf_weight=6519 28299 1502 874 1559 28980 13138 1609 948 3256 692 159 491 47 407 512 256 30327 5168 360 183 2141 3957 277 816 1899 82 309 4608 1895 12571
leaf_count=6519 28299 1502 874 1559 28980 13138 1609 948 3256 692 159 491 47 407 512 256 30327 5168 360 183 2141 3957 277 816 1899 82 309 4608 1895 12571
internal_value=-0.00200158 -0.00502346 -0.00784353 -0.0085356 -0.003079 -0.0103473 -0.0052596 -0.00268184 -0.00613701 -0.0021923 -0.00919736 -0.0103487 0.00194175 -0.000134212 0.0023667 -0.00216814 -1.88391e-05 -0.00021298 -0.00126781 -0.00686004 -1.442e-05 -0.000195313 0.00239868 -0.000760361 0.000135904 0.00200873 0.00144928 4.90881e-05 -0.00100338 0.000208634
internal_weight=153841 60949 24874 22825 36075 14697 8128 33876 4204 29672 2199 1993 206 2049 919 1130 92892 41201 6527 543 34674 32256 2418 5984 51691 2290 2208 49401 6503 42898
internal_count=153841 60949 24874 22825 36075 14697 8128 33876 4204 29672 2199 1993 206 2049 919 1130 92892 41201 6527 543 34674 32256 2418 5984 51691 2290 2208 49401 6503 42898
is_linear=0
shrinkage=0.05


Tree=286
num_leaves=31
num_cat=0
split_feature=4 13 13 13 32 13 39 24 32 0 0 20 25 24 13 25 25 38 38 32 11 38 22 4 25 38 39 4 2 9
split_gain=368.698 152.95 311.546 116.421 123.444 19.6468 19.0359 12.9345 3.49434 2.26286 4.34298 3.20435 2.00832 1.73555 3.70682 2.10605 1.16801 5.45203 5.59563 5.16611 4.45506 4.519 3.61262 2.6589 2.50555 2.9732 5.18156 3.33559 2.64698 3.33047
threshold=1.0000000180025095e-35 12.92698907852173 -3.4262548685073848 0.00075226789808231222 10.500000000000002 -13.842182159423826 3.0046374797821049 2.5000000000000004 2.5000000000000004 0.52061906456947338 0.55615735054016124 -1.0000000180025095e-35 0.20760543644428256 1.5000000000000002 40.359184265136726 0.091730494052171721 0.2751480787992478 -0.16173593699932096 -0.13909088820219037 14.500000000000002 0.89065662026405346 -0.18378288298845288 0.15509780496358874 33.024999618530281 0.21295502036809924 -0.060671037063002579 2.6675099134445195 23.875000000000004 0.65442737936973583 0.2028070539236069
decision_type=2 2 2 2 2 2 2 2 2 2 2 2 2 2 2 2 2 2 2 2 2 2 2 2 2 2 2 2 2 2
left_child=1 2 5 4 -4 8 -7 -5 -1 13 12 -12 -11 14 -3 -15 24 20 22 -20 21 -18 -19 -22 25 26 -2 -27 -26 -30
right_child=16 9 3 7 -6 6 -8 -9 -10 10 11 -13 -14 15 -16 -17 17 18 19 -21 23 -23 -24 -25 28 27 -28 -29 29 -31
leaf_value=-5.9346434904840293e-06 7.448355378563852e-05 -3.2714861258732848e-05 -4.5912483569639404e-10 -4.5912483569639404e-10 4.6478713526379448e-06 -4.5912483569639404e-10 -4.5912483569639404e-10 -4.5912483569639404e-10 0.0002881251552718174 -0.00021901848111896809 6.0561725472960858e-05 -8.3481106865395123e-05 -3.6239753114889336e-05 -1.2045492123306323e-05 1.6729760008411811e-05 1.9073796584039655e-05 -0.00029358056586768213 0.00095020694187525454 -3.6667412142903437e-05 0.00049391212820598315 -2.7371626334872502e-05 -0.00096339689232343307 0.00060501178127878486 0.0015569919689492153 6.0988237380015051e-05 -2.5293662896560578e-06 -0.00012367757330975583 -9.0279753693462466e-05 0.00013852719073201986 0.0010208934351291306
leaf_weight=11859 12209 751 18000 3741 2016 5211 673 5245 1036 62 220 133 32 5968 858 5144 783 41 20045 1737 221 195 302 54 7422 42244 888 6326 269 156
leaf_count=11859 12209 751 18000 3741 2016 5211 673 5245 1036 62 220 133 32 5968 858 5144 783 41 20045 1737 221 195 302 54 7422 42244 888 6326 269 156
internal_value=-0.00199995 -0.00502182 -0.00633672 -0.00958555 -0.0117081 -0.00131929 -0.00371346 -0.00485756 -0.000226832 -0.000250608 -0.0037472 -0.00120397 -0.0132979 -0.000127742 -0.00166252 9.44924e-05 -1.72243e-05 -0.000322953 -0.000141243 -0.000241025 -0.00353152 -0.00511247 0.00619534 0.00209091 8.55943e-05 -2.14864e-05 0.000647095 -0.000201771 0.000927106 0.00476471
internal_weight=153841 60949 47781 29002 20016 18779 5884 8986 12895 13168 447 353 94 12721 1609 11112 92892 23378 22125 21782 1253 978 343 275 69514 61667 13097 48570 7847 425
internal_count=153841 60949 47781 29002 20016 18779 5884 8986 12895 13168 447 353 94 12721 1609 11112 92892 23378 22125 21782 1253 978 343 275 69514 61667 13097 48570 7847 425
is_linear=0
shrinkage=0.05


Tree=287
num_leaves=31
num_cat=0
split_feature=4 3 13 13 32 13 2 2 1 37 1 13 38 39 13 1 34 32 0 38 32 34 2 9 38 25 8 4 37 34
split_gain=366.138 263.104 206.078 295.159 149.684 37.8904 3.59658 7.26547 5.10648 2.97401 2.57092 2.22781 1.5963 1.21987 1.15804 1.06729 3.42417 12.5049 16.7487 7.49806 6.70996 20.4232 9.30048 3.20661 5.07718 5.33317 3.69295 3.59575 9.01582 4.81138
threshold=1.0000000180025095e-35 -0.10210046172142027 12.92698907852173 -4.518629550933837 14.500000000000002 -13.842182159423826 0.51574569940567028 0.3874464631080628 -0.077038504183292375 1.0000000180025095e-35 0.046606576070189483 -74.675922393798814 0.4563125222921372 2.8427296876907353 25.900826454162601 -0.17635922878980634 1.0000000180025095e-35 19.500000000000004 -0.024468470364809033 0.083851836621761336 2.5000000000000004 1.5000000000000002 -0.4680743515491485 0.35876150429248815 0.21970647573471072 0.34901019930839544 0.020840294659137729 17.07499980926514 1.0000000180025095e-35 5.0000000000000009
decision_type=2 2 2 2 2 2 2 2 2 2 2 2 2 2 2 2 2 2 2 2 2 2 2 2 2 2 2 2 2 2
left_child=1 6 3 5 -5 -3 7 9 14 -1 -10 -9 13 -4 -8 16 17 19 -19 -2 22 -22 -18 27 26 -26 -25 29 -29 -17
right_child=15 2 12 4 -6 -7 8 11 10 -11 -12 -13 -14 -15 -16 23 20 18 -20 -21 21 -23 -24 24 25 -27 -28 28 -30 -31
leaf_value=1.2154093499382535e-06 -0.0001131879850119171 1.5135138725493258e-07 -2.5470136574170541e-07 -4.361685939115743e-10 -4.1289951837818894e-05 -4.361685939115743e-10 -0.00039657945565918143 0.0039375414026791107 0.0012219750125842959 -2.3199304111582329e-06 -0.00018232741543806102 0.00056826918257823318 0.00041836476718784738 -1.7788135333247477e-05 -0.00045973403628301636 9.2683241889368107e-06 -0.00042519622708459985 -0.0013314749000299837 0.00024331361086911559 0.00020727502910074941 0.0013316300757919019 2.6974558692567134e-05 -4.0913174400638094e-06 1.5700073135533656e-05 0.00037412987243061973 0.001134749250897752 0.0004538412691918882 3.0169142607094579e-05 -0.0001587244749532488 0.00049969196592968088
leaf_weight=8341 4789 7036 7412 20531 2294 3302 40 31 44 10844 72 97 32 837 36 27542 1511 315 211 1334 822 3087 29132 7902 454 70 1522 6988 6717 496
leaf_count=8341 4789 7036 7412 20531 2294 3302 40 31 44 10844 72 97 32 837 36 27542 1511 315 211 1334 822 3087 29132 7902 454 70 1522 6988 6717 496
internal_value=-0.00199898 -0.00501034 -0.00726402 -0.00902587 -0.0122004 -0.00201683 -0.000221738 -0.000154041 -0.00703125 -0.000233255 -0.000431034 0.0117188 -0.000208308 -0.000251546 -0.0171053 -2.31452e-05 -0.00021298 -0.00125207 -0.00865019 -0.000616528 -1.30238e-05 0.00193784 -0.000261887 0.000128165 0.000934861 0.00572519 0.000668506 -6.40826e-05 -0.000727837 0.000260361
internal_weight=153841 60949 41444 33163 22825 10338 19505 19313 192 19185 116 128 8281 8249 76 92892 41201 6649 526 6123 34552 3909 30643 51691 9948 524 9424 41743 13705 28038
internal_count=153841 60949 41444 33163 22825 10338 19505 19313 192 19185 116 128 8281 8249 76 92892 41201 6649 526 6123 34552 3909 30643 51691 9948 524 9424 41743 13705 28038
is_linear=0
shrinkage=0.05


Tree=288
num_leaves=31
num_cat=0
split_feature=4 3 24 32 25 0 22 21 2 2 1 39 2 1 1 38 38 37 38 37 2 25 38 38 7 3 37 12 7 34
split_gain=369.677 258.047 119.023 71.2684 43.9686 24.9997 27.767 10.8753 3.52384 6.42094 5.10648 3.10819 2.82617 2.71627 2.57092 1.02801 5.00931 8.42913 13.8259 6.3225 10.9518 10.6176 6.29932 2.87543 10.9902 5.1824 4.61974 2.28668 4.52393 4.27797
threshold=1.0000000180025095e-35 -0.10210046172142027 2.5000000000000004 14.500000000000002 0.0050568901933729657 -0.12748190760612485 0.069670796394348158 0.97499999403953563 0.51574569940567028 0.3874464631080628 -0.077038504183292375 1.9768069386482241 -0.050265831872820847 0.042569207027554519 0.046606576070189483 0.13058479875326159 0.14686369150877002 1.0000000180025095e-35 0.13182542473077777 1.0000000180025095e-35 0.11006521806120874 0.34901019930839544 0.13182542473077777 0.11103353276848794 0.070788152515888228 -0.377222329378128 1.0000000180025095e-35 -0.20798724144697187 0.0071893711574375638 5.0000000000000009
decision_type=2 2 2 2 2 2 2 2 2 2 2 2 2 2 2 2 2 2 2 2 2 2 2 2 2 2 2 2 2 2
left_child=1 8 3 4 -3 7 -7 -4 9 12 -10 -5 -1 -11 -12 23 17 22 -19 20 -18 -21 -17 27 25 -25 -26 29 -29 -2
right_child=15 2 5 11 -6 6 -8 -9 10 13 14 -13 -14 -15 -16 16 19 18 -20 21 -22 -23 -24 24 26 -27 -28 28 -30 -31
leaf_value=-2.0123379867588586e-06 -2.9308768078897689e-05 -4.1436016421599559e-10 -4.1436016421599559e-10 0.00038553198180254561 -4.1436016421599559e-10 -4.1436016421599559e-10 -4.1436016421599559e-10 -4.1436016421599559e-10 -0.00040618071461397077 0.0019958497896510911 0.0011608762619550812 -0.00030691566866122085 4.4123271047385265e-07 0.00017337656193166311 -0.00017321104466615794 -0.00055576279338504636 -2.5975463467860574e-05 0.0015769828850565857 0.00028338181744536636 -0.00015071781397299147 0.00067990207968351654 0.00033236200246149 4.7975935529199695e-05 -0.0004681064877626498 -0.00042952311600158791 2.7205314076984887e-05 -0.001192159113560934 -6.3013772196671069e-05 3.0455617206316331e-05 0.00057451915164025223
leaf_weight=7399 35850 1955 1404 1039 14798 2083 19030 630 76 72 44 505 11786 56 72 127 2031 149 656 4298 1116 701 437 341 41 1364 79 3789 40676 1237
leaf_count=7399 35850 1955 1404 1039 14798 2083 19030 630 76 72 44 505 11786 56 72 127 2031 149 656 4298 1116 701 437 341 41 1364 79 3789 40676 1237
internal_value=-0.00200743 -0.00503331 -0.00726523 -0.010279 -0.0112263 -0.00488292 -0.0043729 -0.010177 -0.000290951 -0.000223942 -0.00703125 0 -0.00029841 0.0109375 -0.000431034 -2.20686e-05 0.00047031 0.00326881 0.0065528 0 0.00175564 -0.00110522 -0.00141844 -7.8259e-05 -0.0020411 -0.00101173 -0.0166667 -3.43339e-05 0.000207467 -0.000324238
internal_weight=153841 60949 41444 18297 16753 23147 21113 2034 19505 19313 192 1544 19185 128 116 92892 9515 1369 805 8146 3147 4999 564 83377 1825 1705 120 81552 44465 37087
internal_count=153841 60949 41444 18297 16753 23147 21113 2034 19505 19313 192 1544 19185 128 116 92892 9515 1369 805 8146 3147 4999 564 83377 1825 1705 120 81552 44465 37087
is_linear=0
shrinkage=0.05


Tree=289
num_leaves=30
num_cat=0
split_feature=4 3 24 32 25 14 32 25 1 2 2 1 1 2 1 3 25 2 9 22 22 3 2 1 14 25 2 21 3
split_gain=365.183 265.283 119.506 69.6332 43.9686 23.7398 24.9036 4.51313 2.98823 2.63006 6.23176 5.23869 2.98641 2.30643 2.03005 1.01589 2.24029 2.70533 2.07103 2.02942 1.73008 1.3567 3.39905 8.20201 4.32396 1.53514 8.65811 1.7501 0.802222
threshold=1.0000000180025095e-35 -0.10210046172142027 2.5000000000000004 14.500000000000002 0.0050568901933729657 -1.0000000180025095e-35 10.500000000000002 0.0044128096196800479 -0.017992522567510601 0.5375255048274995 0.3874464631080628 -0.077038504183292375 0.042569207027554519 -0.85274317860603321 0.046606576070189483 0.4791549444198609 0.10632364451885225 0.52610191702842724 0.032985167577862747 0.33281715214252477 0.17205929011106494 0.31943830847740179 0.20526921004056933 -0.117021307349205 1.0000000180025095e-35 0.0011225953348912301 -0.090535875409841524 0.97499999403953563 -1.7320105433464048
decision_type=2 2 2 2 2 2 2 2 2 2 2 2 2 2 2 2 2 2 2 2 2 2 2 2 2 2 2 2 2
left_child=1 9 3 4 -3 7 -7 -4 -5 10 13 28 -12 -1 -13 21 18 20 -17 -19 -18 25 23 -23 -24 26 -2 -27 -11
right_child=15 2 5 8 -6 6 -8 -9 -10 11 12 14 -14 -15 -16 16 17 19 -20 -21 -22 22 24 -25 -26 27 -28 -29 -30
leaf_value=-7.6193903488983722e-05 -0.00030420688274220166 -3.9364215600519586e-10 -8.2034184070778836e-05 -0.00027156509847410363 -3.9364215600519586e-10 -3.9364215600519586e-10 2.5336883508162226e-05 2.1856288770946353e-05 0.0004119008857080305 -0.000416438298738167 0.0018708237938271435 0.0011028324488573272 0.0001362986700190097 -3.8335597971686889e-08 -0.00015490713514557529 0.0003524630703610029 -8.9162027883794511e-06 -0.00015613235946173597 0.0013536388769812705 0.0009499667370196003 -0.00072387592610445974 -0.00022000975221857902 -0.00016747428754566309 0.00047856439766324116 0.00041181767947341187 1.0069908634312114e-05 0.000161708481917279 -2.3736824036482002e-05 -0.00032100418430422233
leaf_weight=979 544 1955 84 790 14798 19191 1755 2117 754 45 73 44 57 18206 71 54 57 74 41 94 44 222 3189 239 297 55991 2997 29049 30
leaf_count=979 544 1955 84 790 14798 19191 1755 2117 754 45 73 44 57 18206 71 54 57 74 41 94 44 222 3189 239 297 55991 2997 29049 30
internal_value=-0.00199963 -0.00500706 -0.00727005 -0.0102899 -0.0112263 -0.00488292 -0.00540199 5.67924e-05 -0.000129534 -0.000198667 -0.000141082 -0.00605263 0.0107692 -0.000215012 0.000652174 -2.63747e-05 0.00260989 0.00027881 0.00921053 0.00416667 -0.00618812 -3.67456e-05 -0.000943755 0.00309111 -0.00147734 3.66896e-06 0.00102372 -3.88053e-05 -0.0163333
internal_weight=153841 60949 41444 18297 16753 23147 20946 2201 1544 19505 19315 190 130 19185 115 92892 364 269 95 168 101 92528 3947 461 3486 88581 3541 85040 75
internal_count=153841 60949 41444 18297 16753 23147 20946 2201 1544 19505 19315 190 130 19185 115 92892 364 269 95 168 101 92528 3947 461 3486 88581 3541 85040 75
is_linear=0
shrinkage=0.05


Tree=290
num_leaves=31
num_cat=0
split_feature=4 3 13 13 32 13 2 2 1 13 13 22 1 22 13 0 34 38 38 39 32 32 34 32 0 38 2 12 32 13
split_gain=366.097 265.555 205.584 294.98 149.847 37.7247 2.84027 5.48273 5.23231 2.51589 2.29826 1.56829 4.147 1.53962 1.40409 1.07406 7.83118 16.3585 11.8195 11.5902 7.44749 6.04578 4.77223 8.31677 17.6556 7.70016 4.83527 5.35796 4.74472 1.00669
threshold=1.0000000180025095e-35 -0.10210046172142027 12.92698907852173 -4.518629550933837 14.500000000000002 -13.842182159423826 0.51574569940567028 0.43497334420681005 -0.077038504183292375 82.594810485839858 -724.15209960937489 0.057398274540901191 -0.031756978482007973 0.064333289861679091 25.900826454162601 0.087825670838356032 1.0000000180025095e-35 0.6600414812564851 0.4563125222921372 0.21249725669622424 8.5000000000000018 2.5000000000000004 1.0000000180025095e-35 19.500000000000004 -0.029319409281015393 0.081347413361072554 0.30101968348026281 0.88589596748352062 2.5000000000000004 11.445493221282961
decision_type=2 2 2 2 2 2 2 2 2 2 2 2 2 2 2 2 2 2 2 2 2 2 2 2 2 2 2 2 2 2
left_child=1 6 3 5 -5 -3 7 10 14 -10 -1 12 -4 -13 -8 22 17 19 21 -17 -20 -18 23 25 -25 -2 28 -28 -24 -19
right_child=15 2 11 4 -6 -7 8 -9 9 -11 -12 13 -14 -15 -16 16 18 29 20 -21 -22 -23 26 24 -26 -27 27 -29 -30 -31
leaf_value=0.0014235005141207729 -7.6966414013763913e-05 1.4382421800819703e-07 2.3536306354839852e-05 -3.7396004820493601e-10 -3.510084955849497e-05 -3.7396004820493601e-10 -0.00034039123793031271 0.0044581345395005474 0.00069481793195293152 -0.00074326965094388762 -4.6800534600911489e-07 -2.3688270187030648e-05 -7.0164436425267552e-07 -3.7770604199834399e-06 -0.00039561638380125863 7.0176391472123652e-05 -4.5591347845728476e-05 -0.00060999574200560009 0.0011638302143831701 0.00067313627637526205 -0.00083427980145334916 -0.00040319137100278818 8.554858806525054e-07 -0.0011899177391014146 0.00013113494284252726 0.00013498666767782381 0.00055957436326595222 -0.00025216260969111433 0.00017849560740248668 -0.0011242031584330421
leaf_weight=71 7307 7036 111 20531 2294 3302 40 39 68 48 19203 155 326 7689 36 2818 19892 36 314 992 39 2309 48347 337 401 1968 1386 274 6425 47
leaf_count=71 7307 7036 111 20531 2294 3302 40 39 68 48 19203 155 326 7689 36 2818 19892 36 314 992 39 2309 48347 337 401 1968 1386 274 6425 47
internal_value=-0.00199833 -0.00500952 -0.00727367 -0.00903341 -0.012207 -0.0020265 -0.000198667 -0.000138508 -0.00625 0.000431034 -0.000176403 -0.000226422 0.00268879 -0.000388832 -0.0164474 -2.26069e-05 -0.000292094 0.00177883 -0.000649552 0.00225722 0.00842776 -0.000793883 8.46565e-05 -0.000921302 -0.00602981 -0.000514825 0.000263149 0.00292169 0.000182575 -0.0201807
internal_weight=153841 60949 41444 33163 22825 10338 19505 19313 192 116 19274 8281 437 7844 76 92892 26447 3893 22554 3810 353 22201 66445 10013 738 9275 56432 1660 54772 83
internal_count=153841 60949 41444 33163 22825 10338 19505 19313 192 116 19274 8281 437 7844 76 92892 26447 3893 22554 3810 353 22201 66445 10013 738 9275 56432 1660 54772 83
is_linear=0
shrinkage=0.05


Tree=291
num_leaves=30
num_cat=0
split_feature=4 3 13 13 32 13 2 2 1 1 22 13 22 22 22 4 13 18 22 9 9 7 25 25 1 22 13 4 22
split_gain=364.3 268.244 205.021 294.98 149.847 37.7247 2.87164 5.46304 3.96915 2.57092 2.28107 1.62792 1.27526 2.86931 2.4392 1.21767 1.88685 2.12715 2.50635 1.95322 3.72706 1.56961 4.51201 3.04462 2.85056 1.1008 2.75332 1.12344 1.04281
threshold=1.0000000180025095e-35 -0.10210046172142027 12.92698907852173 -4.518629550933837 14.500000000000002 -13.842182159423826 0.51574569940567028 0.43497334420681005 -0.077038504183292375 0.046606576070189483 1.5194970965385439 112.09263229370119 0.028086829930543903 0.057398274540901191 0.02285436820238829 80.049999237060561 2735.9919433593755 12035.946777343752 0.3493716567754746 0.040844129398465163 0.2343661114573479 0.1908216327428818 0.26290057599544531 0.10777691379189493 -0.40616120398044581 2.2804714441299443 1987.2608032226565 8.5250000953674334 0.37806601822376257
decision_type=2 2 2 2 2 2 2 2 2 2 2 2 2 2 2 2 2 2 2 2 2 2 2 2 2 2 2 2 2
left_child=1 6 3 5 -5 -3 7 10 11 -10 -1 -8 14 -14 -4 21 17 18 -17 -18 -21 25 23 -23 -24 27 -27 -2 -19
right_child=15 2 12 4 -6 -7 8 -9 9 -11 -12 -13 13 -15 -16 16 19 28 -20 20 -22 22 24 -25 -26 26 -28 -29 -30
leaf_value=-1.3018550772646799e-08 1.3756756863411713e-05 1.3663300710778717e-07 6.6503063895881626e-06 -3.5526204579468925e-10 -3.3345807080570161e-05 -3.5526204579468925e-10 -0.00032515078300417762 0.0042352278125255202 0.0010129499298168144 -0.00015862257721689052 -4.5670058725819294e-05 -0.00037583556461119567 1.7875431238409061e-05 -4.9995444224635427e-06 -0.00017478479389052175 -1.2926029288565979e-05 0.0012502043407732442 -0.0010732349112424473 -0.0005778383296196572 -0.0012711916936069935 0.0008891024550033718 0.00033119518356736249 -0.001385092847195085 0.0014821359625386513 0.00054697539058926601 -6.1317956528439757e-05 -0.00068260296426666395 -1.2793621653868493e-05 -0.0003650237521673608
leaf_weight=18248 39835 7036 46 20531 2294 3302 43 39 44 72 1026 33 356 7844 35 636 36 40 116 37 36 293 160 299 111 675 48 50539 31
leaf_count=18248 39835 7036 46 20531 2294 3302 43 39 44 72 1026 33 356 7844 35 636 36 40 116 37 36 293 160 299 111 675 48 50539 31
internal_value=-0.0019967 -0.00500049 -0.00727608 -0.00903341 -0.012207 -0.0020265 -0.000165342 -0.000104852 -0.00625 -0.000431034 -0.000142679 -0.0151316 -0.000238498 -0.000176829 -0.00648148 -2.58365e-05 -0.00182403 -0.00264277 -0.0018617 0.0043578 -0.000342466 -7.61201e-06 0.00211472 0.00456081 -0.00322878 -2.77177e-05 -0.00197095 -1.21716e-05 -0.0109155
internal_weight=153841 60949 41444 33163 22825 10338 19505 19313 192 116 19274 76 8281 8200 81 92892 932 823 752 109 73 91960 863 592 271 91097 723 90374 71
internal_count=153841 60949 41444 33163 22825 10338 19505 19313 192 116 19274 76 8281 8200 81 92892 932 823 752 109 73 91960 863 592 271 91097 723 90374 71
is_linear=0
shrinkage=0.05


Tree=292
num_leaves=31
num_cat=0
split_feature=4 13 13 32 13 13 14 13 2 25 14 1 0 20 1 0 13 13 14 7 34 1 25 0 1 0 14 0 18 2
split_gain=364.495 153.132 318.472 120.185 135.656 46.0037 11.57 7.11844 6.75516 6.58503 4.44767 3.25152 4.76648 2.41415 2.26667 2.26286 1.04898 6.681 6.34294 6.80822 8.82689 4.72679 6.12546 5.32339 4.43293 3.9264 7.42533 5.17402 2.93241 3.06045
threshold=1.0000000180025095e-35 -8.9208893775939924 0.00075226789808231222 10.500000000000002 -3.1982231058912292e-14 12.92698907852173 1.0000000180025095e-35 -13.842182159423826 0.18755997717380526 0.074423011392354979 -1.0000000180025095e-35 -0.017992522567510601 0.17160026729106906 -1.0000000180025095e-35 0.34781159460544592 0.52061906456947338 -13.842182159423826 4.2208924293518075 1.0000000180025095e-35 0.070788152515888228 2.5000000000000004 -0.20879256725311277 1.0000000180025095e-35 0.19088836759328845 0.30820107460021978 -0.20431675016880033 1.0000000180025095e-35 -0.2909999787807464 360.11688232421881 0.075468350201845183
decision_type=2 2 2 2 2 2 2 2 2 2 2 2 2 2 2 2 2 2 2 2 2 2 2 2 2 2 2 2 2 2
left_child=1 7 3 4 -3 6 -4 11 10 -5 -9 12 -1 -13 -10 -7 18 28 21 24 -21 23 -23 -2 -20 27 -27 -19 29 -18
right_child=16 2 5 9 -6 15 -8 8 14 -11 -12 13 -14 -15 -16 -17 17 25 19 20 -22 22 -24 -25 -26 26 -28 -29 -30 -31
leaf_value=-6.6819624339337693e-06 -4.1935275192592215e-05 -3.3749894350495477e-10 -3.3749894350495477e-10 0.0004182011157793594 -3.3749894350495477e-10 -2.1360122601775914e-06 2.0333050819380731e-06 0.00072304620972394327 -3.3749894350495477e-10 -0.00036357472434615383 -3.3749894350495477e-10 1.298013567523978e-07 -0.00014750275879503645 0.00029536048823740996 -3.3749894350495477e-10 -2.7554823521255574e-05 -4.8534138108293329e-05 4.2762494483789691e-05 7.1093553436150239e-05 -0.00038998988123934797 0.0024988816171876982 0.0004195334985303048 2.1932868727997727e-05 -0.00042349210785467986 0.001544083177501305 1.4930480011244793e-05 -9.6214630422585348e-05 0.00035921959016039541 2.9924655576389714e-05 -0.00017721990757922301
leaf_weight=9425 17797 9646 8061 1401 11701 12721 925 136 459 905 1567 2045 427 998 85 447 2634 4665 2925 130 324 674 19454 438 31 30544 8331 1647 1111 2187
leaf_count=9425 17797 9646 8061 1401 11701 12721 925 136 459 905 1567 2045 427 998 85 447 2634 4665 2925 130 324 674 19454 438 31 30544 8331 1647 1111 2187
internal_value=-0.00199508 -0.00499967 -0.00644061 -0.0104754 -0.0116468 -0.0021328 -0.00489094 -0.000640602 -0.00323765 0.000368604 -0.0016882 -0.000188057 -0.000629314 0.00124055 -0.00808824 -0.000250608 -2.36834e-05 -0.000175571 0.000162186 0.00222874 0.00792952 -2.15051e-05 0.000506757 -0.000604607 0.00135318 3.15356e-05 -0.00015627 0.00118821 -0.0017532 -0.00228687
internal_weight=153841 60949 45807 23653 21347 22154 8986 15142 2247 2306 1703 12895 9852 3043 544 13168 92892 51119 41773 3410 454 38363 20128 18235 2956 45187 38875 6312 5932 4821
internal_count=153841 60949 45807 23653 21347 22154 8986 15142 2247 2306 1703 12895 9852 3043 544 13168 92892 51119 41773 3410 454 38363 20128 18235 2956 45187 38875 6312 5932 4821
is_linear=0
shrinkage=0.05


Tree=293
num_leaves=28
num_cat=0
split_feature=4 3 13 13 32 13 2 2 1 37 1 13 4 12 34 20 34 3 25 2 9 3 34 2 0 34 2
split_gain=365.167 267.676 206.996 294.673 148.879 37.8184 2.8668 5.46607 3.96915 3.0792 2.57092 1.62792 1.09347 2.00731 1.44997 1.3758 1.08606 1.08414 2.45917 2.74835 2.56598 1.26912 3.72224 1.52251 1.08078 4.18032 2.52441
threshold=1.0000000180025095e-35 -0.10210046172142027 12.92698907852173 -4.518629550933837 14.500000000000002 -13.842182159423826 0.51574569940567028 0.43497334420681005 -0.077038504183292375 1.0000000180025095e-35 0.046606576070189483 112.09263229370119 146.77500152587893 -0.4871304184198379 1.5000000000000002 -1.0000000180025095e-35 3.5000000000000004 0.4791549444198609 0.10632364451885225 0.52610191702842724 0.032985167577862747 0.31943830847740179 2.5000000000000004 0.48264084756374365 -0.04626913554966449 1.0000000180025095e-35 0.13099563121795657
decision_type=2 2 2 2 2 2 2 2 2 2 2 2 2 2 2 2 2 2 2 2 2 2 2 2 2 2 2
left_child=1 6 3 5 -5 -3 7 9 11 -1 -10 -8 17 14 15 -14 -15 21 20 -20 -19 23 -23 -2 25 -4 -26
right_child=12 2 24 4 -6 -7 8 -9 10 -11 -12 -13 13 16 -16 -17 -18 18 19 -21 -22 22 -24 -25 26 -27 -28
leaf_value=1.2812406314641315e-06 -2.6864605301518686e-06 1.2331128891477793e-07 -0.00011781631595929044 -3.2062399632970704e-10 -3.9463481856815562e-05 -3.2062399632970704e-10 -0.00030151810591421693 0.0040235732225122533 0.00096967757126572543 -1.9064316432701802e-06 -0.0001500058228019334 -0.00035566604520457308 -0.00044445749556455835 0.0001228355988544525 -0.00042191678523472028 0.00018960099283045554 -0.00036036372709460435 0.00034097758182628128 -0.00040098367431615933 0.00055461275293163458 0.0015039724976219785 -0.0001370929336549173 0.00019895099784136215 7.8603983542802763e-05 1.399700202631884e-05 -9.0523738479824265e-06 -9.3853026943411404e-06
leaf_weight=8368 82115 7036 143 20531 2294 3302 43 39 44 10906 72 33 41 50 54 32 55 54 101 162 38 2940 953 6297 2424 1047 4667
leaf_count=8368 82115 7036 143 20531 2294 3302 43 39 44 10906 72 33 41 50 54 32 55 54 101 162 38 2940 953 6297 2424 1047 4667
internal_value=-0.00199313 -0.00500049 -0.00727367 -0.00903944 -0.0122114 -0.00203618 -0.000170469 -0.00011003 -0.00625 -0.000147868 -0.000431034 -0.0151316 -1.99156e-05 -0.00344828 -0.00767717 -0.00308219 0.00166667 -1.13318e-05 0.00274648 0.000285171 0.00978261 -2.19381e-05 -0.000905471 1.6966e-05 -0.00020227 -0.00159664 3.17304e-05
internal_weight=153841 60949 41444 33163 22825 10338 19505 19313 192 19274 116 76 92892 232 127 73 105 92660 355 263 92 92305 3893 88412 8281 1190 7091
internal_count=153841 60949 41444 33163 22825 10338 19505 19313 192 19274 116 76 92892 232 127 73 105 92660 355 263 92 92305 3893 88412 8281 1190 7091
is_linear=0
shrinkage=0.05


Tree=294
num_leaves=27
num_cat=0
split_feature=4 13 13 13 32 13 39 39 0 24 39 2 22 13 22 10 10 22 4 0 34 34 12 0 39 22
split_gain=365.645 154.369 312.172 113.735 122.709 20.236 18.9542 12.6057 3.04257 1.56936 3.37005 5.98276 1.56324 3.95541 2.34233 1.1041 1.48477 3.91247 5.23448 1.36954 7.24052 3.76113 1.27559 1.06454 0.719479 1.0771
threshold=1.0000000180025095e-35 12.92698907852173 -3.4262548685073848 0.00075226789808231222 10.500000000000002 -13.842182159423826 3.0046374797821049 0.81853067874908458 0.64177870750427257 1.5000000000000002 4.0603854656219491 0.28701515495777136 0.10713599249720575 74.646423339843764 0.18120648711919787 0.99972870945930492 0.82449445128440868 0.14130210131406787 27.57499980926514 0.087825670838356032 1.0000000180025095e-35 1.0000000180025095e-35 0.89308893680572521 -0.3860360980033874 0.58535233139991771 0.32099767029285436
decision_type=2 2 2 2 2 2 2 2 2 2 2 2 2 2 2 2 2 2 2 2 2 2 2 2 2 2
left_child=1 2 5 4 -4 8 -7 -5 -1 10 11 -3 13 -11 -14 16 19 22 -19 21 -21 -2 -18 -17 25 -25
right_child=15 9 3 7 -6 6 -8 -9 -10 12 -12 -13 14 -15 -16 23 17 18 -20 20 -22 -23 -24 24 -26 -27
leaf_value=-5.236886413491404e-06 -5.2902009340164414e-05 -4.076083074968097e-05 -3.0459279651322169e-10 -3.0459279651322169e-10 8.5554904685801805e-06 -3.0459279651322169e-10 -3.0459279651322169e-10 -3.0459279651322169e-10 0.00025336203547340647 1.222256714393329e-05 -0.00010175594098272433 0.00022437180685344418 -5.7499166049341547e-05 -0.0001083910095997271 6.1230482731155283e-06 -0.00093512623514380329 -0.00036283283915195376 0.00030149732589156934 -0.0006598205007268404 0.00016437659767461877 -6.3450476152842887e-05 1.6386505584181378e-05 -1.7299859178842789e-05 -0.00028589732718786048 0.0003826835973961783 9.211150032484789e-05
leaf_weight=12642 9806 1307 18000 5707 2016 5211 673 3279 253 1494 57 287 2447 532 7044 31 127 1181 97 3829 22143 55352 127 112 30 57
leaf_count=12642 9806 1307 18000 5707 2016 5211 673 3279 253 1494 57 287 2447 532 7044 31 127 1181 97 3829 22143 55352 127 112 30 57
internal_value=-0.0019928 -0.00500213 -0.00632312 -0.0095752 -0.0116732 -0.00130065 -0.00373046 -0.00490207 -0.000191935 -0.00020884 -0.00165051 -0.00122334 -2.1707e-06 0.00125864 -0.00027131 -1.83008e-05 -9.71272e-06 0.00153394 0.00266041 -3.56633e-05 -0.000342677 8.67123e-05 -0.00413386 -0.00347826 -0.00213568 -0.00340237
internal_weight=153841 60949 47781 29002 20016 18779 5884 8986 12895 13168 1651 1594 11517 2026 9491 92892 92662 1532 1278 91130 25972 65158 254 230 199 169
internal_count=153841 60949 47781 29002 20016 18779 5884 8986 12895 13168 1651 1594 11517 2026 9491 92892 92662 1532 1278 91130 25972 65158 254 230 199 169
is_linear=0
shrinkage=0.05


Tree=295
num_leaves=27
num_cat=0
split_feature=5 3 13 13 32 13 2 2 21 3 1 25 0 22 22 22 13 0 25 3 1 13 22 14 0 39
split_gain=367.494 267.608 208.199 291.043 148.879 36.7487 3.10255 5.47364 4.21359 2.96408 2.37008 1.29434 5.0054 2.22019 1.24081 1.05838 2.77874 2.32515 2.22862 1.10233 7.39552 6.59999 4.96652 8.45662 7.21265 4.11467
threshold=1.0000000180025095e-35 -0.10210046172142027 12.92698907852173 -4.518629550933837 14.500000000000002 -13.842182159423826 0.51574569940567028 0.43497334420681005 0.47499999403953558 -1.3293060660362241 -0.10752514749765395 0.026541807688772682 0.070591352880001082 0.43352334201335913 0.57745811343193065 2.2804714441299443 1987.2608032226565 -0.010272690560668705 0.50130507349967968 -0.27034932374954218 -0.44882750511169428 17.054659843444828 0.2075925096869469 1.0000000180025095e-35 -0.065302174538373933 -3.7374238967895503
decision_type=2 2 2 2 2 2 2 2 2 2 2 2 2 2 2 2 2 2 2 2 2 2 2 2 2 2
left_child=1 6 3 5 -5 -3 7 10 14 -10 -1 12 -4 -13 -8 19 17 18 -17 22 21 -21 24 -24 -2 -22
right_child=15 2 11 4 -6 -7 8 -9 9 -11 -12 13 -14 -15 -16 16 -18 -19 -20 20 25 -23 23 -25 -26 -27
leaf_value=4.4253691898061863e-08 -0.0001530326124992675 -1.0529748001720099e-06 -1.0963026346002823e-05 -2.8936315668756055e-10 -3.7704187410869501e-05 -2.8936315668756055e-10 -7.8968713283965496e-05 0.0038220884089729848 -0.00042563617327177634 1.4550991000598614e-05 -1.9809268635006906e-06 -9.0278733374682599e-06 0.00039610539988781671 5.9526098806962313e-05 0.0016898914310427048 4.4131952226491872e-05 -0.00065772791317609256 0.0010360811246065812 -0.00023325524565430726 -0.00044983771820456545 -0.00025055078707790171 7.1916751419584196e-05 8.0465495757887053e-06 0.00023359940119469896 2.2072661191022572e-05 1.5687666802979845e-06
leaf_weight=15664 1500 7036 1073 20531 2294 3302 33 39 79 32 3610 5971 698 539 48 328 48 53 303 1791 325 993 20858 4440 1965 60288
leaf_count=15664 1500 7036 1073 20531 2294 3302 33 39 79 32 3610 5971 698 539 48 328 48 53 303 1791 325 993 20858 4440 1965 60288
internal_value=-0.00199833 -0.00501526 -0.00728815 -0.00905904 -0.0122114 -0.00209905 -0.00018585 -0.000122974 -0.00651042 -0.0128378 -0.000160838 -0.000196232 0.00100226 -0.000522273 0.00216049 -1.88391e-05 -0.00191257 -0.00109649 -0.00194136 -3.79774e-06 -0.000120274 -0.00264009 0.000252929 0.000496087 -0.00152237 -4.53698e-06
internal_weight=153841 60949 41444 33163 22825 10338 19505 19313 192 111 19274 8281 1771 6510 81 92892 732 684 631 92160 63397 2784 28763 25298 3465 60613
internal_count=153841 60949 41444 33163 22825 10338 19505 19313 192 111 19274 8281 1771 6510 81 92892 732 684 631 92160 63397 2784 28763 25298 3465 60613
is_linear=0
shrinkage=0.05


Tree=296
num_leaves=31
num_cat=0
split_feature=5 13 13 13 32 13 39 39 32 2 2 25 24 13 25 21 25 38 39 25 34 11 38 10 0 38 9 1 25 25
split_gain=367.74 151.041 308.471 113.979 122.395 19.7073 18.9542 12.3671 3.05387 2.45467 4.31601 4.2023 1.94032 3.23019 2.11586 1.93346 1.03308 5.23392 5.41001 5.44155 4.94102 4.0501 4.2124 2.72739 2.61403 5.69292 5.00906 3.70029 8.9729 4.39487
threshold=1.0000000180025095e-35 12.92698907852173 -3.4262548685073848 0.00075226789808231222 10.500000000000002 -13.842182159423826 3.0046374797821049 0.81853067874908458 2.5000000000000004 0.58073779940605175 0.61745002865791332 0.19745174050331118 1.5000000000000002 40.359184265136726 0.091730494052171721 0.47499999403953558 0.2751480787992478 -0.16173593699932096 -5.2819278240203849 1.141688406467438 3.5000000000000004 0.89065662026405346 -0.1715494021773338 0.66694399714469921 0.55615735054016124 0.8683454990386964 0.27571810781955725 0.027129234746098522 0.088508497923612608 0.053690373897552497
decision_type=2 2 2 2 2 2 2 2 2 2 2 2 2 2 2 2 2 2 2 2 2 2 2 2 2 2 2 2 2 2
left_child=1 2 5 4 -4 8 -7 -5 -1 12 15 -12 13 -3 -14 -11 24 21 19 -19 -20 22 -18 -23 27 26 -26 29 -29 -2
right_child=16 9 3 7 -6 6 -8 -9 -10 10 11 -13 14 -15 -16 -17 17 18 20 -21 -22 23 -24 -25 25 -27 -28 28 -30 -31
leaf_value=-6.52608656514476e-06 -2.4805870771770066e-05 -3.2273970854019493e-05 -2.7489499885318249e-10 -2.7489499885318249e-10 1.0012925315694769e-05 -2.7489499885318249e-10 -2.7489499885318249e-10 -2.7489499885318249e-10 0.00027487710073602329 -2.766562711149583e-05 -1.9335744811959517e-05 0.00046077727003902488 -1.0762716591318635e-05 1.1609539042293461e-05 1.9091280123758551e-05 -0.0003847413339180793 -0.00031861821812845893 0.00082170672747172127 -3.7758381581438037e-05 -0.00015614514261718499 0.00020134984898596416 0.00042116932789424864 -0.00092774778187936337 -0.0012672232825956297 -7.4150774661406462e-06 0.0027980022904442853 0.00042810763653555186 3.1554872767097962e-05 -0.0001810949879432691 4.1546155152893434e-05
leaf_weight=11859 19242 757 18000 5707 2016 5211 673 3279 1036 52 341 145 5896 862 5062 53 852 152 17926 58 3989 237 126 38 1683 30 717 6435 5121 36286
leaf_count=11859 19242 757 18000 5707 2016 5211 673 3279 1036 52 341 145 5896 862 5062 53 852 152 17926 58 3989 237 126 38 1683 30 717 6435 5121 36286
internal_value=-0.0020006 -0.00501854 -0.00632521 -0.00955796 -0.0116582 -0.00133261 -0.00373046 -0.00487981 -0.000238465 -0.000277187 -0.0034264 -0.00144033 -0.000129204 -0.0017449 0.000109509 -0.012619 -2.04539e-05 -0.000307982 -0.000129944 0.00785714 -0.00020648 -0.00345172 -0.0049591 0.00190909 7.62436e-05 0.00168724 0.00141667 1.7888e-05 -0.000796123 0.000187293
internal_weight=153841 60949 47781 29002 20016 18779 5884 8986 12895 13168 591 486 12577 1619 10958 105 92892 23378 22125 210 21915 1253 978 275 69514 2430 2400 67084 11556 55528
internal_count=153841 60949 47781 29002 20016 18779 5884 8986 12895 13168 591 486 12577 1619 10958 105 92892 23378 22125 210 21915 1253 978 275 69514 2430 2400 67084 11556 55528
is_linear=0
shrinkage=0.05


Tree=297
num_leaves=27
num_cat=0
split_feature=5 3 13 13 32 13 2 2 21 3 37 22 22 1 22 3 13 14 0 0 25 32 13 13 0 18
split_gain=367.215 270.365 204.949 291.6 148.879 36.9123 3.12775 4.81655 4.21359 2.96408 2.47573 1.24081 1.14762 3.71828 1.53167 1.03293 2.11153 1.47087 1.27128 1.16692 6.17595 8.40898 4.90539 3.90596 4.28523 3.00756
threshold=1.0000000180025095e-35 -0.10210046172142027 12.92698907852173 -4.518629550933837 14.500000000000002 -13.842182159423826 0.51574569940567028 0.4156948477029801 0.47499999403953558 -1.3293060660362241 1.0000000180025095e-35 0.57745811343193065 0.057398274540901191 -0.031756978482007973 0.064333289861679091 0.50493973493576061 78.585456848144545 -1.0000000180025095e-35 0.69536349177360546 0.25926521420478826 0.10068949684500696 27.500000000000004 14137.622558593752 19835.107421875004 0.17160026729106906 -13795.140624999998
decision_type=2 2 2 2 2 2 2 2 2 2 2 2 2 2 2 2 2 2 2 2 2 2 2 2 2 2
left_child=1 6 3 5 -5 -3 7 10 11 -10 -1 -8 13 -4 -14 19 17 -17 -19 23 21 -21 -22 25 -25 -2
right_child=15 2 12 4 -6 -7 8 -9 9 -11 -12 -13 14 -15 -16 16 -18 18 -20 20 22 -23 -24 24 -26 -27
leaf_value=1.3162539174557279e-06 9.688581162076386e-05 -1.2557093116932936e-06 1.9758371290359158e-05 -2.6115024891052341e-10 -3.6069294300843362e-05 -2.6115024891052341e-10 -7.5020263875017279e-05 0.0018579886690143475 -0.00040402806027993031 1.4255661529480329e-05 -1.813293771311806e-06 0.0016057231638188264 -2.2371770155193593e-05 -1.2038132324136875e-06 -3.141036020392653e-06 0.00055544114146952788 0.0015541982179184427 0.00020287226837085068 -0.0013485851560952964 3.7089300531392527e-05 -0.00012867794620851776 0.0022042930162433777 -0.0007624424965663526 0.00036731969403293389 0.0017336409664560294 -5.6212161108199633e-06
leaf_weight=8362 8274 7036 111 20531 2294 3302 33 54 79 32 10897 48 155 326 7689 34 46 43 30 5190 7125 191 341 622 127 70869
leaf_count=8362 8274 7036 111 20531 2294 3302 33 54 79 32 10897 48 155 326 7689 34 46 43 30 5190 7125 191 341 622 127 70869
internal_value=-0.00199865 -0.00501444 -0.00729901 -0.00905603 -0.0122114 -0.00208938 -0.000160215 -9.70849e-05 -0.00651042 -0.0128378 -0.000138896 0.00216049 -0.000262649 0.00223112 -0.000401581 -1.99156e-05 0.00408497 0.000233645 -0.00376712 -2.66878e-05 -0.000468981 0.000822338 -0.00139968 4.4435e-05 0.00363818 1.04242e-05
internal_weight=153841 60949 41444 33163 22825 10338 19505 19313 192 111 19259 81 8281 437 7844 92892 153 107 73 92739 12847 5381 7466 79892 749 79143
internal_count=153841 60949 41444 33163 22825 10338 19505 19313 192 111 19259 81 8281 437 7844 92892 153 107 73 92739 12847 5381 7466 79892 749 79143
is_linear=0
shrinkage=0.05


Tree=298
num_leaves=28
num_cat=0
split_feature=4 3 13 13 32 13 2 13 2 2 3 2 22 0 22 3 25 32 13 8 3 7 37 3 25 13 4
split_gain=370.673 265.725 204.949 291.6 148.879 36.9123 2.35264 4.31734 4.27943 2.37185 2.29657 2.02898 1.14762 3.53993 1.53167 1.11623 1.81243 3.40541 2.06708 1.69095 1.38595 3.38406 2.90754 1.90349 8.93357 1.8094 1.68803
threshold=1.0000000180025095e-35 -0.10210046172142027 12.92698907852173 -4.518629550933837 14.500000000000002 -13.842182159423826 0.51574569940567028 82.594810485839858 0.4156948477029801 -0.050265831872820847 -2.5811635255813594 0.61745002865791332 0.057398274540901191 -0.02291770093142986 0.064333289861679091 0.4791549444198609 0.10632364451885225 2.5000000000000004 -15.922521591186522 0.020411128178238872 0.31943830847740179 0.012775973882526161 1.0000000180025095e-35 0.26020193099975591 0.11511772498488428 -42.552946090698235 73.799999237060561
decision_type=2 2 2 2 2 2 2 2 2 2 2 2 2 2 2 2 2 2 2 2 2 2 2 2 2 2 2
left_child=1 6 3 5 -5 -3 8 11 9 -1 -9 -8 13 -4 -14 20 19 18 -18 -17 23 25 -23 26 -25 -22 -2
right_child=15 2 12 4 -6 -7 7 10 -10 -11 -12 -13 14 -15 -16 16 17 -19 -20 -21 21 22 -24 24 -26 -27 -28
leaf_value=-1.5718043408635039e-06 -1.576810112657607e-07 -1.192923846108629e-06 0.00077523396062808235 -2.480927364649972e-10 -3.4265829585801263e-05 -2.480927364649972e-10 -0.00028729438459607819 -0.00028497704440155151 0.0017650892355636301 6.7194988435906667e-07 -0.00059383062842892278 0.00053095059020615031 -2.1253181647433912e-05 4.8542454765996153e-07 -2.9839842193730377e-06 0.0011671234070632819 -0.00025549287155660489 -0.0010421280275336854 0.00046541370323429184 0.0007391699274256207 -9.6957331057790014e-05 2.7600426431455621e-05 -0.00020644697730410924 0.00056246496373943693 -0.0001509137656053877 0.00020128025713551787 -0.00014289792082763808
leaf_weight=7399 85382 7036 55 20531 2294 3302 35 42 54 11860 39 76 155 382 7689 47 82 33 154 48 266 1159 1895 1095 1281 627 823
leaf_count=7399 85382 7036 55 20531 2294 3302 35 42 54 11860 39 76 155 382 7689 47 82 33 154 48 266 1159 1895 1095 1281 627 823
internal_value=-0.00200418 -0.00503413 -0.00729901 -0.00905603 -0.0122114 -0.00208938 -0.000221738 -0.00572917 -0.000166986 -0.000206397 -0.0145062 0.000675676 -0.000262649 0.00223112 -0.000401581 -1.61478e-05 0.00274725 0.000650558 0.00275424 0.00868421 -2.70188e-05 -0.000943755 -0.00173543 1.38292e-05 0.00140993 0.00176372 -2.46505e-05
internal_weight=153841 60949 41444 33163 22825 10338 19505 192 19313 19259 81 111 8281 437 7844 92892 364 269 236 95 92528 3947 3054 88581 2376 893 86205
internal_count=153841 60949 41444 33163 22825 10338 19505 192 19313 19259 81 111 8281 437 7844 92892 364 269 236 95 92528 3947 3054 88581 2376 893 86205
is_linear=0
shrinkage=0.05


Tree=299
num_leaves=31
num_cat=0
split_feature=4 3 13 13 32 13 2 21 0 3 1 39 39 3 1 2 13 32 2 32 38 25 32 38 0 1 25 39 8 1
split_gain=368.94 269.657 203.544 291.6 148.879 36.9123 2.89354 4.05773 3.8387 3.12127 3.07961 1.1377 3.32676 2.61668 1.03855 3.66085 7.82884 6.74807 5.2819 5.6355 4.71689 3.06882 7.80975 5.28652 3.23565 3.36297 2.60379 2.41082 1.7112 0.719645
threshold=1.0000000180025095e-35 -0.10210046172142027 12.92698907852173 -4.518629550933837 14.500000000000002 -13.842182159423826 0.5375255048274995 0.47499999403953558 0.35884007811546331 -1.3293060660362241 0.039612067863345153 2.8427296876907353 1.827630400657654 0.31092830002307897 -0.17635922878980634 0.16439450532197955 -21365.042968749996 8.5000000000000018 0.11188825592398645 2.5000000000000004 0.12438236922025682 0.50130507349967968 20.500000000000004 0.11252592876553537 -0.1383506506681442 -0.12506909668445584 0.5737033784389497 -0.097500421106815324 0.0055766550358384856 0.077680200338363661
decision_type=2 2 2 2 2 2 2 2 2 2 2 2 2 2 2 2 2 2 2 2 2 2 2 2 2 2 2 2 2 2
left_child=1 6 3 5 -5 -3 8 29 10 -9 -1 12 -4 -13 15 18 27 -18 19 -2 -20 24 23 -23 28 -26 -24 -17 -16 -8
right_child=14 2 11 4 -6 -7 7 9 -10 -11 -12 13 -14 -15 21 16 17 -19 20 -21 -22 22 26 -25 25 -27 -28 -29 -30 -31
leaf_value=-6.8564622944651123e-08 -2.7860305171459843e-05 -1.1332776538031964e-06 -3.5868585569759839e-06 -2.3568809964174736e-10 -3.2552538106511189e-05 -2.3568809964174736e-10 0.0015645848522981417 -0.00036946193803612986 0.0035331104029246553 6.0099785403138042e-05 -0.00024365368372577818 -3.4239521981123562e-05 0.00022005940835098035 0.00015224557735505544 4.3703908701299596e-05 0.0021005158305677958 -0.00011510264107237011 -0.00082252863464710385 0.00016558864384271581 0.00024544396173722602 0.00087036955874125819 0.00010622947863651276 0.00032779659492093304 -0.00042029745662615906 7.3321096730194152e-05 -6.3709680932184242e-06 0.0019952626391271343 -0.00021651863344188463 -0.00029429386641867161 -6.1351171307654723e-05
leaf_weight=19154 28299 7036 6695 20531 2294 3302 39 78 35 31 126 677 733 176 39 119 5905 472 2141 3957 277 2051 31 157 7501 41695 51 31 166 42
leaf_count=19154 28299 7036 6695 20531 2294 3302 39 78 35 31 126 677 733 176 39 119 5905 472 2141 3957 277 2051 31 157 7501 41695 51 31 166 42
internal_value=-0.0020006 -0.00502346 -0.00730504 -0.00905603 -0.0122114 -0.00208938 -0.000175596 -0.00631579 -0.000115195 -0.0126147 -0.000145228 -0.000292839 -9.4238e-05 -0.00202227 -1.72243e-05 -0.000204485 -0.00129079 -0.00155637 0 -0.000168961 0.00225393 0.000132035 0.0019214 0.0013587 4.90881e-05 7.52094e-05 0.0170732 0.01 -0.00621951 0.00216049
internal_weight=153841 60949 41444 33163 22825 10338 19505 190 19315 109 19280 8281 7428 853 92892 41201 6527 6377 34674 32256 2418 51691 2290 2208 49401 49196 82 150 205 81
internal_count=153841 60949 41444 33163 22825 10338 19505 190 19315 109 19280 8281 7428 853 92892 41201 6527 6377 34674 32256 2418 51691 2290 2208 49401 49196 82 150 205 81
is_linear=0
shrinkage=0.05


end of trees

feature_importances:
cvd_slope=1299
close_vs_vwap_pct=839
va_width_pct=573
underlying_return_5bar=537
close_vs_val_pct=531
moneyness_pct=530
minutes_since_open=523
close_vs_vah_pct=504
nearest_lvn_distance_pct=499
close_vs_poc_pct=498
day_of_week=430
atr_5=412
bar_range_pct=247
balance_ratio=200
hvn_count=174
option_type_flag=173
cumulative_delta_3bar=155
cvd_divergence_flag=127
upper_wick_ratio=98
lower_wick_ratio=92
atr_20=82
profile_shape_encoded=63
body_pct=61
close_position_in_range=26
delta_normalized=20
market_state_encoded=10
aggression=5

parameters:
[boosting: gbdt]
[objective: quantile]
[metric: quantile]
[tree_learner: serial]
[device_type: cpu]
[data_sample_strategy: bagging]
[data: ]
[valid: ]
[num_iterations: 300]
[learning_rate: 0.05]
[num_leaves: 31]
[num_threads: 0]
[seed: 0]
[deterministic: 0]
[force_col_wise: 0]
[force_row_wise: 0]
[histogram_pool_size: -1]
[max_depth: 5]
[min_data_in_leaf: 30]
[min_sum_hessian_in_leaf: 0.001]
[bagging_fraction: 0.8]
[pos_bagging_fraction: 1]
[neg_bagging_fraction: 1]
[bagging_freq: 0]
[bagging_seed: 3]
[bagging_by_query: 0]
[feature_fraction: 0.8]
[feature_fraction_bynode: 1]
[feature_fraction_seed: 2]
[extra_trees: 0]
[extra_seed: 6]
[early_stopping_round: 0]
[early_stopping_min_delta: 0]
[first_metric_only: 0]
[max_delta_step: 0]
[lambda_l1: 0]
[lambda_l2: 0]
[linear_lambda: 0]
[min_gain_to_split: 0]
[drop_rate: 0.1]
[max_drop: 50]
[skip_drop: 0.5]
[xgboost_dart_mode: 0]
[uniform_drop: 0]
[drop_seed: 4]
[top_rate: 0.2]
[other_rate: 0.1]
[min_data_per_group: 100]
[max_cat_threshold: 32]
[cat_l2: 10]
[cat_smooth: 10]
[max_cat_to_onehot: 4]
[top_k: 20]
[monotone_constraints: ]
[monotone_constraints_method: basic]
[monotone_penalty: 0]
[feature_contri: ]
[forcedsplits_filename: ]
[refit_decay_rate: 0.9]
[cegb_tradeoff: 1]
[cegb_penalty_split: 0]
[cegb_penalty_feature_lazy: ]
[cegb_penalty_feature_coupled: ]
[path_smooth: 0]
[interaction_constraints: ]
[verbosity: -1]
[saved_feature_importance_type: 0]
[use_quantized_grad: 0]
[num_grad_quant_bins: 4]
[quant_train_renew_leaf: 0]
[stochastic_rounding: 1]
[linear_tree: 0]
[max_bin: 255]
[max_bin_by_feature: ]
[min_data_in_bin: 3]
[bin_construct_sample_cnt: 200000]
[data_random_seed: 1]
[is_enable_sparse: 1]
[enable_bundle: 1]
[use_missing: 1]
[zero_as_missing: 0]
[feature_pre_filter: 1]
[pre_partition: 0]
[two_round: 0]
[header: 0]
[label_column: ]
[weight_column: ]
[group_column: ]
[ignore_column: ]
[categorical_feature: ]
[forcedbins_filename: ]
[precise_float_parser: 0]
[parser_config_file: ]
[objective_seed: 5]
[num_class: 1]
[is_unbalance: 0]
[scale_pos_weight: 1]
[sigmoid: 1]
[boost_from_average: 1]
[reg_sqrt: 0]
[alpha: 0.5]
[fair_c: 1]
[poisson_max_delta_step: 0.7]
[tweedie_variance_power: 1.5]
[lambdarank_truncation_level: 30]
[lambdarank_norm: 1]
[label_gain: ]
[lambdarank_position_bias_regularization: 0]
[eval_at: ]
[multi_error_top_k: 1]
[auc_mu_weights: ]
[num_machines: 1]
[local_listen_port: 12400]
[time_out: 120]
[machine_list_filename: ]
[machines: ]
[gpu_platform_id: -1]
[gpu_device_id: -1]
[gpu_use_dp: 0]
[num_gpu: 1]

end of parameters

pandas_categorical:null
