tree
version=v4
num_class=1
num_tree_per_iteration=1
label_index=0
max_feature_idx=41
objective=quantile
feature_names=close_vs_poc_pct close_vs_vah_pct close_vs_val_pct close_vs_vwap_pct atr_5 atr_20 atr_ratio bar_range_pct body_pct upper_wick_ratio lower_wick_ratio close_position_in_range delta_normalized cvd_slope cvd_divergence_flag aggression volume_vs_ema20 delta_acceleration cumulative_delta_3bar aggressive_print_imbalance profile_shape_encoded balance_ratio va_width_pct market_state_encoded hvn_count nearest_lvn_distance_pct bid_ask_spread_bps book_imbalance_l1 book_imbalance_l5 bid_depth_total ask_depth_total book_pressure_ratio minutes_since_open session_flag day_of_week bars_since_last_displacement oi_change_pct option_type_flag underlying_return_5bar moneyness_pct dte_normalized oi_volume_ratio
feature_infos=[-3.3308367729187012:0.83645617961883545] [-5.6367220878601074:0.69761949777603149] [-2.4219095706939697:0.89418023824691772] [-15.594911575317383:0.67312902212142944] [0:1021.25] [0:1021.25] none [0:1.8729941844940186] [0:1.4678663015365601] [0:1] [0:1] [0:1] [-1:1] [-1554762:740160.0625] [-1:1] [-1:1] none none [-22059220:18102978] none [-1:1] [0:1] [0.0015732203610241413:5.237128734588623] [0:1] [0:3] [0:5.0295963287353516] none none none none none none [0:43] none [0:6] none none [-1:1] [-2.0323750972747803:2.8819994926452637] [-6.6302590370178223:6.2846179008483887] none none
tree_sizes=2984 3066 3075 3082 3093 3097 3077 3084 3075 3079 3087 3098 3069 3086 3060 3077 3064 3092 3099 3104 3066 3083 3069 3075 3080 2990 3065 3071 3063 3097 3065 3073 3069 3078 3046 3075 3098 3053 3059 3099 3067 3075 3083 3075 3115 3074 3080 3086 3076 3048 3116 3069 3074 3104 3060 3094 3082 3049 3074 3096 3048 3109 3067 3058 3097 3053 3108 3054 2804 3108 3078 3091 2979 3057 3085 3043 2880 3099 2865 2950 3099 3076 3048 2974 2846 2980 2965 2971 2780 3074 2977 3083 2981 2856 2969 3097 3109 3080 3046 3108 3086 2949 3095 3093 2682 3085 3094 2770 2938 3077 3080 3098 3076 3076 3100 3102 3078 3067 3091 2893 2964 2688 3090 3105 3101 2981 3107 3049 2950 3116 3095 2780 2910 3111 3103 2911 3115 2879 3091 3098 3099 2799 2694 3086 3003 2795 3063 3058 3004 3061 2793 3001 3087 3140 2787 2922 2899 2902 3118 2680 3081 3077 3056 3119 2973 2771 2958 3089 3116 3091 3113 3094 3112 3081 3047 3123 2943 2925 3102 2912 3103 3099 3097 3054 3059 3085 3082 2522 2619 2606 3046 3100 3074 3115 3112 3114 3116 3104 3076 3102 3105 3107 3088 3113 3058 3090 3095 3097 2763 3096 3134 3094 3122 3100 3054 3101 3114 3060 2964 3114 3088 3033 3070 3087 3103 3056 3053 3133 3094 3132 3103 3104 3065 3108 3042 3105 3128 3046 2865 2875 2844 3048 3070 2963 2950 2861 2975 2952 2851 3092 2965 2974 2672 2852 3054 3100 2868 2699 2841 3079 2933 3100 3001 2964 3066 2848 2963 3081 2925 3067 2768 2932 3034 2945 3081 3093 2738 2919 3058 2969 2759 2917 3058 2650 2664 3107 2962 3065 2812 2947 3043 3064 2873 3056 3087 3078 3091 2847 3085 3068

Tree=0
num_leaves=31
num_cat=0
split_feature=7 7 4 13 13 9 9 13 13 13 7 18 18 22 13 22 13 4 4 7 22 39 39 18 34 13 38 13 22 39
split_gain=5225.92 498.594 351.135 222.941 244.749 175.517 158.801 73.8937 68.2993 78.6353 66.6026 54.7596 58.8615 40.8144 34.6365 32.4542 27.2365 25.9385 22.7763 21.4816 19.5261 17.2238 24.139 8.2908 7.09268 6.89399 6.23966 7.02204 5.75527 3.83273
threshold=0.010306168347597124 0.043646438047289855 1.0000000180025095e-35 -13.842182159423826 7.5542457103729257 0.0050955496262758979 0.0032854347955435519 -0.064914468675851808 -136.48625946044919 106.24657440185548 0.021952689625322822 -3300.4553222656245 3031.4711914062505 0.10386388003826143 78.585456848144545 0.3563829511404038 -78.658267974853501 16.175000190734867 7.3250000476837167 0.083655152469873442 0.10111366584897043 -0.53339716792106617 0.075535457581281676 -359.85623168945307 1.0000000180025095e-35 1987.2608032226565 -0.079373091459274278 -95.994621276855455 0.3563829511404038 4.1640093326568612
decision_type=2 2 2 2 2 2 2 2 2 2 2 2 2 2 2 2 2 2 2 2 2 2 2 2 2 2 2 2 2 2
left_child=2 5 3 13 7 8 11 -5 23 -10 18 24 -13 29 -6 25 -15 -12 -7 -17 26 28 -23 -2 -3 -8 -4 -28 -22 -1
right_child=1 6 20 4 14 10 15 -9 9 -11 17 12 -14 16 -16 19 -18 -19 -20 -21 21 22 -24 -25 -26 -27 27 -29 -30 -31
leaf_value=0.016635797638446092 0.018463922571390866 0.01860208986327052 0.017453133733943103 0.016635797638446092 0.016635797638446092 0.018134644720703363 0.018950166087597607 0.016635797638446092 0.017420738190412521 0.018082742486149071 0.018561671394854783 0.017927932459861039 0.019377075415104628 0.017437936645001172 0.017079498525708912 0.019620693381875755 0.016730134570389056 0.018052217457443474 0.017705546878278255 0.022404171619564296 0.017228682991117239 0.0178096323274076 0.01735091730952263 0.018046191614121198 0.019760436657816172 0.019477974902838469 0.017557703610509633 0.017028570873662829 0.017504485603421927 0.017720497027039529
leaf_weight=2181 1833 281 462 9141 11426 4381 6271 23081 12560 5258 13618 4939 2349 3713 4406 8071 6944 4411 4527 4919 2963 3323 3299 2817 1951 1878 225 1760 796 57
leaf_count=2181 1833 281 462 9141 11426 4381 6271 23081 12560 5258 13618 4939 2349 3713 4406 8071 6944 4411 4527 4919 2963 3323 3299 2817 1951 1878 225 1760 796 57
internal_value=0.0175112 0.0263574 0.00791115 0.00632866 0.00476217 0.0232491 0.0313662 0.00226092 0.019986 0.0185777 0.0259709 0.026004 0.0239054 0.0121663 0.00985283 0.0337811 0.0134553 0.0277185 0.0224339 0.0353328 0.01543 0.0163771 0.0179115 0.0253823 0.0328563 0.0313075 0.0114121 0.010194 0.0136739 0.0060279
internal_weight=153841 80064 73777 60949 48054 49405 30659 32222 22468 17818 26937 9520 7288 12895 15832 21139 10657 18029 8908 12990 12828 10381 6622 4650 2232 8149 2447 1985 3759 2238
internal_count=153841 80064 73777 60949 48054 49405 30659 32222 22468 17818 26937 9520 7288 12895 15832 21139 10657 18029 8908 12990 12828 10381 6622 4650 2232 8149 2447 1985 3759 2238
is_linear=0
shrinkage=1


Tree=1
num_leaves=31
num_cat=0
split_feature=7 7 9 3 4 7 10 24 9 4 21 18 4 7 10 25 18 7 39 2 4 1 4 2 34 21 38 20 3 2
split_gain=4865.7 589.069 227.378 177.249 174.667 109.44 99.4565 80.9075 74.5426 52.7729 52.2426 46.7865 26.706 23.3587 23.2183 22.6147 21.5802 17.6976 17.1296 15.2291 12.7863 11.4345 11.1246 8.69331 8.57224 8.43801 8.22684 7.93788 7.06201 6.03284
threshold=0.0066942311823368081 0.025496149435639385 1.0000000180025095e-35 -0.35053816437721247 1.0000000180025095e-35 0.050919828936457641 0.0030864491127431397 2.5000000000000004 0.01093893311917782 6.3250000476837167 1.0000000180025095e-35 -899.71609497070301 21.32499980926514 0.016083722002804283 1.0000000180025095e-35 0.0011225953348912301 -3959.3371582031245 0.083655152469873442 -2.2165824174880977 0.078566707670688643 6.5250000953674325 -2.0014209747314449 7.3250000476837167 -0.34572002291679377 5.0000000000000009 0.57500001788139354 0.10402005538344385 1.0000000180025095e-35 -0.51006826758384693 -0.25003533065319056
decision_type=2 2 2 2 2 2 2 2 2 2 2 2 2 2 2 2 2 2 2 2 2 2 2 2 2 2 2 2 2 2
left_child=3 8 6 21 7 12 11 15 9 18 -9 -3 -4 22 -11 -5 -8 -7 -2 24 -15 23 -10 27 -6 -25 28 -1 -23 -28
right_child=1 2 5 4 19 17 16 10 13 14 -12 -13 -14 20 -16 -17 -18 -19 -20 -21 -22 26 -24 25 -26 -27 29 -29 -30 -31
leaf_value=0.0016590949867531888 -0.00010073449928313487 0.0010369525663554669 0.0010410217614844443 -0.0008317898819223046 -0.00034682127530686561 0.0018386847386136652 0.0017800760781392457 -0.0008317898819223046 0.0003382248105481267 -0.0002634761482477188 -0.0008317898819223046 8.3410609513521255e-05 0.00054103750735521314 0.00086340685840696112 8.4842792712152076e-05 -0.0008317898819223046 0.00096664471086114654 0.0038593476498499516 0.00046649119118228558 -7.1954668965190652e-05 0.0003744678478688002 -0.00040291937999427314 3.2621854916214252e-06 -0.0008317898819223046 0.0020814997376874091 -0.0008317898819223046 -0.0008317898819223046 -0.0008317898819223046 -0.0006403793676145143 0.00098645010919426565
leaf_weight=212 1585 2472 15750 1944 3092 10361 1962 7992 3058 6439 22638 7026 3062 3387 3467 20809 6949 6855 5768 3147 4887 4442 2541 283 37 225 109 523 2280 539
leaf_count=212 1585 2472 15750 1944 3092 10361 1962 7992 3058 6439 22638 7026 3062 3387 3467 20809 6949 6855 5768 3147 4887 4442 2541 283 37 225 109 523 2280 539
internal_value=-0.000177943 0.00776479 0.0109021 -0.010133 -0.011101 0.0132119 0.00638139 -0.0120286 0.00227901 8.54627e-05 -0.010351 0.00282165 0.0105757 0.00500793 -0.00229659 -0.0142871 0.0101756 0.0160926 0.00329457 -0.00321064 0.00669567 -0.00342796 0.00251384 -0.00786404 -0.00568073 -0.0128937 -0.00267978 -0.00438776 -0.00319845 0.00270062
internal_weight=153841 85569 54437 68272 59659 36028 18409 53383 31132 17259 30630 9498 18812 13873 9906 22753 8911 17216 7353 6276 8274 8613 5599 1243 3129 508 7370 735 6722 648
internal_count=153841 85569 54437 68272 59659 36028 18409 53383 31132 17259 30630 9498 18812 13873 9906 22753 8911 17216 7353 6276 8274 8613 5599 1243 3129 508 7370 735 6722 648
is_linear=0
shrinkage=0.05


Tree=2
num_leaves=31
num_cat=0
split_feature=7 7 32 13 13 9 13 7 10 9 4 3 13 22 4 13 7 22 10 3 4 7 13 3 39 4 4 38 2 13
split_gain=4545.5 521.736 280.101 266.259 337.365 189.722 94.0114 90.1197 83.7536 81.7891 51.7675 49.2476 48.7907 43.2195 41.8645 30.0645 28.5927 27.5951 24.1321 23.1917 22.4842 18.8522 18.1832 16.7275 16.2969 15.5238 12.5305 11.4893 7.85797 6.19575
threshold=0.0066942311823368081 0.027313983999192718 14.500000000000002 -13.842182159423826 8.3744955062866229 1.0000000180025095e-35 -0.064914468675851808 0.050919828936457641 0.0030864491127431397 0.01093893311917782 6.3250000476837167 -0.0099072270095348341 64.429073333740249 0.10386388003826143 18.774999618530277 -55.418172836303704 0.018910618498921398 0.39356289803981787 1.0000000180025095e-35 0.29093891382217413 22.524999618530277 0.04901986941695214 -6.7894721031188956 -0.30756512284278864 -2.2165824174880977 7.3250000476837167 16.97500038146973 -0.24519689381122586 0.14111636579036715 -412.26333618164057
decision_type=2 2 2 2 2 2 2 2 2 2 2 2 2 2 2 2 2 2 2 2 2 2 2 2 2 2 2 2 2 2
left_child=2 9 3 13 6 8 -5 20 14 10 24 23 -6 29 -3 -15 25 -9 -12 22 -7 -10 -13 -4 -2 -11 -18 -21 -25 -1
right_child=1 5 11 4 12 7 -8 17 21 16 18 19 -14 15 -16 -17 26 -19 -20 27 -22 -23 -24 28 -26 -27 -28 -29 -30 -31
leaf_value=0.00047798947826959201 -7.7268257969990387e-05 0.00071819468447938562 0.0032098551276139916 -0.00079020038782618937 -0.00079020038782618937 0.0010009205664973707 -0.00079020038782618937 0.00162218777067028 0.00070092809363268317 0.00039227974484674634 -0.00024600447341799737 0.00093890092731453495 -0.00031971234432421616 -0.00012186063445733453 -0.00011615103343501685 -0.00070789134476217453 0.00068965337448753422 0.0031137746439781041 0.00010396007192321131 0.0040514197146985682 0.00051386632956564417 0.0017614872308913622 -0.0004768151523603592 0.00045060840831138201 0.00045932733442168689 3.9996650652028656e-05 0.00018730441387742767 -0.00079020038782618937 0.0021122265252051875 -0.00079020038782618937
leaf_weight=65 1620 5220 680 9209 10791 14562 21556 7056 4386 4223 6998 395 6487 6104 3512 6071 6251 10160 3789 32 2542 4071 1982 1685 6103 3666 1410 603 169 2443
leaf_count=65 1620 5220 680 9209 10791 14562 21556 7056 4386 4223 6998 395 6487 6104 3512 6071 6251 10160 3789 32 2542 4071 1982 1685 6103 3666 1410 603 169 2443
internal_value=-0.000346299 0.00733063 -0.00996822 -0.0109205 -0.0127214 0.0105054 -0.0158614 0.012653 0.00621764 0.00252936 0.00028363 0.00080238 -0.00713045 -0.00502792 0.00278287 -0.00379671 0.00520257 0.0152068 -0.00195374 -0.00351926 0.0100824 0.0097641 -0.00125158 0.00593923 0.00340865 0.00308975 0.00737828 -0.0120079 0.00347896 -0.0110048
internal_weight=153841 85569 68272 62726 48043 51509 30765 34320 17189 34060 18510 5546 17278 14683 8732 12175 15550 17216 10787 3012 17104 8457 2377 2534 7723 7889 7661 635 1854 2508
internal_count=153841 85569 68272 62726 48043 51509 30765 34320 17189 34060 18510 5546 17278 14683 8732 12175 15550 17216 10787 3012 17104 8457 2377 2534 7723 7889 7661 635 1854 2508
is_linear=0
shrinkage=0.05


Tree=3
num_leaves=31
num_cat=0
split_feature=7 7 32 4 3 10 7 22 18 4 18 3 10 7 22 22 7 3 39 7 34 3 2 22 1 34 2 1 18 38
split_gain=4226.58 409.101 281.642 212.752 155.426 147.865 95.262 93.9417 82.0382 74.2422 68.0752 46.319 41.7747 24.2815 23.7304 22.2949 21.4245 19.7393 19.584 17.8632 16.1246 18.0222 15.7875 15.2067 15.0746 14.3784 14.3069 8.18762 7.40418 7.06773
threshold=0.0084083620458841341 0.027313983999192718 14.500000000000002 1.0000000180025095e-35 -0.32882358133792872 0.0030864491127431397 0.068136669695377364 0.096917413175106062 -3422.9504394531245 7.1250000000000009 3240.0632324218755 -0.0099072270095348341 1.0000000180025095e-35 0.018910618498921398 0.10386388003826143 0.089861508458852782 0.015860996209084991 0.29093891382217413 -2.1721396446228023 0.047293214127421386 3.5000000000000004 -0.48318813741207117 0.030518666841089729 0.42562603950500494 -0.077038504183292375 3.5000000000000004 0.18217654526233676 -0.17390976846218106 -24379.449218749996 -0.077841546386480318
decision_type=2 2 2 2 2 2 2 2 2 2 2 2 2 2 2 2 2 2 2 2 2 2 2 2 2 2 2 2 2 2
left_child=2 9 3 4 26 8 19 -6 28 16 -10 20 14 -14 -11 29 18 24 -2 -7 21 -4 -17 -8 -13 -19 -1 -18 -3 -5
right_child=1 5 11 15 7 6 23 -9 10 12 -12 17 13 -15 -16 22 27 25 -20 -21 -22 -23 -24 -25 -26 -27 -28 -29 -30 -31
leaf_value=-0.00075069036843487986 -0.00014392741926712912 0.0021240179487154822 0.0096097631955432 -6.1938880063826165e-05 -0.00075069036843487986 0.00082518682909430937 0.0020057593723409812 -0.00075069036843487986 0.0002753858390497044 -0.0004286744351498783 0.0013424075301387347 -0.00075803150815190743 5.0653176265768809e-06 0.00040412194686941812 -2.9407468298450065e-05 -0.00026544000410067394 0.00080879417842370468 -0.00075069036843487986 0.00042176259810221381 0.0013398585715331138 -0.00022303495599189772 0.00089233174719556714 -3.5678254885715412e-05 0.0037402828451828102 0.00026062596587289599 0.0023597287941141986 4.4309829823487376e-05 0.00052709929192205896 0.0012397656337940135 -0.00054786359293502768
leaf_weight=6516 1497 1057 338 248 13145 15214 4253 35412 10159 1928 2858 699 3657 4497 7137 2760 4505 551 4515 8711 601 1766 4808 6344 1776 104 1111 3758 2913 1003
leaf_count=6516 1497 1057 338 248 13145 15214 4253 35412 10159 1928 2858 699 3657 4497 7137 2760 4505 551 4515 8711 601 1766 4808 6344 1776 104 1111 3758 2913 1003
internal_value=-0.000493529 0.00716269 -0.00946455 -0.0104091 -0.0115424 0.00990749 0.0117867 -0.0125847 0.00608848 0.00267353 0.00416955 0.00105827 0.000463151 0.00305985 -0.00187259 -0.00318914 0.00533975 -0.00308307 0.00306886 0.0100387 0.00585028 0.0079135 -0.00216702 0.0157332 -0.0010404 -0.0108015 -0.00490691 0.00699201 0.0123804 -0.0093725
internal_weight=153841 83003 70838 65003 56184 51509 34522 48557 16987 31494 13017 5835 17219 8154 9065 8819 14275 3130 6012 23925 2705 2104 7568 10597 2475 655 7627 8263 3970 1251
internal_count=153841 83003 70838 65003 56184 51509 34522 48557 16987 31494 13017 5835 17219 8154 9065 8819 14275 3130 6012 23925 2705 2104 7568 10597 2475 655 7627 8263 3970 1251
is_linear=0
shrinkage=0.05


Tree=4
num_leaves=31
num_cat=0
split_feature=7 7 13 13 9 13 7 10 9 13 4 13 4 13 7 7 4 3 3 7 18 13 39 3 0 4 1 39 1 1
split_gain=3932.35 499.214 260.908 293.284 162.146 94.1392 86.0511 71.1491 66.9159 64.7541 42.7956 37.7711 35.8837 31.3268 24.9143 23.2629 23.1685 20.7183 20.5284 19.2333 18.4152 15.9475 13.6858 11.6789 11.9299 10.8254 10.6781 10.6687 7.74632 7.06681
threshold=0.003394924802705646 0.025702822953462604 -13.842182159423826 6.8573131561279306 1.0000000180025095e-35 -0.064914468675851808 0.054997909814119346 0.0030864491127431397 0.01093893311917782 0.00075226789808231222 14.325000286102297 106.24657440185548 4.8250000476837167 -91.46816253662108 0.015208117663860323 0.016083722002804283 13.625000000000002 -0.5229734182357787 -0.2647589892148971 0.14995315670967105 -5758.9868164062491 -95.994621276855455 -2.6824642419815059 -0.15275008231401441 0.01380800222977996 6.3250000476837167 -1.3460178971290586 -1.6135762333869932 -0.34995880722999567 0.32907520234584814
decision_type=2 2 2 2 2 2 2 2 2 2 2 2 2 2 2 2 2 2 2 2 2 2 2 2 2 2 2 2 2 2
left_child=2 8 13 5 7 18 16 10 12 -7 -3 17 21 22 -14 28 -6 -5 -4 -8 -9 -2 -1 24 -15 -17 -13 -25 -10 -24
right_child=1 4 3 11 6 9 19 20 15 -11 -12 26 14 23 -16 25 -18 -19 -20 -21 -22 -23 29 27 -26 -27 -28 -29 -30 -31
leaf_value=-0.00054896416953240069 0.00055268997614228276 0.00072214941849815676 -0.00069113141154113688 -0.00049357352074177476 0.0010474647679011104 -0.00071315585001313587 0.0020844139227527195 0.0016994471915176834 0.00037909071426503948 -0.00071315585001313587 -9.5391698672610796e-05 -0.00075886529655137564 -0.00024287760621402414 -0.00054635761414378067 2.3692635849583909e-05 0.00077889260073978235 0.00061053229118639141 -0.00071315585001313587 -0.00071315585001313587 0.0056494973564305108 0.00083255660833034218 0.00011251600427043748 0.00010259735692737201 -0.00071315585001313587 0.00057744106026106918 0.00032844920649193252 -0.00012501148291805292 -0.00067433012199340746 6.4856064865743802e-05 -0.00071315585001313587
leaf_weight=418 2083 4667 1288 1255 12868 16762 13680 1585 932 6209 4708 342 6355 3092 6556 3333 7732 12527 8292 1548 7283 5668 3646 1100 486 5137 3444 5287 5463 95
leaf_count=418 2083 4667 1288 1255 12868 16762 13680 1585 932 6209 4708 342 6355 3092 6556 3333 7732 12527 8292 1548 7283 5668 3646 1100 486 5137 3444 5287 5463 95
internal_value=-0.000597533 0.00617145 -0.0100381 -0.0117296 0.0091967 -0.0145395 0.0111505 0.00535959 0.00156712 -0.016276 0.00232267 -0.00652322 -0.000273449 -0.00403568 -0.00188793 0.00412546 0.00904369 -0.00773835 -0.0103758 0.0140005 0.00857014 0.00241582 -0.000390719 -0.00555695 -0.00326998 0.00584416 -0.00209984 -0.00683811 0.0018491 0.00056803
internal_weight=153841 89598 64243 50119 54071 32551 35828 18243 35527 22971 9375 17568 20662 14124 12911 14865 20600 13782 9580 15228 8868 7751 4159 9965 3578 8470 3786 6387 6395 3741
internal_count=153841 89598 64243 50119 54071 32551 35828 18243 35527 22971 9375 17568 20662 14124 12911 14865 20600 13782 9580 15228 8868 7751 4159 9965 3578 8470 3786 6387 6395 3741
is_linear=0
shrinkage=0.05


Tree=5
num_leaves=31
num_cat=0
split_feature=7 7 13 13 9 13 7 13 18 18 9 22 13 22 39 39 13 7 3 22 3 39 1 13 4 13 18 38 3 13
split_gain=3681.47 441.251 262.953 299.461 137.807 99.1851 77.5341 69.3563 62.0237 70.7259 58.6427 40.203 37.133 32.216 23.1688 22.7683 21.472 20.5801 20.4419 20.2759 17.2735 11.0319 10.9388 10.5594 9.4326 9.20842 8.7812 8.46481 5.72793 5.26072
threshold=0.003394924802705646 0.025702822953462604 -13.842182159423826 6.8573131561279306 1.0000000180025095e-35 -0.064914468675851808 0.068136669695377364 0.00075226789808231222 -1800.7086791992185 3240.0632324218755 0.01093893311917782 0.10111366584897043 78.585456848144545 0.091555610299110426 0.81853067874908458 -0.85855489969253529 -91.46816253662108 0.019119578413665298 -0.2647589892148971 0.4379138201475144 -0.5229734182357787 -1.4323694109916685 -1.3460178971290586 221.5036544799805 17.524999618530277 -95.994621276855455 -8188.1499023437491 -1.0000000180025095e-35 0.37682336568832403 -50.047208786010735
decision_type=2 2 2 2 2 2 2 2 2 2 2 2 2 2 2 2 2 2 2 2 2 2 2 2 2 2 2 2 2 2
left_child=2 10 13 5 8 18 14 -7 26 -10 11 25 20 28 -6 -13 21 23 -4 -8 -5 -15 -14 -12 -19 -2 -3 -18 29 -1
right_child=1 4 3 12 6 7 19 -9 9 -11 17 15 22 16 -16 -17 27 24 -20 -21 -22 -23 -24 -25 -26 -27 -28 -29 -30 -31
leaf_value=-0.00043067176866438961 0.00021268902891484338 0.0016928584929857026 -0.0006565748409640801 -0.00045138916123416855 0.00093409307011027706 -0.00067749805751247906 0.0018411322554992512 -0.00067749805751247906 0.00013856995725192254 0.0010981333142647345 9.797094405028483e-05 -0.00014553090146735847 -0.00072092203172380688 -0.0003310422358469227 0.00037416383351056726 0.00015671658500877292 -0.00062582918917777105 0.00060151505057374046 -0.00067749805751247906 0.0036659988722484564 -0.00067749805751247906 0.00014569038139720174 -0.00019675469926316871 0.00042489866705063483 0.00011670110307540755 -0.00039962530209070621 0.00094959307336367786 -0.00047102791629854626 -0.00067943934391346552 -0.00067749805751247906
leaf_weight=667 344 1718 1288 1015 23326 16762 4457 6209 10020 3942 6804 5384 426 587 2066 12220 2382 4971 8292 5979 11543 3203 4584 2077 1013 2714 2563 6119 122 1044
leaf_count=667 344 1718 1288 1015 23326 16762 4457 6209 10020 3942 6804 5384 426 587 2066 12220 2382 4971 8292 5979 11543 3203 4584 2077 1013 2714 2563 6119 122 1044
internal_value=-0.000732412 0.00581709 -0.00986683 -0.011565 0.0086613 -0.0144043 0.0104625 -0.0161867 0.00512388 0.00350953 0.0014883 -0.00023473 -0.00630408 -0.00384098 0.00897133 0.000684504 -0.0029188 0.00388328 -0.0101305 0.0140906 -0.00775601 0.000211082 -0.00266467 0.00235615 0.00614973 -0.00552649 0.0103889 -0.0043142 -0.0100245 -0.0092782
internal_weight=153841 89598 64243 50119 54071 32551 35828 22971 18243 13962 35527 20662 17568 14124 25392 17604 12291 14865 9580 10436 12558 3790 5010 8881 5984 3058 4281 8501 1833 1711
internal_count=153841 89598 64243 50119 54071 32551 35828 22971 18243 13962 35527 20662 17568 14124 25392 17604 12291 14865 9580 10436 12558 3790 5010 8881 5984 3058 4281 8501 1833 1711
is_linear=0
shrinkage=0.05


Tree=6
num_leaves=31
num_cat=0
split_feature=7 7 13 13 32 9 13 7 10 32 7 32 4 4 13 4 32 13 3 7 4 7 3 3 39 14 3 37 39 7
split_gain=3451.95 390.696 263.809 306.936 190.227 122.146 113.036 72.6556 62.8112 56.0765 51.5539 45.3882 39.8817 39.1116 37.7992 31.2683 31.2215 28.7799 27.5292 27.4121 21.9151 20.7475 15.8384 11.7992 11.4878 10.3699 10.2631 9.86032 4.99678 2.08609
threshold=0.003394924802705646 0.025496149435639385 -13.842182159423826 6.8573131561279306 14.500000000000002 0.0032854347955435519 -0.064914468675851808 0.045594064518809325 0.0030864491127431397 14.500000000000002 0.015860996209084991 14.500000000000002 14.325000286102297 18.22500038146973 71.036128997802749 3.9750000238418584 14.500000000000002 -50.047208786010735 -0.0099072270095348341 0.14995315670967105 13.625000000000002 0.047676162794232375 0.3001589179039002 -0.86271604895591725 -0.91209331154823292 1.0000000180025095e-35 -0.25377415120601649 1.0000000180025095e-35 -0.23789435625076291 0.012551107909530403
decision_type=2 2 2 2 2 2 2 2 2 2 2 2 2 2 2 2 2 2 2 2 2 2 2 2 2 2 2 2 2 2
left_child=2 9 16 4 6 8 -4 20 12 10 15 14 -3 -12 -5 -2 17 24 -6 -9 -7 -10 28 29 -1 -19 -13 -25 -18 -11
right_child=1 5 3 11 18 7 -8 19 21 23 13 26 -14 -15 -16 -17 22 25 -20 -21 -22 -23 -24 27 -26 -27 -28 -29 -30 -31
leaf_value=-0.00039950398134211022 0.00013484927604504818 0.00066022891476307855 -0.00064362315463685515 -0.00064362315463685515 0.00052538291253719524 0.00087484843478955604 -0.00064362315463685515 0.001593421492796857 0.0005231345985062299 0.0028462593998441403 0.00034168552196392444 0.0022231087774831639 -0.00010009516669025619 -0.00016900076157627008 -0.00031646761793786284 -0.00016669145997462686 0.0002443385380257872 -0.00064556444103784161 -0.00064362315463685515 0.0052473421315599993 0.00040643096325504165 0.0014400349421305203 -0.00066060479469568639 0.0014227591438888357 -8.1704975432404664e-05 2.3180326968047506e-07 0.0002153096928129046 0.0004254003390023925 0.0017852962370354906 0.0096324985219002623
leaf_weight=1413 6046 4745 8865 11209 1185 10395 20648 18426 4690 51 12064 229 4832 2832 5148 10609 196 6075 1853 1529 5506 4314 77 1497 5258 544 982 1912 561 150
leaf_count=1413 6046 4745 8865 11209 1185 10395 20648 18426 4690 51 12064 229 4832 2832 5148 10609 196 6075 1853 1529 5506 4314 77 1497 5258 544 982 1912 561 150
internal_value=-0.000879317 0.00546273 -0.00972441 -0.0114253 -0.0142999 0.00811626 -0.0155262 0.00982123 0.00482617 0.00135448 0.000679059 -0.00609916 0.00200741 0.00281619 -0.00679067 -0.00123236 -0.00368876 -0.00427765 -0.00238644 0.0118304 0.00729986 0.0078243 0.00569544 0.00725762 -0.00195998 -0.00661354 0.00324112 0.00656351 0.007893 0.0190299
internal_weight=153841 89598 64243 50119 32551 54437 29513 35856 18581 35161 31551 17568 9577 14896 16357 16655 14124 13290 3038 19955 15901 9004 834 3610 6671 6619 1211 3409 757 201
internal_count=153841 89598 64243 50119 32551 54437 29513 35856 18581 35161 31551 17568 9577 14896 16357 16655 14124 13290 3038 19955 15901 9004 834 3610 6671 6619 1211 3409 757 201
is_linear=0
shrinkage=0.05


Tree=7
num_leaves=31
num_cat=0
split_feature=7 7 32 22 9 3 7 10 22 4 3 18 32 7 21 24 7 22 4 32 3 3 22 3 34 34 22 14 22 0
split_gain=3251.71 344.523 217.944 148.543 106.385 92.9105 65.9259 59.0118 52.6424 45.9852 37.3213 37.2796 36.7078 30.4473 26.0037 25.9792 21.0877 20.7495 18.6806 17.7468 17.1327 17.0494 15.8782 13.0503 12.3719 12.0463 10.1711 9.84308 8.24114 6.94403
threshold=0.003394924802705646 0.025496149435639385 14.500000000000002 0.096917413175106062 0.0070360652171075353 -0.15598179399967191 0.068136669695377364 0.0030864491127431397 0.12622753530740741 1.0000000180025095e-35 -0.0099072270095348341 -899.71609497070301 14.500000000000002 0.012128555215895178 1.0000000180025095e-35 1.5000000000000002 0.059189794585108764 0.42269010841846472 28.774999618530277 2.5000000000000004 -0.42172704637050623 0.29093891382217413 0.075931634753942504 -0.25888420641422266 3.5000000000000004 3.5000000000000004 0.39690129458904272 -1.0000000180025095e-35 0.054519345983862884 0.093006316572427764
decision_type=2 2 2 2 2 2 2 2 2 2 2 2 2 2 2 2 2 2 2 2 2 2 2 2 2 2 2 2 2 2
left_child=2 8 3 14 7 20 18 11 19 -7 23 -3 13 -10 28 -16 -9 -8 -6 22 -5 27 -2 25 -23 -4 -14 -12 -1 -21
right_child=1 4 10 5 6 9 17 16 12 -11 21 -13 26 -15 15 -17 -18 -19 -20 29 -22 24 -24 -25 -26 -27 -28 -29 -30 -31
leaf_value=-0.00061144199690501243 -0.00042459372415773597 0.00082340850281742298 0.0049434993099121451 -0.00061144199690501243 0.00083402794147104326 -0.00061144199690501243 0.0016054538421136561 0.00055415220439814427 -6.4492269665073114e-05 -0.00012196371784869692 0.0018005903495387915 2.7340061080868494e-06 0.00073013223293170743 0.00023140511672472693 -0.00061144199690501243 -0.00061144199690501243 0.0016793505447606971 0.0033189618860495276 0.00041721126206245525 0.00011863551544976951 -0.00061144199690501243 -0.00061144199690501243 -0.0001416024397566446 0.00040400845317500531 0.0024324961916757839 -8.6332756980794019e-05 0.0024095622731472501 -0.00030200578359934854 -0.00061144199690501243 0.0018945381375297604
leaf_weight=2013 1482 2510 524 6115 22802 30046 4097 6138 8155 1545 107 7144 2146 17223 2549 5725 3085 6170 2491 820 7370 508 4470 1566 97 184 691 2097 3797 174
leaf_count=2013 1482 2510 524 6115 22802 30046 4097 6138 8155 1545 107 7144 2146 17223 2549 5725 3085 6170 2491 820 7370 508 4470 1566 97 184 691 2097 3797 174
internal_value=-0.00101127 0.00514409 -0.00959599 -0.0104496 0.00763589 -0.00904916 0.00924634 0.00460216 0.00128623 -0.0105323 0.000339367 0.00186969 0.00224615 0.00164316 -0.0149318 -0.0131315 0.00746232 0.0126254 0.00787471 -0.00261301 -0.00557471 -0.00351549 -0.00364583 0.00510114 -0.0109504 0.0107345 0.00764011 -0.00147459 -0.0174957 0.00357143
internal_weight=153841 89598 64243 59160 54437 45076 35560 18877 35161 31591 5083 9654 28215 25378 14084 8274 9223 10267 25293 6946 13485 2809 5952 2274 605 708 2837 2204 5810 994
internal_count=153841 89598 64243 59160 54437 45076 35560 18877 35161 31591 5083 9654 28215 25378 14084 8274 9223 10267 25293 6946 13485 2809 5952 2274 605 708 2837 2204 5810 994
is_linear=0
shrinkage=0.05


Tree=8
num_leaves=31
num_cat=0
split_feature=5 9 13 13 32 13 22 22 13 13 8 18 32 13 18 13 22 13 3 13 32 13 2 3 8 39 32 34 3 3
split_gain=3033.96 278.578 255.05 286.362 185.233 117.567 107.72 100.881 55.1325 62.9759 42.0355 41.877 36.4608 36.4128 34.383 33.4965 31.2716 27.6484 25.2827 19.6581 17.5715 17.7088 11.7184 11.3111 10.9307 10.6 10.5121 8.21995 5.7125 4.62112
threshold=1.0000000180025095e-35 1.0000000180025095e-35 -13.842182159423826 6.8573131561279306 14.500000000000002 -0.064914468675851808 0.30150666832923895 0.35283140838146215 234.00148773193362 -91.46816253662108 0.049010066315531738 -3599.6511230468745 14.500000000000002 209.65491485595706 8373.1689453125018 78.585456848144545 0.10386388003826143 -144.23081207275388 -0.0099072270095348341 -1262.2508544921873 14.500000000000002 -61.222078323364251 -0.084726829081773744 0.3001589179039002 0.04175239987671376 -1.4586442112922666 8.5000000000000018 2.5000000000000004 -0.13065119087696073 0.37682336568832403
decision_type=2 2 2 2 2 2 2 2 2 2 2 2 2 2 2 2 2 2 2 2 2 2 2 2 2 2 2 2 2 2
left_child=2 6 16 4 5 -4 8 13 9 -2 19 27 15 17 -13 -5 26 -3 -6 -9 21 -18 -15 -22 -10 -12 29 -8 -14 -1
right_child=1 7 3 12 18 -7 11 10 24 -11 25 14 28 22 -16 -17 20 -19 -20 -21 23 -23 -24 -25 -26 -27 -28 -29 -30 -31
leaf_value=-0.00058271411914069884 0.00030054039570822283 0.00051438455666240617 -0.00058086989705976178 -0.00058086989705976178 0.00047891334425158516 -0.00058086989705976178 0.0011004610990300587 0.0015633671066340588 0.00032460306387639953 -0.00021196598064359592 0.0010940815560584981 0.00029532502196360518 0.0015730422593871795 -0.00012775992917852218 0.0012903795858568358 -0.00030792422984178146 -3.9799131651841687e-05 0.00012816576760152763 -0.00058086989705976178 0.00080411938592715054 0.001402506400164435 -0.00059218857490679687 0.00078272524183956547 -0.00059700245511565145 0.0012220172754672449 0.0033270070786494566 0.00048667141930082913 0.0020141608031478352 0.00014413152227610063 -0.00058261705482064955
leaf_weight=1963 5269 8962 8474 10922 1144 20444 1293 3972 2691 16779 665 12336 311 336 1686 4177 4399 8698 1821 14939 546 5660 9967 52 611 3726 153 962 761 122
leaf_count=1963 5269 8962 8474 10922 1144 20444 1293 3972 2691 16779 665 12336 311 336 1686 4177 4399 8698 1821 14939 546 5660 9967 52 611 3726 153 962 761 122
internal_value=-0.00109415 0.00459351 -0.00976267 -0.0114382 -0.014187 -0.0154074 0.00155488 0.00706086 -0.000483235 -0.00138561 0.0094906 0.00472907 -0.00601849 0.00503612 0.00371202 -0.0066511 -0.00351881 0.00365798 -0.00228499 0.00846729 -0.00239045 -0.00288548 0.00739833 0.00593645 0.0055421 0.0138977 -0.00889187 0.0110532 0.00289179 -0.00982014
internal_weight=153841 92892 60949 48054 31883 28918 41627 51265 25350 22048 23302 16277 16171 27963 14022 15099 12895 17660 2965 18911 10657 10059 10303 598 3302 4391 2238 2255 1072 2085
internal_count=153841 92892 60949 48054 31883 28918 41627 51265 25350 22048 23302 16277 16171 27963 14022 15099 12895 17660 2965 18911 10657 10059 10303 598 3302 4391 2238 2255 1072 2085
is_linear=0
shrinkage=0.05


Tree=9
num_leaves=31
num_cat=0
split_feature=7 7 32 22 7 3 4 22 24 32 10 22 3 22 34 10 39 21 3 14 12 34 3 25 25 37 34 34 34 25
split_gain=2887.68 333.772 194.714 144.63 112.488 94.1987 74.5622 51.8704 46.01 43.7153 35.5961 34.1734 30.8718 26.935 26.7605 25.0113 22.808 20.2348 19.703 16.1934 13.3022 12.8043 12.6482 12.3135 11.3915 9.57065 46.9275 33.1128 9.51211 8.4961
threshold=0.00077768714982084941 0.021714680828154091 14.500000000000002 0.096917413175106062 0.047293214127421386 -0.15598179399967191 13.775000095367433 0.41868357360363012 1.0000000180025095e-35 14.500000000000002 1.0000000180025095e-35 0.12622753530740741 0.29093891382217413 0.051583386957645423 2.5000000000000004 0.012515664100646974 -1.860609173774719 1.0000000180025095e-35 -0.25377415120601649 1.0000000180025095e-35 0.77588623762130748 3.5000000000000004 0.4027125239372254 0.25551733374595648 0.0021015137899667029 1.0000000180025095e-35 1.5000000000000002 1.5000000000000002 3.5000000000000004 0.0011225953348912301
decision_type=2 2 2 2 2 2 2 2 2 2 2 2 2 2 2 2 2 2 2 2 2 2 2 2 2 2 2 2 2 2
left_child=2 9 3 13 6 19 20 15 -7 11 -8 23 18 29 -9 -6 -13 -15 28 -5 -3 -14 -23 -2 -20 27 -27 -11 -4 -1
right_child=1 4 12 5 7 8 10 14 -10 25 -12 16 21 17 -16 -17 -18 -19 24 -21 -22 22 -24 -25 -26 26 -28 -29 -30 -31
leaf_value=-0.00055182640220677369 -0.00027528868742007957 0.00071894556416635938 0.0049058040497060159 -0.00055182640220677369 0.00052762687133694087 -0.00055182640220677369 -0.00012630425559485674 0.0012464631406263308 -0.00055182640220677369 -8.0628908492244407e-05 0.00030308733167610618 -0.0001526383906853274 -0.00055182640220677369 -0.00055182640220677369 0.0031494794277019986 0.0010637143147034318 0.00010485465067146694 -0.00055182640220677369 -0.00058260041765949711 -0.00016363265394310798 0.00042395798622442096 0.0043356197835317965 -0.00085954426976326745 5.0397869444054111e-05 0.00013761232436597216 0.0012878889199381784 -0.0002360154951041295 0.0020473700786541294 -5.4973703482796149e-05 -0.00055182640220677369
leaf_weight=684 5070 16421 489 10941 4964 912 5194 6758 29478 618 6801 4928 487 3957 7145 8505 16841 5518 253 1868 5238 64 31 1046 3318 722 1010 899 196 3485
leaf_count=684 5070 16421 489 10941 4964 912 5194 6758 29478 618 6801 4928 487 3957 7145 8505 16841 5518 253 1868 5238 64 31 1046 3318 722 1010 899 196 3485
internal_value=-0.00119393 0.00441026 -0.00956737 -0.0103869 0.0065595 -0.00896954 0.00462352 0.00893979 -0.0104854 0.000197533 0.00146103 -0.000441994 6.20091e-05 -0.0148747 0.0110821 0.00672841 0.000485783 -0.0134011 0.001539 -0.00537318 0.00637495 -0.0107388 0.00605263 -0.00374428 4.90059e-05 0.00568637 0.00314665 0.00858603 0.00930657 -0.0182238
internal_weight=153841 92160 61681 56843 61026 43199 33654 27372 30390 31134 11995 27885 4838 13644 13903 13469 21769 9475 4256 12809 21659 582 95 6116 3571 3249 1732 1517 685 4169
internal_count=153841 92160 61681 56843 61026 43199 33654 27372 30390 31134 11995 27885 4838 13644 13903 13469 21769 9475 4256 12809 21659 582 95 6116 3571 3249 1732 1517 685 4169
is_linear=0
shrinkage=0.05


Tree=10
num_leaves=31
num_cat=0
split_feature=7 7 13 13 13 7 13 4 2 3 13 13 13 9 13 13 13 39 24 13 3 3 0 3 39 34 39 2 3 25
split_gain=2715.48 302.813 267.04 305.606 116.914 98.6789 77.0833 63.4901 41.9366 48.6609 33.972 44.7534 29.7352 28.857 25.4371 23.9875 20.2357 16.5507 16.5113 15.5069 13.6365 11.9086 12.6633 8.88533 8.57775 7.99916 7.43694 7.06583 5.10476 4.16962
threshold=0.00037390168290585285 0.021952689625322822 -13.842182159423826 6.8573131561279306 -0.064914468675851808 0.04901986941695214 0.00075226789808231222 13.775000095367433 0.19532313197851184 0.0027088188799098138 247.8423767089844 -95.994621276855455 78.585456848144545 1.0000000180025095e-35 -1380.4899902343748 -91.46816253662108 58.063444137573249 -1.0000000180025095e-35 1.5000000000000002 438.34719848632818 -0.48318813741207117 -0.15275008231401441 0.015112690161913635 -1.1688111424446104 -2.9725823402404781 5.0000000000000009 -1.6135762333869932 0.4731090664863587 -1.8692067265510557 0.13473619520664218
decision_type=2 2 2 2 2 2 2 2 2 2 2 2 2 2 2 2 2 2 2 2 2 2 2 2 2 2 2 2 2 2
left_child=2 10 15 4 18 7 -6 19 14 -10 11 17 20 -9 -7 24 -13 -2 -4 -3 -5 22 -17 -14 29 27 -23 -12 -26 -1
right_child=1 5 3 12 6 8 -8 13 9 -11 25 16 23 -15 -16 21 -18 -19 -20 -21 -22 26 -24 -25 28 -27 -28 -29 -30 -31
leaf_value=-0.00052704953440832686 -1.58145847145982e-05 0.00053817638924542454 -0.00052423508209643508 -0.00043564716284375286 -0.00052423508209643508 0.0018136034886312936 -0.00052423508209643508 -8.9929611928757719e-05 0.0033496091632514453 0.001017578615915478 0.00034553745879526104 -0.00018927211540714311 -0.000595492917793045 0.00031090747965433055 0.00075884477749577008 -0.00046626159984873436 6.7495826241718507e-05 0.000400650875720358 -0.00052423508209643508 0.00094837308707772727 -0.00052423508209643508 -0.00052662925008907426 0.0006628186216946629 -0.000107004802467639 -0.00073485554961575988 0.0030178188152762409 -0.00052589488196927838 -0.00012689879615382718 0.00015386870024981949 0.00029060607004077402
leaf_weight=223 3046 16894 1526 1066 16759 3122 6012 5416 5814 5520 4162 13981 719 7131 11449 2888 5230 4989 7678 5314 10782 1023 458 3743 422 108 4973 350 2997 46
leaf_count=223 3046 16894 1526 1066 16759 3122 6012 5416 5814 5520 4162 13981 719 7131 11449 2888 5230 4989 7678 5314 10782 1023 458 3743 422 108 4973 350 2997 46
internal_value=-0.00128071 0.00412695 -0.009441 -0.0111551 -0.0139961 0.00620013 -0.0159183 0.00445907 0.008536 0.010817 0.000180443 -0.000491815 -0.00558553 0.00161592 0.00676172 -0.00308903 -0.00180235 0.00264157 -0.00924055 0.00606538 -0.00689568 -0.00443695 -0.00204722 -0.00210668 0.00032538 0.00414502 -0.00577051 0.00382314 0.00100175 -0.00827138
internal_weight=153841 92526 61315 48285 31975 60660 22771 34755 25905 11334 31866 27246 16310 12547 14571 13030 19211 8035 9204 22208 11848 9342 3346 4462 3688 4620 5996 4512 3419 269
internal_count=153841 92526 61315 48285 31975 60660 22771 34755 25905 11334 31866 27246 16310 12547 14571 13030 19211 8035 9204 22208 11848 9342 3346 4462 3688 4620 5996 4512 3419 269
is_linear=0
shrinkage=0.05


Tree=11
num_leaves=31
num_cat=0
split_feature=5 13 13 9 13 13 13 22 13 22 34 37 13 13 22 13 8 22 22 13 2 14 1 8 34 39 39 0 3 25
split_gain=2569.19 265.065 313.948 215.481 115.137 90.2936 114.225 80.6316 77.7464 39.0827 32.035 27.2249 27.1007 31.3415 26.5555 26.408 19.3928 19.2722 16.3645 15.8086 14.3001 13.179 11.7292 11.5232 11.2443 8.28347 7.83671 7.2915 5.36408 5.97523
threshold=1.0000000180025095e-35 -13.842182159423826 6.8573131561279306 1.0000000180025095e-35 -0.064914468675851808 -136.48625946044919 118.09861755371095 0.42562603950500494 0.00075226789808231222 0.10111366584897043 2.5000000000000004 1.0000000180025095e-35 209.65491485595706 -837.81671142578114 0.10386388003826143 78.585456848144545 0.046938192099332816 0.3427699506282807 0.057398274540901191 -78.658267974853501 0.74247610569000255 1.0000000180025095e-35 -1.4161473512649534 0.062721319496631636 3.5000000000000004 -2.6824642419815059 -0.075117759406566606 0.71154659986495983 0.37682336568832403 0.32661803066730505
decision_type=2 2 2 2 2 2 2 2 2 2 2 2 2 2 2 2 2 2 2 2 2 2 2 2 2 2 2 2 2 2
left_child=1 14 4 5 18 17 9 12 -6 -7 20 -12 13 -5 28 21 -8 26 -3 25 -9 -4 -17 -14 -19 -16 -2 -21 29 -1
right_child=3 2 15 7 8 6 16 10 -10 -11 11 -13 23 -15 19 22 -18 24 -20 27 -22 -23 -24 -25 -26 -27 -28 -29 -30 -31
leaf_value=-0.00049969234897486142 1.8360613174293103e-05 -0.00049802332799161325 -0.00049802332799161325 0.00072216077438298451 -0.00049802332799161325 -0.00038895869690700835 0.00033210883110301807 0.0008252647976641766 -0.00049802332799161325 -8.1209361170274218e-05 0.004343982023690747 0.0011788420476592327 0.00058920905787567782 0.00018713145985798686 -0.00050069705768791047 -0.0005657182719033927 0.0012915889772223781 0.00080646466861755337 -0.00049802332799161325 -0.0004380967570769452 7.4430416517990919e-05 -0.00029374879762396805 -0.0001244835201866395 0.0020641954993676536 0.0020844809508007104 0.00014999956546619467 0.00045016609970012451 -0.00051837443199760213 -0.00049960013787081448 0.00034112000522866026
leaf_weight=1984 1374 762 10004 5016 16759 3775 7361 9783 5983 20208 3546 4438 11419 15397 324 405 1712 3161 8379 6849 781 1761 4001 885 813 3389 3223 95 135 119
leaf_count=1984 1374 762 10004 5016 16759 3775 7361 9783 5983 20208 3546 4438 11419 15397 324 405 1712 3161 8379 6849 781 1761 4001 885 813 3389 3223 95 135 119
internal_value=-0.00136813 -0.00934511 -0.0110532 0.00386578 -0.0139314 0.00119334 7.56292e-06 0.00603579 -0.0158363 -0.00180023 0.0086694 0.0110596 0.00454275 0.00342551 -0.00297984 -0.00537846 0.00478618 0.00576654 -0.0091921 -0.00194004 0.00686293 -0.00661496 -0.00207671 0.00639629 0.00831656 0.000693509 0.00356211 -0.00334821 -0.00793119 -0.00731098
internal_weight=153841 60949 48054 92892 31883 41627 33056 51265 22742 23983 18548 7984 32717 20413 12895 16171 9073 8571 9141 10657 10564 11765 4406 12304 3974 3713 4597 6944 2238 2103
internal_count=153841 60949 48054 92892 31883 41627 33056 51265 22742 23983 18548 7984 32717 20413 12895 16171 9073 8571 9141 10657 10564 11765 4406 12304 3974 3713 4597 6944 2238 2103
is_linear=0
shrinkage=0.05


Tree=12
num_leaves=31
num_cat=0
split_feature=5 7 32 3 24 7 7 5 5 21 14 3 32 32 10 3 10 10 1 39 3 7 3 34 3 18 32 24 34 34
split_gain=2425.46 259.746 183.729 143.592 96.6754 71.6137 50.5587 48.0014 46.5406 42.684 29.3239 27.7208 27.2854 26.4889 23.6438 22.9793 22.843 20.1542 19.6238 18.2578 16.7121 13.6577 13.4607 12.1625 13.0362 11.2231 9.77564 9.39237 8.06194 5.62378
threshold=1.0000000180025095e-35 0.028025787323713306 14.500000000000002 -0.15598179399967191 2.5000000000000004 0.083655152469873442 0.012775973882526161 7.1250000000000009 28.375000000000004 1.0000000180025095e-35 1.0000000180025095e-35 0.29093891382217413 14.500000000000002 14.500000000000002 0.058669462800025947 -0.42172704637050623 0.0068610836751759061 1.0000000180025095e-35 -0.38875399529933924 -0.53339716792106617 -0.25377415120601649 0.1596316993236542 -1.7320105433464048 3.5000000000000004 0.4027125239372254 2160.2355957031255 14.500000000000002 2.5000000000000004 3.5000000000000004 1.5000000000000002
decision_type=2 2 2 2 2 2 2 2 2 2 2 2 2 2 2 2 2 2 2 2 2 2 2 2 2 2 2 2 2 2
left_child=2 6 3 15 10 8 13 26 12 -6 -5 20 -3 19 -10 22 25 -9 -17 -2 28 -18 -1 29 -25 -7 -8 -22 -4 -13
right_child=1 5 11 4 9 16 7 17 14 -11 -12 23 -14 -15 -16 18 21 -19 -20 -21 27 -23 -24 24 -26 -27 -28 -29 -30 -31
leaf_value=-0.00049983611883215031 -0.00024576110252814124 0.00058197446321861578 0.0048786552434715016 -0.00047312216159203259 -0.00047312216159203259 0.00080616591011862734 0.00037778296630014153 -0.00010788700653635905 -0.00016082558751458824 -0.00047312216159203259 -0.00047312216159203259 -0.00047312216159203259 0.0023226339254141899 0.00047748868008825381 0.00041031600235944508 -0.00047312216159203259 0.002112645296600968 0.00015867100721140144 -0.00047312216159203259 -5.9261979090335541e-05 -0.00050235747627211988 0.0044698742582353346 -0.00037987963451515029 0.0041863935164225151 -0.00076545413577070159 0.0024502143405609397 0.001648404476129245 0.0003319250461211406 0.00013476959134195565 -0.00047312216159203259
leaf_weight=1865 5017 32330 478 17319 6255 1815 9864 7177 3240 17667 978 243 2621 1795 2749 2628 5544 7416 5412 10046 1535 1352 4060 63 31 760 1166 1982 194 239
leaf_count=1865 5017 32330 478 17319 6255 1815 9864 7177 3240 17667 978 243 2621 1795 2749 2628 5544 7416 5412 10046 1535 1352 4060 63 31 760 1166 1982 194 239
internal_value=-0.00146076 0.00362464 -0.00921139 -0.0100109 -0.0114646 0.00605175 0.00074445 0.00214358 0.00514533 -0.00937213 -0.0142004 0.00021511 0.00584318 -0.00138213 0.0010728 -0.00561583 0.00996991 0.000262112 -0.00735697 -0.00206632 0.00162927 0.0114704 -0.00325316 -0.0100694 0.00638298 0.00595146 0.00463282 0.000248792 0.00885417 -0.013278
internal_weight=153841 92892 60949 56184 42219 50411 42481 25623 40940 23922 18297 4765 34951 16858 5989 13965 9471 14593 8040 15063 4189 6896 5925 576 94 2575 11030 3517 672 482
internal_count=153841 92892 60949 56184 42219 50411 42481 25623 40940 23922 18297 4765 34951 16858 5989 13965 9471 14593 8040 15063 4189 6896 5925 576 94 2575 11030 3517 672 482
is_linear=0
shrinkage=0.05


Tree=13
num_leaves=31
num_cat=0
split_feature=4 13 13 7 32 13 7 4 2 3 32 7 32 13 10 3 13 13 4 10 39 32 13 3 39 32 13 39 18 3
split_gain=2288.75 269.815 312.987 231.451 169.743 130.255 79.9011 62.0476 43.9033 39.5886 39.1865 29.986 27.8002 30.3392 23.0247 22.918 22.8224 22.7073 20.9191 17.7093 16.9541 16.3842 13.9877 12.3404 9.05359 8.82701 8.5553 8.33163 7.54968 6.06374
threshold=1.0000000180025095e-35 -13.842182159423826 6.8573131561279306 0.041875800117850311 14.500000000000002 -0.064914468675851808 0.019119578413665298 14.025000095367433 0.23509745299816134 0.21010185033082965 14.500000000000002 0.088141247630119338 14.500000000000002 64.429073333740249 1.0000000180025095e-35 -0.0099072270095348341 221.5036544799805 -45.048856735229485 28.375000000000004 0.0068610836751759061 -1.7696225047111509 14.500000000000002 438.34719848632818 -0.15598179399967191 -0.91209331154823292 14.500000000000002 -100.78845596313475 -4.5574824810028067 8061.8645019531259 0.3001589179039002
decision_type=2 2 2 2 2 2 2 2 2 2 2 2 2 2 2 2 2 2 2 2 2 2 2 2 2 2 2 2 2 2
left_child=1 17 4 6 5 -3 10 22 11 20 16 18 13 -4 -9 -6 -2 24 -5 -13 -10 23 -8 -19 27 -26 -12 -1 -11 -23
right_child=3 2 12 8 15 -7 7 14 9 28 26 19 -14 -15 -16 -17 -18 21 -20 -21 -22 29 -24 -25 25 -27 -28 -29 -30 -31
leaf_value=0.0030230193769361065 -0.00011742009202960896 -0.00044946605351243096 -0.00044946605351243096 0.00061982746846721444 0.00046112026100271594 -0.00044946605351243096 0.00040962756028830352 -0.0001601775212457208 0.00037920755881287168 0.00029512146086827212 0.0017427241232302643 0.00077402629406352899 0.00049607055662895629 -0.00027163903603018969 0.00019162661893838868 -0.00044946605351243096 0.00017996847018489256 -0.00033763247108468703 2.3120256220122114e-05 0.0023302296282676055 0.0022424330289288466 0.00093472609286729511 0.00077030373473244954 -0.00045105162344651669 -3.1987905946017583e-05 0.0015934389838942382 0.00041720330653087154 -0.00035500827018787872 0.0011750310984850543 -0.00046369143847158458
leaf_weight=47 21067 8474 10139 13905 1144 20444 17020 5147 882 1905 669 1221 1072 4960 5772 1821 3521 1900 2461 3213 8152 319 4997 3835 5094 292 2215 1372 745 36
leaf_count=47 21067 8474 10139 13905 1144 20444 17020 5147 882 1905 669 1221 1072 4960 5772 1821 3521 1900 2461 3213 8152 319 4997 3835 5094 292 2215 1372 745 36
internal_value=-0.00153551 -0.00906455 -0.0107879 0.00340449 -0.0136617 -0.0148299 0.00157429 0.00323506 0.00680797 0.00926053 -0.000416788 0.00543029 -0.00512182 -0.00567422 0.000153402 -0.00226813 -0.00106353 -0.0026425 0.00444214 0.00907758 0.0108368 -0.00486043 0.00476336 -0.00550567 -0.000657605 0.0002785 0.00509709 -0.00421071 0.00388679 0.00556338
internal_weight=153841 60949 48054 92892 31883 28918 60408 32936 32484 11684 27472 20800 16171 15099 10919 2965 24588 12895 16366 4434 9034 6090 22017 5735 6805 5386 2884 1419 2650 355
internal_count=153841 60949 48054 92892 31883 28918 60408 32936 32484 11684 27472 20800 16171 15099 10919 2965 24588 12895 16366 4434 9034 6090 22017 5735 6805 5386 2884 1419 2650 355
is_linear=0
shrinkage=0.05


Tree=14
num_leaves=31
num_cat=0
split_feature=4 13 13 32 22 13 13 13 13 13 32 13 32 13 22 39 1 34 13 8 32 38 13 32 25 32 1 1 1 1
split_gain=2173.7 263.336 314.313 170.517 168.981 133.897 84.3071 75.7302 59.0724 71.178 38.5795 30.8757 26.6631 29.0024 26.1628 23.1781 20.6371 19.0411 14.5117 14.3294 12.9459 12.2623 11.073 9.78504 9.26261 8.89323 7.07661 5.40282 5.19662 4.09152
threshold=1.0000000180025095e-35 -13.842182159423826 6.8573131561279306 14.500000000000002 0.30150666832923895 -0.064914468675851808 234.00148773193362 -58.285392761230462 -526.57556152343739 606.86471557617199 14.500000000000002 24.528713226318363 14.500000000000002 64.429073333740249 0.10386388003826143 -0.075117759406566606 -0.4405550211668014 5.0000000000000009 -61.222078323364251 0.11566411703824998 14.500000000000002 -0.43764922022819513 -5644.7990722656241 14.500000000000002 0.12219281867146493 2.5000000000000004 -2.4581794738769527 0.34781159460544592 -1.7091773152351377 -0.09674296528100966
decision_type=2 2 2 2 2 2 2 2 2 2 2 2 2 2 2 2 2 2 2 2 2 2 2 2 2 2 2 2 2 2
left_child=1 14 3 5 6 -3 7 20 15 10 -10 -9 13 -4 25 21 -5 24 26 -11 -2 -6 -17 -20 -8 27 -16 -1 -14 -19
right_child=4 2 12 16 8 -7 17 11 9 19 -12 -13 28 -15 18 22 -18 29 23 -21 -22 -23 -24 -25 -26 -27 -28 -29 -30 -31
leaf_value=-0.00042849904227419081 0.00019428774426506813 -0.0004269927508368094 -0.0004269927508368094 0.0079640757318208914 0.0048945275314460305 -0.0004269927508368094 0.00033422598515959627 -0.00025364833719911491 0.00023363609729282043 0.0010575391539645784 0.002006250508237556 2.1024368744128765e-05 -0.001012415934383772 -0.0002580570842286802 -0.0006790215491693732 0.0036803038384818627 -0.0004269927508368094 0.0025818518255993988 -0.00044054283644089001 0.0039841752999883809 0.0012771246268585001 0.0006557258270551002 0.0014907513744953156 0.00059696647872615409 0.0005324421078002692 0.00037948247331716204 8.7471106206332835e-05 -0.00042841144172534631 0.00052892294188934801 0.0020564755726551155
leaf_weight=1937 14232 8474 10139 300 177 20444 5255 12154 21324 9198 1940 9837 32 4960 218 956 2665 241 5660 354 1305 4677 4918 349 6038 177 4430 124 1040 286
leaf_count=1937 14232 8474 10139 300 177 20444 5255 12154 21324 9198 1940 9837 32 4960 218 956 2665 241 5660 354 1305 4677 4918 349 6038 177 4430 124 1040 286
internal_value=-0.00159922 -0.00893657 -0.0106391 -0.013519 0.00321502 -0.0146898 0.0012118 5.19612e-05 0.00548526 0.00443229 0.00294017 -0.00183598 -0.00496104 -0.00550202 -0.00259209 0.00870619 -0.00209949 0.00489425 -0.00156001 0.00806637 0.00272414 0.00614957 0.0108189 -0.00318273 0.00446073 -0.0075067 0.000537866 -0.00843037 0.00265858 0.0141841
internal_weight=153841 60949 48054 31883 92892 28918 49348 37528 43544 32816 23264 21991 16171 15099 12895 10728 2965 11820 10657 9552 15537 4854 5874 6009 11293 2238 4648 2061 1072 527
internal_count=153841 60949 48054 31883 92892 28918 49348 37528 43544 32816 23264 21991 16171 15099 12895 10728 2965 11820 10657 9552 15537 4854 5874 6009 11293 2238 4648 2061 1072 527
is_linear=0
shrinkage=0.05


Tree=15
num_leaves=31
num_cat=0
split_feature=4 13 13 7 32 13 22 22 7 13 9 32 4 7 32 22 0 18 3 39 13 13 13 13 32 32 38 9 3 14
split_gain=2084.25 263.1 319.101 204.142 160.154 163.829 53.5886 53.1206 39.2723 38.4418 30.3901 30.363 27.5084 24.9485 27.3863 24.6329 22.6959 22.6663 20.2489 18.8552 13.983 11.6721 11.503 12.9592 8.58356 8.5276 7.51715 6.141 5.79255 5.5932
threshold=1.0000000180025095e-35 -13.842182159423826 3.6173341274261479 0.033600756898522384 14.500000000000002 -0.064914468675851808 0.10111366584897043 0.51037761569023143 0.012775973882526161 24.528713226318363 1.0000000180025095e-35 14.500000000000002 12.97499990463257 0.1596316993236542 20.500000000000004 0.10386388003826143 0.11157969757914545 -2184.9138183593745 0.29093891382217413 -0.53339716792106617 -45.048856735229485 106.24657440185548 -78.658267974853501 23.331009864807132 14.500000000000002 2.5000000000000004 -0.14252521842718122 0.038770426064729697 0.37682336568832403 -1.0000000180025095e-35
decision_type=2 2 2 2 2 2 2 2 2 2 2 2 2 2 2 2 2 2 2 2 2 2 2 2 2 2 2 2 2 2
left_child=1 15 4 6 5 -3 22 10 19 11 17 -4 -10 14 -9 25 -12 -5 -6 -8 26 -11 29 -24 -22 28 -17 -15 -1 -2
right_child=3 2 9 7 18 -7 8 13 12 21 16 -13 -14 27 -16 20 -18 -19 -20 -21 24 -23 23 -25 -26 -27 -28 -29 -30 -31
leaf_value=-0.00040707409016048135 0.00060536069296196471 -0.00040564311329496897 -0.00040564311329496897 0.00073145538034454904 -0.00010281657257697562 -0.00040564311329496897 -0.00019162223552093762 0.0010582644969015314 0.00033185658550027777 -0.00040564311329496897 0.00048819070668364753 0.00038396218049062576 1.5205055704665093e-05 0.0031145667247491448 0.0064411378831014726 -0.00046492242078180587 0.0012559998188234661 0.00010334823650068101 -0.00040564311329496897 5.1917276591440009e-05 -0.00041851569461884546 -0.000105264696634588 -0.00040900387076038964 -0.00010026008097131293 0.00057497202842297457 0.00036050834965130395 4.0804109992887124e-05 0.0071766587418073402 -0.00040699086963907904 -6.2455449847939265e-05
leaf_weight=1940 240 8474 8066 2095 2342 18105 4903 12807 21841 6632 12475 733 9309 298 579 287 5917 7562 399 8900 4553 3303 2678 1980 282 177 5535 608 121 700
leaf_count=1940 240 8474 8066 2095 2342 18105 4903 12807 21841 6632 12475 733 9309 298 579 287 5917 7562 399 8900 4553 3303 2678 1980 282 177 5535 608 121 700
internal_value=-0.00167137 -0.00885617 -0.0105579 0.00304278 -0.0138148 -0.0150015 0.000897608 0.00560391 0.00147209 -0.00546066 0.00433973 -0.00786737 0.00245586 0.00808494 0.00754146 -0.00251454 0.0055323 0.00206845 -0.00230755 -0.000748026 -0.00151309 -0.00332914 -0.00371561 -0.00473379 -0.00350052 -0.00728329 0.00013741 0.0161148 -0.00818777 0.00132979
internal_weight=153841 60949 48054 92892 29320 26579 50551 42341 44953 18734 28049 8799 31150 14292 13386 12895 18392 9657 2741 13803 10657 9935 5598 4658 4835 2238 5822 906 2061 940
internal_count=153841 60949 48054 92892 29320 26579 50551 42341 44953 18734 28049 8799 31150 14292 13386 12895 18392 9657 2741 13803 10657 9935 5598 4658 4835 2238 5822 906 2061 940
is_linear=0
shrinkage=0.05


Tree=16
num_leaves=31
num_cat=0
split_feature=4 7 32 3 24 7 4 21 22 14 32 3 2 7 3 22 10 32 3 1 9 3 2 3 34 3 25 34 2 22
split_gain=2000.93 185.08 162.877 142.956 104.693 65.2071 47.4321 43.1433 40.7887 35.9538 35.352 29.4649 27.531 27.4155 22.7153 21.6961 20.262 19.8234 19.058 20.694 16.8068 16.0181 13.0117 13.0044 12.8127 13.0362 11.3147 8.12682 7.13977 6.28283
threshold=1.0000000180025095e-35 0.043646438047289855 14.500000000000002 -0.15598179399967191 2.5000000000000004 0.019119578413665298 13.625000000000002 1.0000000180025095e-35 0.4379138201475144 1.0000000180025095e-35 14.500000000000002 0.29093891382217413 0.16004647314548495 0.088141247630119338 0.24190292507410052 0.088063146919012084 1.0000000180025095e-35 8.5000000000000018 -0.42172704637050623 -0.38875399529933924 0.0090171401388943213 -0.25377415120601649 0.72677344083786022 -1.7320105433464048 3.5000000000000004 0.4027125239372254 0.0021015137899667029 3.5000000000000004 0.11715340614318849 0.40101777017116552
decision_type=2 2 2 2 2 2 2 2 2 2 2 2 2 2 2 2 2 2 2 2 2 2 2 2 2 2 2 2 2 2
left_child=2 5 3 18 9 10 22 -6 17 -5 15 21 13 -10 -14 -2 -8 20 23 -20 -3 27 -7 -1 -13 -26 -23 -4 -19 -12
right_child=1 8 11 4 7 6 16 -9 12 -11 29 24 14 -15 -16 -17 -18 28 19 -21 -22 26 -24 -25 25 -27 -28 -29 -30 -31
leaf_value=-0.00041073921700833234 -0.00028131373040432285 0.00021265023324165515 0.0044761683021473046 -0.00038536095763022052 -0.00038536095763022052 0.00045798853902136123 -0.00015144948528718886 -0.00038536095763022052 0.00050543936771592812 -0.00038536095763022052 0.00037910412146782772 -0.00038536095763022052 0.002216344966453539 0.0025535038400814492 -0.00018064155686831792 -4.4289776016720463e-05 0.00017990599110239894 0.0013944875431283277 -0.00038536095763022052 -0.00038536095763022052 0.00062339325649702921 -0.00047920870731344323 -0.00019028798574496789 -0.0003301494741880345 0.0039132227182144116 -0.000663076333099956 0.00013906851125292127 6.9504497141937958e-05 0.0028566256620779487 0.0018103369521913209
leaf_weight=1865 2465 5340 478 17319 6255 21893 5592 17667 5012 978 2430 482 6790 2115 417 22123 6552 604 2628 5412 9590 253 724 4060 63 31 3264 194 791 454
leaf_count=1865 2465 5340 478 17319 6255 21893 5592 17667 5012 978 2430 482 6790 2115 417 22123 6552 604 2628 5412 9590 253 724 4060 63 31 3264 194 791 454
internal_value=-0.00173605 0.00288292 -0.00877578 -0.00952851 -0.0109791 0.00131642 0.00275524 -0.00880152 0.00606266 -0.013826 -0.00050415 9.96852e-05 0.00800893 0.00580539 0.010188 -0.00111843 0.000234684 0.00435375 -0.00514322 -0.00672886 0.00382117 0.00155765 0.00410864 -0.00299156 -0.0105035 0.00638298 0.000206142 0.00863095 0.0100538 0.00473301
internal_weight=153841 92892 60949 56184 42219 62233 34761 23922 30659 18297 27472 4765 14334 7127 7207 24588 12144 16325 13965 8040 14930 4189 22617 5925 576 94 3517 672 1395 2884
internal_count=153841 92892 60949 56184 42219 62233 34761 23922 30659 18297 27472 4765 14334 7127 7207 24588 12144 16325 13965 8040 14930 4189 22617 5925 576 94 3517 672 1395 2884
is_linear=0
shrinkage=0.05


Tree=17
num_leaves=31
num_cat=0
split_feature=4 13 13 7 32 13 7 4 22 32 13 22 32 32 7 2 22 3 32 13 9 13 1 3 37 32 37 39 9 3
split_gain=1916.29 263.624 328.123 169.16 159.63 141.537 63.5051 45.9946 34.8023 32.1869 26.1632 23.4496 23.0359 20.9955 20.7701 21.2106 20.6062 20.6026 14.5341 13.481 13.0761 11.9281 9.17707 8.02621 7.90651 7.62505 7.30662 6.6834 5.89319 4.70302
threshold=1.0000000180025095e-35 -13.842182159423826 6.8573131561279306 0.047293214127421386 14.500000000000002 -0.064914468675851808 0.019119578413665298 13.775000095367433 0.4379138201475144 14.500000000000002 64.429073333740249 0.10386388003826143 14.500000000000002 14.500000000000002 0.1596316993236542 0.1529793590307236 0.077411264181137099 0.079761154949665083 8.5000000000000018 -45.048856735229485 0.0090171401388943213 438.34719848632818 -1.4161473512649534 -0.15598179399967191 1.0000000180025095e-35 2.5000000000000004 1.0000000180025095e-35 -1.4323694109916685 0.040844129398465163 0.41302186250686651
decision_type=2 2 2 2 2 2 2 2 2 2 2 2 2 2 2 2 2 2 2 2 2 2 2 2 2 2 2 2 2 2
left_child=1 11 4 6 5 -3 9 21 18 16 12 25 -4 -9 15 -10 -2 -6 20 27 -5 -8 -12 -21 -20 29 -11 -13 -16 -1
right_child=3 2 10 8 17 -7 7 13 14 26 22 19 -14 -15 28 -17 -18 -19 24 23 -22 -23 -24 -25 -26 -27 -28 -29 -30 -31
leaf_value=-0.0003674523377709463 -0.00031964617670710493 -0.00036609290974870952 -0.00036609290974870952 0.00023840602217170583 0.00015396614643909003 -0.00036609290974870952 0.00034152417295100752 -2.443199903855182e-05 0.0007963612157657631 0.00092117129800617717 -0.00046015555067152613 -0.00024659431305009999 0.00043742742614504677 0.0009918661312122727 0.0028311631965076156 0.0018890479538863512 -4.8602010355052861e-05 -0.00036609290974870952 0.0053922224194277706 -9.7857512272025914e-05 0.00064580423250325367 0.00067355899355810199 -0.00010740416935154248 -0.00037832186200639214 0.0010596428409414393 0.00035950157531965316 0.00019969984014948789 0.00010899042923154142 0.0060335387872439677 -0.00041651943743091079
leaf_weight=2006 1712 8474 10139 4591 1882 20444 18989 12309 5828 1370 444 1053 800 1059 358 6212 22876 1083 588 1852 8413 5691 4788 2983 647 177 1514 4769 735 55
leaf_count=2006 1712 8474 10139 4591 1882 20444 18989 12309 5828 1370 444 1053 800 1059 358 6212 22876 1083 588 1852 8413 5691 4788 2983 647 177 1514 4769 735 55
internal_value=-0.00179877 -0.008688 -0.0103914 0.00272144 -0.0133339 -0.0144668 0.00134234 0.00266505 0.00602258 -0.000489589 -0.00459001 -0.00234005 -0.00598089 0.000302962 0.00787901 0.0072799 -0.00107573 -0.00228499 0.00431034 -0.00136295 0.00381806 0.00394449 -0.00168196 -0.00331437 0.00949393 -0.00699285 0.00450763 0.000257643 0.0144785 -0.00784813
internal_weight=153841 60949 48054 92892 31883 28918 65520 38048 27372 27472 16171 12895 10939 13368 13133 12040 24588 2965 14239 10657 13004 24680 5232 4835 1235 2238 2884 5822 1093 2061
internal_count=153841 60949 48054 92892 31883 28918 65520 38048 27372 27472 16171 12895 10939 13368 13133 12040 24588 2965 14239 10657 13004 24680 5232 4835 1235 2238 2884 5822 1093 2061
is_linear=0
shrinkage=0.05


Tree=18
num_leaves=31
num_cat=0
split_feature=4 13 13 13 7 13 7 9 13 22 4 39 22 13 13 22 3 2 18 13 13 7 1 38 39 38 39 1 1 22
split_gain=1844.44 264.398 327.629 160.77 150.93 50.9055 44.9752 42.9747 39.4882 28.1104 27.0692 23.0962 22.5465 18.5746 22.9736 17.3237 16.383 15.2903 13.8242 13.4813 12.9907 10.8944 10.5382 10.3921 7.5894 6.87713 6.69336 5.91482 5.6531 4.11225
threshold=1.0000000180025095e-35 -13.842182159423826 3.6173341274261479 -0.064914468675851808 0.033600756898522384 0.00075226789808231222 0.083655152469873442 0.016969721764326099 24.528713226318363 0.082122139632701888 13.625000000000002 -0.64869436621665943 0.10386388003826143 -388.63066101074213 118.09861755371095 0.057398274540901191 -0.13065119087696073 0.14600677788257602 -7179.2463378906241 3851.228881835938 -45.048856735229485 0.0091192340478301066 0.42490811645984655 -0.0054282464552670709 2.5222923755645756 -0.11181402578949927 -0.23789435625076291 0.38379745185375219 -0.055497219786047929 0.048814715817570693
decision_type=2 2 2 2 2 2 2 2 2 2 2 2 2 2 2 2 2 2 2 2 2 2 2 2 2 2 2 2 2 2
left_child=1 12 3 15 7 -5 10 9 16 26 18 -11 27 23 -15 -3 -4 -12 -6 21 25 -9 -10 -8 -22 -14 -2 29 -21 -1
right_child=4 2 8 5 6 -7 13 19 22 11 17 -13 20 14 -16 -17 -18 -19 -20 28 24 -23 -24 -25 -26 -27 -28 -29 -30 -31
leaf_value=-0.00034907972088239894 -0.00048482634678392606 -0.00034778826426127402 -0.00034778826426127402 -0.00034778826426127402 0.0009134463838470048 -0.00034778826426127402 0.0016138691788325111 -6.1858146825696149e-05 -0.00034778826426127402 -0.00015657054627836307 7.6920212938687803e-05 7.5596924609162494e-05 -0.00040606332723219205 0.0004548353768352897 0.0017041172185684858 -0.00034778826426127402 -0.00034778826426127402 0.00048109688079002439 0.00055718441490593758 0.00092367502450616207 -0.00035904319235062704 0.00022022761907542886 -0.00034778826426127402 0.0035441192462828106 -0.00036138377371304877 5.8357308123277012e-05 -0.00026504690164304691 -0.00034900066138706678 0.00034349446517632277 -0.00034710171607542275
leaf_weight=373 552 762 2398 16759 4105 3420 932 2202 9803 8236 7764 18042 383 2130 4124 8379 6401 7474 13527 498 4487 18915 132 2285 348 5439 1720 59 386 1806
leaf_count=373 552 762 2398 16759 4105 3420 932 2202 9803 8236 7764 18042 383 2130 4124 8379 6401 7474 13527 498 4487 18915 132 2285 348 5439 1720 59 386 1806
internal_value=-0.00187255 -0.0086314 -0.0103373 -0.0136374 0.00256212 -0.0161294 0.00476429 0.000717592 -0.00517241 -0.000562172 0.00388956 -0.000100845 -0.00227414 0.00780013 0.00621202 -0.00813642 -0.00761166 0.00234611 0.00522346 0.0023783 -0.00131604 0.00212507 -0.00301208 0.0108875 -0.00323164 0.00027482 -0.00589789 -0.00683646 0.0084276 -0.00641349
internal_weight=153841 60949 48054 29320 92892 20179 42341 50551 18734 28550 32870 26278 12895 9471 6254 9141 8799 15238 17632 22001 10657 21117 9935 3217 4835 5822 2272 2238 884 2179
internal_count=153841 60949 48054 29320 92892 20179 42341 50551 18734 28550 32870 26278 12895 9471 6254 9141 8799 15238 17632 22001 10657 21117 9935 3217 4835 5822 2272 2238 884 2179
is_linear=0
shrinkage=0.05


Tree=19
num_leaves=31
num_cat=0
split_feature=4 13 13 13 7 13 9 13 13 13 13 10 22 0 22 13 7 4 14 34 13 38 0 22 39 22 38 22 20 34
split_gain=1766.46 263.696 334.165 136.957 135.916 93.6118 53.7421 34.4809 43.019 28.9407 28.3251 25.2092 21.2393 19.4548 17.4817 16.6642 15.7228 13.3586 12.5262 12.39 12.0438 10.7812 7.65391 7.08598 7.08161 6.94385 6.90958 6.68443 5.11676 6.62691
threshold=1.0000000180025095e-35 -13.842182159423826 6.8573131561279306 -0.064914468675851808 0.047293214127421386 0.00075226789808231222 0.0070360652171075353 -151.47544860839841 64.429073333740249 -1380.4899902343748 64.429073333740249 0.0030864491127431397 0.10386388003826143 0.095816336572170271 0.057398274540901191 234.00148773193362 0.016083722002804283 7.1250000000000009 1.0000000180025095e-35 2.5000000000000004 -78.658267974853501 -0.013503845781087874 0.71154659986495983 0.5448749065399171 -2.6824642419815059 0.14428019523620608 0.2153984680771828 1.3973827958106997 1.0000000180025095e-35 1.0000000180025095e-35
decision_type=2 2 2 2 2 2 2 2 2 2 2 2 2 2 2 2 2 2 2 2 2 2 2 2 2 2 2 2 2 2
left_child=1 12 3 14 6 -5 7 23 -9 19 18 15 28 -13 -3 -11 25 -18 -4 26 24 -21 -22 -2 -14 -8 -6 -12 -1 -30
right_child=4 2 10 5 9 -7 16 8 -10 11 27 13 20 -15 -16 -17 17 -19 -20 21 22 -23 -24 -25 -26 -27 -28 -29 29 -31
leaf_value=-0.0003317246350786278 0.00020007547428121049 -0.00033039885104821034 -0.00033039885104821034 -0.00033039885104821034 0.00093579164874802226 -0.00033039885104821034 -0.00013172390620275347 -0.00017423508831495546 0.00014826245612062049 0.00010514862719883164 -0.00010068685321578155 0.00060302937889157658 -0.00041198954589662801 0.0014933406754489668 -0.00033039885104821034 0.00089880748006429154 0.00050000531377193214 0.00023657569789687727 -0.00022606503480458121 0.0013903921934921043 -0.00030200395289639473 0.0032666075321796718 -0.0003471577939934456 0.00077082346882394485 0.00017546949552030454 9.7418766264029043e-05 -0.0001681034124700092 -0.00041975835992488612 0.00057244449472073386 -0.00027463544023827597
leaf_weight=1779 4758 762 9330 16759 1936 5983 1786 18617 9223 5350 4928 9411 324 5427 8379 2086 8720 16322 1609 925 6849 2028 95 1126 3389 4968 209 304 68 391
leaf_count=1779 4758 762 9330 16759 1936 5983 1786 18617 9223 5350 4928 9411 324 5427 8379 2086 8720 16322 1609 925 6849 2028 95 1126 3389 4968 209 304 68 391
internal_value=-0.00191935 -0.00853377 -0.0102374 -0.0132069 0.00242055 -0.0152845 0.00118437 -0.000206085 -0.000941092 0.00537958 -0.00438285 0.00460178 -0.00218496 0.00579256 -0.00803796 0.00222566 0.00265914 0.00323656 -0.00583006 0.00877795 -0.00125504 0.0108788 -0.00248416 0.00327158 0.00104363 0.000518211 0.00588578 -0.00135703 -0.00661305 -0.00190632
internal_weight=153841 60949 48054 31883 92892 22742 65520 33724 27840 27372 16171 22274 12895 14838 9141 7436 31796 25042 10939 5098 10657 2953 6944 5884 3713 6754 2145 5232 2238 459
internal_count=153841 60949 48054 31883 92892 22742 65520 33724 27840 27372 16171 22274 12895 14838 9141 7436 31796 25042 10939 5098 10657 2953 6944 5884 3713 6754 2145 5232 2238 459
is_linear=0
shrinkage=0.05


Tree=20
num_leaves=31
num_cat=0
split_feature=4 32 3 7 24 7 32 4 14 32 25 3 2 1 37 14 3 34 3 3 2 34 3 25 37 34 34 2 2 34
split_gain=1698.46 152.887 141.924 122.202 105.676 55.1066 40.878 42.0165 38.4657 31.691 30.6962 26.4602 22.7693 22.2633 21.218 19.5463 16.865 16.6489 16.0564 14.9311 13.9866 11.9072 13.0362 11.0419 7.84971 46.0881 31.7492 7.82214 6.30898 6.06044
threshold=1.0000000180025095e-35 14.500000000000002 -0.15598179399967191 0.022137421183288101 2.5000000000000004 0.083655152469873442 14.500000000000002 23.024999618530277 1.0000000180025095e-35 14.500000000000002 0.074423011392354979 0.29093891382217413 0.028296528384089473 -0.4405550211668014 1.0000000180025095e-35 1.0000000180025095e-35 -0.42172704637050623 1.5000000000000002 -0.6957046091556548 0.22023219615221026 0.40479560196399694 3.5000000000000004 0.4027125239372254 0.0021015137899667029 1.0000000180025095e-35 1.5000000000000002 1.5000000000000002 0.032838255167007453 -0.85274317860603321 1.5000000000000002
decision_type=2 2 2 2 2 2 2 2 2 2 2 2 2 2 2 2 2 2 2 2 2 2 2 2 2 2 2 2 2 2
left_child=1 2 15 9 8 6 7 -5 -4 12 -6 18 13 -2 -8 16 -1 -14 28 20 -7 29 -23 -20 26 -26 -11 -17 -3 -13
right_child=3 11 4 5 10 19 14 -9 -10 24 -12 21 17 -15 -16 27 -18 -19 23 -21 -22 22 -24 -25 25 -27 -28 -29 -30 -31
leaf_value=-0.00033087213473714273 0.00011282357457112688 -0.00039780995019650243 -0.00031387890849579982 0.00034854005741604137 -0.00031387890849579982 0.0013968047390223164 0.0027720574608537979 -4.1461266879619547e-05 -0.00031387890849579982 -0.00020052444541617095 -0.00031387890849579982 -0.00031387890849579982 -0.00011008451626435059 -0.00020280663831448876 0.00082325088584005103 -0.00028976401600198926 -0.00031387890849579982 0.00011639754377893319 -0.00040303427069486136 0.00026577942506808962 0.0028824556322536981 0.0037295995667619127 -0.00057770851519204855 0.00023401543978666638 0.001045244929268643 -0.00037682807361905156 0.0016930560527248133 0.00055449993268076223 0.014440287100904687 -0.00031387890849579982
leaf_weight=5036 2496 66 17319 37645 13357 6596 1661 9170 978 636 10565 243 7803 7547 2347 1415 6942 11365 277 806 2069 63 31 3620 756 1052 943 572 226 239
leaf_count=5036 2496 66 17319 37645 13357 6596 1661 9170 978 636 10565 243 7803 7547 2347 1415 6942 11365 277 806 2069 63 31 3620 756 1052 943 572 226 239
internal_value=-0.00196095 -0.00844682 -0.0091761 0.0022946 -0.0106214 0.00362806 0.00297552 0.00256061 -0.0134817 -0.00017179 -0.00843366 0.000152151 -0.000702646 -0.00263119 0.00782186 -0.00480666 -0.00556854 0.000307805 0.00153378 0.00712966 0.00773514 -0.00989583 0.00638298 0.000686425 0.00440655 0.00215708 0.00698227 -0.00021389 0.0128425 -0.0130705
internal_weight=153841 60949 56184 92892 42219 60294 50823 46815 18297 32598 23922 4765 29211 10043 4008 13965 11978 19168 4189 9471 8665 576 94 3897 3387 1808 1579 1987 292 482
internal_count=153841 60949 56184 92892 42219 60294 50823 46815 18297 32598 23922 4765 29211 10043 4008 13965 11978 19168 4189 9471 8665 576 94 3897 3387 1808 1579 1987 292 482
is_linear=0
shrinkage=0.05


Tree=21
num_leaves=31
num_cat=0
split_feature=7 13 13 32 13 7 9 22 13 32 32 0 3 3 22 32 7 3 7 37 13 3 2 39 39 3 22 0 3 18
split_gain=1634.56 263.447 333.762 159.712 151.527 113.404 49.1207 32.8002 28.5306 25.4977 24.7004 24.629 46.1096 22.8018 21.1151 20.3837 19.8217 19.6477 15.0218 12.1222 12.0515 11.9069 10.3374 10.3366 9.22934 7.52235 7.30565 6.87283 6.51534 3.92491
threshold=1.0000000180025095e-35 -13.842182159423826 6.8573131561279306 14.500000000000002 -0.064914468675851808 0.04901986941695214 0.0070360652171075353 0.099764585494995131 64.429073333740249 19.500000000000004 14.500000000000002 0.12180479243397714 0.079761154949665083 -0.55379974842071522 0.091555610299110426 14.500000000000002 0.085104662925004973 0.079761154949665083 0.016083722002804283 1.0000000180025095e-35 -45.048856735229485 -0.2647589892148971 0.031499419361352927 -0.68135905265808094 2.5222923755645756 0.38632884621620184 1.3973827958106997 -0.1383506506681442 -1.7320105433464048 -720.47958374023426
decision_type=2 2 2 2 2 2 2 2 2 2 2 2 2 2 2 2 2 2 2 2 2 2 2 2 2 2 2 2 2 2
left_child=1 14 3 4 -3 6 7 23 15 11 18 16 -13 -9 25 -4 -7 -5 -8 -12 28 29 -23 -2 -22 27 -10 -1 -16 -11
right_child=5 2 8 17 -6 9 10 13 26 21 19 12 -14 -15 20 -17 -18 -19 -20 -21 24 22 -24 -25 -26 -27 -28 -29 -30 -31
leaf_value=0.00044401896221389907 -0.00044336409901603454 -0.00029818496307100983 -0.00029818496307100983 0.00015695529464843563 -0.00029818496307100983 0.00026626899857653576 -1.972109452897191e-05 0.00055693726260179445 -8.5014154859769725e-05 0.0069386593455695537 0.0016108550621918832 0.0025915875427944533 0.00038430223003112934 -1.2066670069340452e-05 -0.00048864841303843966 0.00043197758034726596 0.0012414060093185019 -0.00029818496307100983 0.00024113125185459689 0.00048629545209110466 -0.00030202790131664199 -0.00060426281335622704 0.0021778716353431146 -0.00018057722444509447 -0.00031252044195778655 -0.00029936539840457426 -0.00038222683519178471 -0.0002993455576595576 6.3118479816049076e-05 0.0063200453100408826
leaf_weight=54 903 8474 10139 1882 20444 11335 5858 3458 4928 349 1461 4410 3592 26551 633 800 5308 1083 23506 1899 4713 119 537 3351 415 96 304 1542 5442 255
leaf_count=54 903 8474 10139 1882 20444 11335 5858 3458 4928 349 1461 4410 3592 26551 633 800 5308 1083 23506 1899 4713 119 537 3351 415 96 304 1542 5442 255
internal_value=-0.00201686 -0.00837955 -0.0100824 -0.0130501 -0.0141832 0.00215788 0.00107148 -0.000251729 -0.00423134 0.00496719 0.00245691 0.0046125 0.00689203 0.000330734 -0.00203373 -0.00568379 0.00351649 -0.00199831 0.00199224 0.00651786 -0.00124743 0.0119048 0.00724085 -0.0043606 -0.00303237 -0.00723995 -0.00119457 -0.00642231 0.000259259 0.0169702
internal_weight=153841 60949 48054 31883 28918 92892 66987 34263 16171 25905 32724 24645 8002 30009 12895 10939 16643 2965 29364 3360 11203 1260 656 4254 5128 1692 5232 1596 6075 604
internal_count=153841 60949 48054 31883 28918 92892 66987 34263 16171 25905 32724 24645 8002 30009 12895 10939 16643 2965 29364 3360 11203 1260 656 4254 5128 1692 5232 1596 6075 604
is_linear=0
shrinkage=0.05


Tree=22
num_leaves=31
num_cat=0
split_feature=4 13 13 32 13 7 32 39 39 7 13 3 32 4 3 32 3 2 13 3 38 32 3 32 1 2 1 25 3 3
split_gain=1581.86 262.475 340.907 158.366 152.208 101.313 35.243 34.3741 35.0606 30.0483 27.6501 26.4991 26.4144 23.3434 19.5244 18.9699 17.5629 18.2422 17.0315 16.8402 13.5097 11.5903 11.5479 11.2153 8.881 7.27138 6.61654 7.20779 6.08685 4.829
threshold=1.0000000180025095e-35 -13.842182159423826 6.8573131561279306 14.500000000000002 -0.064914468675851808 0.033600756898522384 14.500000000000002 1.6970931291580202 -0.68135905265808094 0.082290776073932662 64.429073333740249 -0.55379974842071522 14.500000000000002 37.274999618530281 0.079761154949665083 14.500000000000002 -0.2647589892148971 0.12298071384429933 -45.048856735229485 -0.023466875776648518 -0.16899792104959485 14.500000000000002 -0.15598179399967191 8.5000000000000018 -1.4161473512649534 0.19532313197851184 0.32907520234584814 0.21789932996034625 -1.7320105433464048 0.3001589179039002
decision_type=2 2 2 2 2 2 2 2 2 2 2 2 2 2 2 2 2 2 2 2 2 2 2 2 2 2 2 2 2 2
left_child=1 18 3 4 -3 7 9 8 11 13 15 -2 -10 -7 -5 -4 25 -18 26 -11 -9 22 -20 -22 -12 -8 28 -28 -1 -23
right_child=5 2 10 14 -6 6 16 20 12 19 24 -13 -14 -15 -16 -17 17 -19 21 -21 23 29 -24 -25 -26 -27 27 -29 -30 -31
leaf_value=-0.00046421599238651761 0.00047825416955862707 -0.00028327571491745931 -0.00028327571491745931 0.00014910752991601392 -0.00028327571491745931 0.00035217461288927082 0.0035051424003357552 0.00021584940109014815 0.00011515756004329623 0.00170347456706402 -0.00036311549343219545 -0.0001249972689254683 0.00087026690233094864 -0.00015128655591948142 -0.00028327571491745931 0.00041037870132990272 -0.00013287513953707289 0.0018527717929067847 -0.00018978929972938023 0.00047222142246079458 -0.00033719494070238635 0.00080191453811350984 -0.00028447718001692855 0.00045678618828162991 -6.7008953559864485e-05 0.022040478209612697 -2.5236156074916023e-05 -0.00036559018034961074 4.0999317044452742e-05 -0.00039481426111580531
leaf_weight=630 1965 8474 10139 1882 20444 27485 1115 686 27024 6536 444 13566 2962 2664 1083 800 651 1091 1900 2607 3897 319 3835 451 4788 192 107 78 5990 36
leaf_count=630 1965 8474 10139 1882 20444 27485 1115 686 27024 6536 444 13566 2962 2664 1083 800 651 1091 1900 2607 3897 319 3835 451 4788 192 107 78 5990 36
internal_value=-0.00206203 -0.0083213 -0.010021 -0.0130203 -0.0141486 0.00204485 0.00384911 0.00053362 0.000967221 0.00344727 -0.00410766 -0.000960981 0.00196592 0.00268583 -0.00201518 -0.00553753 0.00902755 0.00574053 -0.0019872 0.00595811 -0.00338697 -0.00390805 -0.00445074 -0.00441582 -0.00111812 0.0134086 -0.000268185 -0.00959459 -7.55287e-06 0.00485915
internal_weight=153841 60949 48054 31883 28918 92892 42341 50551 45517 39292 16171 15531 29986 30149 2965 10939 3049 1742 12895 9143 5034 6090 5735 4348 5232 1307 6805 185 6620 355
internal_count=153841 60949 48054 31883 28918 92892 42341 50551 45517 39292 16171 15531 29986 30149 2965 10939 3049 1742 12895 9143 5034 6090 5735 4348 5232 1307 6805 185 6620 355
is_linear=0
shrinkage=0.05


Tree=23
num_leaves=31
num_cat=0
split_feature=5 32 22 7 14 22 21 39 32 18 18 22 32 34 2 1 1 1 22 38 39 37 38 39 25 38 37 34 34 34
split_gain=1538.74 135.437 120.506 95.2042 84.1482 41.9523 37.6553 35.4946 30.8588 30.4658 63.1277 23.7254 23.1526 22.6213 21.2649 17.005 15.0288 14.1463 11.3575 11.2825 17.3457 10.3159 10.269 9.32689 8.94836 7.28598 7.06798 41.1764 28.4428 6.63111
threshold=1.0000000180025095e-35 14.500000000000002 0.095779631286859526 0.022137421183288101 1.0000000180025095e-35 0.51037761569023143 1.0000000180025095e-35 2.0838214159011845 20.500000000000004 -927.20971679687489 1620.5567016601565 0.048814715817570693 14.500000000000002 2.5000000000000004 0.042577724903821952 -0.4405550211668014 -0.1685182452201843 -0.28700067102909083 0.054519345983862884 0.30095177888870245 2.3309744596481328 1.0000000180025095e-35 0.075840681791305556 1.9768069386482241 0.0021015137899667029 0.14686369150877002 1.0000000180025095e-35 1.5000000000000002 1.5000000000000002 1.5000000000000002
decision_type=2 2 2 2 2 2 2 2 2 2 2 2 2 2 2 2 2 2 2 2 2 2 2 2 2 2 2 2 2 2
left_child=1 2 6 12 7 9 18 -4 13 22 -11 -8 14 -7 15 -2 -16 25 -1 24 -21 -10 -5 -6 -19 29 28 -28 -14 -3
right_child=3 17 4 5 23 8 11 -9 21 10 -12 -13 26 -15 16 -17 -18 19 -20 20 -22 -23 -24 -25 -26 -27 27 -29 -30 -31
leaf_value=-0.0002691119291715864 9.5169461995355068e-05 -0.00050523296821344062 -0.0002691119291715864 0.00048350242999408051 -2.9687177883212099e-06 0.00039023597403571396 -0.0002691119291715864 -0.0002691119291715864 0.0015486457483733047 -0.00016093606644478222 0.00037923172636733315 -0.0002691119291715864 -0.00026150470225896129 0.0014930248063835451 0.00028357145842714541 -0.00017372178996850429 -1.7185346236110473e-05 -0.00037325577749649055 -0.0002691119291715864 0.0094810863062207117 -0.00040165363311312272 0.0072478075423836443 0.00012985951834738427 -0.0002691119291715864 -6.4266209272673041e-05 0.022105828518611106 0.00095304273139354 -0.00038663086844127338 0.0015347066892342786 0.0029436918251487991
leaf_weight=1994 2640 269 33045 13753 3631 9920 2089 5943 276 11229 15088 5467 636 6796 3218 9154 14199 234 3614 32 112 532 2700 401 3430 93 756 1052 943 595
leaf_count=1994 2640 269 33045 13753 3631 9920 2089 5943 276 11229 15088 5467 636 6796 3218 9154 14199 234 3614 32 112 532 2700 401 3430 93 756 1052 943 595
internal_value=-0.00210363 -0.008277 -0.00896341 0.00194688 -0.00768247 0.00312386 -0.0131495 -0.00839361 0.00518432 0.00227964 0.00122449 -0.0108457 -0.000230075 0.00472302 -0.000683818 -0.00232322 0.000426308 -0.000183631 -0.0162536 -0.00154937 -0.0152778 0.0147277 0.00396736 -0.000806052 -0.00100983 0.00525078 0.0036832 0.00154867 0.0061273 0.00381944
internal_weight=153841 60949 56184 92892 43020 60294 13164 38988 17524 42770 26317 7556 32598 16716 29211 11794 17417 4765 5608 3808 144 808 16453 4032 3664 957 3387 1808 1579 864
internal_count=153841 60949 56184 92892 43020 60294 13164 38988 17524 42770 26317 7556 32598 16716 29211 11794 17417 4765 5608 3808 144 808 16453 4032 3664 957 3387 1808 1579 864
is_linear=0
shrinkage=0.05


Tree=24
num_leaves=31
num_cat=0
split_feature=4 13 13 32 13 10 18 18 3 13 39 25 4 0 32 2 13 22 3 32 13 2 1 18 1 39 3 32 32 20
split_gain=1481.89 267.166 343.652 151.932 157.89 85.3485 69.2731 44.6708 36.7184 27.0759 24.4558 25.2013 24.05 23.3889 20.8537 21.1905 19.6775 19.5762 18.8819 17.3224 11.5864 10.6266 10.4929 8.87761 8.54382 7.82537 5.86626 5.78741 4.81599 4.50203
threshold=1.0000000180025095e-35 -13.842182159423826 6.8573131561279306 14.500000000000002 -0.064914468675851808 1.0000000180025095e-35 -661.87683105468739 1801.3432617187502 -0.746020346879959 64.429073333740249 -1.0412624478340147 0.098036963492631926 19.32499980926514 0.13624896109104159 19.500000000000004 0.21651683002710345 -196.29821014404294 0.080769497901201262 0.079761154949665083 14.500000000000002 -91.46816253662108 0.42572966217994695 -0.035235028713941567 -8188.1499023437491 -1.4161473512649534 2.6074306964874272 -1.8692067265510557 27.500000000000004 2.5000000000000004 -1.0000000180025095e-35
decision_type=2 2 2 2 2 2 2 2 2 2 2 2 2 2 2 2 2 2 2 2 2 2 2 2 2 2 2 2 2 2
left_child=1 17 3 4 -3 6 16 12 14 19 11 -10 -8 -12 15 -7 27 22 -5 -4 26 -9 28 -18 -11 -22 -19 -2 -1 -24
right_child=5 2 9 18 -6 8 7 21 10 24 13 -13 -14 -15 -16 -17 23 20 -20 -21 25 -23 29 -25 -26 -27 -28 -29 -30 -31
leaf_value=-0.00022093648706658533 0.00059788145381334571 -0.00025565633271300704 -0.00025565633271300704 0.00013514768184980704 -0.00025565633271300704 0.00057389579206101415 -0.00011088789562520999 0.00019858529545629616 -0.0001717480840332259 -0.00033150412230200635 0.00022859856048081906 0.00027360813557389781 -0.0004258620331844162 0.00073241699725780482 0.0048003637832108653 0.0035048386282684665 0.00058207316796036676 -0.00056607215453720403 -0.00026589861870795274 0.00039307307672704136 -0.00021547793257246971 0.0011523296383154043 -0.00025679772455750277 0.00012127784124282278 -5.2528095929205676e-05 -0.00026921496440047147 0.0001933729042875315 0.0048876286598776219 0.0012987256405394615 -0.00025679772455750277
leaf_weight=476 3353 8474 10139 1882 20444 5698 17625 4687 4723 444 24753 5451 4873 8955 630 1411 1594 424 1083 800 7717 875 538 8080 4788 519 3007 184 53 161
leaf_count=476 3353 8474 10139 1882 20444 5698 17625 4687 4723 444 24753 5451 4873 8955 630 1411 1594 424 1083 800 7717 875 538 8080 4788 519 3007 184 53 161
internal_value=-0.00214491 -0.00820317 -0.00991801 -0.0129293 -0.0140345 0.00183008 0.000135083 -0.00127049 0.00318523 -0.00398089 0.00262522 0.000476705 -0.00226242 0.0032737 0.00636064 0.00558799 0.00312051 -0.00181272 -0.00215008 -0.00539583 -0.00118068 0.00274182 -0.00781759 0.00195369 -0.00102255 -0.00219767 0.00126057 0.00631185 -0.00250473 -0.0118383
internal_weight=153841 60949 48054 31883 28918 92892 41271 28060 51621 16171 43882 10174 22498 33708 7739 7109 13211 12895 2965 10939 11667 5562 1228 9674 5232 8236 3431 3537 529 699
internal_count=153841 60949 48054 31883 28918 92892 41271 28060 51621 16171 43882 10174 22498 33708 7739 7109 13211 12895 2965 10939 11667 5562 1228 9674 5232 8236 3431 3537 529 699
is_linear=0
shrinkage=0.05


Tree=25
num_leaves=30
num_cat=0
split_feature=4 13 13 13 13 7 39 13 13 13 39 34 37 3 34 13 3 14 3 1 1 39 3 7 39 39 39 9 7
split_gain=1431.41 265.721 339.757 144.441 99.1867 85.8704 44.1293 34.8159 52.4013 26.406 22.4046 23.0068 30.7575 29.2031 15.2551 14.3563 11.8858 11.7675 11.2401 10.7409 8.56845 8.19687 8.11183 7.29384 7.05591 7.83712 6.44862 6.10819 2.06846
threshold=1.0000000180025095e-35 -13.842182159423826 6.8573131561279306 -0.064914468675851808 0.00075226789808231222 0.058563960716128356 1.6970931291580202 438.34719848632818 -74.675922393798814 64.429073333740249 -1.6917468309402464 2.5000000000000004 1.0000000180025095e-35 -0.99006319046020497 5.0000000000000009 -50.047208786010735 -0.25377415120601649 1.0000000180025095e-35 -0.15598179399967191 -0.46978031098842615 -1.4161473512649534 -3.6917821168899532 0.46115627884864813 0.2624726295471192 -4.5574824810028067 -2.9725823402404781 2.5612684488296513 0.62394928932189953 0.038254946470260627
decision_type=2 2 2 2 2 2 2 2 2 2 2 2 2 2 2 2 2 2 2 2 2 2 2 2 2 2 2 2 2
left_child=1 15 3 16 -5 6 7 8 -2 17 23 12 -12 -13 22 24 -3 -4 19 -17 -11 -9 -8 27 -1 -26 -20 -7 -16
right_child=5 2 9 4 -6 10 14 21 -10 20 11 13 -14 -15 28 18 -18 -19 26 -21 -22 -23 -24 -25 25 -27 -28 -29 -30
leaf_value=0.0031441393963504006 0.00022812729299513928 -0.00024287351607735669 -0.00024287351607735669 -0.00024287351607735669 -0.00024287351607735669 -4.7657770508029858e-05 -0.00024503645819377206 0.0018055980383448783 -4.8097709485851915e-05 -0.00031492891618690604 -7.4100947803824871e-05 0.0055601526534323417 0.0011935284739178866 0.0010898357998545131 0.00075607277227187361 -0.00029717737399070459 -0.00024287351607735669 -0.00015026704557593437 -0.00024395783832962764 0.00024284662485895352 -4.9901691132745417e-05 0.00035652706629953903 -0.00060041355556173567 0.0070383500513684447 -0.00030872600729918502 3.9651136231777172e-05 -0.00024545683775156405 0.00092883894238670608 0.00291891984216207
leaf_weight=39 24044 1278 9330 16759 5983 2483 5387 233 31221 444 3184 1585 3410 8512 204 869 7863 1609 3765 1339 4788 12286 146 41 565 5696 622 114 42
leaf_count=39 24044 1278 9330 16759 5983 2483 5387 233 31221 444 3184 1585 3410 8512 204 869 7863 1609 3765 1339 4788 12286 146 41 565 5696 622 114 42
internal_value=-0.00217351 -0.0081277 -0.00983789 -0.0128321 -0.0149657 0.0017332 0.000953944 0.00131152 0.000772189 -0.00393451 0.0046989 0.00537565 0.00307856 0.0068758 -0.00324018 -0.00175456 -0.00752379 -0.00533184 -0.00338514 -0.000475543 -0.001013 0.00369239 -0.00378185 0.000416983 -4.7619e-05 -0.000179684 -0.00484956 8.66384e-05 0.00894309
internal_weight=153841 60949 48054 31883 22742 92892 73563 67784 55265 16171 19329 16691 6594 10097 5779 12895 9141 10939 6595 2208 5232 12519 5533 2638 6300 6261 4387 2597 246
internal_count=153841 60949 48054 31883 22742 92892 73563 67784 55265 16171 19329 16691 6594 10097 5779 12895 9141 10939 6595 2208 5232 12519 5533 2638 6300 6261 4387 2597 246
is_linear=0
shrinkage=0.05


Tree=26
num_leaves=31
num_cat=0
split_feature=4 13 13 13 32 7 13 22 32 13 32 32 32 13 13 22 37 39 1 13 1 3 39 0 34 39 13 4 1 0
split_gain=1390.74 264.701 340.583 175.047 139.082 75.708 39.708 38.7247 33.9842 32.0559 26.6916 24.6922 22.4265 21.9025 21.0682 19.868 19.6555 11.7674 11.5358 10.8968 9.96549 9.85188 9.69252 8.09267 7.93884 6.88853 7.78866 6.56856 5.89203 4.48726
threshold=1.0000000180025095e-35 -13.842182159423826 3.6173341274261479 -0.064914468675851808 14.500000000000002 0.04901986941695214 24.528713226318363 0.089861508458852782 14.500000000000002 307.94297790527349 2.5000000000000004 19.500000000000004 14.500000000000002 -1380.4899902343748 209.65491485595706 0.080769497901201262 1.0000000180025095e-35 -0.027744126506149765 0.42490811645984655 -45.048856735229485 -0.035235028713941567 -0.2951731532812118 2.5612684488296513 -0.024468470364809033 1.0000000180025095e-35 -1.3469454646110532 7.5542457103729257 24.375000000000004 -2.4581794738769527 0.35041202604770666
decision_type=2 2 2 2 2 2 2 2 2 2 2 2 2 2 2 2 2 2 2 2 2 2 2 2 2 2 2 2 2 2
left_child=1 15 3 10 -5 7 12 25 9 -9 -3 13 -4 17 -15 20 -10 -7 -8 28 24 -13 -21 -23 -1 26 -2 -27 -17 -22
right_child=5 2 6 4 -6 11 18 8 16 -11 -12 21 -14 14 -16 19 -18 -19 -20 22 29 23 -24 -25 -26 27 -28 -29 -30 -31
leaf_value=0.00041502186648892348 -0.0005141505946644518 -0.00023072984027348886 -0.00023072984027348886 -0.00023072984027348886 -0.00024046001196868728 0.00060674557454180671 -0.00023072984027348886 6.860782814215559e-06 0.0012752318023953233 0.00029998161017882403 0.00010979452889137651 0.0058212400297012468 0.00028924777504635741 0.00017458749883671814 0.0007568832959745736 -0.00045353051041068204 0.00029214242950200266 0.0017210890219916488 -0.00023072984027348886 -0.00023374588447981487 -0.00023168499644204944 -0.00032114086245187205 -0.00024348137429286971 0.0022151933352968045 -0.0002334166330617949 -0.00012527303736248435 -5.0250058718881186e-05 -0.00048179134808362493 5.5202415256499181e-05 -0.00026558461624713191
leaf_weight=87 360 8233 8066 18105 2074 2008 9803 45538 2436 11407 908 581 733 10238 9759 250 3334 2640 132 4942 599 183 434 496 442 3020 232 660 6041 100
leaf_count=87 360 8233 8066 18105 2074 2008 9803 45538 2436 11407 908 581 733 10238 9759 250 3334 2640 132 4942 599 183 434 496 442 3020 232 660 6041 100
internal_value=-0.00221934 -0.00808832 -0.00979523 -0.01316 -0.0157602 0.00163146 -0.0045292 0.000743801 0.00105756 0.000687066 -0.00741987 0.00392685 -0.00697522 0.0035778 0.00285918 -0.00172741 0.00471404 0.00666954 -0.00236286 -0.00109068 -0.00777687 0.010754 -0.00274368 0.00666421 -0.00259924 -0.00386236 -0.00886824 -0.00305707 0.000321888 -0.0116953
internal_weight=153841 60949 48054 29320 20179 92892 18734 66987 62715 56945 9141 25905 8799 24645 19997 12895 5770 4648 9935 11667 1228 1260 5376 679 529 4272 592 3680 6291 699
internal_count=153841 60949 48054 29320 20179 92892 18734 66987 62715 56945 9141 25905 8799 24645 19997 12895 5770 4648 9935 11667 1228 1260 5376 679 529 4272 592 3680 6291 699
is_linear=0
shrinkage=0.05


Tree=27
num_leaves=31
num_cat=0
split_feature=4 13 13 13 32 7 13 7 4 32 32 39 39 2 3 34 32 39 39 32 3 1 2 32 13 4 37 38 14 1
split_gain=1345.47 264.93 340.793 174.639 138.715 70.3255 39.5739 38.1447 35.5568 25.621 22.0628 19.235 22.0619 15.9091 15.168 20.709 14.3008 14.1089 13.31 12.861 12.7718 11.6309 11.1735 9.94083 9.93287 8.85073 8.15205 6.19043 5.71591 5.01447
threshold=1.0000000180025095e-35 -13.842182159423826 3.6173341274261479 -0.064914468675851808 14.500000000000002 0.019119578413665298 24.528713226318363 0.083655152469873442 14.025000095367433 2.5000000000000004 14.500000000000002 -0.64869436621665943 0.075535457581281676 0.14600677788257602 -0.77293133735656727 2.5000000000000004 8.5000000000000018 2.6074306964874272 -1.831261098384857 14.500000000000002 -0.72040659189224232 0.42490811645984655 0.044016564264893539 2.5000000000000004 -50.047208786010735 7.1250000000000009 1.0000000180025095e-35 -0.052842551842331879 1.0000000180025095e-35 -0.10035405680537222
decision_type=2 2 2 2 2 2 2 2 2 2 2 2 2 2 2 2 2 2 2 2 2 2 2 2 2 2 2 2 2 2
left_child=1 17 3 9 -5 11 10 8 16 -3 -4 20 25 -10 15 -9 -7 19 -16 24 28 -8 -22 -14 -1 -13 -21 29 -2 -19
right_child=5 2 6 4 -6 7 21 14 13 -11 -12 12 23 -15 18 -17 -18 27 -20 26 22 -23 -24 -25 -26 -27 -28 -29 -30 -31
leaf_value=-1.9895201122799996e-05 0.00067009202259181628 -0.00021919334825981445 -0.00021919334825981445 -0.00021919334825981445 -0.00022843701137025292 0.00028586483594470694 -0.00021919334825981445 0.00054894473159529682 -6.9857561868481339e-05 0.00010430480244680767 0.00027478538629403961 0.00024409511258554709 -0.00012631771380602541 0.00020771919397015936 -0.00033448585916838453 0.0051608098145977353 0.0011435546205618053 -0.00023130730557822623 0.00095161971530875592 0.0024552734392326147 -0.00026779175213348437 -0.00021919334825981445 -9.3873734716252641e-05 0.00031797160240588739 -0.00022017569659104377 -8.9706666599408388e-05 2.5686826050366938e-05 -0.00022855482858104271 -0.00027881478286017036 0.0002930374147631559
leaf_weight=5775 354 8233 8066 18105 2074 30632 9803 940 12232 908 733 7998 8028 9747 638 1641 3338 54 6252 270 3523 132 4601 1276 5644 1624 395 530 68 227
leaf_count=5775 354 8233 8066 18105 2074 30632 9803 940 12232 908 733 7998 8028 9747 638 1641 3338 54 6252 270 3523 132 4601 1276 5644 1624 395 530 68 227
internal_value=-0.00225249 -0.00802515 -0.0097328 -0.0130986 -0.0156958 0.00153512 -0.00446514 0.00242663 0.00192988 -0.00736517 -0.00690703 -0.000587871 0.000301173 0.000362846 0.0053611 0.00863038 0.00294377 -0.0016615 0.00413643 -0.00123304 -0.00255675 -0.00230247 -0.00299729 -0.00143487 -0.00162667 0.00197984 0.00552632 -0.00804562 0.00592417 -0.00204626
internal_weight=153841 60949 48054 29320 20179 92892 18734 65420 55949 9141 8799 27472 18926 21979 9471 2581 33970 12895 6890 12084 8546 9935 8124 9304 11419 9622 665 811 422 281
internal_count=153841 60949 48054 29320 20179 92892 18734 65420 55949 9141 8799 27472 18926 21979 9471 2581 33970 12895 6890 12084 8546 9935 8124 9304 11419 9622 665 811 422 281
is_linear=0
shrinkage=0.05


Tree=28
num_leaves=31
num_cat=0
split_feature=4 13 13 13 32 22 13 13 32 13 13 13 13 32 32 39 22 34 32 3 39 1 2 2 13 3 2 1 13 0
split_gain=1306.17 261.113 341.941 177.157 140.877 71.8589 41.9319 55.8896 39.7394 39.6771 24.9968 24.2911 24.1765 23.5455 21.6421 21.0129 19.6198 18.7181 16.2903 13.4091 12.3022 11.7663 11.4838 11.1333 9.27174 7.73718 6.93686 6.64494 5.39435 4.19635
threshold=1.0000000180025095e-35 -13.842182159423826 3.6173341274261479 -0.064914468675851808 14.500000000000002 0.39690129458904272 234.00148773193362 -55.418172836303704 14.500000000000002 24.528713226318363 -975.01483154296864 24.528713226318363 648.96817016601574 2.5000000000000004 14.500000000000002 -1.0000000180025095e-35 0.07188716903328897 5.0000000000000009 14.500000000000002 0.33071994781494146 2.6074306964874272 0.42490811645984655 0.13300338387489322 -0.10309716314077376 -151.47544860839841 0.29093891382217413 0.59652218222618114 -0.39653104543685908 -28.812204360961911 -0.1383506506681442
decision_type=2 2 2 2 2 2 2 2 2 2 2 2 2 2 2 2 2 2 2 2 2 2 2 2 2 2 2 2 2 2
left_child=1 16 3 13 -5 6 7 18 10 14 15 -9 -12 -3 -4 -7 25 23 -2 22 24 -11 -10 -8 -18 29 -21 -19 -22 -1
right_child=5 2 9 4 -6 8 17 11 19 21 12 -13 -14 -15 -16 -17 20 27 -20 26 28 -23 -24 -25 -26 -27 -28 -29 -30 -31
leaf_value=0.00019843605877115339 9.9146608768723409e-05 -0.00020823368084682371 -0.00020823368084682371 -0.00020823368084682371 -0.00021701516080174029 0.00040270692746612117 -0.00034057072028573503 -0.00025151597297468097 0.001707221119271829 -0.00020823368084682371 0.00011744529086498181 -1.6119366030224044e-05 0.00077987138955519855 9.9089562324467277e-05 0.0002610461169793377 0.0015416263572734488 0.00026572034855300048 -0.00063278829953315621 0.0011499955655292441 0.0023853198100349474 -0.00022761962779313519 -0.00020823368084682371 0.0047462369023386275 0.00028018195298613793 -0.0001556550891591041 -0.00023200946137567322 -0.0013284113830853502 0.0022319193872810915 -0.00021987956414917407 -0.00020906801152114273
leaf_weight=38 18799 8233 8066 18105 2074 2914 501 13848 1568 9803 16810 11575 6503 908 733 2959 1941 44 1717 32 315 132 797 14273 9354 92 50 502 316 839
leaf_count=38 18799 8233 8066 18105 2074 2914 501 13848 1568 9803 16810 11575 6503 908 733 2959 1941 44 1717 32 315 132 797 14273 9354 92 50 502 316 839
internal_value=-0.00227589 -0.00796363 -0.00965893 -0.0130304 -0.0156462 0.00145599 0.000456668 -0.000298766 0.00339124 -0.00438241 0.00287809 -0.00186544 0.00214365 -0.00725577 -0.00682748 0.00579346 -0.00164599 0.00272193 0.00164262 0.00951165 -0.00109006 -0.00221691 0.0102008 0.00238595 -0.000710491 -0.00848813 -0.0103659 0.0118132 -0.00788431 -0.00704105
internal_weight=153841 60949 48054 29320 20179 92892 61259 45939 31633 18734 29186 25423 23313 9141 8799 5873 12895 15320 20516 2447 11926 9935 2365 14774 11295 969 82 546 631 877
internal_count=153841 60949 48054 29320 20179 92892 61259 45939 31633 18734 29186 25423 23313 9141 8799 5873 12895 15320 20516 2447 11926 9935 2365 14774 11295 969 82 546 631 877
is_linear=0
shrinkage=0.05


Tree=29
num_leaves=31
num_cat=0
split_feature=4 13 13 13 22 13 13 13 13 7 13 3 2 22 34 34 3 22 3 37 7 2 1 13 2 3 3 1 1 20
split_gain=1270.92 263.429 340.951 176.765 63.8201 61.0211 39.8057 37.7813 49.7933 28.9634 24.9989 19.8398 24.3003 18.2686 17.4463 15.9524 28.1233 15.7609 14.9247 14.5318 12.6044 12.1239 11.8143 10.8884 10.4399 9.32447 8.08837 6.53629 6.32235 4.86126
threshold=1.0000000180025095e-35 -13.842182159423826 3.6173341274261479 -0.064914468675851808 0.39690129458904272 0.00075226789808231222 24.528713226318363 234.00148773193362 -42.552946090698235 0.057283880189061172 24.528713226318363 -0.3951991200447082 0.1552090868353844 0.07188716903328897 5.0000000000000009 2.5000000000000004 -1.3293060660362241 0.057398274540901191 -0.13065119087696073 1.0000000180025095e-35 0.019333906471729282 0.74247610569000255 0.42490811645984655 -35.92979431152343 -0.10309716314077376 -0.15598179399967191 0.29093891382217413 -2.4581794738769527 -0.39653104543685908 -1.0000000180025095e-35
decision_type=2 2 2 2 2 2 2 2 2 2 2 2 2 2 2 2 2 2 2 2 2 2 2 2 2 2 2 2 2 2
left_child=1 13 3 17 7 -5 18 8 20 11 -10 12 -6 26 24 19 -17 -3 -4 -11 -2 -13 -8 27 -9 -25 29 -15 -16 -1
right_child=4 2 6 5 9 -7 22 14 10 15 -12 21 -14 23 28 16 -18 -19 -20 -21 -22 -23 -24 25 -26 -27 -28 -29 -30 -31
leaf_value=-0.00019871351118543447 -1.7959441549489712e-05 -0.00019782199680448253 -0.00019782199680448253 -0.00019782199680448253 0.00025521247738551599 -0.00019782199680448253 -0.00019782199680448253 -0.00032354218427144837 -0.00026435176617062555 -7.5427451213326564e-06 -1.5313397728712944e-05 0.00010300981430757606 0.0015492802102198859 -0.00038730421645694866 -0.00060114888455649839 0.0069984508476277994 0.0013010721607307884 -0.00019782199680448253 -0.00019782199680448253 0.00099803412899868767 0.00021973670720356402 -0.00037487263900450561 -0.00019782199680448253 3.5494754614163754e-06 0.000266172855336831 -0.00020423861704555398 -0.00022040898830688951 3.8526101301278276e-05 0.0021203234179170373 -4.7737590972015723e-05
leaf_weight=579 7217 762 2398 16759 7795 3420 9803 501 12627 2119 11575 9338 1911 264 44 903 5501 8379 6401 3012 14520 1054 132 1605 14273 2957 92 7100 502 298
leaf_count=579 7217 762 2398 16759 7795 3420 9803 501 12627 2119 11575 9338 1911 264 44 903 5501 8379 6401 3012 14520 1054 132 1605 14273 2957 92 7100 502 298
internal_value=-0.00231131 -0.00792179 -0.00962459 -0.0129911 0.00136987 -0.0156041 -0.00435572 0.0004281 -0.00028897 0.00319366 -0.00184902 0.00204747 0.00367299 -0.00157619 0.00257833 0.00519072 0.00685509 -0.00722295 -0.00680475 0.00311343 0.00144799 0.000529253 -0.00218671 -0.00103975 0.00225396 -0.00295923 -0.00817853 0.000149375 0.0113553 -0.00669897
internal_weight=153841 60949 48054 29320 92892 20179 18734 61259 45939 31633 24202 20098 9706 12895 15320 11535 6404 9141 8799 5131 21737 10392 9935 11926 14774 4562 969 7364 546 877
internal_count=153841 60949 48054 29320 92892 20179 18734 61259 45939 31633 24202 20098 9706 12895 15320 11535 6404 9141 8799 5131 21737 10392 9935 11926 14774 4562 969 7364 546 877
is_linear=0
shrinkage=0.05


Tree=30
num_leaves=31
num_cat=0
split_feature=4 13 13 32 13 7 13 22 32 39 39 3 0 32 13 3 38 3 22 38 3 1 32 21 3 0 39 13 4 25
split_gain=1232.61 260.387 389.276 142.951 132.926 56.0428 39.5103 35.0397 32.7551 27.7179 24.3986 22.5187 27.9323 22.004 20.8863 19.9216 19.258 17.4258 14.5055 11.4671 11.359 11.3027 9.98647 7.43163 6.96931 6.5267 5.96296 6.49223 6.36443 3.14137
threshold=1.0000000180025095e-35 -8.3072719573974592 3.6173341274261479 14.500000000000002 -0.064914468675851808 0.060531569644808776 25.900826454162601 0.089861508458852782 14.500000000000002 1.6393371224403384 -1.5381831526756284 -0.025982483290135857 0.11471461132168771 14.500000000000002 -27.238594055175778 -0.082226250320672975 -0.43764922022819513 0.079761154949665083 0.07188716903328897 0.059853740036487586 0.35972993075847631 0.42490811645984655 14.500000000000002 0.97499999403953563 0.11403810977935792 0.71154659986495983 -1.3469454646110532 7.5542457103729257 24.375000000000004 0.057531381025910384
decision_type=2 2 2 2 2 2 2 2 2 2 2 2 2 2 2 2 2 2 2 2 2 2 2 2 2 2 2 2 2 2
left_child=1 14 3 4 -3 7 13 26 9 -9 16 12 -12 -4 18 -10 -7 -5 24 -18 22 -8 -16 -13 -1 -20 27 -2 -28 -22
right_child=5 2 6 17 -6 10 21 8 15 -11 11 23 -14 -15 20 -17 19 -19 25 -21 29 -23 -24 -25 -26 -27 28 -29 -30 -31
leaf_value=-0.00018877783562616275 -0.00045518010060129782 -0.0001879308969642584 -0.0001879308969642584 8.5121480450456492e-05 -0.0001879308969642584 0.0026857152305835401 -0.0001879308969642584 7.8446152058169781e-05 0.0012351528463177422 -0.00020659913383105092 0.00080681275756798801 0.00048363878320476021 0.0034414093196719099 0.00028037051264386551 -0.0001879308969642584 0.0001823461381219204 -0.00037804582692788275 -0.00019627330292142916 -6.6428070420326574e-06 0.00034810693975807078 -0.0001879308969642584 -0.0001879308969642584 0.00059508687956931039 -0.00028020525277691263 -0.00025006769449590867 -0.00021980079135218642 -0.00011828271429008154 -4.8574036865474228e-05 -0.00045385562837717275 -0.0001879308969642584
leaf_weight=521 369 6008 8357 1618 18105 237 9489 59339 3263 4610 7775 4235 2641 757 5492 3035 1540 954 8596 905 84 131 353 901 102 86 3078 237 727 296
leaf_count=521 369 6008 8357 1618 18105 237 9489 59339 3263 4610 7775 4235 2641 757 5492 3035 1540 954 8596 905 84 131 353 901 102 86 3078 237 727 296
internal_value=-0.00233992 -0.00786518 -0.00977619 -0.0136547 -0.0148499 0.00128536 -0.00425163 0.000678427 0.000949863 0.000611034 0.00377043 0.00452996 0.00586598 -0.00661071 -0.00227624 0.00439028 -0.000633855 -0.00244946 -0.000776464 -0.00195297 -0.00451807 -0.00201663 -0.00397348 0.00182048 -0.00814607 -0.000247639 -0.0036443 -0.00825083 -0.00291064 -0.0128947
internal_weight=153841 60949 45419 26685 24113 92892 18734 74658 70247 63949 18234 15552 10416 9114 15530 6298 2682 2572 9305 2445 6225 9620 5845 5136 623 8682 4411 606 3805 380
internal_count=153841 60949 45419 26685 24113 92892 18734 74658 70247 63949 18234 15552 10416 9114 15530 6298 2682 2572 9305 2445 6225 9620 5845 5136 623 8682 4411 606 3805 380
is_linear=0
shrinkage=0.05


Tree=31
num_leaves=31
num_cat=0
split_feature=4 13 13 13 13 9 13 13 13 7 13 0 3 1 13 3 22 22 22 3 1 8 39 13 3 0 11 38 4 38
split_gain=1196.52 260.131 388.863 121.284 60.7928 55.0832 41.347 48.2073 39.6395 30.0593 20.9185 17.9565 35.3992 17.4355 17.1875 14.5498 13.7076 13.4928 12.9266 11.512 11.3996 10.23 9.27138 8.65955 7.34872 6.56515 6.4539 5.88251 3.94463 3.23174
threshold=1.0000000180025095e-35 -8.3072719573974592 3.6173341274261479 -0.064914468675851808 0.00075226789808231222 0.016969721764326099 -129.7656326293945 64.429073333740249 25.900826454162601 0.14139872044324878 -27.238594055175778 0.11471461132168771 -0.1333832964301109 -0.033629542216658585 -42.552946090698235 -0.13065119087696073 0.057398274540901191 0.07188716903328897 1.0404728055000307 0.35972993075847631 0.42490811645984655 0.053467359393835075 2.5612684488296513 291.52088928222662 0.11403810977935792 0.71154659986495983 0.68972554802894603 0.33452820777893072 13.525000095367433 -0.0033206762745976444
decision_type=2 2 2 2 2 2 2 2 2 2 2 2 2 2 2 2 2 2 2 2 2 2 2 2 2 2 2 2 2 2
left_child=1 10 3 16 -5 6 21 14 15 11 17 13 -13 -7 -8 -4 -3 24 27 22 -10 26 -12 -9 -1 -19 -2 -11 -23 -20
right_child=5 2 8 4 -6 9 7 23 20 18 19 12 -14 -15 -16 -17 -18 25 29 -21 -22 28 -24 -25 -26 -27 -28 -29 -30 -31
leaf_value=-0.00017933894384485462 0.00032214236811501724 -0.00017853435211604546 -0.00017853435211604546 -0.00017853435211604546 -0.00017853435211604546 0.00018716840380375848 1.4626904912662041e-05 2.6591797200428355e-05 -0.00017853435211604546 0.0017312799077057761 -0.00017853435211604546 0.0026565838242316835 0.00027182567220640274 -0.00013719421935268276 -0.00026114094639851114 -0.00017853435211604546 -0.00017853435211604546 -6.3106666899309927e-06 0.0012789578287695242 -0.00017853435211604546 -0.00017853435211604546 0.0016579979747168069 -0.00017853435211604546 0.00032392728838329045 -0.00023756430977111325 -0.00020881075178457711 6.1242282180952115e-05 0.0019290076031446555 0.00060009656321369795 0.015531282037340012
leaf_weight=521 3953 608 2470 16759 3420 32364 5113 6686 9489 1321 5075 2426 9915 3203 16184 6644 5898 8596 38 380 131 647 770 5907 102 86 3877 128 894 236
leaf_count=521 3953 608 2470 16759 3420 32364 5113 6686 9489 1321 5075 2426 9915 3203 16184 6644 5898 8596 38 380 131 647 770 5907 102 86 3877 128 894 236
internal_value=-0.00236072 -0.00780448 -0.00971455 -0.013591 -0.015505 0.00121108 -9.30399e-05 -0.000905872 -0.00419291 0.00234783 -0.00221829 0.00211447 0.0037578 0.00154427 -0.00235597 -0.00655585 -0.00765447 -0.000717356 0.00883633 -0.00446185 -0.00195426 0.00284655 -0.0039136 0.00154649 -0.00782504 -0.000207326 0.00211367 0.00695307 0.00657041 0.0187956
internal_weight=153841 60949 45419 26685 20179 92892 43261 33890 18734 49631 15530 47908 12341 35567 21297 9114 6506 9305 1723 6225 9620 9371 5845 12593 623 8682 7830 1449 1541 274
internal_count=153841 60949 45419 26685 20179 92892 43261 33890 18734 49631 15530 47908 12341 35567 21297 9114 6506 9305 1723 6225 9620 9371 5845 12593 623 8682 7830 1449 1541 274
is_linear=0
shrinkage=0.05


Tree=32
num_leaves=31
num_cat=0
split_feature=4 13 13 32 13 22 13 32 18 18 7 39 32 13 2 38 3 2 22 3 3 38 2 32 13 2 39 3 2 0
split_gain=1163.79 255.451 396.485 140.002 133.459 51.8131 40.6156 33.0857 31.4218 50.7028 23.7855 23.2902 21.0967 20.295 19.2165 17.5964 17.4258 13.5622 13.4928 11.9357 11.666 9.96289 9.92898 9.6952 9.59613 8.95076 7.58323 7.34872 6.93686 6.56515
threshold=1.0000000180025095e-35 -8.3072719573974592 3.6173341274261479 14.500000000000002 -0.064914468675851808 0.39690129458904272 25.900826454162601 14.500000000000002 -757.52301025390614 1212.7349853515627 0.056714281439781196 -1.860609173774719 14.500000000000002 -27.238594055175778 0.05508862808346749 0.22453185915946963 0.079761154949665083 0.72677344083786022 0.07188716903328897 0.33071994781494146 0.35972993075847631 0.017492578364908699 0.13300338387489322 14.500000000000002 106.24657440185548 -0.20038617402315137 -2.8463907241821285 0.11403810977935792 0.59652218222618114 0.71154659986495983
decision_type=2 2 2 2 2 2 2 2 2 2 2 2 2 2 2 2 2 2 2 2 2 2 2 2 2 2 2 2 2 2
left_child=1 13 3 4 -3 8 12 10 21 14 17 -12 -4 18 -10 -11 -5 -7 27 22 23 26 -9 -15 -8 -23 -2 -1 -21 -20
right_child=5 2 6 16 -6 7 24 19 9 15 11 -13 -14 20 -16 -17 -18 -19 29 28 -22 25 -24 -25 -26 -27 -28 -29 -30 -31
leaf_value=-0.00017037199665261189 -0.00013141125365257489 -0.00016960763451024318 -0.00016960763451024318 8.979212403373597e-05 -0.00016960763451024318 0.00015473915769340045 -0.00016960763451024318 0.001534500921795801 -0.000235358470504448 0.00012077235411952536 -0.00014437759765097773 0.001160025061052681 0.00027527870461747445 -0.00016960763451024318 -6.8237952309260953e-05 0.00095527508586782783 -0.00017753292016955545 -0.00029639694497861341 -5.9951333554344233e-06 0.0022381947383014046 -0.00016960763451024318 -0.00071933397964809979 0.0044533766659007245 0.00057425925319664706 3.8774530986390292e-05 3.9458988311571064e-05 0.00030317216387994368 -0.00022568609428255757 -0.0012764811915855368 -0.00019837021419534824
leaf_weight=521 752 6008 8357 1618 18105 16942 6317 1568 9879 16782 1548 9471 757 5492 14341 838 954 1225 8596 32 380 98 797 353 3303 5440 13129 102 50 86
leaf_count=521 752 6008 8357 1618 18105 16942 6317 1568 9879 16782 1548 9471 757 5492 14341 838 954 1225 8596 32 380 98 797 353 3303 5440 13129 102 50 86
internal_value=-0.00236267 -0.00773146 -0.00962428 -0.0135385 -0.0147213 0.00115995 -0.00404879 0.00280324 0.000311383 -0.000460086 0.00233502 0.0041678 -0.00644064 -0.00219575 -0.00194467 0.00158059 -0.00244946 0.00122337 -0.000717356 0.00838782 -0.00440562 0.00197358 0.00903805 -0.00385372 -0.00178274 0.000180571 0.00268893 -0.00782504 -0.0103659 -0.000207326
internal_weight=153841 60949 45419 26685 24113 92892 18734 31633 61259 41840 29186 11019 9114 15530 24220 17620 2572 18167 9305 2447 6225 19419 2365 5845 9620 5538 13881 623 82 8682
internal_count=153841 60949 45419 26685 24113 92892 18734 31633 61259 41840 29186 11019 9114 15530 24220 17620 2572 18167 9305 2447 6225 19419 2365 5845 9620 5538 13881 623 82 8682
is_linear=0
shrinkage=0.05


Tree=33
num_leaves=31
num_cat=0
split_feature=4 13 13 32 13 10 13 13 13 7 13 32 32 3 39 38 13 0 3 3 1 11 22 3 39 3 7 3 0 0
split_gain=1138.7 257.624 396.523 139.341 136.751 45.7962 40.0336 39.8669 42.7539 30.7023 20.3267 20.0101 18.837 17.4258 16.0601 19.8598 14.278 13.4322 12.3233 11.8211 11.6845 11.4057 11.3703 9.91472 9.23474 8.76932 8.25602 8.13772 6.58167 6.56248
threshold=1.0000000180025095e-35 -8.3072719573974592 3.6173341274261479 14.500000000000002 -0.064914468675851808 1.0000000180025095e-35 25.900826454162601 -151.47544860839841 58.063444137573249 0.071782823652029051 -27.238594055175778 20.500000000000004 14.500000000000002 0.079761154949665083 -1.738950192928314 -0.43764922022819513 -30.527087211608883 0.69536349177360546 -1.1005196571350095 0.35972993075847631 0.42490811645984655 0.23742978274822238 0.07188716903328897 -0.068947933614253984 2.5612684488296513 0.37682336568832403 0.035794362425804145 0.11403810977935792 0.71154659986495983 0.12553157657384875
decision_type=2 2 2 2 2 2 2 2 2 2 2 2 2 2 2 2 2 2 2 2 2 2 2 2 2 2 2 2 2 2
left_child=1 10 3 4 -3 7 12 21 16 11 22 17 -4 -5 15 -11 -9 -7 -16 24 -8 26 27 -13 -12 -10 -2 -1 -24 -23
right_child=5 2 6 13 -6 9 20 8 25 14 19 23 -14 -15 18 -17 -18 -19 -20 -21 -22 29 28 -25 -26 -27 -28 -29 -30 -31
leaf_value=-0.00016185339681998128 0.00026646787353128181 -0.00016112725278473103 -0.00016112725278473103 8.530251783204915e-05 -0.00016112725278473103 0.00011785234371373974 -0.00016112725278473103 -4.3835914919274771e-05 0.00015717023891940974 0.0025921884195296957 -0.00016112725278473103 0.0016057253841845272 0.00026151476938660062 -0.00016865627416107768 0.003764500543476055 -0.00036759277249216255 -0.0002676742602166402 -0.00042105678474111882 0.00089720982022825884 -0.00016112725278473103 -0.00016112725278473103 -1.1311113139912329e-05 -5.6953766876627088e-06 0.00031863862281000972 -0.00016112725278473103 -0.00038134044099186887 0.00087162595549035925 -0.0002144017895684297 -0.00018845170348558084 0.00047046356636713582
leaf_weight=521 2629 6008 8357 1618 18105 38776 9489 6915 11872 147 5075 1478 757 954 1366 898 13991 487 7242 380 131 2777 8596 1227 770 591 1657 102 86 839
leaf_count=521 2629 6008 8357 1618 18105 38776 9489 6915 11872 147 5075 1478 757 954 1366 898 13991 487 7242 380 131 2777 8596 1227 770 591 1657 102 86 839
internal_value=-0.00238639 -0.00769701 -0.00959786 -0.0135123 -0.0146923 0.00109805 -0.0040221 -0.000143563 -0.000899787 0.00209072 -0.0021378 0.00150591 -0.00639675 -0.00244946 0.00463327 -0.0012201 -0.00228164 0.00121934 0.00534387 -0.0043494 -0.00177235 0.00304986 -0.000658248 0.00566543 -0.00379384 0.0014182 0.00479468 -0.00718299 -0.000190048 0.000981748
internal_weight=153841 60949 45419 26685 24113 92892 18734 41271 33369 51621 15530 41968 9114 2572 9653 1045 20906 39263 8608 6225 9620 7902 9305 2705 5845 12463 4286 623 8682 3616
internal_count=153841 60949 45419 26685 24113 92892 18734 41271 33369 51621 15530 41968 9114 2572 9653 1045 20906 39263 8608 6225 9620 7902 9305 2705 5845 12463 4286 623 8682 3616
is_linear=0
shrinkage=0.05


Tree=34
num_leaves=31
num_cat=0
split_feature=4 14 32 22 18 18 21 25 18 7 4 32 0 32 2 22 39 0 38 22 8 2 22 14 22 0 0 32 38 0
split_gain=1113 123.028 117.099 93.5558 45.03 49.9382 40.7988 31.9395 24.9322 23.3341 23.2265 16.2823 13.7959 14.0298 10.0243 10.5431 9.89792 9.39978 8.8186 7.39139 7.26343 7.0518 6.91125 6.76949 6.56755 6.53883 5.52863 5.20318 5.10972 0.494868
threshold=1.0000000180025095e-35 1.0000000180025095e-35 14.500000000000002 0.095779631286859526 -3300.4553222656245 2160.2355957031255 1.0000000180025095e-35 1.0000000180025095e-35 -383.64038085937494 0.13481200486421588 16.97500038146973 2.5000000000000004 0.1086518131196499 31.500000000000004 0.49753846228122717 0.23213586956262591 1.8960810303688052 0.64177870750427257 0.022899578325450424 1.0404728055000307 0.11566411703824998 0.80164751410484325 0.035777354612946517 -1.0000000180025095e-35 0.69387668371200573 0.53900858759880077 -0.8829713463783263 19.500000000000004 -0.21846626698970792 -0.014604907482862471
decision_type=2 2 2 2 2 2 2 2 2 2 2 2 2 2 2 2 2 2 2 2 2 2 2 2 2 2 2 2 2 2
left_child=1 2 3 6 12 8 -1 -5 21 11 -10 -7 13 18 15 -4 22 23 -2 -11 -19 -6 29 -14 -24 -16 -15 28 -18 -3
right_child=4 16 14 7 5 9 -8 -9 10 19 -12 -13 17 26 25 -17 27 20 -20 -21 -22 -23 24 -25 -26 -27 -28 -29 -30 -31
leaf_value=-0.00015307089014549447 0.00029461877040936647 -0.0001731316310011292 -0.0001602234604530238 -0.00015307089014549447 9.9799067330061744e-05 0.00016197017791796188 -0.00015307089014549447 -0.00015307089014549447 -4.418634185897456e-05 0.0018344081327888097 -0.0003193007061719857 0.00080879782182644445 0.0019094647457410492 0.0087016288689411078 -0.0001602234604530238 0.0007349448371448907 0.00093951039479608922 -0.00020692837594427985 -1.5120731953054136e-06 0.011140154894640306 0.0050330071520894044 -0.0008269195186724229 0.00017996037696307139 0.00076718861623623319 -0.0001864387915702925 -0.0001602234604530238 0.001518827054999432 0.00068391110163340454 -0.00015307089014549447 -0.0001731316310011292
leaf_weight=5430 10906 31 2767 1543 16661 20590 7019 37445 23486 938 7503 2689 780 61 127 1482 34 559 3926 151 46 55 3741 4021 573 117 520 36 571 33
leaf_count=5430 10906 31 2767 1543 16661 20590 7019 37445 23486 938 7503 2689 780 61 127 1482 34 559 3926 151 46 55 3741 4021 573 117 520 36 571 33
internal_value=-0.00241304 -0.00766337 -0.00833631 -0.00901248 0.00103184 0.000440179 -0.0127862 -0.00780753 -0.000500472 0.00228168 -0.00133999 0.00194703 0.00308012 0.00231785 -0.000595371 -2.94187e-05 -0.000164375 0.00525342 0.00201928 0.00943526 -0.000619835 0.00105587 0.000685244 0.00599354 0.000927214 -0.0104508 0.00993976 -0.00596724 -0.00706612 -0.015625
internal_weight=153841 60949 55930 51437 92892 72073 12449 38988 47705 24368 30989 23279 20819 15413 4493 4249 5019 5406 14832 1089 605 16716 4378 4801 4314 244 581 641 605 64
internal_count=153841 60949 55930 51437 92892 72073 12449 38988 47705 24368 30989 23279 20819 15413 4493 4249 5019 5406 14832 1089 605 16716 4378 4801 4314 244 581 641 605 64
is_linear=0
shrinkage=0.05


Tree=35
num_leaves=31
num_cat=0
split_feature=4 13 13 13 13 22 13 2 7 3 13 2 2 7 14 22 22 34 3 1 34 22 24 22 3 13 0 34 2 25
split_gain=1083.17 257.779 400.51 128.521 62.335 42.2952 39.1043 29.2861 21.5961 21.1052 20.389 19.5099 22.1558 17.8287 15.2568 14.2914 13.5199 13.1782 12.0443 11.8159 11.7821 10.5658 9.12051 8.77551 8.54731 8.0457 6.64793 5.1239 3.68543 3.14137
threshold=1.0000000180025095e-35 -8.3072719573974592 3.6173341274261479 -0.064914468675851808 0.00075226789808231222 0.40101777017116552 25.900826454162601 0.052275896072387702 0.14139872044324878 0.46115627884864813 -27.238594055175778 0.74247610569000255 0.16439450532197955 0.014985760673880579 1.0000000180025095e-35 0.057398274540901191 0.075931634753942504 1.0000000180025095e-35 0.35972993075847631 0.42490811645984655 5.0000000000000009 0.07188716903328897 2.5000000000000004 1.0869796872138979 0.11403810977935792 -1262.2508544921873 0.71154659986495983 2.5000000000000004 -0.67320281267166127 0.057531381025910384
decision_type=2 2 2 2 2 2 2 2 2 2 2 2 2 2 2 2 2 2 2 2 2 2 2 2 2 2 2 2 2 2
left_child=1 10 3 15 -5 7 14 13 11 17 21 12 -7 20 -4 -3 -15 -9 22 -8 -2 24 -12 28 -1 -13 -23 -25 -10 -20
right_child=5 2 6 4 -6 8 19 9 23 -11 18 25 -14 16 -16 -17 -18 -19 29 -21 -22 26 -24 27 -26 -27 -28 -29 -30 -31
leaf_value=-0.00014610718247170748 -0.000179114966917191 -0.00014541734563821974 -0.00014541734563821974 -0.00014541734563821974 -0.00014541734563821974 0.00013951468514562335 -0.00014541734563821974 -9.1414516686511544e-05 0.005399395122446745 -0.0005728910789915871 -0.00014541734563821974 0.0010475927617205891 0.00056398276389737253 -0.00043077092803653041 -0.00013585845554828978 -0.00014541734563821974 8.6033004327066603e-06 0.00014906725309846063 -0.00014541734563821974 -0.00014541734563821974 0.0022530482778571176 1.7974517466800775e-06 -0.00014541734563821974 0.00090779168257350349 -0.00019602815558273346 -0.00040627986070234414 -0.00017137557380402706 0.017407256028639306 0.0018170761478283283 -0.00014541734563821974
leaf_weight=521 7772 608 7947 16759 3420 16238 9489 5288 86 539 1990 149 11850 672 1167 5898 14896 32348 84 131 122 8596 3855 82 102 1323 86 226 1301 296
leaf_count=521 7772 608 7947 16759 3420 16238 9489 5288 86 539 1990 149 11850 672 1167 5898 14896 32348 84 131 122 8596 3855 82 102 1323 86 226 1301 296
internal_value=-0.00243547 -0.00761497 -0.00951639 -0.0134504 -0.0154207 0.000962946 -0.00391267 0.000203206 0.00246121 0.00105763 -0.00205409 0.00214648 0.00244054 -0.00118703 -0.0062596 -0.00733938 -0.00020555 0.00119832 -0.00426908 -0.00168919 -0.00312262 -0.000572273 -0.0037083 0.00794985 -0.00686196 -0.00346467 -0.00012094 0.0155844 0.00625451 -0.0128947
internal_weight=153841 60949 45419 26685 20179 92892 18734 61637 31255 38175 15530 29560 28088 23462 9114 6506 15568 37636 6225 9620 7894 9305 5845 1695 623 1472 8682 308 1387 380
internal_count=153841 60949 45419 26685 20179 92892 18734 61637 31255 38175 15530 29560 28088 23462 9114 6506 15568 37636 6225 9620 7894 9305 5845 1695 623 1472 8682 308 1387 380
is_linear=0
shrinkage=0.05


Tree=36
num_leaves=31
num_cat=0
split_feature=4 24 3 21 9 14 25 3 14 7 18 18 25 4 3 0 3 38 22 38 3 3 34 38 22 38 22 18 0 22
split_gain=1059.32 154.332 78.9913 54.4576 40.6802 39.2258 36.3018 36.2246 29.3692 26.4143 26.234 33.3597 25.3922 20.0948 15.7501 11.9304 22.1875 12.2856 11.5501 10.7422 10.6471 10.3589 12.4909 8.76158 8.43034 6.21455 6.18886 5.85265 3.39445 3.31367
threshold=1.0000000180025095e-35 2.5000000000000004 -0.10520397126674651 1.0000000180025095e-35 0.016969721764326099 1.0000000180025095e-35 0.0011225953348912301 -0.27034932374954218 1.0000000180025095e-35 0.083655152469873442 -827.39593505859364 1004.8960571289064 0.029168509878218177 23.875000000000004 -0.32882358133792872 0.11157969757914545 -0.13690672069787976 -0.37418840825557703 0.1054777465760708 -0.32030953466892237 -1.7320105433464048 -0.77293133735656727 2.5000000000000004 0.23002020269632342 1.302780866622925 0.081347413361072554 0.7075285315513612 -3300.4553222656245 0.27388224005699163 0.042753819376230247
decision_type=2 2 2 2 2 2 2 2 2 2 2 2 2 2 2 2 2 2 2 2 2 2 2 2 2 2 2 2 2 2
left_child=1 2 14 7 10 12 -4 24 -8 15 27 13 -5 -12 20 17 -17 -6 -16 -9 -1 22 -11 -13 -3 -23 -7 28 -2 -29
right_child=4 3 6 5 9 26 8 19 -10 21 11 23 -14 -15 18 16 -18 -19 -20 -21 -22 25 -24 -25 -26 -27 -28 29 -30 -31
leaf_value=-0.00021701821673521233 0.00033612967058573804 -0.00013683958896435001 -0.00013814647835630876 -0.00013814647835630876 0.0011339834939579287 0.00025977772040042691 -0.00013814647835630876 0.0011763095374689629 -0.00013814647835630876 0.00031368243764817174 -0.00010961606196395919 0.00010444302736372872 -0.00013814647835630876 -0.00040984698249852596 -0.00013814647835630876 0.0019610659582597148 0.00020179870702580563 7.6106441575208439e-05 -0.00013814647835630876 -0.00013814647835630876 -0.00013814647835630876 0.00053420083725844246 0.005088987412945006 0.0009975007454301678 -0.00014686690032121491 0.0011613832620530362 -0.00017032392921436339 -0.00054692444664962024 0.0010878635903038677 9.5664985401317223e-05
leaf_weight=334 3724 1725 1689 6931 396 2395 15860 100 835 563 18477 11150 16701 3477 1451 1689 8878 32133 2743 7529 1962 3831 1237 458 433 904 261 31 628 5316
leaf_count=334 3724 1725 1689 6931 396 2395 15860 100 835 563 18477 11150 16701 3477 1451 1689 8878 32133 2743 7529 1962 3831 1237 458 433 904 261 31 628 5316
internal_value=-0.00244522 -0.00756739 -0.0105974 -0.00547817 0.000915579 -0.00429283 -0.0122715 -0.008662 -0.0115648 0.00189247 -0.00020515 -0.000867052 -0.00494034 -0.0020133 -0.00585516 0.00144329 0.00290291 0.000969135 -0.00767763 -0.0102799 -0.00252613 0.00485463 0.00808333 0.00130083 -0.00294254 0.00362724 0.00146837 0.00208527 0.00344669 0.000977183
internal_weight=153841 60949 24874 36075 92892 26288 18384 9787 16695 49631 43261 33562 23632 21954 6490 43096 10567 32529 4194 7629 2296 6535 1800 11608 2158 4735 2656 9699 4352 5347
internal_count=153841 60949 24874 36075 92892 26288 18384 9787 16695 49631 43261 33562 23632 21954 6490 43096 10567 32529 4194 7629 2296 6535 1800 11608 2158 4735 2656 9699 4352 5347
is_linear=0
shrinkage=0.05


Tree=37
num_leaves=31
num_cat=0
split_feature=8 13 13 32 13 13 13 13 13 13 39 18 32 3 0 0 32 1 3 2 0 32 38 22 3 3 38 1 9 8
split_gain=1021.16 264.294 413.331 136.34 143.304 40.4233 38.3244 41.3232 43.3075 21.5857 21.3704 17.9833 17.1464 16.8563 13.5482 18.3953 12.3584 11.8432 10.9877 10.8743 13.7889 9.94475 8.4909 7.24835 7.32912 6.67733 6.42862 6.20006 4.6981 2.49913
threshold=1.0000000180025095e-35 -8.3072719573974592 3.6173341274261479 14.500000000000002 -0.064914468675851808 25.900826454162601 -2054.096069335937 209.65491485595706 -74.675922393798814 -45.048856735229485 -0.15170472860336301 -1148.9943847656248 14.500000000000002 0.079761154949665083 0.13259001076221469 -0.15745390206575391 8.5000000000000018 0.42490811645984655 -0.15598179399967191 0.74247610569000255 0.095816336572170271 27.500000000000004 -0.010515488684177397 0.07188716903328897 0.29093891382217413 0.24745634198188785 0.33452820777893072 -2.4581794738769527 0.6359870731830598 0.11566411703824998
decision_type=2 2 2 2 2 2 2 2 2 2 2 2 2 2 2 2 2 2 2 2 2 2 2 2 2 2 2 2 2 2
left_child=1 9 3 4 -3 12 14 8 10 23 -8 -10 -4 -5 15 21 18 -7 -11 20 -9 -2 -17 24 -1 -18 28 -25 -16 -21
right_child=6 2 5 13 -6 17 7 19 11 16 -12 -13 -14 -15 26 22 25 -19 -20 29 -22 -23 -24 27 -26 -27 -28 -29 -30 -31
leaf_value=-0.00018241244089145655 0.000808895510766176 -0.00013123915443849333 -0.00013123915443849333 0.0001032267561628243 -0.00013123915443849333 -0.00013123915443849333 -5.0439553834502866e-05 0.00016428885051467842 0.00012119893362152086 -0.00013123915443849333 0.00025215539074083308 -0.00014590508083457844 0.00025825180133161579 -0.00013803409623064619 0.0016595938129348418 -0.00035644161130094724 0.00062883826254575407 -0.00013123915443849333 -0.00013123915443849333 -0.00036510424664062594 0.00057241361121652869 0.0093393511583872019 0.00024637529489107706 -0.00036986019737124273 -0.00019640599733026137 -0.00024839125176381822 -0.00085524467624290305 7.7368519903029911e-05 0.0044363464692375246 0.0040554018571876361
leaf_weight=376 2533 6038 8410 1619 18121 9779 8912 16277 5711 2492 16951 28118 760 957 1137 873 573 133 5661 668 8654 137 2055 256 46 70 43 6352 92 37
leaf_count=376 2533 6038 8410 1619 18121 9779 8912 16277 5711 2492 16951 28118 760 957 1137 873 573 133 5661 668 8654 137 2055 256 46 70 43 6352 92 37
internal_value=-0.00246212 -0.00744407 -0.00936825 -0.0133804 -0.0145463 -0.00374699 0.000868782 0.000579528 -0.00014156 -0.0018735 0.00139872 -0.00131913 -0.00613959 -0.00244565 0.00446143 0.003403 -0.00352433 -0.00153349 -0.00405066 0.00225854 0.00243171 0.00640449 0.000665984 0.000192034 -0.00616114 0.0031493 0.0091195 0.00059776 0.00978438 -0.00386525
internal_weight=153841 61643 45817 26735 24159 19082 92198 85328 59692 15826 25863 33829 9170 2576 6870 5598 8796 9912 8153 25636 24931 2670 2928 7030 422 643 1272 6608 1229 705
internal_count=153841 61643 45817 26735 24159 19082 92198 85328 59692 15826 25863 33829 9170 2576 6870 5598 8796 9912 8153 25636 24931 2670 2928 7030 422 643 1272 6608 1229 705
is_linear=0
shrinkage=0.05


Tree=38
num_leaves=31
num_cat=0
split_feature=5 13 13 32 13 13 13 13 13 25 13 32 32 1 0 0 1 0 39 32 38 32 2 38 1 38 32 1 38 9
split_gain=1026.47 255.977 405.664 137.858 143.736 37.8011 35.4425 37.438 36.2288 21.5169 19.6882 18.3782 17.3094 15.9841 12.871 17.5005 11.9729 11.5883 10.0546 9.15461 8.47292 9.03331 8.95123 8.2181 7.05438 10.2266 9.41768 6.72421 5.47578 5.00836
threshold=1.0000000180025095e-35 -8.3072719573974592 3.6173341274261479 14.500000000000002 -0.064914468675851808 25.900826454162601 -2054.096069335937 291.52088928222662 -100.78845596313475 0.029168509878218177 -27.238594055175778 19.500000000000004 14.500000000000002 -0.4405550211668014 0.13259001076221469 -0.16164007782936093 0.42490811645984655 0.38980324566364294 2.5612684488296513 27.500000000000004 0.22453185915946963 27.500000000000004 0.67617648839950573 -0.010515488684177397 -0.11904333904385565 -0.11181402578949927 8.5000000000000018 -0.048678407445549958 0.33452820777893072 0.6359870731830598
decision_type=2 2 2 2 2 2 2 2 2 2 2 2 2 2 2 2 2 2 2 2 2 2 2 2 2 2 2 2 2 2
left_child=1 10 3 4 -3 12 14 8 11 -10 24 -8 -4 -5 15 19 -7 18 -12 -2 22 -22 -9 -17 25 -1 -26 -19 29 -16
right_child=6 2 5 13 -6 16 7 20 9 -11 17 -13 -14 -15 28 23 -18 27 -20 -21 21 -23 -24 -25 26 -27 -28 -29 -30 -31
leaf_value=-0.00025348276561361355 0.00077999168093753645 -0.00012467719671656867 -0.00012467719671656867 0.0073838853621573733 -0.00012467719671656867 -0.00012467719671656867 9.9879709711536702e-05 0.00025609334593126138 -0.00023116530205821839 -3.3314172507547743e-05 -0.00012467719671656867 0.001264149034451919 0.00025771580507306745 -0.00013113239141911387 0.001577262204113997 -0.00034374860738631621 -0.00012467719671656867 0.0013672853563256491 -0.00012467719671656867 0.0088723836004678432 0.0007075685731809646 0.0051096849560890783 -0.00026537395064082632 0.00024875948347464761 -0.00014933751347408561 0.0001364314292804493 0.00058201871628291559 -0.00012467719671656867 -0.00081248244243075783 0.0042145291457756475
leaf_weight=430 2508 6008 8357 255 18105 9489 22061 20755 8408 30849 5001 1646 757 2317 1138 885 131 59 777 137 1225 61 991 2093 3981 4598 296 388 43 92
leaf_count=430 2508 6008 8357 255 18105 9489 22061 20755 8408 30849 5001 1646 757 2317 1138 885 131 59 777 137 1225 61 991 2093 3981 4598 296 388 43 92
internal_value=-0.00247935 -0.00752145 -0.00941621 -0.0133755 -0.0145492 -0.00377656 0.00082892 0.000552351 -7.86164e-05 -0.00101065 -0.00198004 0.00146476 -0.00608405 -0.0023717 0.00427784 0.00325004 -0.00159044 -0.00415663 -0.00355659 0.00620983 0.00227727 0.00622084 0.00204405 0.000621222 -0.000523912 0.000745823 -0.0020166 -0.0119128 0.00881775 0.00943089
internal_weight=153841 60949 45419 26685 24113 18734 92892 85996 62964 39257 15530 23707 9114 2572 6896 5623 9620 6225 5778 2645 23032 1286 21746 2978 9305 5028 4277 447 1273 1230
internal_count=153841 60949 45419 26685 24113 18734 92892 85996 62964 39257 15530 23707 9114 2572 6896 5623 9620 6225 5778 2645 23032 1286 21746 2978 9305 5028 4277 447 1273 1230
is_linear=0
shrinkage=0.05


Tree=39
num_leaves=31
num_cat=0
split_feature=4 13 13 13 32 13 22 32 34 37 37 13 32 34 32 3 38 37 13 3 21 1 22 22 25 3 32 0 20 22
split_gain=1009.55 254.365 405.813 135.936 136.177 37.947 34.2715 29.4983 24.2907 53.6801 43.8377 19.1978 18.1479 17.9459 16.2222 15.9287 15.7203 15.2164 13.1444 12.4743 12.2725 12.0393 9.93208 9.91175 9.27062 8.86109 8.32042 6.67563 6.13668 4.8503
threshold=1.0000000180025095e-35 -8.3072719573974592 3.6173341274261479 -0.064914468675851808 14.500000000000002 25.900826454162601 0.21129097789525988 14.500000000000002 2.5000000000000004 1.0000000180025095e-35 1.0000000180025095e-35 -27.238594055175778 2.5000000000000004 5.0000000000000009 14.500000000000002 -0.94240000844001759 1.0000000180025095e-35 1.0000000180025095e-35 -185.9236145019531 0.35972993075847631 1.0000000180025095e-35 0.42490811645984655 0.58520621061325084 0.07188716903328897 1.0000000180025095e-35 0.11403810977935792 14.500000000000002 0.71154659986495983 -1.0000000180025095e-35 0.092890832573175444
decision_type=2 2 2 2 2 2 2 2 2 2 2 2 2 2 2 2 2 2 2 2 2 2 2 2 2 2 2 2 2 2
left_child=1 11 3 12 -5 14 13 8 10 -10 -8 23 -3 16 -4 22 20 -17 28 26 -2 -7 -9 25 -18 -1 -13 -25 -15 -20
right_child=6 2 5 4 -6 21 7 15 9 -11 -12 19 -14 18 -16 17 24 -19 29 -21 -22 -23 -24 27 -26 -27 -28 -29 -30 -31
leaf_value=-0.00011786566603467775 -0.00022612135420221441 -0.00011844333688074024 -0.00011844333688074024 -0.00011844333688074024 -0.00012457577184815817 -0.00011844333688074024 -0.00016456567585587103 0.011215139063552291 0.00072862663801183218 3.4570359898416715e-05 0.00019201292969131328 -0.00011844333688074024 2.8533902648342562e-05 0.00082931100121694246 0.00024483001481941417 0.0018440492700055662 -0.00044388918797695718 0.00018794492279382535 -4.3263875496501321e-05 -0.00011844333688074024 5.1843426278793024e-05 -0.00011844333688074024 0.0019717004511897326 4.3907517616202223e-06 -0.00013555791674501797 -0.00016356713826132848 0.00050582554922707398 -0.00014187063780038132 -0.00070347081124828674 0.0013390595536547239
leaf_weight=521 3193 5810 8357 18105 2074 9489 13010 214 10342 14675 17896 5492 696 102 757 1536 266 2496 137 380 15933 131 705 8596 11274 102 353 86 218 895
leaf_count=521 3193 5810 8357 18105 2074 9489 13010 214 10342 14675 17896 5492 696 102 757 1536 266 2496 137 380 15933 131 705 8596 11274 102 353 86 218 895
internal_value=-0.00249072 -0.0074911 -0.00937989 -0.0133399 -0.0153662 -0.00373919 0.000790165 0.00148668 0.00115918 0.00231742 0.00022164 -0.00196716 -0.00705503 -0.000534075 -0.00605113 0.00518582 -0.000782626 0.00383185 0.00510355 -0.00411647 9.6727e-05 -0.00154886 0.0111262 -0.000529285 -0.00224003 -0.00662119 -0.00354577 -9.21447e-05 -0.00375 0.00784884
internal_weight=153841 60949 45419 26685 20179 18734 92892 60874 55923 25017 30906 15530 6506 32018 9114 4951 30666 4032 1352 6225 19126 9620 919 9305 11540 623 5845 8682 320 1032
internal_count=153841 60949 45419 26685 20179 18734 92892 60874 55923 25017 30906 15530 6506 32018 9114 4951 30666 4032 1352 6225 19126 9620 919 9305 11540 623 5845 8682 320 1032
is_linear=0
shrinkage=0.05


Tree=40
num_leaves=31
num_cat=0
split_feature=4 13 13 13 32 13 3 39 39 25 38 32 3 13 34 37 22 32 34 38 32 3 1 37 1 22 24 3 1 34
split_gain=991.515 251.792 409.856 138.216 136.551 37.076 32.1728 38.0253 34.9561 29.5566 37.1177 26.3358 24.759 19.0262 18.7927 33.8021 21.7621 17.7841 16.5276 15.8021 15.7683 12.52 12.1142 10.0813 17.7843 9.91175 9.82548 8.86109 6.26539 6.02388
threshold=1.0000000180025095e-35 -8.3072719573974592 3.6173341274261479 -0.064914468675851808 14.500000000000002 25.900826454162601 -0.746020346879959 -1.0412624478340147 1.6393371224403384 0.25171916186809545 0.21970647573471072 20.500000000000004 0.12630619108676913 -27.238594055175778 2.5000000000000004 1.0000000180025095e-35 1.1484612226486208 2.5000000000000004 1.5000000000000002 -0.16899792104959485 14.500000000000002 0.35972993075847631 0.42490811645984655 1.0000000180025095e-35 -1.0380201935768125 0.07188716903328897 2.5000000000000004 0.11403810977935792 -2.4581794738769527 3.5000000000000004
decision_type=2 2 2 2 2 2 2 2 2 2 2 2 2 2 2 2 2 2 2 2 2 2 2 2 2 2 2 2 2 2
left_child=1 13 3 17 -5 20 11 9 18 10 -8 14 -11 25 15 -2 -16 -3 -9 -10 -4 26 -7 24 -13 27 -15 -1 -27 -25
right_child=6 2 5 4 -6 22 7 8 19 12 -12 23 -14 21 16 -17 -18 -19 -20 -21 -22 -23 -24 29 -26 28 -28 -29 -30 -31
leaf_value=-0.00011197238273294385 -0.00015584063012418216 -0.00011252117003670323 -0.00011252117003670323 -0.00011252117003670323 -0.00011834698325575025 -0.00011252117003670323 -0.00022087674496896808 1.4387977416434415e-05 0.0002236316238971671 0.00056050224649549334 0.00058820824180583751 -0.0012418381673821597 -0.00040195043468828026 -0.00011252117003670323 0.00058941851820498118 0.0013620434402888543 0.0063999837409144805 2.710720751592545e-05 0.00021615203522668686 -0.00024118323694331795 0.00023258851407844343 -0.00011252117003670323 -0.00011252117003670323 0.018825925874218826 0.0094539156830452924 -0.00033684032287218811 -0.00011252117003670323 -0.00015538878134826206 1.2121168292824302e-05 0.0026074928307386874
leaf_weight=521 4423 5810 8357 18105 2074 9489 15265 17785 1045 2421 1414 166 641 1990 3820 2059 520 696 37239 5470 757 380 131 197 248 277 3855 102 8405 179
leaf_count=521 4423 5810 8357 18105 2074 9489 15265 17785 1045 2421 1414 166 641 1990 3820 2059 520 696 37239 5470 757 380 131 197 248 277 3855 102 8405 179
internal_value=-0.00250112 -0.00745664 -0.00933585 -0.0133155 -0.0153588 -0.00366713 0.000750334 0.000398622 0.00101115 -0.00151082 -0.00233977 0.00321219 0.00300457 -0.00196072 0.00256884 0.000863931 0.00511521 -0.00697817 0.0014212 -0.00245203 -0.00595238 -0.0041004 -0.00150208 0.0120253 0.00664251 -0.000529285 -0.00352866 -0.00662119 -9.21447e-05 0.0179521
internal_weight=153841 60949 45419 26685 20179 18734 92892 81280 61539 19741 16679 11612 3062 15530 10822 6482 4340 6506 55024 6515 9114 6225 9620 790 414 9305 5845 623 8682 376
internal_count=153841 60949 45419 26685 20179 18734 92892 81280 61539 19741 16679 11612 3062 15530 10822 6482 4340 6506 55024 6515 9114 6225 9620 790 414 9305 5845 623 8682 376
is_linear=0
shrinkage=0.05


Tree=41
num_leaves=31
num_cat=0
split_feature=4 13 13 13 13 13 13 13 18 25 13 3 3 0 1 38 38 38 7 3 2 9 22 3 2 22 1 1 10 4
split_gain=972.083 252.418 411.624 138.061 64.1 37.7623 31.7585 38.5185 26.6917 20.1979 18.1486 14.3075 13.2811 12.2246 12.1978 11.0174 11.8758 20.2216 12.0529 10.5605 17.1937 7.22016 7.1682 7.33985 6.86436 6.80355 6.62106 6.36243 2.98232 1.41852
threshold=1.0000000180025095e-35 -8.3072719573974592 3.6173341274261479 -0.064914468675851808 0.00075226789808231222 25.900826454162601 -975.01483154296864 209.65491485595706 -719.85803222656239 0.028482323512434963 -45.048856735229485 -0.13065119087696073 -0.2647589892148971 0.38980324566364294 0.42490811645984655 -0.43764922022819513 -0.010515488684177397 -0.10669942945241927 0.076087955385446562 0.081926357001066222 0.1670419126749039 0.62394928932189953 0.07188716903328897 0.11062880977988244 0.07271593809127809 0.080769497901201262 -0.060611730441451066 -2.4581794738769527 0.084302458912134184 32.024999618530281
decision_type=2 2 2 2 2 2 2 2 2 2 2 2 2 2 2 2 2 2 2 2 2 2 2 2 2 2 2 2 2 2
left_child=1 10 3 12 -5 11 15 8 24 -10 22 -4 -3 25 -7 28 17 -17 -18 20 -9 -21 23 -1 -8 -12 -15 -24 -2 -30
right_child=6 2 5 4 -6 14 7 19 9 -11 13 -13 -14 26 -16 16 18 -19 -20 21 -22 -23 27 -25 -26 -27 -28 -29 29 -31
leaf_value=-0.00014118069871207287 0.0009068208326202809 -0.00010904249428588799 -0.00010689511153486806 -0.00010689511153486806 -0.00010689511153486806 -0.00010689511153486806 2.6409100329536675e-05 0.00014618385600715622 -0.00023108665721133551 -4.6578790589279447e-05 -0.00010689511153486806 -0.00010689511153486806 -0.00010689511153486806 0.00075585695343258555 -0.00010689511153486806 0.00064189405086973416 0.00031631123891009001 -0.00035223235466150634 0.0022588672908378173 7.3834811511981106e-05 0.00076021756899455762 -0.00043530282095776074 -0.00035660973139714275 -0.00017966185496337517 0.00022282851332541386 -0.00010689511153486806 -0.00010689511153486806 5.9640821760714555e-05 0.0026049399574459096 0.0038106176749658446
leaf_weight=342 55 834 2470 16759 3420 9489 9178 11646 8137 30295 1002 6644 5672 80 131 1504 5989 1640 2080 6844 6707 591 250 76 8059 7115 528 6137 112 55
leaf_count=342 55 834 2470 16759 3420 9489 9178 11646 8137 30295 1002 6644 5672 80 131 1504 5989 1640 2080 6844 6707 591 250 76 8059 7115 528 6137 112 55
internal_value=-0.00252777 -0.00743449 -0.00931604 -0.0133043 -0.0153464 -0.0036351 0.000691663 0.000345274 -0.000394744 -0.00112797 -0.00193175 -0.00594141 -0.00697049 -0.00344126 -0.0014501 0.00315916 0.00294078 0.000333969 0.0039565 0.00194276 0.00258677 0.00035306 3.67377e-06 -0.00633971 0.00124006 -0.00292904 -0.0102796 0.000418819 0.0141892 0.017515
internal_weight=153841 60949 45419 26685 20179 18734 92892 81457 55669 38432 15530 9114 6506 8725 9620 11435 11213 3144 8069 25788 18353 7435 6805 418 17237 8117 608 6387 222 167
internal_count=153841 60949 45419 26685 20179 18734 92892 81457 55669 38432 15530 9114 6506 8725 9620 11435 11213 3144 8069 25788 18353 7435 6805 418 17237 8117 608 6387 222 167
is_linear=0
shrinkage=0.05


Tree=42
num_leaves=31
num_cat=0
split_feature=4 13 13 13 32 13 22 2 3 32 32 13 32 3 2 32 25 3 22 0 13 18 22 37 24 3 0 13 34 32
split_gain=960.819 249.871 412.48 137.759 135.551 37.9958 29.8101 23.2024 20.7613 20.5678 19.1232 17.653 17.6397 16.4986 45.3967 14.9753 12.9829 12.8191 12.7049 11.1218 9.85536 9.57875 9.56623 9.43386 9.21675 8.96695 6.64239 6.19535 5.82666 3.46734
threshold=1.0000000180025095e-35 -8.3072719573974592 3.6173341274261479 -0.064914468675851808 14.500000000000002 25.900826454162601 0.40101777017116552 0.052275896072387702 0.46115627884864813 20.500000000000004 2.5000000000000004 -27.238594055175778 2.5000000000000004 1.0000000180025095e-35 0.17488285899162295 14.500000000000002 0.029168509878218177 0.35972993075847631 0.075931634753942504 -0.016077001579105851 106.24657440185548 -899.71609497070301 0.07188716903328897 1.0000000180025095e-35 2.5000000000000004 0.11403810977935792 0.71154659986495983 5026.9519042968759 1.5000000000000002 2.5000000000000004
decision_type=2 2 2 2 2 2 2 2 2 2 2 2 2 2 2 2 2 2 2 2 2 2 2 2 2 2 2 2 2 2
left_child=1 11 3 12 -5 15 7 16 10 13 -9 22 -3 14 -8 -4 21 24 -18 28 -7 -2 25 -15 -13 -1 -24 -21 -11 -10
right_child=6 2 5 4 -6 20 9 8 29 19 -12 17 -14 23 -16 -17 18 -19 -20 27 -22 -23 26 -25 -26 -27 -28 -29 -30 -31
leaf_value=-0.00010102900801955324 2.3210391482768671e-05 -0.00010155035595812464 -0.00010155035595812464 -0.00010155035595812464 -0.00010708487851621932 -0.00010155035595812464 8.1154184387984864e-05 4.3053441788591146e-05 -0.00057816465856156145 0.00085882572690440322 0.00056008964537162208 -0.00010155035595812464 3.1096602716872493e-05 0.00038844064600588088 0.0010739063573108221 0.00022630384395126471 -0.00023520721929740077 -0.00010155035595812464 -9.3246406195667333e-06 7.2213486354005132e-05 9.2448107629667731e-05 -0.00027026590169966063 1.1212448980479126e-06 -0.00013467380130624993 -0.00010155035595812464 -0.00013863624953268022 -0.00013932439410038118 0.0036036035452734622 0.005186293520673832 0.00015059280489841139
leaf_weight=521 1582 5810 8357 18105 2074 6317 15462 33422 469 357 4214 1990 696 1274 7574 757 1171 380 16089 550 3303 4620 8596 5349 3855 102 86 66 623 70
leaf_count=521 1582 5810 8357 18105 2074 6317 15462 33422 469 357 4214 1990 696 1274 7574 757 1171 380 16089 550 3303 4620 8596 5349 3855 102 86 66 623 70
internal_value=-0.00253167 -0.00740988 -0.00928191 -0.0132743 -0.0153142 -0.00359507 0.000669057 3.12312e-05 0.000791749 0.00192689 0.000931289 -0.00193496 -0.00694743 0.00162935 0.00226168 -0.00590849 -0.00120621 -0.00399598 -0.000501159 0.00745614 -0.00140333 -0.00316833 -0.000556153 -0.000569983 -0.00341745 -0.00654093 -0.000126699 0.00219156 0.0107653 -0.00895176
internal_weight=153841 60949 45419 26685 20179 18734 92892 61637 38175 31255 37636 15530 6506 29659 23036 9114 23462 6225 17260 1596 9620 6202 9305 6623 5845 623 8682 616 980 539
internal_count=153841 60949 45419 26685 20179 18734 92892 61637 38175 31255 37636 15530 6506 29659 23036 9114 23462 6225 17260 1596 9620 6202 9305 6623 5845 623 8682 616 980 539
is_linear=0
shrinkage=0.05


Tree=43
num_leaves=31
num_cat=0
split_feature=4 13 13 13 13 13 13 13 13 13 39 25 24 3 3 1 0 0 39 22 2 22 1 3 38 1 39 38 9 0
split_gain=941.854 248.353 412.79 138.635 66.8118 37.4232 28.5202 30.6894 28.7291 17.3638 16.8284 16.0581 14.8731 13.6803 13.4759 12.3068 11.3347 16.4478 10.5898 10.33 11.574 10.2512 10.0564 7.45483 6.77999 6.62853 5.65881 4.66806 4.20432 3.73972
threshold=1.0000000180025095e-35 -8.3072719573974592 3.6173341274261479 -0.064914468675851808 0.00075226789808231222 25.900826454162601 -2054.096069335937 291.52088928222662 -111.41680526733397 -35.92979431152343 -0.097500421106815324 0.081520661711692824 2.5000000000000004 0.35972993075847631 -0.2647589892148971 0.42490811645984655 0.14414477348327639 -0.16164007782936093 2.5612684488296513 0.59430253505706798 -0.11056985333561896 0.07188716903328897 -0.052341995760798447 0.11062880977988244 -0.011514162644743918 -2.4581794738769527 -0.23789435625076291 0.33452820777893072 0.6359870731830598 0.13624896109104159
decision_type=2 2 2 2 2 2 2 2 2 2 2 2 2 2 2 2 2 2 2 2 2 2 2 2 2 2 2 2 2 2
left_child=1 9 3 14 -5 12 16 8 10 21 -8 -10 -4 18 -3 -7 17 26 -11 20 -9 23 -21 -1 -19 -23 -2 28 -18 -15
right_child=6 2 5 4 -6 15 7 19 11 13 -12 -13 -14 29 -16 -17 27 24 -20 22 -22 25 -24 -25 -26 -27 -28 -29 -30 -31
leaf_value=-0.00011090664899592024 0.00049744510263077313 -9.8512851773687371e-05 -9.6472838160218416e-05 -9.6472838160218416e-05 -9.6472838160218416e-05 -9.6472838160218416e-05 -4.889053342803582e-05 -0.00034700308248449745 -0.00016852367265389869 -9.6472838160218416e-05 0.00023769903076762029 -8.1361826766782053e-06 -9.6472838160218416e-05 0.0009391854167051201 -9.6472838160218416e-05 -9.6472838160218416e-05 0.0014305162543328497 -0.00033694352262571476 -9.6472838160218416e-05 0.00083953778130060148 0.00018577817147976303 -0.00030623281379216715 -0.00026050249365845468 -0.00013706622645629548 0.00018930818783776117 4.5964266400289749e-05 0.001400233287949087 -0.00092224438548549163 0.003869533709977438 -9.6472838160218416e-05
leaf_weight=430 1486 834 3462 16759 3420 9489 8103 858 17887 6316 14801 22173 5652 30 5672 131 1103 894 877 3934 17779 264 461 91 2121 7100 1159 42 91 422
leaf_count=430 1486 834 3462 16759 3420 9489 8103 858 17887 6316 14801 22173 5652 30 5672 131 1103 894 877 3934 17779 264 461 91 2121 7100 1159 42 91 422
internal_value=-0.00255052 -0.00738035 -0.00924668 -0.0132406 -0.0152869 -0.0035577 0.00061846 0.000370366 -0.000200908 -0.00192209 0.00121158 -0.00100849 -0.00585363 -0.00362001 -0.00689364 -0.00138254 0.0037123 0.00276502 -0.00308981 0.00193209 0.00141788 -0.00027584 0.00411263 -0.00705374 0.000240464 0.000203694 0.00564272 0.00805016 0.00862647 -0.0120575
internal_weight=153841 60949 45419 26685 20179 18734 92892 85996 62964 15530 22904 40060 9114 7645 6506 9620 6896 5660 7193 23032 18637 7885 4395 521 3015 7364 2645 1236 1194 452
internal_count=153841 60949 45419 26685 20179 18734 92892 85996 62964 15530 22904 40060 9114 7645 6506 9620 6896 5660 7193 23032 18637 7885 4395 521 3015 7364 2645 1236 1194 452
is_linear=0
shrinkage=0.05


Tree=44
num_leaves=31
num_cat=0
split_feature=4 13 13 13 13 13 34 37 37 3 39 39 25 3 39 39 34 13 0 38 3 2 3 3 1 13 22 39 3 0
split_gain=930.108 246.061 415.477 140.162 66.8118 37.3846 28.1885 101.41 76.7225 47.474 60.0475 35.7951 35.1809 53.0405 34.8157 34.3207 25.7655 16.891 16.6189 18.5426 14.9375 13.6406 13.2673 12.9583 12.3741 11.0828 9.48053 9.13788 8.96695 6.61475
threshold=1.0000000180025095e-35 -8.3072719573974592 3.6173341274261479 -0.064914468675851808 0.00075226789808231222 25.900826454162601 2.5000000000000004 1.0000000180025095e-35 1.0000000180025095e-35 -0.14916777610778806 -0.71093252301216114 1.6062209606170657 0.22879569977521899 0.10224959254264833 -2.5244748592376705 -1.5123514533042905 3.5000000000000004 -27.238594055175778 -0.14989548176527021 -0.15003602951765058 -0.13065119087696073 0.034960383549332626 -0.2647589892148971 0.35972993075847631 0.42490811645984655 -100.78845596313475 0.07188716903328897 2.5612684488296513 0.11403810977935792 0.71154659986495983
decision_type=2 2 2 2 2 2 2 2 2 2 2 2 2 2 2 2 2 2 2 2 2 2 2 2 2 2 2 2 2 2
left_child=1 17 3 22 -5 20 8 11 18 15 -11 14 16 -14 -8 -10 -9 26 25 -20 -4 -13 -3 27 -7 -2 28 -19 -1 -28
right_child=6 2 5 4 -6 24 7 12 9 10 -12 21 13 -15 -16 -17 -18 23 19 -21 -22 -23 -24 -25 -26 -27 29 -29 -30 -31
leaf_value=-9.1153915710564666e-05 0.00017610164030288852 -9.3587209185002989e-05 -9.1649196252207495e-05 -9.1649196252207495e-05 -9.1649196252207495e-05 -9.1649196252207495e-05 -0.00034756450377425698 -0.00034368642099012124 0.00024521643463509211 -0.00027011947020188094 0.00019158933235556772 -0.00032410667653292837 0.00070483112719541647 -0.00040675457251549579 0.0007810600254032872 0.001444924271290453 -9.8924413998069144e-06 -9.1649196252207495e-05 0.0001643970585032538 -0.000262423032624024 -9.1649196252207495e-05 7.141648869225769e-05 -9.1649196252207495e-05 -9.1649196252207495e-05 -9.1649196252207495e-05 -0.00018340690545022283 -1.2072988900725321e-06 -9.1649196252207495e-05 -0.00012485112573323143 -0.0001310954601013639
leaf_weight=521 3176 834 2470 16759 3420 9489 476 7661 5022 6448 12225 699 4618 1276 15876 3395 10698 5075 1138 14614 6644 2349 5672 380 131 3221 8596 770 102 86
leaf_count=521 3176 834 2470 16759 3420 9489 476 7661 5022 6448 12225 699 4618 1276 15876 3395 10698 5075 1138 14614 6644 2349 5672 380 131 3221 8596 770 102 86
internal_value=-0.00256515 -0.00736476 -0.00922246 -0.0132293 -0.0152869 -0.003515 0.000584012 0.00150906 -0.000236093 0.00154854 0.000143255 0.00420361 -0.000646312 0.00271463 0.00513087 0.00466615 -0.00172531 -0.00193175 -0.00241885 -0.00329165 -0.00580974 -0.000770997 -0.00684753 -0.00394779 -0.00134096 -0.000269658 -0.00058302 -0.00336612 -0.00654093 -0.000155494
internal_weight=153841 60949 45419 26685 20179 18734 92892 43653 49239 27090 18673 19400 24253 5894 16352 8417 18359 15530 22149 15752 9114 3048 6506 6225 9620 6397 9305 5845 623 8682
internal_count=153841 60949 45419 26685 20179 18734 92892 43653 49239 27090 18673 19400 24253 5894 16352 8417 18359 15530 22149 15752 9114 3048 6506 6225 9620 6397 9305 5845 623 8682
is_linear=0
shrinkage=0.05


Tree=45
num_leaves=31
num_cat=0
split_feature=7 13 13 13 32 13 7 32 37 34 34 34 37 25 32 13 3 3 1 13 38 38 22 24 3 32 0 0 38 34
split_gain=909.011 243.462 418.719 141.715 135.148 36.9703 27.3138 22.7459 25.8991 55.7632 45.8342 20.8595 31.5683 25.8224 17.5567 16.8105 14.4328 12.9816 12.4585 11.4563 10.8646 10.0358 9.48053 9.28109 8.96695 8.14048 6.61475 5.82588 3.34219 3.1478
threshold=1.0000000180025095e-35 -8.3072719573974592 3.6173341274261479 -0.064914468675851808 14.500000000000002 25.900826454162601 0.083655152469873442 14.500000000000002 1.0000000180025095e-35 1.5000000000000002 2.5000000000000004 1.5000000000000002 1.0000000180025095e-35 0.13318635523319247 2.5000000000000004 -27.238594055175778 -0.13065119087696073 0.35972993075847631 0.42490811645984655 -5644.7990722656241 -0.12615383416414258 -0.43764922022819513 0.07188716903328897 2.5000000000000004 0.11403810977935792 2.5000000000000004 0.71154659986495983 -0.18123008310794828 -0.0033206762745976444 3.5000000000000004
decision_type=2 2 2 2 2 2 2 2 2 2 2 2 2 2 2 2 2 2 2 2 2 2 2 2 2 2 2 2 2 2
left_child=1 15 3 14 -5 16 7 11 10 -10 -9 12 -2 -13 -3 22 -4 23 -7 27 21 -21 24 -17 -1 -22 -24 29 -29 -8
right_child=6 2 5 4 -6 18 19 8 9 -11 -12 13 -14 -15 -16 17 -18 -19 -20 20 25 -23 26 -25 -26 -27 -28 28 -30 -31
leaf_value=-8.659621992503643e-05 -0.00021650481431710378 -8.7066736439597126e-05 -8.7066736439597126e-05 -8.7066736439597126e-05 -9.2324532869787065e-05 -8.7066736439597126e-05 0.0030748208586305671 0.0001781733025195645 0.00085824249175430085 -0.0004718207890158183 0.004686915388409831 -3.9742454044028585e-05 2.7649992380992952e-05 0.0001736769080583813 3.8947874301650288e-05 -8.7066736439597126e-05 -8.7066736439597126e-05 -8.7066736439597126e-05 -8.7066736439597126e-05 0.0018168776838925517 0.00049308455658565319 -0.00067640276565028449 -1.1469339455689315e-06 -8.7066736439597126e-05 -0.00011860856944656984 0.0032048865924506858 -0.00012454068709629568 0.00012879578772607045 0.0020585247743167561 0.0066542162217661837
leaf_weight=521 11513 5810 2470 18105 2074 9489 197 2006 1559 2596 1234 27605 14348 22560 696 1990 6644 380 131 235 6742 899 8596 3855 102 629 86 222 354 193
leaf_count=521 11513 5810 2470 18105 2074 9489 197 2006 1559 2596 1234 27605 14348 22560 696 1990 6644 380 131 235 6742 899 8596 3855 102 629 86 222 354 193
internal_value=-0.0025879 -0.00733277 -0.00918063 -0.0132031 -0.0152721 -0.00345094 0.000525341 0.000236451 0.00288371 0.000270758 0.00623457 -2.10454e-05 -0.00117455 0.000573607 -0.00678604 -0.00192853 -0.00573294 -0.00393976 -0.00128898 0.0030699 0.00248383 -0.00207231 -0.00058302 -0.00335757 -0.00654093 0.00318478 -0.000155494 0.00822981 0.00503472 0.0129487
internal_weight=153841 60949 45419 26685 20179 18734 92892 83421 7395 4155 3240 76026 25861 50165 6506 15530 9114 6225 9620 9471 8505 1134 9305 5845 623 7371 8682 966 576 390
internal_count=153841 60949 45419 26685 20179 18734 92892 83421 7395 4155 3240 76026 25861 50165 6506 15530 9114 6225 9620 9471 8505 1134 9305 5845 623 7371 8682 966 576 390
is_linear=0
shrinkage=0.05


Tree=46
num_leaves=31
num_cat=0
split_feature=4 13 13 13 32 13 13 13 13 13 32 13 0 14 1 38 21 22 24 38 32 2 0 14 32 25 22 0 0 1
split_gain=898.008 243.861 417.773 143.018 134.816 37.0472 24.3387 26.5982 25.1641 23.2239 17.3059 16.7682 14.3074 14.1633 12.4839 12.1466 11.0103 10.0695 9.74255 8.68102 9.52612 8.37172 8.28369 7.38403 6.92678 10.1956 6.37041 5.46977 6.71816 5.57856
threshold=1.0000000180025095e-35 -8.3072719573974592 3.6173341274261479 -0.064914468675851808 14.500000000000002 25.900826454162601 -2054.096069335937 291.52088928222662 -42.552946090698235 18.067790985107425 2.5000000000000004 -24.38671779632568 0.38980324566364294 1.0000000180025095e-35 0.42490811645984655 -0.0085445949807763082 0.97499999403953563 0.07188716903328897 2.5000000000000004 0.22453185915946963 27.500000000000004 0.67617648839950573 0.079906221479177489 1.0000000180025095e-35 14.500000000000002 0.5737033784389497 0.30440436303615576 -0.17606109380722043 0.090164903551340117 -1.4161473512649534
decision_type=2 2 2 2 2 2 2 2 2 2 2 2 2 2 2 2 2 2 2 2 2 2 2 2 2 2 2 2 2 2
left_child=1 11 3 10 -5 13 16 8 15 -10 -3 17 18 -4 -7 -8 24 22 -13 21 -21 -9 -1 -19 26 -26 -2 29 -29 -18
right_child=6 2 5 4 -6 14 7 19 9 -11 -12 12 -14 -15 -16 -17 27 23 -20 20 -22 -23 -24 -25 25 -27 -28 28 -30 -31
leaf_value=-8.2266408928784607e-05 8.1245553702277278e-05 -8.2713399617617269e-05 -8.2713399617617269e-05 -8.2713399617617269e-05 -8.7708306226297718e-05 -8.2713399617617269e-05 -6.5827453873171243e-05 0.00019178672260466539 -0.00022101401848079064 -4.5907415231343647e-06 3.700048058656782e-05 -8.2713399617617269e-05 -8.2713399617617269e-05 -8.319134412211379e-05 -8.2713399617617269e-05 0.00014098051835038008 -0.0002022416536988852 -6.6521145733501637e-05 -8.2713399617617269e-05 0.00057816920021046866 0.0045933504246499042 -0.00029439129973996247 -8.3560338279521643e-05 0.00047738581183073657 0.005396645378384685 -0.0010114047154847273 0.0009567682744469222 -0.00018062111985624464 0.0015174655419681032 0.0015082228272270762
leaf_weight=566 1358 5810 7947 18105 2074 9489 7995 20755 14667 18548 696 1780 387 1167 131 21754 138 8710 3409 1225 61 991 121 557 287 41 2996 1613 190 273
leaf_count=566 1358 5810 7947 18105 2074 9489 7995 20755 14667 18548 696 1780 387 1167 131 21754 138 8710 3409 1225 61 991 121 557 287 41 2996 1613 190 273
internal_value=-0.00259537 -0.00731144 -0.00916081 -0.0131788 -0.0152572 -0.0034376 0.000498967 0.00026978 -0.000262055 -0.00120804 -0.00673225 -0.00190277 -0.00409792 -0.00572197 -0.00127339 0.000794144 0.00335702 -0.000673096 -0.00340624 0.00172369 0.0057154 0.00148763 -0.00651383 -0.000240099 0.00473088 0.0117378 0.00420303 0.000451671 -0.000734886 0.00565693
internal_weight=153841 60949 45419 26685 20179 18734 92892 85996 62964 33215 6506 15530 5576 9114 9620 29749 6896 9954 5189 23032 1286 21746 687 9267 4682 328 4354 2214 1803 411
internal_count=153841 60949 45419 26685 20179 18734 92892 85996 62964 33215 6506 15530 5576 9114 9620 29749 6896 9954 5189 23032 1286 21746 687 9267 4682 328 4354 2214 1803 411
is_linear=0
shrinkage=0.05


Tree=47
num_leaves=31
num_cat=0
split_feature=5 13 13 13 13 13 18 18 5 38 13 3 38 39 3 0 3 1 38 38 39 13 39 13 8 1 22 1 1 13
split_gain=880.791 244.005 419.69 145.281 70.474 36.45 24.2716 31.9667 20.3747 18.6115 16.9192 16.3868 14.7509 13.6382 13.3445 12.6795 12.6445 12.6259 11.9644 15.0776 11.061 10.1191 9.63194 7.91053 7.88594 7.01863 7.9499 6.62106 6.12886 5.35637
threshold=1.0000000180025095e-35 -8.3072719573974592 3.6173341274261479 -0.064914468675851808 0.00075226789808231222 24.528713226318363 -1171.356018066406 1801.3432617187502 16.97500038146973 0.21128143370151523 -45.048856735229485 0.22559004276990893 0.022899578325450424 -0.49966107308864588 -0.13065119087696073 0.38980324566364294 -0.2647589892148971 0.42490811645984655 -0.51251009106636036 -0.010515488684177397 2.5612684488296513 -167.92826080322263 0.052476504817605026 -40.278293609619134 0.097297027707099928 0.32907520234584814 0.08353451639413835 -0.060611730441451066 -2.4581794738769527 34245.873046875007
decision_type=2 2 2 2 2 2 2 2 2 2 2 2 2 2 2 2 2 2 2 2 2 2 2 2 2 2 2 2 2 2
left_child=1 10 3 16 -5 14 12 8 21 13 25 -11 18 -9 -4 20 -3 -7 22 -20 -12 -8 -2 -10 29 28 -27 -17 -1 -14
right_child=6 2 5 4 -6 17 7 9 23 11 15 -13 24 -15 -16 27 -18 -19 19 -21 -22 -23 -24 -25 -26 26 -28 -29 -30 -31
leaf_value=-0.00034727524533233439 0.0035720936231496223 -8.0418841922892122e-05 -7.8577729636736409e-05 -7.8577729636736409e-05 -7.8577729636736409e-05 -7.8577729636736409e-05 0.00016339821627068705 -7.5649737690032005e-05 -2.1596908487946792e-05 0.00094909868367990436 -7.8577729636736409e-05 -0.00065901944912686726 -6.0943243517557447e-05 0.00018703564617928697 -7.8577729636736409e-05 0.00072969035925631769 -7.8577729636736409e-05 -7.8577729636736409e-05 2.8765894080613405e-05 0.00039550436284791998 -7.8577729636736409e-05 -6.0018884885647186e-05 -0.0009515735910163236 -0.00029975764483702096 0.0025027663913633198 -0.00014054263674279151 -0.00024582361781657236 -7.8577729636736409e-05 5.1019862639957798e-05 0.0027023208045925855
leaf_weight=250 192 834 2398 16759 3420 9803 4550 6898 2043 1535 7171 163 7107 17292 6401 80 5672 132 7657 14007 946 24142 52 6939 188 62 123 528 6370 127
leaf_count=250 192 834 2398 16759 3420 9803 4550 6898 2043 1535 7171 163 7107 17292 6401 80 5672 132 7657 14007 946 24142 52 6939 188 62 123 528 6370 127
internal_value=-0.00259732 -0.00726796 -0.00911788 -0.013145 -0.0152399 -0.00338155 0.000467209 -8.18099e-05 -0.00101131 0.00127086 -0.00185769 0.00633098 0.00165701 0.000915668 -0.00572508 -0.00331519 -0.00664771 -0.00130599 0.00230966 0.00218565 -0.00279352 -0.000360728 0.0133197 -0.00308951 -0.000269469 1.10213e-05 -0.00959459 -0.0102796 0.000279456 -0.000532209
internal_weight=153841 60949 45419 26685 20179 18734 92892 63562 37674 25888 15530 1698 29330 24190 8799 8725 6506 9935 21908 21664 8117 28692 244 8982 7422 6805 185 608 6620 7234
internal_count=153841 60949 45419 26685 20179 18734 92892 63562 37674 25888 15530 1698 29330 24190 8799 8725 6506 9935 21908 21664 8117 28692 244 8982 7422 6805 185 608 6620 7234
is_linear=0
shrinkage=0.05


Tree=48
num_leaves=31
num_cat=0
split_feature=4 13 13 13 32 13 32 37 34 34 38 34 37 37 22 25 38 22 32 13 38 25 0 32 24 24 22 0 0 0
split_gain=870.93 242.617 421.205 145.457 135.45 36.584 24.534 26.4645 51.8325 49.5109 28.731 25.478 64.9677 49.657 34.5927 26.1168 24.7493 22.9763 16.8801 15.9495 15.3878 14.676 14.5854 13.4822 12.3072 10.0054 9.83727 9.46943 8.38554 6.8176
threshold=1.0000000180025095e-35 -8.3072719573974592 3.6173341274261479 -0.064914468675851808 14.500000000000002 24.528713226318363 14.500000000000002 1.0000000180025095e-35 1.5000000000000002 1.5000000000000002 -0.2055113688111305 2.5000000000000004 1.0000000180025095e-35 1.0000000180025095e-35 1.0050483942031863 0.23840752243995669 0.21128143370151523 0.08353451639413835 2.5000000000000004 -24.38671779632568 -0.21846626698970792 0.40422824025154119 0.38980324566364294 14.500000000000002 1.5000000000000002 2.5000000000000004 0.07188716903328897 0.55615735054016124 0.079906221479177489 0.71154659986495983
decision_type=2 2 2 2 2 2 2 2 2 2 2 2 2 2 2 2 2 2 2 2 2 2 2 2 2 2 2 2 2 2
left_child=1 19 3 18 -5 23 11 9 16 24 -10 12 21 14 -13 -15 -9 -14 -3 26 -11 -2 25 -4 -8 -21 28 -7 -1 -28
right_child=6 2 5 4 -6 27 7 8 10 20 -12 13 17 15 -16 -17 -18 -19 -20 22 -22 -23 -24 -25 -26 -27 29 -29 -30 -31
leaf_value=-7.4224202000508551e-05 -0.00025658703080515282 -7.4648843154899585e-05 -7.4648843154899585e-05 -7.4648843154899585e-05 -7.9394004433146008e-05 -7.4648843154899585e-05 -0.0010032570266313937 0.0005252609965408526 0.0016748531425287477 -0.00044761277534279155 -0.0005423834743384263 0.00030140003123714097 -0.00028849174273790665 -0.00012780961562599722 0.007046976422497399 0.00032533035334700842 0.01239414479370584 0.0001234126668924182 3.9079343039076166e-05 -7.4648843154899585e-05 0.002782770899039977 -5.3442705806956792e-05 -7.4648843154899585e-05 0.00021432704508574999 0.00013204230140911687 -7.4648843154899585e-05 -7.514440641919959e-06 -7.4648843154899585e-05 -7.545343488370874e-05 -0.00010533365123486061
leaf_weight=566 13917 5810 8066 18105 2074 9650 254 1427 347 159 2546 17491 702 17126 439 5112 198 23885 696 1780 2101 6166 387 733 1022 3409 9174 285 121 93
leaf_count=566 13917 5810 8066 18105 2074 9650 254 1427 347 159 2546 17491 702 17126 439 5112 198 23885 696 1780 2101 6166 387 733 1022 3409 9174 285 121 93
internal_value=-0.0026178 -0.00726222 -0.00910687 -0.0131413 -0.0152374 -0.0033602 0.000429531 0.0030668 0.000531208 0.00630656 -0.00348254 0.000179165 -0.000642489 0.00109291 0.00305075 -0.000485655 0.00767692 0.00108086 -0.00664002 -0.00186735 0.0107522 -0.00275233 -0.00400825 -0.00570804 -0.0015674 -0.00330989 -0.000668073 -0.00128083 -0.00644105 -0.000240099
internal_weight=153841 60949 45419 26685 20179 18734 92892 8054 4518 3536 2893 84838 44670 40168 17930 22238 1625 24587 6506 15530 2260 20083 5576 8799 1276 5189 9954 9935 687 9267
internal_count=153841 60949 45419 26685 20179 18734 92892 8054 4518 3536 2893 84838 44670 40168 17930 22238 1625 24587 6506 15530 2260 20083 5576 8799 1276 5189 9954 9935 687 9267
is_linear=0
shrinkage=0.05


Tree=49
num_leaves=31
num_cat=0
split_feature=4 13 13 13 32 13 7 32 13 22 0 0 14 2 22 13 32 24 22 32 7 2 32 0 0 38 0 38 32 22
split_gain=855.742 242.363 419.774 148.603 135.284 36.8267 23.2396 16.4249 16.2387 15.5479 14.5854 14.1278 17.4044 13.9203 15.0505 13.5353 10.9508 10.0054 9.94025 9.91287 10.5877 9.82278 9.81193 8.38554 6.85041 6.55448 5.63603 3.75176 3.36762 2.88102
threshold=1.0000000180025095e-35 -8.3072719573974592 3.6173341274261479 -0.064914468675851808 14.500000000000002 13.859466075897219 0.059189794585108764 2.5000000000000004 -24.38671779632568 0.077411264181137099 0.38980324566364294 0.118063572794199 -1.0000000180025095e-35 0.72677344083786022 0.69387668371200573 106.24657440185548 14.500000000000002 2.5000000000000004 0.07188716903328897 20.500000000000004 0.14995315670967105 0.36216658353805548 2.5000000000000004 0.079906221479177489 0.71154659986495983 -0.10067516565322875 -0.9501657485961913 -0.2351633086800575 14.500000000000002 0.81064429879188549
decision_type=2 2 2 2 2 2 2 2 2 2 2 2 2 2 2 2 2 2 2 2 2 2 2 2 2 2 2 2 2 2
left_child=1 8 3 7 -5 16 9 -3 18 27 17 19 21 14 -11 -7 -4 -10 23 20 -8 -13 -14 -1 -20 -15 -21 -2 -29 -12
right_child=6 2 5 4 -6 15 11 -9 10 13 29 12 22 25 -16 -17 -18 -19 24 26 -22 -23 -24 -25 -26 -27 -28 28 -30 -31
leaf_value=-7.0512991900483128e-05 0.00021926526836014827 -7.09164009971546e-05 -7.09164009971546e-05 -7.09164009971546e-05 -7.5424304211488711e-05 -7.09164009971546e-05 2.0373463916752157e-05 3.7125375887122305e-05 -7.09164009971546e-05 -9.1279341330255396e-09 -7.09164009971546e-05 5.8583824851729531e-07 0.00039896430733007244 0.00047071333437532646 0.0003359472773190254 0.00011338213941124815 0.00012486186685443953 -7.09164009971546e-05 -7.1387186098239267e-06 0.0053581671831623269 0.0016001063783771957 0.0037908620017834066 0.0023321017367040407 -7.16807631395233e-05 -0.00010006696867311758 -0.00038336226811606455 0.0015550465568744285 -0.00022004317969252248 4.0051353020967513e-05 0.00050635253358235664
leaf_weight=566 132 5810 5392 18105 2074 9522 10647 696 1780 62959 354 197 5150 117 6501 3303 517 3409 9174 102 1256 754 522 121 93 1567 336 2294 358 33
leaf_count=566 132 5810 5392 18105 2074 9522 10647 696 1780 62959 354 197 5150 117 6501 3303 517 3409 9174 102 1256 754 522 121 93 1567 336 2294 358 33
internal_value=-0.00263633 -0.00724007 -0.00908375 -0.0131113 -0.0152299 -0.00334686 0.000384317 -0.00654012 -0.00184804 -1.6232e-05 -0.00400825 0.00194579 0.0038087 0.000127207 0.000236107 -0.00184211 -0.00661279 -0.00330989 -0.000637934 0.000946034 0.0006742 0.0100683 0.00275917 -0.00644105 -0.000207726 -0.00436461 0.00833333 -0.00368175 -0.00409125 -0.0133721
internal_weight=153841 60949 45419 26685 20179 18734 92892 6506 15530 73928 5576 18964 6623 71144 69460 12825 5909 5189 9954 12341 11903 951 5672 687 9267 1684 438 2784 2652 387
internal_count=153841 60949 45419 26685 20179 18734 92892 6506 15530 73928 5576 18964 6623 71144 69460 12825 5909 5189 9954 12341 11903 951 5672 687 9267 1684 438 2784 2652 387
is_linear=0
shrinkage=0.05


Tree=50
num_leaves=31
num_cat=0
split_feature=4 13 13 13 32 13 34 37 37 32 3 39 22 39 3 25 32 32 13 0 13 0 3 3 39 24 22 3 0 38
split_gain=850.043 242.783 419.979 149.045 135.229 36.4358 22.7163 84.5038 62.9713 59.6189 43.3427 51.3456 32.9124 28.3211 26.9399 40.8079 18.3752 16.3554 15.8949 14.6974 13.3263 13.057 17.1635 11.2037 10.2847 10.0744 9.94025 8.98175 6.85041 6.56783
threshold=1.0000000180025095e-35 -8.3072719573974592 3.6173341274261479 -0.064914468675851808 14.500000000000002 13.859466075897219 2.5000000000000004 1.0000000180025095e-35 1.0000000180025095e-35 8.5000000000000018 -0.14916777610778806 -0.85855489969253529 1.0050483942031863 -1.5123514533042905 0.12353530526161195 0.24826548248529437 31.500000000000004 2.5000000000000004 -24.38671779632568 0.38980324566364294 78.585456848144545 -0.14989548176527021 0.19410040229558947 -0.13065119087696073 -0.23789435625076291 2.5000000000000004 0.07188716903328897 0.29093891382217413 0.71154659986495983 0.012711743358522655
decision_type=2 2 2 2 2 2 2 2 2 2 2 2 2 2 2 2 2 2 2 2 2 2 2 2 2 2 2 2 2 2
left_child=1 18 3 17 -5 23 8 9 21 12 13 -12 -8 -10 15 -9 -11 -3 26 25 -7 24 -23 -4 -2 -20 27 -1 -28 -16
right_child=6 2 5 4 -6 20 7 14 10 16 11 -13 -14 -15 29 -17 -18 -19 19 -21 -22 22 -24 -25 -26 -27 28 -29 -30 -31
leaf_value=-6.6987342305458963e-05 -0.00037796827189183274 -6.7370580947296875e-05 -6.7370580947296875e-05 -6.7370580947296875e-05 -7.1653089000914277e-05 -6.7370580947296875e-05 0.00026391901358811809 -0.00011737914514102096 0.00021558859109104407 0.0054155926791916798 -0.00027185409058811462 0.00014878136527460284 0.0066791478845464637 0.0013403102614407874 -0.00030810223844939308 0.00059112206049132584 0.0014521407939610917 3.5269107092766178e-05 -6.7370580947296875e-05 -6.7370580947296875e-05 4.4313191644747286e-05 -0.00024101008705019775 0.00011402484127331186 -6.7370580947296875e-05 3.6628395096997927e-05 -6.7370580947296875e-05 -6.7817826793326912e-06 -8.3588353683469746e-05 -9.5063620239461686e-05 -0.00049849475641351206
leaf_weight=618 1123 5810 1494 18105 2074 8419 17229 16134 5022 1212 5903 12770 438 3395 2568 4411 521 696 1780 387 4406 13820 1932 4415 5274 3409 9174 69 93 1140
leaf_count=618 1123 5810 1494 18105 2074 8419 17229 16134 5022 1212 5903 12770 438 3395 2568 4411 521 696 1780 387 4406 13820 1932 4415 5274 3409 9174 69 93 1140
internal_value=-0.00264348 -0.00723187 -0.00907715 -0.0131057 -0.0152275 -0.00333885 0.000367093 0.00119751 -0.000369118 0.00365722 0.00124769 -9.5057e-05 0.0027891 0.00422657 -0.000770008 -6.20589e-05 0.0125072 -0.00652475 -0.00183516 -0.00397238 -0.00184211 -0.00234661 -0.00312024 -0.00658741 -0.000441613 -0.00327134 -0.000637934 -0.00644105 -0.000207726 -0.00469256
internal_weight=153841 60949 45419 26685 20179 18734 92892 43653 49239 19400 27090 18673 17667 8417 24253 20545 1733 6506 15530 5576 12825 22149 15752 5909 6397 5189 9954 687 9267 3708
internal_count=153841 60949 45419 26685 20179 18734 92892 43653 49239 19400 27090 18673 17667 8417 24253 20545 1733 6506 15530 5576 12825 22149 15752 5909 6397 5189 9954 687 9267 3708
is_linear=0
shrinkage=0.05


Tree=51
num_leaves=31
num_cat=0
split_feature=4 13 13 13 32 13 39 39 32 37 0 22 1 32 1 13 14 39 32 32 22 1 2 1 39 13 13 8 24 39
split_gain=840.271 244.793 420.736 149.308 135.229 36.2958 23.4469 26.178 26.5116 21.519 21.4379 18.9216 16.6487 15.6789 14.5998 14.4908 11.915 11.6534 10.8179 10.7834 9.98386 6.08073 5.7731 6.96882 4.98637 4.55872 3.65057 3.27888 2.16841 1.67845
threshold=1.0000000180025095e-35 -8.3072719573974592 3.6173341274261479 -0.064914468675851808 14.500000000000002 13.859466075897219 1.9339771866798403 -0.68135905265808094 14.500000000000002 1.0000000180025095e-35 0.13624896109104159 0.96546417474746715 0.32907520234584814 2.5000000000000004 0.42490811645984655 -45.048856735229485 1.0000000180025095e-35 -4.5574824810028067 14.500000000000002 8.5000000000000018 0.08353451639413835 -2.4581794738769527 0.065149497240781798 0.34781159460544592 2.895046710968018 -24.38671779632568 -15.922521591186522 0.015838214196264747 1.5000000000000002 3.5442000627517705
decision_type=2 2 2 2 2 2 2 2 2 2 2 2 2 2 2 2 2 2 2 2 2 2 2 2 2 2 2 2 2 2
left_child=1 12 3 13 -5 18 7 11 10 -10 -9 17 15 -3 -7 21 -13 -2 -4 -17 -14 -1 24 26 27 -22 -24 -8 -25 -26
right_child=6 2 5 4 -6 14 22 8 9 -11 -12 16 20 -15 -16 19 -18 -19 -20 -21 25 -23 23 28 29 -27 -28 -29 -30 -31
leaf_value=-0.00032883973596916385 0.00068549738927359174 -6.4002051899932026e-05 -6.4002051899932026e-05 -6.4002051899932026e-05 -6.8070434550868559e-05 -6.4002051899932026e-05 -0.00012477805680491638 1.813773816911179e-05 0.0014586827905537052 0.00012105042208342549 0.00031550042784495833 0.00088561068234888638 -6.4002051899932026e-05 3.3505651738127867e-05 -6.4002051899932026e-05 -6.4002051899932026e-05 -0.00035088369242076284 -0.00011163239906723231 0.00012198730255908244 0.00043089434667074818 -7.1050348082121604e-05 4.9540616604513803e-05 0.00011554873208256805 -0.00032305633222143933 -0.00037250559326675102 -6.4002051899932026e-05 -0.0001701170179886124 -0.00035880055710293171 -0.0006068041840263384 -0.00037783332521969303
leaf_weight=250 722 5810 5392 18105 2074 12659 947 41841 2763 2344 13940 2143 144 696 166 7792 486 23730 517 616 203 6370 828 30 380 155 2136 414 71 117
leaf_count=250 722 5810 5392 18105 2074 12659 947 41841 2763 2344 13940 2143 144 696 166 7792 486 23730 517 616 203 6370 828 30 380 155 2136 414 71 117
internal_value=-0.0026568 -0.00721874 -0.00907164 -0.0131038 -0.0152275 -0.00332817 0.000336412 0.000524332 0.00109956 0.00454768 0.000783869 -0.000768989 -0.00179974 -0.00651706 -0.00183431 -0.00150053 0.0032617 -0.00120236 -0.00657049 -0.00287821 -0.010757 0.000249245 -0.00302153 -0.00168842 -0.00522067 -0.00628492 -0.00124831 -0.0036554 -0.014604 -0.00950704
internal_weight=153841 60949 45419 26685 20179 18734 92892 87969 60888 5107 55781 27081 15530 6506 12825 15028 2629 24452 5909 8408 502 6620 4923 3065 1858 358 2964 1361 101 497
internal_count=153841 60949 45419 26685 20179 18734 92892 87969 60888 5107 55781 27081 15530 6506 12825 15028 2629 24452 5909 8408 502 6620 4923 3065 1858 358 2964 1361 101 497
is_linear=0
shrinkage=0.05


Tree=52
num_leaves=31
num_cat=0
split_feature=4 13 13 13 32 13 18 18 4 38 32 13 0 38 38 13 38 38 32 32 22 24 0 13 7 13 0 38 4 22
split_gain=832.557 242.539 421.078 149.232 137.17 36.4052 22.7703 31.0204 21.776 18.9627 15.645 14.7732 14.9791 13.7346 13.1466 13.083 11.199 12.4913 10.7914 10.6212 9.83727 9.603 8.38554 7.39517 6.91039 6.83474 6.8176 5.496 3.82581 2.88102
threshold=1.0000000180025095e-35 -8.3072719573974592 3.6173341274261479 -0.064914468675851808 14.500000000000002 13.859466075897219 -757.52301025390614 1079.8569335937502 15.924999713897707 0.21128143370151523 2.5000000000000004 -24.38671779632568 0.38980324566364294 0.022899578325450424 -0.1715494021773338 64.429073333740249 -0.51251009106636036 -0.010515488684177397 14.500000000000002 8.5000000000000018 0.07188716903328897 2.5000000000000004 0.079906221479177489 -167.92826080322263 0.2142710015177727 -37.97544860839843 0.71154659986495983 0.041520733386278159 35.225000381469734 0.81064429879188549
decision_type=2 2 2 2 2 2 2 2 2 2 2 2 2 2 2 2 2 2 2 2 2 2 2 2 2 2 2 2 2 2
left_child=1 11 3 10 -5 18 13 8 23 14 -3 20 21 16 -9 -7 28 -18 -4 -11 22 -13 -1 -8 27 -10 -22 -15 -2 -14
right_child=6 2 5 4 -6 15 7 9 25 19 -12 12 29 24 -16 -17 17 -19 -20 -21 26 -23 -24 -25 -26 -27 -28 -29 -30 -31
leaf_value=-6.0951523994162682e-05 0.002635840457075829 -6.0801949304935417e-05 -6.0801949304935417e-05 -6.0801949304935417e-05 -6.4666912823325127e-05 -6.0801949304935417e-05 0.00015369178521561675 0.00048381428616835252 -5.1547334078198929e-05 0.00050520236515568266 3.1830369151221451e-05 -6.0801949304935417e-05 -6.0801949304935417e-05 -0.00021939361974575961 2.6939740014569372e-05 1.8809342894414504e-05 2.5511692920393051e-05 0.00032829116591622139 0.00011588793743112833 0.0041723747636083696 -4.3657712164810804e-06 -6.0801949304935417e-05 -6.1547255272277572e-05 -7.3280078823399078e-05 0.0020387816062050479 -0.00030823910070366511 -8.7110336632492008e-05 -7.1092234465077594e-07 0.00094358084030693424 0.00048760353854560034
leaf_weight=566 192 5810 5392 18105 2074 7593 3050 1877 1668 1708 696 1780 354 1115 26724 5232 8632 15538 517 201 9174 3409 121 18720 71 6198 93 7122 76 33
leaf_count=566 192 5810 5392 18105 2074 7593 3050 1877 1668 1708 696 1780 354 1115 26724 5232 8632 15538 517 201 9174 3409 121 18720 71 6198 93 7122 76 33
internal_value=-0.00267533 -0.00721628 -0.00906064 -0.0130944 -0.0152176 -0.00331483 0.000304117 -0.000273501 -0.00142563 0.000845624 -0.00650938 -0.00182228 -0.00388271 0.00136505 0.000523583 -0.00181871 0.00196211 0.0018494 -0.00656202 0.00567051 -0.000668073 -0.00317499 -0.00644105 -0.000610932 -0.000391189 -0.0036804 -0.000240099 -0.00052507 0.0121269 -0.0133721
internal_weight=153841 60949 45419 26685 20179 18734 92892 60146 29636 30510 6506 15530 5576 32746 28601 12825 24438 24170 5909 1909 9954 5189 687 21770 8308 7866 9267 8237 268 387
internal_count=153841 60949 45419 26685 20179 18734 92892 60146 29636 30510 6506 15530 5576 32746 28601 12825 24438 24170 5909 1909 9954 5189 687 21770 8308 7866 9267 8237 268 387
is_linear=0
shrinkage=0.05


Tree=53
num_leaves=31
num_cat=0
split_feature=4 13 13 13 32 13 34 37 37 32 3 22 25 3 25 38 2 1 32 1 13 38 0 3 32 22 3 4 32 13
split_gain=827.537 242.818 421.054 149.674 137.115 36.1459 22.2848 74.6738 57.3603 52.8743 37.7525 32.1461 29.3239 25.7595 40.5766 18.0947 16.6962 16.6009 15.5772 14.6307 13.7209 12.6973 16.9417 11.1509 10.703 9.98386 6.39536 6.17545 6.14786 4.55872
threshold=1.0000000180025095e-35 -8.3072719573974592 3.6173341274261479 -0.064914468675851808 14.500000000000002 13.859466075897219 2.5000000000000004 1.0000000180025095e-35 1.0000000180025095e-35 8.5000000000000018 -0.14916777610778806 1.0050483942031863 0.068341523408889784 0.11062880977988244 0.25891709327697759 -0.21846626698970792 0.78842890262603771 0.32907520234584814 2.5000000000000004 0.42490811645984655 -45.048856735229485 -0.15907365083694455 -0.067232239991426454 -0.13065119087696073 8.5000000000000018 0.08353451639413835 -1.7320105433464048 41.274999618530281 27.500000000000004 -24.38671779632568
decision_type=2 2 2 2 2 2 2 2 2 2 2 2 2 2 2 2 2 2 2 2 2 2 2 2 2 2 2 2 2 2
left_child=1 17 3 18 -5 23 8 9 21 11 12 -8 -10 14 -9 -11 -12 20 -3 -7 26 27 -23 -4 -22 -19 -1 -2 -15 -27
right_child=6 2 5 4 -6 19 7 13 10 15 16 -13 -14 28 -16 -17 -18 25 -20 -21 24 22 -24 -25 -26 29 -28 -29 -30 -31
leaf_value=-0.00032904785671874305 0.00031983479672668426 -5.7761851839688642e-05 -5.7761851839688642e-05 -5.7761851839688642e-05 -6.1433567182158871e-05 -5.7761851839688642e-05 0.00024717053781919961 -0.00010616254281105991 -1.3188045072939047e-05 -0.00038860723239950786 7.540664333606333e-06 0.0063212854939828159 0.00087556487116288717 -0.00029967495680842848 0.00064986419716993532 0.0049929441704086395 -0.00057469231849491926 -5.7761851839688642e-05 3.0238850693660447e-05 -5.7761851839688642e-05 -5.7761851839688642e-05 -8.5661542160073162e-05 -0.00025957035564077988 -5.7761851839688642e-05 0.00041039314800568589 -6.3142313846390933e-05 6.2797097923007405e-05 -0.00044390892923594819 -0.0011074422181369672 -5.7761851839688642e-05
leaf_weight=630 846 5810 1494 18105 2074 12659 17229 16129 2916 156 18118 438 5501 4045 3893 1577 555 144 696 166 7792 9743 11300 4415 616 203 5990 260 186 155
leaf_count=630 846 5810 1494 18105 2074 12659 17229 16129 2916 156 18118 438 5501 4045 3893 1577 555 144 696 166 7792 9743 11300 4415 616 203 5990 260 186 155
internal_value=-0.00268248 -0.00720972 -0.00905513 -0.0130888 -0.0152151 -0.00330949 0.000287969 0.00111046 -0.000441215 0.00342268 0.00110188 0.00260514 0.00388202 -0.000739084 9.98901e-06 0.0117571 -0.000151288 -0.00181262 -0.00649401 -0.00181871 -0.00151384 -0.00232855 -0.002603 -0.0065451 -0.00285442 -0.010757 0.000188822 0.00289331 -0.00428386 -0.00628492
internal_weight=153841 60949 45419 26685 20179 18734 92892 43653 49239 19400 27090 17667 8417 24253 20022 1733 18673 15530 6506 12825 15028 22149 21043 5909 8408 502 6620 1106 4231 358
internal_count=153841 60949 45419 26685 20179 18734 92892 43653 49239 19400 27090 17667 8417 24253 20022 1733 18673 15530 6506 12825 15028 22149 21043 5909 8408 502 6620 1106 4231 358
is_linear=0
shrinkage=0.05


Tree=54
num_leaves=31
num_cat=0
split_feature=5 13 13 13 32 13 39 39 34 0 25 22 1 32 24 10 34 13 1 32 22 22 3 22 2 13 25 3 2 25
split_gain=819.121 242.716 423.561 149.419 136.947 36.2818 20.5847 24.8483 27.3856 25.457 24.7348 19.5905 16.2924 15.5772 15.0453 14.7502 14.5886 13.872 12.7135 10.6829 9.5441 8.04157 6.98096 5.91678 4.86152 4.55872 2.27699 3.13494 2.60633 1.84167
threshold=1.0000000180025095e-35 -8.3072719573974592 3.6173341274261479 -0.064914468675851808 14.500000000000002 25.900826454162601 1.9339771866798403 -0.68135905265808094 1.5000000000000002 0.13624896109104159 0.032473009079694755 2.2804714441299443 0.32907520234584814 2.5000000000000004 2.5000000000000004 0.43253281712532049 5.0000000000000009 -45.048856735229485 0.42490811645984655 8.5000000000000018 0.08353451639413835 0.13105144351720813 0.46115627884864813 0.045210551470518119 0.065149497240781798 -24.38671779632568 0.060530981048941619 0.0514180175960064 0.40479560196399694 0.030296809971332554
decision_type=2 2 2 2 2 2 2 2 2 2 2 2 2 2 2 2 2 2 2 2 2 2 2 2 2 2 2 2 2 2
left_child=1 12 3 13 -5 14 7 10 15 -10 21 -12 17 -3 -4 -9 22 23 -7 -19 -14 -2 24 -1 -8 -22 27 -18 -28 -24
right_child=6 2 5 4 -6 18 16 8 9 -11 11 -13 20 -15 -16 -17 26 19 -20 -21 25 -23 29 -25 -26 -27 28 -29 -30 -31
leaf_value=-0.00014561343056295687 -0.00030675137865330686 -5.4873759247704219e-05 -5.4873759247704219e-05 -5.4873759247704219e-05 -5.8361888823050932e-05 -5.4873759247704219e-05 -0.00028094831022453274 -8.350008153434931e-05 0.00010113814225301624 0.00057730288452578402 -1.8474731240794271e-05 0.001597618197969597 -5.4873759247704219e-05 2.8726908158977459e-05 -5.4873759247704219e-05 0.00027036181844515762 0.00033745841790992407 -5.4873759247704219e-05 -5.4873759247704219e-05 0.00038987349060540157 -5.9985198154071387e-05 -0.00019149071076290103 -0.00062534776639461146 3.6928651938778444e-05 -0.00014679004763112625 -5.4873759247704219e-05 0.00085744785590729101 0.0034916940912593022 -0.00062569926080932809 -0.0004923620573022493
leaf_weight=152 862 5810 3462 18105 2074 9489 1824 16587 30921 10498 20478 366 144 696 5652 2882 63 7792 131 616 203 5375 34 6468 2665 155 117 88 36 96
leaf_count=152 862 5810 3462 18105 2074 9489 1824 16587 30921 10498 20478 366 144 696 5652 2882 63 7792 131 616 203 5375 34 6468 2665 155 117 88 36 96
internal_value=-0.00268833 -0.00719249 -0.00903752 -0.0130832 -0.0152076 -0.00327479 0.000266977 0.000443054 0.00100348 0.00173049 -0.000816993 9.59509e-06 -0.00179652 -0.00649401 -0.00553544 -0.000543171 -0.00287934 -0.00150053 -0.00113306 -0.00284848 -0.0106574 -0.00357945 -0.00357761 0.00021148 -0.00324683 -0.00628492 0.00773026 0.0120861 0.00343137 -0.015
internal_weight=153841 60949 45419 26685 20179 18734 92892 87969 60888 41419 27081 20844 15530 6506 9114 19469 4923 15028 9620 8408 502 6237 4619 6620 4489 358 304 151 153 130
internal_count=153841 60949 45419 26685 20179 18734 92892 87969 60888 41419 27081 20844 15530 6506 9114 19469 4923 15028 9620 8408 502 6237 4619 6620 4489 358 304 151 153 130
is_linear=0
shrinkage=0.05


Tree=55
num_leaves=31
num_cat=0
split_feature=4 24 14 21 24 14 0 1 25 18 18 4 1 7 38 25 38 39 38 21 39 0 22 39 8 8 22 21 25 8
split_gain=809.842 160.484 60.6175 53.6344 42.1793 37.7192 35.5565 25.4888 24.6193 20.0365 26.5712 18.9925 16.9833 16.1584 12.3651 11.6526 10.7751 12.6082 9.66595 9.26075 8.02251 7.30531 6.74251 6.42868 6.41458 5.42112 4.50788 3.93183 3.6957 2.81667
threshold=1.0000000180025095e-35 2.5000000000000004 1.0000000180025095e-35 1.0000000180025095e-35 1.0000000180025095e-35 1.0000000180025095e-35 -0.5168200135231017 -0.66433361172676075 0.029168509878218177 -757.52301025390614 2160.2355957031255 15.924999713897707 0.32907520234584814 0.1242388002574444 -0.51251009106636036 0.0030902085127308969 0.022899578325450424 -1.860609173774719 0.11906004324555398 0.62500000000000011 0.052476504817605026 0.67319893836975109 0.7075285315513612 2.1213928461074834 0.097297027707099928 0.039727991446852691 0.031609889119863517 1.0000000180025095e-35 0.010781597811728718 0.012886030133813621
decision_type=2 2 2 2 2 2 2 2 2 2 2 2 2 2 2 2 2 2 2 2 2 2 2 2 2 2 2 2 2 2
left_child=1 2 4 7 27 8 -6 15 -5 14 11 21 -9 18 20 -3 17 -16 -12 -15 -2 -11 -7 26 -18 -13 -4 -1 -25 -22
right_child=9 3 23 5 6 22 -8 12 -10 10 13 25 -14 19 16 -17 24 -19 -20 -21 29 -23 -24 28 -26 -27 -28 -29 -30 -31
leaf_value=-5.2130071285319008e-05 0.0030357967067338905 -5.2130071285319008e-05 -7.1641822377443664e-05 -5.2130071285319008e-05 -5.2130071285319008e-05 0.00031454408766968438 -5.2130071285319008e-05 -5.2130071285319008e-05 -5.2130071285319008e-05 -3.007945553112016e-05 2.8087648221858735e-05 -0.00016624634926767624 -5.2130071285319008e-05 0.0030574800871258651 -0.00010014558927553159 -5.1509298824138608e-05 -4.9089718851118812e-05 0.00024103939610388444 0.00038670132102250311 0.00082316002204796477 0.00026631921314962734 -0.00052888508623128285 -8.2674752375246064e-05 0.00011851838759412202 0.0022617603918176593 -0.00053550959161432728 0.00013400397856279199 -5.2130071285319008e-05 -5.2130071285319008e-05 -0.0015155970669489633
leaf_weight=327 208 100 56 6931 929 2395 20872 6988 16701 26155 20110 6830 955 578 3076 1744 8118 21094 2894 786 30 387 261 39 190 2406 1301 1146 204 30
leaf_count=327 208 100 56 6931 929 2395 20872 6988 16701 26155 20110 6830 955 578 3076 1744 8118 21094 2894 786 30 387 261 39 190 2406 1301 1146 204 30
internal_value=-0.0026893 -0.00716788 -0.0102577 -0.00503742 -0.0109049 -0.00386108 -0.0103516 -0.0081971 -0.00449602 0.000249214 -0.000292621 -0.00115993 -0.00942654 0.000980794 0.00124443 -0.0029013 0.00115617 0.00169011 0.000667275 0.00626833 0.0119403 -0.000480371 0.0017884 -0.00084375 -0.000397208 -0.00311282 0.000497421 -0.0190937 -0.00833333 -0.00416667
internal_weight=153841 60949 24874 36075 23274 26288 21801 9787 23632 92892 60146 35778 7943 24368 32746 1844 32478 24170 23004 1364 268 26542 2656 1600 8308 9236 1357 1473 243 60
internal_count=153841 60949 24874 36075 23274 26288 21801 9787 23632 92892 60146 35778 7943 24368 32746 1844 32478 24170 23004 1364 268 26542 2656 1600 8308 9236 1357 1473 243 60
is_linear=0
shrinkage=0.05


Tree=56
num_leaves=31
num_cat=0
split_feature=4 24 3 32 21 32 25 3 3 3 3 39 38 25 32 39 7 3 20 32 25 39 38 3 37 22 3 38 38 25
split_gain=803.01 160.292 79.9181 55.7702 46.9256 45.5273 39.7576 35.8026 29.4824 23.5625 18.9244 23.7744 22.0096 22.1338 21.7676 20.6487 18.7827 16.0951 14.0049 13.5187 13.1337 12.1528 11.4215 10.4375 8.0585 19.1066 7.19627 6.21155 5.6525 5.63853
threshold=1.0000000180025095e-35 2.5000000000000004 -0.10520397126674651 14.500000000000002 1.0000000180025095e-35 14.500000000000002 0.0011225953348912301 -0.27034932374954218 -0.15598179399967191 0.31092830002307897 -0.746020346879959 -1.3469454646110532 0.22453185915946963 0.25171916186809545 20.500000000000004 1.9339771866798403 0.14139872044324878 -0.32882358133792872 1.0000000180025095e-35 2.5000000000000004 0.047478249296545989 -3.0035413503646846 -0.25294733047485346 -2.030936479568481 1.0000000180025095e-35 0.7075285315513612 0.24745634198188785 -0.25294733047485346 -1.0000000180025095e-35 0.094211805611848845
decision_type=2 2 2 2 2 2 2 2 2 2 2 2 2 2 2 2 2 2 2 2 2 2 2 2 2 2 2 2 2 2
left_child=1 2 17 4 7 6 -4 -3 -6 20 14 12 13 -12 16 19 18 23 -2 -13 -5 -19 -17 -1 25 -16 -14 -7 -26 -18
right_child=10 3 5 9 8 27 -8 -9 -10 -11 11 15 26 -15 24 22 29 21 -20 -21 -22 -23 -24 -25 28 -27 -28 -29 -30 -31
leaf_value=-0.00015279428203782863 0.00030682805093694009 -4.9588912190650997e-05 -4.952356772105305e-05 -8.9559255247205399e-05 -4.952356772105305e-05 0.0052531885754598514 -4.952356772105305e-05 -4.952356772105305e-05 -4.952356772105305e-05 -5.2837290817632423e-05 -0.00020396941158424208 3.6781084872268473e-05 0.00060955913729371911 0.00020351100937268576 0.0094295322941015964 0.00027074572121137228 0.00083752655919215602 -4.952356772105305e-05 -0.00027363609722936964 0.00036487001992350051 0.0010329798445437692 -4.952356772105305e-05 -0.00022938569584749543 -4.952356772105305e-05 0.0022834447391550565 -0.00087967775392679679 -0.0012809211465181622 -8.0726334505505691e-05 0.010682164225133127 0.0042916416642668235
leaf_weight=310 7794 2033 1521 1098 6698 44 15308 6961 17667 274 13388 52430 1500 2540 194 566 203 1005 2212 6440 1344 3189 4357 1986 193 220 59 1511 183 613
leaf_count=310 7794 2033 1521 1098 6698 44 15308 6961 17667 274 13388 52430 1500 2540 194 566 203 1005 2212 6440 1344 3189 4357 1986 193 220 59 1511 183 613
internal_value=-0.00270003 -0.00715967 -0.0102476 -0.00503049 -0.00559144 -0.0119316 -0.0126879 -0.00867801 -0.00445208 0.00185935 0.000226069 -4.36762e-05 -0.00167696 -0.00223192 0.00211419 0.000404041 0.00152929 -0.00547766 0.000934439 0.000664175 0.00341933 -0.00731998 -0.00270668 -0.00211237 0.0101266 0.00531401 0.00399294 -0.00374598 0.0154255 0.00882353
internal_weight=153841 60949 24874 36075 33359 18384 16829 8994 24365 2716 92892 81280 17487 15928 11612 63793 10822 6490 10006 58870 2442 4194 4923 2296 790 414 1559 1555 376 816
internal_count=153841 60949 24874 36075 33359 18384 16829 8994 24365 2716 92892 81280 17487 15928 11612 63793 10822 6490 10006 58870 2442 4194 4923 2296 790 414 1559 1555 376 816
is_linear=0
shrinkage=0.05


Tree=57
num_leaves=31
num_cat=0
split_feature=4 13 13 13 32 13 22 3 32 1 2 7 32 2 3 13 1 32 39 32 22 0 38 1 13 13 2 18 4 25
split_gain=797.391 243.235 426.003 151.544 136.238 36.678 18.0186 17.5646 16.6692 16.4467 15.2557 14.746 14.6532 14.0984 13.4383 13.2995 12.8163 12.6479 12.3453 10.3187 9.5441 8.8231 8.36639 6.03279 5.74367 4.55872 4.0209 2.7117 3.11209 0.346257
threshold=1.0000000180025095e-35 -8.3072719573974592 3.6173341274261479 -0.064914468675851808 14.500000000000002 25.900826454162601 0.40968684852123266 0.46115627884864813 20.500000000000004 0.32907520234584814 0.052275896072387702 0.14995315670967105 2.5000000000000004 0.16439450532197955 -0.13065119087696073 -45.048856735229485 0.42490811645984655 2.5000000000000004 -1.3469454646110532 14.500000000000002 0.08353451639413835 -0.016077001579105851 -0.074312757700681673 -2.4581794738769527 4395.6821289062509 -24.38671779632568 0.23160947859287265 19386.689453125004 12.22499990463257 0.17656463384628299
decision_type=2 2 2 2 2 2 2 2 2 2 2 2 2 2 2 2 2 2 2 2 2 2 2 2 2 2 2 2 2 2
left_child=1 9 3 12 -5 14 7 10 11 15 18 13 -3 -8 -4 23 -7 -12 -2 -17 29 26 -13 -1 -23 -22 -10 28 -9 -11
right_child=6 2 5 4 -6 16 8 27 21 20 17 22 -14 -15 -16 19 -18 -19 -20 -21 25 24 -24 -25 -26 -27 -28 -29 -30 -31
leaf_value=-0.00029251858982014386 -0.00020780495888560627 -4.7047389335000402e-05 -4.7047389335000402e-05 -4.7047389335000402e-05 -4.8800974092357143e-05 -4.7047389335000402e-05 -3.4778874858381117e-05 -0.00040123224656409776 0.002229820551399927 -4.7047389335000402e-05 8.4760568922905018e-06 -0.00050411543776222726 2.6286750707452296e-05 0.000239118583739242 -4.7047389335000402e-05 -4.7047389335000402e-05 -4.7047389335000402e-05 0.00037714510178994253 -4.3088189723260958e-05 0.00039022633298569818 -5.1903256296049217e-05 -4.3545309599484637e-05 0.0025220188511217581 4.6236144339789621e-05 0.00338676410576058 -4.7047389335000402e-05 0.012889327329455892 0.00032973708542457483 -0.00077475366348846153 -6.1720152056205841e-05
leaf_weight=250 5307 5810 2470 18105 2074 9489 14841 321 858 65 33894 250 696 12575 6644 7896 131 4280 18466 512 203 527 1169 6370 64 155 89 45 206 79
leaf_count=250 5307 5810 2470 18105 2074 9489 14841 321 858 65 33894 250 696 12575 6644 7896 131 4280 18466 512 203 527 1169 6370 64 155 89 45 206 79
internal_value=-0.00271238 -0.00715639 -0.00900339 -0.0130607 -0.0152002 -0.00322408 0.000203462 -0.000281914 0.00120255 -0.00175467 -0.000201382 0.000932027 -0.00642484 0.000674788 -0.00549704 -0.00145728 -0.00107069 0.000417824 -0.00119568 -0.00277712 -0.0106574 0.00627438 0.00590204 0.000219033 0.00148054 -0.00628492 0.0092661 -0.0090035 -0.0100095 -0.0215278
internal_weight=153841 60949 45419 26685 20179 18734 92892 62519 30373 15530 61947 28835 6506 27416 9114 15028 9620 38174 23773 8408 502 1538 1419 6620 591 358 947 572 527 144
internal_count=153841 60949 45419 26685 20179 18734 92892 62519 30373 15530 61947 28835 6506 27416 9114 15028 9620 38174 23773 8408 502 1538 1419 6620 591 358 947 572 527 144
is_linear=0
shrinkage=0.05


Tree=58
num_leaves=31
num_cat=0
split_feature=5 13 13 13 32 13 18 18 5 1 32 7 3 13 1 38 38 32 2 3 38 22 3 20 13 1 13 37 25 25
split_gain=791 242.559 425.143 150.604 135.627 37.0233 18.0115 22.3997 17.2416 16.4705 14.6532 14.5738 13.4383 13.0751 12.8506 11.3538 11.2806 10.3844 10.3128 18.8185 10.0587 9.5441 9.41988 8.30066 7.65547 6.02084 4.55872 4.49578 3.54851 0.346257
threshold=1.0000000180025095e-35 -8.3072719573974592 3.6173341274261479 -0.064914468675851808 14.500000000000002 25.900826454162601 -757.52301025390614 2160.2355957031255 15.924999713897707 0.32907520234584814 2.5000000000000004 0.13481200486421588 -0.13065119087696073 -45.048856735229485 0.42490811645984655 -0.51251009106636036 -0.050214776769280427 8.5000000000000018 0.1390209570527077 -0.1333832964301109 -0.1715494021773338 0.08353451639413835 -0.35880813002586359 -1.0000000180025095e-35 36.243595123291023 -2.4581794738769527 -24.38671779632568 1.0000000180025095e-35 0.28352919220924383 0.17656463384628299
decision_type=2 2 2 2 2 2 2 2 2 2 2 2 2 2 2 2 2 2 2 2 2 2 2 2 2 2 2 2 2 2
left_child=1 9 3 10 -5 12 15 8 22 13 -3 20 -4 25 -7 27 -13 -15 23 -20 -9 29 -8 -17 -10 -1 -23 -2 -29 -11
right_child=6 2 5 4 -6 14 7 11 24 21 -12 16 -14 17 -16 18 -18 -19 19 -21 -22 26 -24 -25 -26 -27 -28 28 -30 -31
leaf_value=-0.00027789266032913665 -2.4930751122120495e-05 -4.4695019868250387e-05 -4.4695019868250387e-05 -4.4695019868250387e-05 -4.6360925387739286e-05 -4.4695019868250387e-05 0.00014787296248812317 0.00051472464827238341 -0.00027432349722329019 -4.4695019868250387e-05 2.4972413172079724e-05 -0.00049551329362485311 -4.4695019868250387e-05 -4.4695019868250387e-05 -4.4695019868250387e-05 -7.2772126058595624e-05 0.0023408487389777704 0.00034129372291471843 0.0011415396564136884 9.1254203276094217e-05 3.2918271981955369e-05 -4.930809348124676e-05 -6.4888037099802579e-05 0.00011558202932310386 -5.1066748435135619e-05 4.3924337122800123e-05 -4.4695019868250387e-05 0.0030533798794993615 0.00034021547393198046 -5.8634144453395542e-05
leaf_weight=250 55 5810 2470 18105 2074 9489 5513 1385 6496 65 696 236 6644 7792 131 7962 853 616 3646 9385 21894 203 21029 11485 2740 6370 155 173 40 79
leaf_count=250 55 5810 2470 18105 2074 9489 5513 1385 6496 65 696 236 6644 7792 131 7962 853 616 3646 9385 21894 203 21029 11485 2740 6370 155 173 40 79
internal_value=-0.00271628 -0.00714245 -0.00898688 -0.0130401 -0.015173 -0.00321341 0.000187853 -0.000325874 -0.0011222 -0.00174823 -0.00642484 0.000843319 -0.00549704 -0.00145063 -0.0010499 0.00113144 0.00649679 -0.00275928 0.00104686 0.00213529 0.000578848 -0.0106574 -0.000474719 0.00031753 -0.00298289 0.00021148 -0.00628492 0.0113806 0.0146714 -0.0215278
internal_weight=153841 60949 45419 26685 20179 18734 92892 60146 35778 15530 6506 24368 9114 15028 9620 32746 1089 8408 32478 13031 23279 502 26542 19447 9236 6620 358 268 213 144
internal_count=153841 60949 45419 26685 20179 18734 92892 60146 35778 15530 6506 24368 9114 15028 9620 32746 1089 8408 32478 13031 23279 502 26542 19447 9236 6620 358 268 213 144
is_linear=0
shrinkage=0.05


Tree=59
num_leaves=31
num_cat=0
split_feature=4 13 13 13 32 13 34 37 32 37 3 39 22 3 38 39 32 1 24 32 13 1 3 0 39 22 39 32 1 13
split_gain=790.607 241.481 425.143 150.604 135.627 37.0233 20.1404 65.4684 50.0516 49.9286 32.9479 43.3712 29.6231 24.7518 27.692 23.7013 17.3882 16.411 15.1559 14.6532 12.8623 12.8506 11.7832 18.7605 10.1931 9.5441 8.9673 6.06071 5.97314 4.55872
threshold=1.0000000180025095e-35 -8.3072719573974592 3.6173341274261479 -0.064914468675851808 14.500000000000002 25.900826454162601 2.5000000000000004 1.0000000180025095e-35 8.5000000000000018 1.0000000180025095e-35 -0.14916777610778806 -0.68135905265808094 0.76530429720878612 0.11689739674329759 0.2464515566825867 -1.5123514533042905 31.500000000000004 0.32907520234584814 2.5000000000000004 2.5000000000000004 -45.048856735229485 0.42490811645984655 0.19410040229558947 -0.016077001579105851 2.5612684488296513 0.08353451639413835 0.81853067874908458 27.500000000000004 -2.4581794738769527 -24.38671779632568
decision_type=2 2 2 2 2 2 2 2 2 2 2 2 2 2 2 2 2 2 2 2 2 2 2 2 2 2 2 2 2 2
left_child=1 17 3 19 -5 18 9 8 12 22 15 -12 -8 14 -9 -11 -10 20 -4 -3 28 -7 23 -2 -22 -19 -24 -15 -1 -27
right_child=6 2 5 4 -6 21 7 13 16 10 11 -13 -14 27 -16 -17 -18 25 -20 -21 24 -23 26 -25 -26 29 -28 -29 -30 -31
leaf_value=-0.00026399802731267983 -0.00010591096613525911 -4.2460268874837864e-05 -4.2460268874837864e-05 -4.2460268874837864e-05 -4.4042879118352323e-05 -4.2460268874837864e-05 0.00019746005284174253 -3.9327308094301575e-05 0.0047591136227635323 0.00016601575350008485 -0.00022845280351318012 0.00013352443858229111 0.0044544355781901386 -0.00030606734449865962 0.0013140232063445472 0.0012088150372118315 0.0010412846204018045 -4.2460268874837864e-05 -4.2460268874837864e-05 2.3723792513475739e-05 -4.2460268874837864e-05 -4.2460268874837864e-05 0.00037187067866523317 -0.00029807861437030573 -4.2460268874837864e-05 -4.6842688807184423e-05 -0.000226760613038805 -0.0011215829648354987 4.1728120266660079e-05 -4.2460268874837864e-05
leaf_weight=250 13280 5810 3462 18105 2074 9489 16756 19697 1212 5022 6565 12108 911 3801 578 3395 521 144 5652 696 7450 131 1208 6907 958 203 754 177 6370 155
leaf_count=250 13280 5810 3462 18105 2074 9489 16756 19697 1212 5022 6565 12108 911 3801 578 3395 521 144 5652 696 7450 131 1208 6907 958 203 754 177 6370 155
internal_value=-0.00272148 -0.00714655 -0.00898688 -0.0130401 -0.015173 -0.00321341 0.000181932 0.000963851 0.00312887 -0.000511282 0.000928387 -0.000242328 0.00233345 -0.000767946 -6.04192e-05 0.0035256 0.0112377 -0.00176433 -0.00549704 -0.00642484 -0.00146726 -0.0010499 -0.00227211 -0.00263164 -0.00276522 -0.0106574 0.00142712 -0.00437406 0.000181269 -0.00628492
internal_weight=153841 60949 45419 26685 20179 18734 92892 43653 19400 49239 27090 18673 17667 24253 20275 8417 1733 15530 9114 6506 15028 9620 22149 20187 8408 502 1962 3978 6620 358
internal_count=153841 60949 45419 26685 20179 18734 92892 43653 19400 49239 27090 18673 17667 24253 20275 8417 1733 15530 9114 6506 15028 9620 22149 20187 8408 502 1962 3978 6620 358
is_linear=0
shrinkage=0.05


Tree=60
num_leaves=31
num_cat=0
split_feature=4 13 13 13 32 13 32 2 0 3 32 3 32 32 32 15 13 32 13 3 13 37 0 20 2 13 3 0 38 10
split_gain=779.788 240.299 428.309 191.425 124.461 64.6745 24.1469 17.749 17.7916 24.5719 16.1088 15.4119 14.9339 14.6532 13.9866 13.4904 13.0909 11.8697 11.7919 11.7235 7.80558 6.1228 5.29063 3.39387 4.25276 4.78696 3.28225 2.85234 1.89639 1.8698
threshold=1.0000000180025095e-35 -8.3072719573974592 0.00075226789808231222 -0.064914468675851808 14.500000000000002 13.859466075897219 14.500000000000002 0.78842890262603771 0.12180479243397714 -0.11377381160855292 2.5000000000000004 0.35972993075847631 31.500000000000004 2.5000000000000004 2.5000000000000004 0.59172987937927257 78.585456848144545 14.500000000000002 -45.048856735229485 -0.53761661052703846 -24.38671779632568 1.0000000180025095e-35 0.71154659986495983 -1.0000000180025095e-35 0.80164751410484325 19.188370704650882 0.41302186250686651 0.3409316092729569 0.11906004324555398 0.22002445161342624
decision_type=2 2 2 2 2 2 2 2 2 2 2 2 2 2 2 2 2 2 2 2 2 2 2 2 2 2 2 2 2 2
left_child=1 11 3 13 -5 6 -4 8 12 10 -10 17 15 -3 -11 -2 -7 18 -1 -14 22 -19 -13 24 25 -9 -26 -22 29 -25
right_child=7 2 5 4 -6 16 -8 23 9 14 -12 20 19 -15 -16 -17 -18 21 -20 -21 27 -23 -24 28 26 -27 -28 -29 -30 -31
leaf_value=-2.420480965360057e-06 1.856425793502481e-05 -4.0337255431095969e-05 -4.0337255431095969e-05 -4.0337255431095969e-05 -4.3235187346828374e-05 -4.0337255431095969e-05 0.00021911807576762907 -0.00046887975448553433 0.00090990870061092655 5.9183944468514667e-06 0.0086562476408540874 -6.1736076422594428e-05 0.0048807709004064226 2.2537602887801915e-05 0.00060278677046224241 -9.7792578672076255e-05 5.5874726266696638e-05 0.0011962588278454876 -4.0337255431095969e-05 0.00028240119498230108 -4.0337255431095969e-05 6.8995213844492799e-05 -6.5330223392274717e-05 -0.0006384104057877264 -5.9805773395950161e-05 0.00077612246780943786 -0.00067928597794905373 -4.0337255431095969e-05 -0.0011085485182235322 -0.0014346611865134302
leaf_weight=6002 45715 5810 8509 14988 1771 8419 820 107 4037 15525 290 584 497 696 2254 22133 4406 400 7711 1734 50 453 43 157 99 58 159 287 32 95
leaf_count=6002 45715 5810 8509 14988 1771 8419 820 107 4037 15525 290 584 497 696 2254 22133 4406 400 7711 1734 50 453 43 157 99 58 159 287 32 95
internal_value=-0.00273545 -0.00713014 -0.00896596 -0.0137041 -0.0165299 -0.00399025 -0.00715779 0.000148021 0.000208548 0.00144531 0.00482436 -0.00176111 -0.000181581 -0.00642484 0.000622926 -0.000313937 -0.00168616 -0.0013559 -0.00171188 0.00384357 -0.00788382 0.00436694 -0.00458533 -0.00774399 -0.00490544 0.00136364 -0.00891473 -0.0140208 -0.0119718 -0.0105159
internal_weight=153841 60949 45419 23265 16759 22154 9329 92892 92185 22106 4327 15530 70079 6506 17779 67848 12825 14566 13713 2231 964 853 627 707 423 165 258 337 284 252
internal_count=153841 60949 45419 23265 16759 22154 9329 92892 92185 22106 4327 15530 70079 6506 17779 67848 12825 14566 13713 2231 964 853 627 707 423 165 258 337 284 252
is_linear=0
shrinkage=0.05


Tree=61
num_leaves=31
num_cat=0
split_feature=4 13 13 13 32 13 32 34 37 37 32 22 1 39 38 39 25 1 34 1 32 1 13 38 0 22 39 25 39 13
split_gain=777.197 238.934 428.716 191.716 124.461 64.7322 24.1153 17.8984 56.6751 45.0425 40.703 29.3657 25.6153 26.6409 21.9502 21.0143 18.6103 21.294 20.12 16.3635 14.6204 13.7368 12.5693 12.4684 13.1943 9.5441 9.52103 5.62371 5.15477 4.55872
threshold=1.0000000180025095e-35 -8.3072719573974592 0.00075226789808231222 -0.064914468675851808 14.500000000000002 13.859466075897219 14.500000000000002 2.5000000000000004 1.0000000180025095e-35 1.0000000180025095e-35 8.5000000000000018 1.0050483942031863 -0.19454328715801236 -1.3751175403594968 -0.21846626698970792 -0.32218794524669642 0.192576639354229 0.017738105729222301 3.5000000000000004 0.32907520234584814 2.5000000000000004 0.40330043435096746 -91.46816253662108 -0.15907365083694455 -0.014604907482862471 0.08353451639413835 2.6074306964874272 0.27961002290248876 -0.49966107308864588 -24.38671779632568
decision_type=2 2 2 2 2 2 2 2 2 2 2 2 2 2 2 2 2 2 2 2 2 2 2 2 2 2 2 2 2 2
left_child=1 19 3 20 -5 6 -4 9 10 23 11 -9 13 -11 -12 -14 18 -18 -10 22 -3 -7 28 27 -25 -21 -24 -2 -1 -27
right_child=7 2 5 4 -6 21 -8 8 16 12 14 -13 15 -15 -16 -17 17 -19 -20 25 -22 -23 26 24 -26 29 -28 -29 -30 -31
leaf_value=-0.00013134267810499249 2.4839065261413573e-05 -3.8320392659541172e-05 -3.8320392659541172e-05 -3.8320392659541172e-05 -4.1073427979486951e-05 -3.8320392659541172e-05 0.00020816217197924746 0.00020720412400057481 -0.00030729119126747246 5.2780680774636987e-05 -0.00055852899334563597 0.0057319169780879449 -0.00015977100918438785 0.00075229105143227726 0.0044438365027566302 9.7279153303619394e-05 0.00031787857126951299 -0.00040100844183105553 -2.361003697766654e-05 -3.8320392659541172e-05 2.1410722743411827e-05 -3.8320392659541172e-05 -3.8320392659541172e-05 -0.00010265676703116161 -0.00026689763040058865 -4.1234043197211465e-05 -3.8320392659541172e-05 0.00069177249104877998 0.00021573341487927139 -3.8320392659541172e-05
leaf_weight=623 821 5810 8509 14988 1771 12617 820 17229 7086 5030 156 438 7536 4309 1577 10215 6306 901 9960 144 696 208 10438 13300 7743 203 1041 285 2926 155
leaf_count=623 821 5810 8509 14988 1771 12617 820 17229 7086 5030 156 438 7536 4309 1577 10215 6306 901 9960 144 696 208 10438 13300 7743 203 1041 285 2926 155
internal_value=-0.00274358 -0.00713096 -0.00896156 -0.0137019 -0.0165299 -0.00398348 -0.00715243 0.000135103 0.00087222 -0.00051839 0.0028866 0.0021693 0.000849022 0.00296873 0.0101991 -0.000266182 -0.000739084 0.00139101 -0.00163968 -0.00177721 -0.00641715 -0.00167836 -0.00148057 -0.00219084 -0.00246281 -0.0106574 -0.00228461 0.00298373 0.00112003 -0.00628492
internal_weight=153841 60949 45419 23265 16759 22154 9329 92892 43653 49239 19400 17667 27090 9339 1733 17751 24253 7207 17046 15530 6506 12825 15028 22149 21043 502 11479 1106 3549 358
internal_count=153841 60949 45419 23265 16759 22154 9329 92892 43653 49239 19400 17667 27090 9339 1733 17751 24253 7207 17046 15530 6506 12825 15028 22149 21043 502 11479 1106 3549 358
is_linear=0
shrinkage=0.05


Tree=62
num_leaves=31
num_cat=0
split_feature=4 13 13 13 32 13 39 39 25 1 0 3 1 1 32 24 13 1 39 1 3 3 2 39 3 13 25 25 25 25
split_gain=773.238 240.204 428.214 150.365 135.128 37.24 17.1098 19.3072 20.0647 16.0081 15.7083 27.8441 17.6491 14.6806 14.5876 14.5601 12.3952 11.7183 9.8575 5.92562 5.28916 5.05293 5.39956 5.07553 4.855 3.8242 4.56346 1.63296 2.29024 1.5961
threshold=1.0000000180025095e-35 -8.3072719573974592 3.6173341274261479 -0.064914468675851808 14.500000000000002 25.900826454162601 1.9339771866798403 -0.68135905265808094 0.032473009079694755 -3.0804568529129024 0.13624896109104159 0.16026161611080172 -0.036902070045471184 0.32907520234584814 2.5000000000000004 2.5000000000000004 -45.048856735229485 0.42490811645984655 2.5612684488296513 -2.4581794738769527 0.049364043399691589 0.46115627884864813 0.065149497240781798 2.895046710968018 0.10224959254264833 -24.38671779632568 0.21789932996034625 0.028482323512434963 0.081520661711692824 0.064136389642953887
decision_type=2 2 2 2 2 2 2 2 2 2 2 2 2 2 2 2 2 2 2 2 2 2 2 2 2 2 2 2 2 2
left_child=1 13 3 14 -5 15 7 8 20 -10 12 -12 -9 16 -3 -4 19 -7 -18 -1 -2 22 23 -8 -24 26 -15 -23 -29 -27
right_child=6 2 5 4 -6 17 21 10 9 -11 11 -13 -14 25 -16 -17 18 -19 -20 -21 -22 27 24 -25 -26 29 -28 28 -30 -31
leaf_value=-0.00024876108226580079 -0.00016919850368745106 -3.6404373026564111e-05 -3.6404373026564111e-05 -3.6404373026564111e-05 -3.9019756580512609e-05 -3.6404373026564111e-05 -0.0001727647384370753 6.6635981363867558e-05 0.0018259443869665004 -1.6216667636442718e-05 0.00068602205115483427 -9.6914241278519771e-06 -0.00016452009668441173 -4.3962684679012124e-06 2.0340186606241254e-05 -3.6404373026564111e-05 -3.6404373026564111e-05 -3.6404373026564111e-05 -3.6404373026564111e-05 3.2868787424094073e-05 -0.00037627322725422932 -0.00058574831881469077 -0.00022499333802144099 -0.00030281076494201542 3.8662243190567324e-05 -3.6404373026564111e-05 -9.1843897733689438e-05 -9.77718061325501e-05 -0.00065056815801790564 -3.6404373026564111e-05
leaf_weight=250 5240 5810 3462 18105 2074 9489 1359 39305 172 20672 8084 7209 6290 167 696 5652 7450 131 958 6370 997 33 1386 497 1547 64 124 55 46 147
leaf_count=250 5240 5810 3462 18105 2074 9489 1359 39305 172 20672 8084 7209 6290 167 696 5652 7450 131 958 6370 997 33 1386 497 1547 64 124 55 46 147
internal_value=-0.00274 -0.0071162 -0.00895165 -0.0130195 -0.0151507 -0.00315736 0.000131335 0.000291864 -0.00081884 -7.43619e-05 0.000785869 0.00217256 0.000320759 -0.00174823 -0.00640947 -0.00544766 -0.00146726 -0.000987526 -0.00274144 0.000151057 -0.00330688 -0.00273715 -0.0024692 -0.00457974 -0.00113365 -0.0101594 -0.0064433 -0.0123134 -0.00915842 -0.0152844
internal_weight=153841 60949 45419 26685 20179 18734 92892 87969 27081 20844 60888 15293 45595 15530 6506 9114 15028 9620 8408 6620 6237 4923 4789 1856 2933 502 291 134 101 211
internal_count=153841 60949 45419 26685 20179 18734 92892 87969 27081 20844 60888 15293 45595 15530 6506 9114 15028 9620 8408 6620 6237 4923 4789 1856 2933 502 291 134 101 211
is_linear=0
shrinkage=0.05


Tree=63
num_leaves=31
num_cat=0
split_feature=7 24 3 32 14 32 14 3 3 2 7 3 39 39 39 25 3 34 3 34 34 32 39 20 2 3 1 10 1 25
split_gain=768.165 158.775 78.7324 54.5082 47.425 44.3007 42.0793 36.091 21.0352 16.9761 16.5591 16.0087 12.1027 15.2078 12.082 12.066 10.4908 9.17311 7.64328 18.8005 7.22091 6.00319 3.70085 3.33852 3.70046 2.51356 2.38383 2.53252 2.03529 1.84242
threshold=1.0000000180025095e-35 2.5000000000000004 -0.10520397126674651 14.500000000000002 1.0000000180025095e-35 14.500000000000002 1.0000000180025095e-35 -0.15598179399967191 0.31092830002307897 0.78842890262603771 0.088141247630119338 -0.32882358133792872 1.9339771866798403 -0.68135905265808094 -3.0035413503646846 0.047478249296545989 -2.030936479568481 5.0000000000000009 -0.86271604895591725 2.5000000000000004 3.5000000000000004 2.5000000000000004 3.4131835699081425 -1.0000000180025095e-35 0.80164751410484325 0.41302186250686651 -0.055497219786047929 0.22002445161342624 0.32907520234584814 0.076992645859718337
decision_type=2 2 2 2 2 2 2 2 2 2 2 2 2 2 2 2 2 2 2 2 2 2 2 2 2 2 2 2 2 2
left_child=1 2 11 4 7 6 -4 -3 15 10 12 16 13 -2 -13 -5 -1 -14 19 -12 -7 -20 -6 24 29 -26 27 -25 -10 -11
right_child=9 3 5 8 22 20 -8 -9 28 23 18 14 17 -15 -16 -17 -18 -19 21 -21 -22 -23 -24 26 25 -27 -28 -29 -30 -31
leaf_value=-0.00012505040389452685 -6.5557227155285327e-05 -3.4584154375235908e-05 -3.4584154375235908e-05 -0.00011924780424404334 6.4718242301575748e-05 -0.0001049224322450108 -3.4584154375235908e-05 -3.4584154375235908e-05 -3.7068768751486979e-05 0.00046932096693057571 -0.00020309215732173259 -3.4584154375235908e-05 -0.00018900932405794697 5.3839340097831337e-05 -3.4584154375235908e-05 0.00095593187559296633 -3.4584154375235908e-05 0.00095835730232190488 0.00015994360769373275 0.003858530666619989 0.00093139211353362051 0.0021815819748680207 -3.5038201654507605e-05 0.00030887691367260803 -6.1194871184940862e-05 -0.00064970106551038957 -0.00089053897629287702 -0.0015282276443345025 -3.7068768751486979e-05 -0.00018525232887767423
leaf_weight=310 25257 8000 15985 1098 3113 1166 844 22140 199 57 744 1005 4527 53918 3189 1344 1986 257 5717 1284 389 481 106 57 99 159 180 47 75 108
leaf_count=310 25257 8000 15985 1098 3113 1166 844 22140 199 57 744 1005 4527 53918 3189 1344 1986 257 5717 1284 389 481 106 57 99 159 180 47 75 108
internal_value=-0.00274618 -0.00710799 -0.0101813 -0.00498891 -0.00554348 -0.0118527 -0.0125988 -0.00615959 0.00182253 0.000115726 0.00017492 -0.00544684 -3.48384e-05 0.000112725 -0.00728422 0.00329648 -0.00209059 -0.00247701 0.00231583 0.00498028 -0.00377814 0.00144401 0.000225225 -0.00760255 -0.00478723 -0.00852713 -0.0117958 -0.00576923 -0.0113139 0.00106061
internal_weight=153841 60949 24874 36075 33359 18384 16829 30140 2716 92892 92185 6490 83959 79175 4194 2442 2296 4784 8226 2028 1555 6198 3219 707 423 258 284 104 274 165
internal_count=153841 60949 24874 36075 33359 18384 16829 30140 2716 92892 92185 6490 83959 79175 4194 2442 2296 4784 8226 2028 1555 6198 3219 707 423 258 284 104 274 165
is_linear=0
shrinkage=0.05


Tree=64
num_leaves=31
num_cat=0
split_feature=4 13 13 13 13 13 13 13 18 24 13 0 3 1 4 7 3 3 0 24 38 38 22 21 1 37 0 38 38 1
split_gain=767.592 239.183 428.002 150.118 73.2998 37.2304 16.3294 16.229 15.6993 14.3565 14.2505 15.3207 12.4801 11.7347 11.3109 10.5311 15.0608 10.0724 12.0193 9.8064 9.57125 20.8543 9.03343 9.02191 7.5715 7.52749 6.85041 5.92407 5.50304 5.31246
threshold=1.0000000180025095e-35 -8.3072719573974592 3.6173341274261479 -0.064914468675851808 0.00075226789808231222 25.900826454162601 -975.01483154296864 209.65491485595706 -383.64038085937494 2.5000000000000004 -24.38671779632568 0.38980324566364294 -0.25888420641422266 0.42490811645984655 23.32499980926514 0.13481200486421588 -0.82796239852905262 0.074954081326723113 0.063354823738336577 2.5000000000000004 -0.13532882928848264 -0.010515488684177397 0.07188716903328897 0.77500000596046459 -0.033629542216658585 1.0000000180025095e-35 0.71154659986495983 1.0000000180025095e-35 0.20396047830581668 -0.048678407445549958
decision_type=2 2 2 2 2 2 2 2 2 2 2 2 2 2 2 2 2 2 2 2 2 2 2 2 2 2 2 2 2 2
left_child=1 10 3 12 -5 9 15 8 27 -4 22 19 -3 -7 -10 20 -17 18 -9 -12 23 -22 24 -2 -1 -19 -24 -8 -18 -13
right_child=6 2 5 4 -6 13 7 17 14 -11 11 29 -14 -15 -16 16 28 25 -20 -21 21 -23 26 -25 -26 -27 -28 -29 -30 -31
leaf_value=2.2222004064928253e-05 0.0012895690146899844 -3.2854946656474111e-05 -3.2854946656474111e-05 -3.2854946656474111e-05 -3.2854946656474111e-05 -3.2854946656474111e-05 9.8078794273916053e-05 8.1474595274635966e-05 -6.3055115773605518e-05 -3.2854946656474111e-05 -3.2854946656474111e-05 0.00073431356160443895 -3.2854946656474111e-05 -3.2854946656474111e-05 -0.00025081677891764957 0.0057594781727955116 7.5333721954149585e-05 0.00017066417246945631 0.00064903398345083491 -3.2854946656474111e-05 -0.00031063763736791713 0.00025799496575445102 -6.9446378940902446e-06 6.9646385289034649e-05 -3.3678420322654901e-05 -0.00013441840759045761 -5.7847914617652851e-05 -5.9743614172253108e-05 0.0034141379918582963 -3.2854946656474111e-05
leaf_weight=280 721 840 3462 16759 3420 9489 14704 13019 29773 5652 1780 45 5666 131 5661 354 471 2387 5027 3409 1884 7471 9174 492 407 5355 93 5531 42 342
leaf_count=280 721 840 3462 16759 3420 9489 14704 13019 29773 5652 1780 45 5666 131 5661 354 471 2387 5027 3409 1884 7471 9174 492 407 5355 93 5531 42 342
internal_value=-0.0027478 -0.00710799 -0.00893954 -0.0130064 -0.0151358 -0.00314669 0.000113034 -0.000135347 -0.000615693 -0.00543669 -0.00175145 -0.00377511 -0.00640178 -0.000977131 -0.00125021 0.00188238 0.00717993 0.000901582 0.00154882 -0.00305936 0.00144777 0.000905933 -0.000617842 0.00562655 -0.00614993 -0.000607078 -0.000207726 0.000495429 0.00170565 -0.0133721
internal_weight=153841 60949 45419 26685 20179 18734 92892 81457 55669 9114 15530 5576 6506 9620 35434 11435 867 25788 18046 5189 10568 9355 9954 1213 687 7742 9267 20235 513 387
internal_count=153841 60949 45419 26685 20179 18734 92892 81457 55669 9114 15530 5576 6506 9620 35434 11435 867 25788 18046 5189 10568 9355 9954 1213 687 7742 9267 20235 513 387
is_linear=0
shrinkage=0.05


Tree=65
num_leaves=31
num_cat=0
split_feature=7 13 13 13 32 13 13 32 24 13 0 0 22 39 0 1 0 0 24 37 22 32 1 8 0 1 0 38 8 13
split_gain=764.092 239.104 427.746 150.562 135.279 37.3172 15.7959 14.7964 14.3565 14.1697 15.3494 12.8878 15.7462 15.5127 13.1884 11.7429 10.6457 14.7806 9.86932 9.86389 9.03343 7.7259 7.5715 7.37745 6.85041 5.31246 4.91988 4.71553 4.36419 0.939572
threshold=1.0000000180025095e-35 -8.3072719573974592 3.6173341274261479 -0.064914468675851808 14.500000000000002 25.900826454162601 -3452.599487304687 2.5000000000000004 2.5000000000000004 -24.38671779632568 0.38980324566364294 0.64177870750427257 0.58520621061325084 -0.68135905265808094 0.04545510187745095 0.42490811645984655 0.13624896109104159 -0.073453810065984712 2.5000000000000004 1.0000000180025095e-35 0.07188716903328897 20.500000000000004 -0.033629542216658585 0.12563631683588031 0.71154659986495983 -0.048678407445549958 0.71154659986495983 0.035565793514251716 0.019565603695809845 49.938922882080085
decision_type=2 2 2 2 2 2 2 2 2 2 2 2 2 2 2 2 2 2 2 2 2 2 2 2 2 2 2 2 2 2
left_child=1 9 3 7 -5 8 16 -3 -4 20 18 12 13 -8 -14 -7 17 21 -11 -19 22 -2 -1 27 -22 -12 28 -13 -18 -25
right_child=6 2 5 4 -6 15 11 -9 -10 10 25 23 14 -15 -16 -17 26 19 -20 -21 24 -23 -24 29 -26 -27 -28 -29 -30 -31
leaf_value=2.1110903861681843e-05 0.00044458799139037792 -3.1212199323650405e-05 -3.1212199323650405e-05 -3.1212199323650405e-05 -3.3572582981088923e-05 -3.1212199323650405e-05 -0.00010053952600402611 2.6212046221003437e-05 -3.1212199323650405e-05 -3.1212199323650405e-05 0.000697597883524217 -0.00046113448650738839 0.00011657931853893845 1.7415295449364506e-05 0.00092051199695058973 -3.1212199323650405e-05 0.0032262659844542203 -0.00050340903405962927 -3.1212199323650405e-05 0.0003192729876546369 -6.5974059993857439e-06 0.0063280547960111863 -3.1994499306522152e-05 0.0047113166048684003 -5.4955518886770206e-05 -3.1212199323650405e-05 -0.00074280383905915147 2.7158516466032484e-05 0.0013560413182175631 0.0017146640851862585
leaf_weight=280 2309 5810 3462 18105 2074 9489 20161 696 5652 1780 45 1453 10550 52765 2884 131 236 691 3409 625 9174 170 407 37 93 342 50 405 517 39
leaf_count=280 2309 5810 3462 18105 2074 9489 20161 696 5652 1780 45 1453 10550 52765 2884 131 236 691 3409 625 9174 170 407 37 93 342 50 405 517 39
internal_value=-0.00275365 -0.00710389 -0.00893514 -0.0130007 -0.0151333 -0.00314402 0.000100655 -0.00638641 -0.00543669 -0.00174823 -0.00376614 -4.81346e-05 4.22649e-05 -0.000247511 0.0016153 -0.000971933 0.00295781 0.00185112 -0.00304972 -0.00243161 -0.000617842 0.00412465 -0.00614993 -0.0040848 -0.000207726 -0.0133721 0.00818804 -0.00470936 0.00919655 0.0111842
internal_weight=153841 60949 45419 26685 20179 18734 92892 6506 9114 15530 5576 88294 86360 72926 13434 9620 4598 3795 5189 1316 9954 2479 687 1934 9267 387 803 1858 753 76
internal_count=153841 60949 45419 26685 20179 18734 92892 6506 9114 15530 5576 88294 86360 72926 13434 9620 4598 3795 5189 1316 9954 2479 687 1934 9267 387 803 1858 753 76
is_linear=0
shrinkage=0.05


Tree=66
num_leaves=31
num_cat=0
split_feature=5 13 13 13 32 13 34 37 37 32 34 3 39 2 3 25 39 13 0 32 3 1 3 0 39 22 39 32 1 0
split_gain=761.273 240.171 428.441 150.562 135.279 37.3993 15.9648 50.5493 43.8589 37.9405 33.9728 28.4538 36.3273 24.4133 22.0714 31.3829 21.7449 14.1891 15.4067 14.1857 13.0519 11.7594 11.6379 16.6693 8.35823 8.16998 7.67058 6.91848 6.89092 6.85041
threshold=1.0000000180025095e-35 -8.3072719573974592 3.6173341274261479 -0.064914468675851808 14.500000000000002 25.900826454162601 2.5000000000000004 1.0000000180025095e-35 1.0000000180025095e-35 2.5000000000000004 3.5000000000000004 -0.14916777610778806 -0.64869436621665943 0.05508862808346749 0.11062880977988244 0.27067685127258306 1.2486081719398501 -24.38671779632568 0.38980324566364294 2.5000000000000004 -0.13065119087696073 0.42490811645984655 0.19410040229558947 -0.013039838988333939 2.5612684488296513 0.07188716903328897 0.81853067874908458 27.500000000000004 -0.033629542216658585 0.71154659986495983
decision_type=2 2 2 2 2 2 2 2 2 2 2 2 2 2 2 2 2 2 2 2 2 2 2 2 2 2 2 2 2 2
left_child=1 17 3 19 -5 20 8 9 22 10 -8 13 -13 -10 15 -9 -11 25 24 -3 -4 -7 23 -2 -19 28 -24 -16 -1 -27
right_child=6 2 5 4 -6 21 7 14 11 16 -12 12 -14 -15 27 -17 -18 18 -20 -21 -22 -23 26 -25 -26 29 -28 -29 -30 -31
leaf_value=2.0055358668597762e-05 -0.00010505733389984882 -2.9651589357467879e-05 -2.9651589357467879e-05 -2.9651589357467879e-05 -3.1893953832034475e-05 -2.9651589357467879e-05 0.00051085495999774811 -8.970827119699264e-05 0.00013859759642668949 0.0051091006291442429 -4.932211982303439e-06 -0.00020223325249233565 0.00011424131159481106 0.00090126184251805618 -0.00027523971688510964 0.00059119196543063162 1.8742060192560725e-05 -2.9651589357467879e-05 -2.9651589357467879e-05 2.4901443909953244e-05 -2.9651589357467879e-05 -2.9651589357467879e-05 0.00036155848403378104 -0.00027165241777202796 -2.9651589357467879e-05 -6.2675356994164587e-06 -0.00020182719995934432 -0.0010572009435405466 -3.0394774341196047e-05 -5.22077429424317e-05
leaf_weight=280 13523 5810 2470 18105 2074 9489 7832 16444 5034 1494 9569 6671 12002 3383 4045 3578 505 4480 387 696 6644 131 1208 6664 709 9174 754 186 407 93
leaf_count=280 13523 5810 2470 18105 2074 9489 7832 16444 5034 1494 9569 6671 12002 3383 4045 3578 505 4480 387 696 6644 131 1208 6664 709 9174 754 186 407 93
internal_value=-0.0027543 -0.00709651 -0.00893183 -0.0130007 -0.0151333 -0.00313601 9.47337e-05 0.000790896 -0.000522452 0.0026933 0.00194385 0.000826873 -0.000261072 0.00324047 -0.000730837 -3.74588e-05 0.00921711 -0.00172891 -0.00374821 -0.00638641 -0.0054312 -0.000961538 -0.00217278 -0.00253009 -0.00303045 -0.00059775 0.00150357 -0.00401205 -0.00585881 -0.000207726
internal_weight=153841 60949 45419 26685 20179 18734 92892 43653 49239 19400 17401 27090 18673 8417 24253 20022 1999 15530 5576 6506 9114 9620 22149 20187 5189 9954 1962 4231 687 9267
internal_count=153841 60949 45419 26685 20179 18734 92892 43653 49239 19400 17401 27090 18673 8417 24253 20022 1999 15530 5576 6506 9114 9620 22149 20187 5189 9954 1962 4231 687 9267
is_linear=0
shrinkage=0.05


Tree=67
num_leaves=31
num_cat=0
split_feature=4 13 13 13 32 13 2 13 13 3 32 2 3 25 3 1 21 22 39 1 1 11 32 20 1 39 2 1 10 13
split_gain=759.662 240.595 428.348 150.391 135.169 37.4864 15.357 14.5054 14.1989 15.1663 14.1857 13.3507 35.7303 14.6255 13.0519 11.7676 10.041 7.9763 7.55841 6.72578 6.23354 4.89135 4.06228 3.62723 4.34602 2.53709 2.43521 2.24659 2.53252 2.1099
threshold=1.0000000180025095e-35 -8.3072719573974592 3.6173341274261479 -0.064914468675851808 14.500000000000002 25.900826454162601 0.78842890262603771 -5644.7990722656241 -24.38671779632568 0.35972993075847631 2.5000000000000004 0.14600677788257602 -0.1333832964301109 0.078073017299175276 -0.13065119087696073 0.42490811645984655 0.97499999403953563 0.07188716903328897 2.5612684488296513 -0.033629542216658585 -2.4581794738769527 0.030331781134009365 20.500000000000004 -1.0000000180025095e-35 0.42490811645984655 1.6062209606170657 0.40479560196399694 -0.055497219786047929 0.22002445161342624 0.00075226789808231222
decision_type=2 2 2 2 2 2 2 2 2 2 2 2 2 2 2 2 2 2 2 2 2 2 2 2 2 2 2 2 2 2
left_child=1 8 3 10 -5 14 7 16 17 18 -3 13 -13 -9 -4 -7 21 19 -10 -1 -19 -2 -18 24 25 -8 -11 28 -25 -26
right_child=6 2 5 4 -6 15 23 11 9 26 -12 12 -14 -15 -16 -17 22 20 -20 -21 -22 -23 -24 27 29 -27 -28 -29 -30 -31
leaf_value=1.9052590735167881e-05 0.0027865743220968128 -2.8169009889594485e-05 -2.8169009889594485e-05 -2.8169009889594485e-05 -3.0299256140432753e-05 -2.8169009889594485e-05 -0.00040997434730212035 -0.00010874490388455447 -2.8169009889594485e-05 -2.8169009889594485e-05 2.3656371714455594e-05 0.00071153415453612467 -8.2490492691435137e-06 1.6306338328784394e-05 -2.8169009889594485e-05 -2.8169009889594485e-05 -0.00021553077791766387 -0.00017330413472802829 -2.8169009889594485e-05 -2.8875035624136244e-05 2.0032944678994443e-06 0.00079974900384942316 0.0039779523329298789 0.0003058737870209107 -0.00034893741405721219 0.00040362265556987374 -2.8169009889594485e-05 -0.00084261058134622001 -0.0014414126754810153 -0.00065453781264124885
leaf_weight=280 137 5810 2470 18105 2074 9489 240 20756 4537 43 696 8325 27248 33009 6644 131 836 283 702 407 8984 1816 58 57 53 53 294 180 47 77
leaf_count=280 137 5810 2470 18105 2074 9489 240 20756 4537 43 696 8325 27248 33009 6644 131 836 283 702 407 8984 1816 58 57 53 53 294 180 47 77
internal_value=-0.00275398 -0.00709158 -0.00892853 -0.012997 -0.0151284 -0.00313334 9.20424e-05 0.000148343 -0.00171925 -0.00373924 -0.00638641 3.63787e-05 0.000787817 -0.000460802 -0.0054312 -0.000956341 0.00366175 -0.000587703 -0.00307788 -0.00578603 -0.000202331 0.00567076 -0.000727069 -0.00724894 -0.00431442 -0.000938567 -0.0140208 -0.0116197 -0.00576923 -0.0119231
internal_weight=153841 60949 45419 26685 20179 18734 92892 92185 15530 5576 6506 89338 35573 53765 9114 9620 2847 9954 5239 687 9267 1953 894 707 423 293 337 284 104 130
internal_count=153841 60949 45419 26685 20179 18734 92892 92185 15530 5576 6506 89338 35573 53765 9114 9620 2847 9954 5239 687 9267 1953 894 707 423 293 337 284 104 130
is_linear=0
shrinkage=0.05


Tree=68
num_leaves=28
num_cat=0
split_feature=5 13 13 13 32 13 13 0 24 2 0 39 3 32 1 25 38 1 24 2 1 38 32 1 1 32 10
split_gain=754.515 240.578 430.437 150.391 135.169 38.0935 14.335 15.4355 14.3172 14.307 14.5848 20.1366 25.5637 14.1857 14.0169 16.8644 11.9191 11.8334 9.87467 8.01246 7.46312 10.3441 7.88642 5.31246 3.95186 3.85509 3.69073
threshold=1.0000000180025095e-35 -8.3072719573974592 3.6173341274261479 -0.064914468675851808 14.500000000000002 25.900826454162601 -24.38671779632568 0.38980324566364294 2.5000000000000004 0.77363860607147228 0.13624896109104159 -1.8022836446762083 0.011267112568020822 2.5000000000000004 -0.043816860765218728 0.078073017299175276 0.30095177888870245 0.42490811645984655 2.5000000000000004 0.05508862808346749 -0.11904333904385565 -0.11181402578949927 8.5000000000000018 -0.048678407445549958 -0.1971066817641258 27.500000000000004 0.15439013391733172
decision_type=2 2 2 2 2 2 2 2 2 2 2 2 2 2 2 2 2 2 2 2 2 2 2 2 2 2 2
left_child=1 6 3 13 -5 8 20 18 -4 10 14 16 -13 -3 15 -2 -12 -7 -8 -16 21 -1 -22 -9 -11 26 -26
right_child=9 2 5 4 -6 17 7 23 -10 24 11 12 -14 -15 19 -17 -18 -19 -20 -21 22 -23 -24 -25 25 -27 -28
leaf_value=-0.00019284651062586547 -7.9128698493971192e-05 -2.6760559395114765e-05 -2.6760559395114765e-05 -2.6760559395114765e-05 -2.8784293333411113e-05 -2.6760559395114765e-05 -2.6760559395114765e-05 0.00066560901931035925 -2.6760559395114765e-05 0.0026479166040865414 -0.00025524028399465939 0.0010890437492748985 5.6513234058604494e-05 2.2473553128732859e-05 -0.00019638825244229789 6.5222297108615684e-05 0.0017592668631302068 -2.6760559395114765e-05 -2.6760559395114765e-05 -0.00010604655255016484 -5.5913856282445921e-05 0.0001275967979171178 0.00051097896062079074 -2.6760559395114765e-05 -0.00027837340404946923 -0.0015194737387943533 -0.00065645545127643833
leaf_weight=461 20575 5810 3462 18105 2074 9489 1780 45 5652 44 2171 5179 12663 696 1186 40229 265 131 3409 9524 4309 4861 323 342 628 49 379
leaf_count=461 20575 5810 3462 18105 2074 9489 1780 45 5652 44 2171 5179 12663 696 1186 40229 265 131 3409 9524 4309 4861 323 342 628 49 379
internal_value=-0.00275885 -0.00708174 -0.00891862 -0.012997 -0.0151284 -0.00310932 -0.00170959 -0.00373924 -0.00542572 7.75094e-05 0.000145438 0.00132903 0.00191122 -0.00638641 -0.000190173 0.000103612 -0.00293514 -0.000914761 -0.00302081 -0.00185808 -0.000572634 0.000704622 -0.00204016 -0.0133721 -0.00559091 -0.00620265 -0.00553625
internal_weight=153841 60949 45419 26685 20179 18734 15530 5576 9114 92892 91792 20278 17842 6506 71514 60804 2436 9620 5189 10710 9954 5322 4632 387 1100 1056 1007
internal_count=153841 60949 45419 26685 20179 18734 15530 5576 9114 92892 91792 20278 17842 6506 71514 60804 2436 9620 5189 10710 9954 5322 4632 387 1100 1056 1007
is_linear=0
shrinkage=0.05


Tree=69
num_leaves=31
num_cat=0
split_feature=5 13 13 13 32 13 34 37 37 32 22 3 39 32 38 3 25 32 1 14 38 2 1 13 39 25 22 3 7 13
split_gain=755.553 238.716 430.11 150.92 135.169 38.0935 14.4296 44.5736 39.8568 35.5777 29.94 26.5102 34.8718 22.3169 21.4727 19.7787 24.8267 14.1211 13.6994 13.0274 12.6001 12.1659 11.8334 11.3501 8.0169 7.58301 6.38252 5.32625 5.32513 4.55872
threshold=1.0000000180025095e-35 -8.3072719573974592 3.6173341274261479 -0.064914468675851808 14.500000000000002 25.900826454162601 2.5000000000000004 1.0000000180025095e-35 1.0000000180025095e-35 8.5000000000000018 1.0404728055000307 -0.53761661052703846 -1.3469454646110532 14.500000000000002 -0.21846626698970792 0.1290414705872536 0.27067685127258306 2.5000000000000004 0.32907520234584814 1.0000000180025095e-35 -0.15907365083694455 0.013676389120519163 0.42490811645984655 -91.46816253662108 2.6074306964874272 0.35498261451721197 0.08353451639413835 -1.8692067265510557 0.067315220832824721 -24.38671779632568
decision_type=2 2 2 2 2 2 2 2 2 2 2 2 2 2 2 2 2 2 2 2 2 2 2 2 2 2 2 2 2 2
left_child=1 18 3 17 -5 19 8 9 20 10 -8 13 -13 -10 -11 16 -9 -3 23 -4 28 -22 -7 27 -25 -17 -20 -1 -2 -28
right_child=6 2 5 4 -6 22 7 15 11 14 -12 12 -14 -15 -16 25 -18 -19 26 -21 21 -23 -24 24 -26 -27 29 -29 -30 -31
leaf_value=-0.00030888828141546141 0.0002659664110276206 -2.5422531425359025e-05 -2.5422531425359025e-05 -2.5422531425359025e-05 -2.7345078666740561e-05 -2.5422531425359025e-05 0.00017507598726366528 -8.4806133036316027e-05 0.00077237787071993526 -0.00059163248732580593 0.0057005929546827859 -0.00017397403351400139 0.00012125205601340351 0.19712546247423701 0.0040130895876184782 -0.00026691794006594819 0.00046282973140094539 2.1349875472296242e-05 -2.5422531425359025e-05 -2.5853876340667145e-05 -5.2420863417720204e-05 -0.00022891267071902639 -2.5422531425359025e-05 -2.5422531425359025e-05 -2.5422531425359025e-05 -0.00075042663616597385 -2.6277232982123976e-05 0.00014104128090048032 -0.00088850045476340149 -2.5422531425359025e-05
leaf_weight=422 981 5810 7947 18105 2074 9489 17276 16907 3086 156 391 7296 16551 157 1577 3117 3873 696 144 1167 7992 13051 131 10438 1041 356 203 3127 125 155
leaf_count=422 981 5810 7947 18105 2074 9489 17276 16907 3086 156 391 7296 16551 157 1577 3117 3873 696 144 1167 7992 13051 131 10438 1041 356 203 3127 125 155
internal_value=-0.0027608 -0.00708666 -0.00891642 -0.0129933 -0.0151284 -0.00310932 7.75094e-05 0.000739354 -0.000509251 0.00252577 0.00185515 0.000777039 0.000200235 0.0050185 0.00936238 -0.000689605 -0.000105871 -0.00637104 -0.00173535 -0.00542572 -0.00208249 -0.00235589 -0.000914761 -0.00146393 -0.00222798 -0.00418226 -0.00986056 0.00100733 0.00311935 -0.00628492
internal_weight=153841 60949 45419 26685 20179 18734 92892 43653 49239 19400 17667 27090 23847 3243 1733 24253 20780 6506 15530 9114 22149 21043 9620 15028 11479 3473 502 3549 1106 358
internal_count=153841 60949 45419 26685 20179 18734 92892 43653 49239 19400 17667 27090 23847 3243 1733 24253 20780 6506 15530 9114 22149 21043 9620 15028 11479 3473 502 3549 1106 358
is_linear=0
shrinkage=0.05


Tree=70
num_leaves=31
num_cat=0
split_feature=4 13 13 13 32 13 39 34 37 32 37 3 38 24 32 3 13 3 2 38 24 22 14 3 34 3 13 34 2 32
split_gain=754.823 237.501 430.575 150.92 135.169 37.9084 14.1175 14.6073 53.8443 37.8587 36.177 24.0757 18.8549 14.1154 13.8212 13.654 13.1366 15.2989 10.1979 9.89093 9.1812 6.23904 5.91463 5.48171 6.45944 5.27461 4.09541 3.76973 2.43521 1.4881
threshold=1.0000000180025095e-35 -8.3072719573974592 3.6173341274261479 -0.064914468675851808 14.500000000000002 25.900826454162601 1.9339771866798403 2.5000000000000004 1.0000000180025095e-35 8.5000000000000018 1.0000000180025095e-35 -0.43222993612289423 0.2464515566825867 2.5000000000000004 2.5000000000000004 0.19410040229558947 -24.38671779632568 0.35972993075847631 0.67617648839950573 -0.16899792104959485 2.5000000000000004 0.045210551470518119 1.0000000180025095e-35 0.33071994781494146 5.0000000000000009 0.4791549444198609 -23.134503364562985 1.5000000000000002 0.40479560196399694 2.5000000000000004
decision_type=2 2 2 2 2 2 2 2 2 2 2 2 2 2 2 2 2 2 2 2 2 2 2 2 2 2 2 2 2 2
left_child=1 16 3 14 -5 13 7 10 9 -9 15 -12 -10 -4 -3 -2 21 20 -7 23 -18 27 -23 24 -8 26 -21 -1 -19 -25
right_child=6 2 5 4 -6 18 19 8 12 -11 11 -13 -14 -15 -16 -17 17 28 -20 25 -22 22 -24 29 -26 -27 -28 -29 -30 -31
leaf_value=-2.3257297838761877e-05 -0.00016836210850477707 -2.4151404854091074e-05 -2.4151404854091074e-05 -2.4151404854091074e-05 -2.5977824733403531e-05 -2.4151404854091074e-05 0.0001214403579449022 0.00029135300366727693 -8.0277979587642032e-05 0.0041727860984872916 0.00079764962002223927 1.5319717906636147e-05 0.00094470589587978171 -2.4151404854091074e-05 2.0282381698681458e-05 0.00025477132258560595 -2.4151404854091074e-05 -2.4151404854091074e-05 -2.4151404854091074e-05 -6.3650396457222603e-05 -2.4151404854091074e-05 -3.1809229827804723e-05 0.00041421400613997475 -0.00048161908931936345 0.0059450704962487238 -0.0007946162271398133 -0.00021600327794364028 -8.6614949309218495e-05 -2.4151404854091074e-05 0.00070599464487862147
leaf_weight=128 18519 5810 3462 18105 2074 9356 634 15595 23443 1503 3983 22786 699 5652 696 1441 1770 43 264 1196 3469 9130 583 105 102 33 2818 113 294 35
leaf_count=128 18519 5810 3462 18105 2074 9356 634 15595 23443 1503 3983 22786 699 5652 696 1441 1770 43 264 1196 3469 9130 583 105 102 33 2818 113 294 35
internal_value=-0.00276536 -0.00708912 -0.00891422 -0.0129933 -0.0151284 -0.00310398 7.15885e-05 0.000217406 0.000903249 0.00305006 -0.000387875 0.000813441 -0.000617182 -0.00541475 -0.00637104 -0.001999 -0.00175145 -0.0036944 -0.000914761 -0.00253402 -0.00303016 -0.00066305 -0.00046587 0.00228311 0.00400815 -0.00357672 -0.00341305 -0.00860996 -0.0140208 -0.00678571
internal_weight=153841 60949 45419 26685 20179 18734 92892 87969 41240 17098 46729 26769 24142 9114 6506 19960 15530 5576 9620 4923 5239 9954 9713 876 736 4047 4014 241 337 140
internal_count=153841 60949 45419 26685 20179 18734 92892 87969 41240 17098 46729 26769 24142 9114 6506 19960 15530 5576 9620 4923 5239 9954 9713 876 736 4047 4014 241 337 140
is_linear=0
shrinkage=0.05


Tree=71
num_leaves=31
num_cat=0
split_feature=4 13 13 13 32 13 32 24 13 13 21 1 4 3 25 1 13 3 32 0 0 2 39 2 32 39 22 9 21 13
split_gain=750.598 237.484 431.877 150.75 135.058 37.9815 13.8212 13.8153 13.6671 21.5517 20.3165 13.3442 12.6555 12.3795 15.2289 11.8664 10.4261 10.3489 13.0183 12.1563 10.2586 10.1639 9.88374 9.50754 8.8807 7.91661 6.03189 5.23057 5.09918 4.55872
threshold=1.0000000180025095e-35 -8.3072719573974592 3.6173341274261479 -0.064914468675851808 14.500000000000002 25.900826454162601 2.5000000000000004 2.5000000000000004 -196.29821014404294 58.063444137573249 0.97499999403953563 0.32907520234584814 23.32499980926514 -1.3293060660362241 0.59535166621208202 0.42490811645984655 -91.46816253662108 0.034540135413408286 27.500000000000004 0.17595092952251437 -0.071764949709177003 0.77363860607147228 -1.0000000180025095e-35 0.4156948477029801 20.500000000000004 2.6074306964874272 0.08353451639413835 0.19330532103776935 0.97499999403953563 -24.38671779632568
decision_type=2 2 2 2 2 2 2 2 2 2 2 2 2 2 2 2 2 2 2 2 2 2 2 2 2 2 2 2 2 2
left_child=1 11 3 6 -5 7 -3 -4 10 12 13 16 21 14 -2 -7 28 19 -19 -11 24 -10 -22 -15 -12 -18 -13 -14 -1 -28
right_child=8 2 5 4 -6 15 -8 -9 9 17 20 26 27 23 -16 -17 25 18 -20 -21 22 -23 -24 -25 -26 -27 29 -29 -30 -31
leaf_value=0.00022169144347906073 0.0022800492048020904 -2.294383461138652e-05 -2.294383461138652e-05 -2.294383461138652e-05 -2.467893349673336e-05 -2.294383461138652e-05 1.9268262613747391e-05 -2.294383461138652e-05 -5.0522377497572422e-05 7.3357903187096587e-05 8.7700465723549587e-05 -2.294383461138652e-05 -0.00027959888230738968 9.6449391317127679e-05 -0.00015225732985767461 -2.294383461138652e-05 -2.294383461138652e-05 -1.5024103241894834e-05 -0.00067080502988493352 0.00089283011315110107 -0.00035110522379750504 -0.00063208283141325677 -4.2335562811215283e-05 0.00056385988457425228 0.0051117245040553476 -2.294383461138652e-05 -2.3372909841627541e-05 3.7558887199560382e-06 -0.00013147772845821602 -2.294383461138652e-05
leaf_weight=2436 1009 5810 3462 18105 2074 9489 696 5652 26434 19778 2527 144 4611 12848 421 131 10438 12247 679 2909 2483 332 2989 2561 175 1041 203 889 1113 155
leaf_count=2436 1009 5810 3462 18105 2074 9489 696 5652 26434 19778 2527 144 4611 12848 421 131 10438 12247 679 2909 2483 332 2989 2561 175 1041 203 889 1113 155
internal_value=-0.00276763 -0.00707928 -0.00890431 -0.0129895 -0.0151234 -0.0030853 -0.00637104 -0.00539829 6.13616e-05 -0.000306796 0.00106045 -0.00174179 -0.00124279 0.00205327 0.0065035 -0.000893971 -0.00147392 0.000541235 -0.000587962 0.0011846 -0.00098483 -0.000793918 -0.00222953 0.00164028 0.0015359 -0.0022062 -0.00976096 -0.00342727 0.000894618 -0.00628492
internal_weight=153841 60949 45419 26685 20179 18734 6506 9114 92892 67879 25013 15530 32266 16839 1430 9620 15028 35613 12926 22687 8174 26766 5472 15409 2702 11479 502 5500 3549 358
internal_count=153841 60949 45419 26685 20179 18734 6506 9114 92892 67879 25013 15530 32266 16839 1430 9620 15028 35613 12926 22687 8174 26766 5472 15409 2702 11479 502 5500 3549 358
is_linear=0
shrinkage=0.05


Tree=72
num_leaves=30
num_cat=0
split_feature=5 13 13 13 32 13 24 32 2 13 0 22 21 13 22 38 21 2 24 14 22 0 25 22 13 21 25 0 8
split_gain=745.433 236.542 433.413 150.579 134.947 37.6026 14.0213 13.8212 13.0404 12.9816 15.6373 12.741 14.2373 18.0273 14.0684 10.6798 10.3573 10.2637 10.1339 9.59658 7.2546 6.60327 3.20045 2.88102 1.60976 1.75782 1.47651 1.00987 0.85105
threshold=1.0000000180025095e-35 -8.3072719573974592 3.6173341274261479 -0.064914468675851808 14.500000000000002 25.900826454162601 2.5000000000000004 2.5000000000000004 0.80164751410484325 -24.38671779632568 0.38980324566364294 0.21129097789525988 0.97499999403953563 -217.27296447753903 0.56901797652244579 1.0000000180025095e-35 1.0000000180025095e-35 0.67617648839950573 2.5000000000000004 1.0000000180025095e-35 0.045210551470518119 0.71154659986495983 0.015126764774322512 0.81064429879188549 -151.47544860839841 0.57500001788139354 0.094211805611848845 0.69536349177360546 0.02313381060957909
decision_type=2 2 2 2 2 2 2 2 2 2 2 2 2 2 2 2 2 2 2 2 2 2 2 2 2 2 2 2 2
left_child=1 9 3 7 -5 6 -4 -3 11 20 18 15 13 -13 -14 16 -2 -7 -11 -17 22 -22 -1 -12 25 -10 28 -28 -26
right_child=8 2 5 4 -6 17 -8 -9 24 10 23 12 14 -15 -16 19 -18 -19 -20 -21 21 -23 -24 -25 26 -27 27 -29 -30
leaf_value=0.00010290180391172898 -0.00018152017630708117 -2.1796642880817194e-05 -2.1796642880817194e-05 -2.1796642880817194e-05 -2.3444986821896691e-05 -2.1796642880817194e-05 -2.1796642880817194e-05 1.8304849483060002e-05 0.0004266576685215718 -2.1796642880817194e-05 -2.1796642880817194e-05 0.00034108279331827515 -0.00010105921097925556 3.3125609452422379e-05 0.00019682633595571181 -0.00014634964532878652 3.8416888093723276e-05 -2.1796642880817194e-05 -2.1796642880817194e-05 0.00011124485998930817 -1.7214049382305829e-05 -4.2893047911355287e-05 -7.2433274320088606e-05 0.00038977116208647897 -0.00065584360779640178 -0.0017219518626729394 -0.00053841998419593129 -0.00089145159304307149 -9.0022624788242349e-06
leaf_weight=55 3356 5810 3462 18105 2074 9356 5652 696 34 1780 354 11879 16506 24769 7331 9842 16855 264 3409 1962 9620 93 186 33 53 47 79 134 45
leaf_count=55 3356 5810 3462 18105 2074 9356 5652 696 34 1780 354 11879 16506 24769 7331 9842 16855 264 3409 1962 9620 93 186 33 53 47 79 134 45
internal_value=-0.00277511 -0.0070719 -0.0088933 -0.0129858 -0.0151184 -0.00306395 -0.00536537 -0.00637104 4.41373e-05 -0.00174501 -0.00367647 8.27027e-05 0.00050963 0.0011283 -0.00044154 -0.000723879 -2.5976e-05 -0.000883576 -0.00295336 -0.00191884 -0.00066305 -0.000450427 -0.00923237 -0.0133721 -0.00905612 -0.00277778 -0.0106913 -0.0130282 -0.00561224
internal_weight=153841 60949 45419 26685 20179 18734 9114 6506 92892 15530 5576 92500 60485 36648 23837 32015 20211 9620 5189 11804 9954 9713 241 387 392 81 311 213 98
internal_count=153841 60949 45419 26685 20179 18734 9114 6506 92892 15530 5576 92500 60485 36648 23837 32015 20211 9620 5189 11804 9954 9713 241 387 392 81 311 213 98
is_linear=0
shrinkage=0.05


Tree=73
num_leaves=31
num_cat=0
split_feature=5 13 13 13 13 13 24 13 0 2 22 34 3 37 21 39 22 14 2 24 0 22 3 3 10 3 8 13 5 5
split_gain=741.127 237.816 433.716 150.494 73.829 37.7772 14.0213 13.1647 15.6662 12.7445 12.8451 18.9624 22.9329 20.563 13.808 15.5884 12.1422 11.3287 10.2856 10.1978 6.42126 6.48385 4.55161 3.96787 3.20576 5.17633 3.40008 2.96005 2.29811 1.91482
threshold=1.0000000180025095e-35 -8.3072719573974592 3.6173341274261479 -0.064914468675851808 0.00075226789808231222 25.900826454162601 2.5000000000000004 -24.38671779632568 0.38980324566364294 0.77363860607147228 0.58520621061325084 2.5000000000000004 -1.3293060660362241 1.0000000180025095e-35 0.97499999403953563 0.052476504817605026 0.035777354612946517 1.0000000180025095e-35 0.67617648839950573 2.5000000000000004 0.71154659986495983 0.045210551470518119 0.33898940682411199 0.23736840486526492 0.15439013391733172 0.26020193099975591 0.055493356660008437 -67.632061004638658 16.32499980926514 17.22500038146973
decision_type=2 2 2 2 2 2 2 2 2 2 2 2 2 2 2 2 2 2 2 2 2 2 2 2 2 2 2 2 2 2
left_child=1 7 3 16 -5 6 -4 20 19 10 14 13 -13 -12 15 -2 -3 -16 -7 -9 21 -1 -22 -10 25 28 29 -27 -11 -26
right_child=9 2 5 4 -6 18 -8 8 23 24 11 12 -14 -15 17 -17 -18 -19 -20 -21 22 -23 -24 -25 26 27 -28 -29 -30 -31
leaf_value=-4.7788880890490174e-05 8.0944483077278689e-05 -2.0706810736776336e-05 -2.0706810736776336e-05 -2.0706810736776336e-05 -2.0706810736776336e-05 -2.0706810736776336e-05 -2.0706810736776336e-05 -2.0706810736776336e-05 0.00067884693962707774 0.00037598791199603201 -0.00021679982755687732 0.0040179509321640206 0.00043841838293653127 0.00032477045106594945 -0.00012398167491328875 -8.026279032986931e-05 -2.0706810736776336e-05 8.9783191168520823e-05 -2.0706810736776336e-05 -2.0706810736776336e-05 0.00040904751667468828 -1.6353346913190565e-05 -0.00016314610732693906 -2.0706810736776336e-05 -0.00060568091095428254 5.1977765764472077e-05 -0.0017751737315659282 -0.00051338633643339558 0.0015326242297167359 -1.5072939863492418e-05
leaf_weight=241 36669 200 3462 16759 3420 9356 5652 1780 34 107 5062 870 4944 4867 19990 15312 6306 4078 264 3409 32 9620 61 353 276 157 63 363 49 85
leaf_count=241 36669 200 3462 16759 3420 9356 5652 1780 34 107 5062 870 4944 4867 19990 15312 6306 4078 264 3409 32 9620 61 353 276 157 63 363 49 85
internal_value=-0.00277933 -0.00706369 -0.00889 -0.0129839 -0.015116 -0.00305861 -0.00536537 -0.00172247 -0.0036675 3.17573e-05 9.58689e-05 0.00139586 0.00366357 6.79827e-05 -0.000173244 0.0002852 -0.00637104 -0.00116337 -0.000873181 -0.00294373 -0.000632911 -0.000509583 -0.0137097 -0.0133721 -0.00531818 -0.00318047 -0.00872642 -0.00557692 0.00480769 -0.00685596
internal_weight=153841 60949 45419 26685 20179 18734 9114 15530 5576 92892 91792 15743 5814 9929 76049 51981 6506 24068 9620 5189 9954 9861 93 387 1100 676 424 520 156 361
internal_count=153841 60949 45419 26685 20179 18734 9114 15530 5576 92892 91792 15743 5814 9929 76049 51981 6506 24068 9620 5189 9954 9861 93 387 1100 676 424 520 156 361
is_linear=0
shrinkage=0.05


Tree=74
num_leaves=31
num_cat=0
split_feature=5 24 3 14 32 32 25 21 3 3 39 39 38 38 39 34 34 32 3 2 34 34 3 25 25 39 32 21 5 21
split_gain=736.849 155.313 77.0035 51.1294 48.4005 45.3734 41.2088 38.3859 20.1204 15.7763 12.1319 11.745 23.0554 24.0254 17.026 15.6946 15.1525 14.5113 27.0379 12.6405 11.5637 11.4596 10.5443 10.3245 9.79102 8.19116 7.57059 7.17527 6.20949 4.92494
threshold=1.0000000180025095e-35 2.5000000000000004 -0.10520397126674651 1.0000000180025095e-35 14.500000000000002 14.500000000000002 0.0011225953348912301 1.0000000180025095e-35 0.31092830002307897 -0.32882358133792872 -3.0035413503646846 -0.68135905265808094 0.21128143370151523 -0.51251009106636036 0.26376391947269445 3.5000000000000004 3.5000000000000004 14.500000000000002 -0.082226250320672975 0.24990835040807727 1.5000000000000002 2.5000000000000004 -2.030936479568481 0.42857725918293005 0.34901019930839544 4.2792649269104013 19.500000000000004 0.87500000000000011 2.7250000238418584 0.12500000372529033
decision_type=2 2 2 2 2 2 2 2 2 2 2 2 2 2 2 2 2 2 2 2 2 2 2 2 2 2 2 2 2 2
left_child=1 2 9 5 6 7 -4 -3 -7 22 -11 12 13 27 17 -15 21 20 -19 24 -13 -14 -1 -21 -16 -6 29 -2 -18 -5
right_child=11 3 4 26 25 8 -8 -9 -10 10 -12 14 16 15 19 -17 28 18 -20 23 -22 -23 -24 -25 -26 -27 -28 -29 -30 -31
leaf_value=-0.00010711236082583251 0.0025767022224717222 -1.967147019993752e-05 -1.967147019993752e-05 -4.5129810922919127e-05 -8.569837726281065e-05 0.00037869961280716496 -1.967147019993752e-05 -1.967147019993752e-05 -2.1237396943963041e-05 -1.967147019993752e-05 -1.967147019993752e-05 -4.748353100418922e-05 0.00045799863628848261 -4.8183102127859551e-05 -0.00014310884891297824 -0.00024303592111775651 -0.00051439835516669586 0.0025073169914413503 -3.4292141308223284e-05 5.4459289320409754e-05 0.00014238845341772859 -0.00072246459017827011 -1.967147019993752e-05 0.0011899470981100208 6.0957179010936221e-05 0.00095365654259362714 0.0013523279403174875 -0.00037530326580184923 0.0012425006113879378 0.00017031942460991336
leaf_weight=310 284 8259 1521 868 1488 2244 15308 21881 272 1005 3189 12958 1682 17710 11138 6413 30 1921 2000 4569 29757 313 1986 248 3220 67 162 68 581 2389
leaf_count=310 284 8259 1521 868 1488 2244 15308 21881 272 1005 3189 12958 1682 17710 11138 6413 30 1921 2000 4569 29757 313 1986 248 3220 67 162 68 581 2389
internal_value=-0.00277121 -0.00704318 -0.0100828 -0.00494733 -0.0117357 -0.00555641 -0.0125156 -0.00609489 0.000894277 -0.00540062 -0.00722461 3.17573e-05 -0.000844688 -0.00132074 0.000392412 -0.00150997 0.00362625 0.000908097 0.00381918 -0.000861799 0.000640876 0.00151629 -0.00206882 0.00135458 -0.00160538 -0.00329582 0.000870137 0.0116477 0.0105155 0.00034541
internal_weight=153841 60949 24874 36075 18384 32656 16829 30140 2516 6490 4194 92892 27081 24475 65811 24123 2606 46636 3921 19175 42715 1995 2296 4817 14358 1555 3419 352 611 3257
internal_count=153841 60949 24874 36075 18384 32656 16829 30140 2516 6490 4194 92892 27081 24475 65811 24123 2606 46636 3921 19175 42715 1995 2296 4817 14358 1555 3419 352 611 3257
is_linear=0
shrinkage=0.05


Tree=75
num_leaves=31
num_cat=0
split_feature=4 13 13 13 32 13 3 32 13 3 13 13 3 4 24 0 7 37 0 0 0 22 0 0 0 4 3 4 3 0
split_gain=733.91 238.701 432.729 149.132 138.336 37.1341 13.891 13.2312 13.213 14.8902 12.0922 10.3445 12.4113 11.5463 9.84748 9.46135 7.61286 7.96701 6.98151 6.70228 9.22413 6.18505 5.45694 4.69849 6.74352 6.64016 4.41779 3.89069 2.81094 2.16364
threshold=1.0000000180025095e-35 -8.3072719573974592 3.6173341274261479 -0.064914468675851808 14.500000000000002 25.900826454162601 -0.13065119087696073 2.5000000000000004 -23.134503364562985 0.35972993075847631 -5644.7990722656241 5897.6616210937509 0.46115627884864813 7.1250000000000009 2.5000000000000004 0.55615735054016124 0.10034754872322084 1.0000000180025095e-35 0.71154659986495983 0.28088290989398962 -0.087948631495237337 0.045210551470518119 0.46805934607982641 0.11471461132168771 -0.0034344129962846632 39.675001144409187 0.33898940682411199 7.1250000000000009 0.02693387866020203 0.3409316092729569
decision_type=2 2 2 2 2 2 2 2 2 2 2 2 2 2 2 2 2 2 2 2 2 2 2 2 2 2 2 2 2 2
left_child=1 8 3 7 -5 6 -4 -3 18 14 16 12 13 -12 -10 -7 19 27 21 20 -2 -1 -21 24 -13 -25 -20 -18 -19 -11
right_child=10 2 5 4 -6 15 -8 -9 9 29 11 23 -14 -15 -16 -17 17 28 26 22 -22 -23 -24 25 -26 -27 -28 -29 -30 -31
leaf_value=-3.990910225823408e-05 0.00042684337566478942 -1.8687896689940645e-05 -1.8687896689940645e-05 -1.8687896689940645e-05 -2.0175527096764889e-05 -1.8687896689940645e-05 -1.8687896689940645e-05 1.4065584258927153e-05 -1.8687896689940645e-05 -1.8687896689940645e-05 5.4229111740458465e-05 0.00038349180640981297 -0.00044229814420643302 -4.8769701324392556e-05 -1.8687896689940645e-05 -1.8687896689940645e-05 0.003921825745383834 0.0056382775104180469 0.00033411574123653684 0.0028196895356220903 -0.00031826850427418168 -1.6048148258634674e-05 0.00022364266663889022 0.0012203793832298963 -0.00021031990453740867 -9.9971751592002619e-05 -0.00015400522845059525 -0.00027304406410951778 0.00065110459728613158 -1.8687896689940645e-05
leaf_weight=251 1134 5810 2470 18105 2074 9341 6644 696 1664 46 32531 1291 603 52985 3274 279 62 310 33 127 795 9935 129 1310 930 368 63 241 76 264
leaf_count=251 1134 5810 2470 18105 2074 9341 6644 696 1664 46 32531 1291 603 52985 3274 279 62 310 33 127 795 9935 129 1310 930 368 63 241 76 264
internal_value=-0.00277153 -0.00703498 -0.00886468 -0.0129539 -0.0150763 -0.00303993 -0.00532697 -0.00637104 -0.00168384 -0.00372523 2.58365e-05 -7.60959e-05 -0.000190144 -0.00013974 -0.00305792 -0.000873181 0.00321851 0.00780116 -0.000641898 0.00177346 0.000764645 -0.000515413 0.009375 0.00244293 0.000934264 0.00443981 -0.0140625 0.00173267 0.0125648 -0.0143548
internal_weight=153841 60949 45419 26685 20179 18734 9114 6506 15530 5248 92892 90018 86119 85516 4938 9620 2874 689 10282 2185 1929 10186 256 3899 2221 1678 96 303 386 310
internal_count=153841 60949 45419 26685 20179 18734 9114 6506 15530 5248 92892 90018 86119 85516 4938 9620 2874 689 10282 2185 1929 10186 256 3899 2221 1678 96 303 386 310
is_linear=0
shrinkage=0.05


Tree=76
num_leaves=29
num_cat=0
split_feature=4 13 13 13 32 13 32 13 0 32 13 2 18 10 7 4 24 38 38 38 22 0 34 32 22 38 38 22
split_gain=727.922 237.947 431.967 189.127 127.091 64.1005 23.9186 13.3802 13.6171 13.2 12.8199 11.4175 10.6153 15.8896 17.6908 14.3295 10.568 9.68498 8.09136 6.29623 6.014 6.1452 4.01175 3.66645 2.96042 2.94306 3.20089 2.54356
threshold=1.0000000180025095e-35 -8.3072719573974592 0.00075226789808231222 -0.064914468675851808 14.500000000000002 13.859466075897219 14.500000000000002 -23.134503364562985 0.38015936315059667 2.5000000000000004 78.585456848144545 0.77363860607147228 -383.64038085937494 0.15003234148025515 0.12917864322662356 28.774999618530277 2.5000000000000004 0.022899578325450424 -0.51251009106636036 0.041520733386278159 0.045210551470518119 0.71154659986495983 1.5000000000000002 27.500000000000004 0.81064429879188549 0.12438236922025682 0.035565793514251716 0.66842818260192882
decision_type=2 2 2 2 2 2 2 2 2 2 2 2 2 2 2 2 2 2 2 2 2 2 2 2 2 2 2 2
left_child=1 7 3 9 -5 6 -4 20 16 -3 -7 12 17 15 -15 -14 -9 18 -2 -19 22 -22 -1 25 -10 26 -13 -27
right_child=11 2 5 4 -6 10 -8 8 24 -11 -12 23 13 14 -16 -17 -18 19 -20 -21 21 -23 -24 -25 -26 27 -28 -29
leaf_value=-1.7440479998584441e-05 0.0015910267567083157 -1.775350185544361e-05 -1.775350185544361e-05 -1.775350185544361e-05 -1.9166750741926646e-05 -1.775350185544361e-05 0.00020355382172896393 -1.775350185544361e-05 -1.775350185544361e-05 1.3362305045980804e-05 6.8685183209892539e-05 -0.00038209257659716227 -5.7723947793753355e-05 3.4300802477156645e-05 0.0020804365367484532 -0.00030960339996554998 -1.775350185544361e-05 -0.00021449556115935898 0.0001183633241537847 -1.2702742229050122e-05 -1.5245740845702941e-05 -6.7292939328668415e-05 -6.9648535967491086e-05 -0.0015211168535032517 0.00040332040466468586 -0.0008930834000505976 0.00075245269962548019 -3.7914039180482822e-05
leaf_weight=135 293 5810 8509 14988 1771 8419 820 1667 338 696 4406 865 27587 22292 672 4145 3211 1280 27292 8231 9935 96 116 51 32 80 69 35
leaf_count=135 293 5810 8509 14988 1771 8419 820 1667 338 696 4406 865 27587 22292 672 4145 3211 1280 27292 8231 9935 96 116 51 32 80 69 35
internal_value=-0.00276763 -0.00701365 -0.00884046 -0.0135988 -0.0164076 -0.00384355 -0.006997 -0.00167096 -0.00372523 -0.00636336 -0.00154971 1.83008e-05 7.89829e-05 -0.000363829 0.000637955 -0.00108881 -0.00302378 0.000731885 0.00120627 -0.000643991 -0.000622447 -0.000431163 -0.00826693 -0.00504545 -0.012973 -0.00440896 -0.00347966 -0.0119565
internal_weight=153841 60949 45419 23265 16759 22154 9329 15530 5248 6506 12825 92892 91792 54696 22964 31732 4878 37096 27585 9511 10282 10031 251 1100 370 1049 934 115
internal_count=153841 60949 45419 23265 16759 22154 9329 15530 5248 6506 12825 92892 91792 54696 22964 31732 4878 37096 27585 9511 10282 10031 251 1100 370 1049 934 115
is_linear=0
shrinkage=0.05


Tree=77
num_leaves=31
num_cat=0
split_feature=4 13 13 13 13 13 3 13 0 3 1 21 21 3 2 39 13 38 24 39 38 25 39 38 2 38 1 38 39 1
split_gain=726.638 240.174 431.466 148.462 73.0007 37.0379 13.7959 13.6074 15.8113 12.3121 11.9077 10.9962 16.7489 18.7436 20.7059 15.7409 12.7208 12.2518 9.95929 9.9121 8.41055 15.3317 6.96757 10.771 8.52212 6.96575 6.03056 10.0743 5.849 5.31246
threshold=1.0000000180025095e-35 -8.3072719573974592 3.6173341274261479 -0.064914468675851808 0.00075226789808231222 25.900826454162601 -0.13065119087696073 -24.38671779632568 0.38980324566364294 -0.25888420641422266 0.42490811645984655 0.075000001117587103 0.67499998211860668 -0.377222329378128 0.1552090868353844 -1.0412624478340147 -217.27296447753903 -0.51251009106636036 2.5000000000000004 -2.7474482059478755 0.02413942385464907 0.3816142082214356 -2.5507825613021846 0.23813173174858096 0.59652218222618114 -0.011514162644743918 -0.11904333904385565 -0.11181402578949927 -0.052058435976505273 -0.048678407445549958
decision_type=2 2 2 2 2 2 2 2 2 2 2 2 2 2 2 2 2 2 2 2 2 2 2 2 2 2 2 2 2 2
left_child=1 7 3 9 -5 6 -4 26 18 -3 -7 16 17 14 -14 -15 20 28 -9 -19 25 -22 23 -18 -24 -2 27 -1 -13 -10
right_child=11 2 5 4 -6 10 -8 8 29 -11 -12 12 13 15 -16 -17 22 19 -20 -21 21 -23 24 -25 -26 -27 -28 -29 -30 -31
leaf_value=-0.0001749687675213561 -1.577938965325043e-05 -1.6865826762671432e-05 -1.6865826762671432e-05 -1.6865826762671432e-05 -1.6865826762671432e-05 -1.6865826762671432e-05 -1.6865826762671432e-05 -1.6865826762671432e-05 0.00059925318743315765 -1.6865826762671432e-05 -1.6865826762671432e-05 0.0044365870191065736 3.0790719807551395e-06 -0.00016517433313635485 0.00090419346454566362 -1.6170751300420215e-05 -0.00033740601774623368 -0.00017662789064854176 -1.6865826762671432e-05 0.00015075480063845019 4.0433739213735847e-05 -0.0010610896907499578 -7.4608450172305928e-05 0.0017714805416041647 -0.00047088728668415929 0.00057293338062737833 -3.620173557865305e-05 0.00012415365185139001 -8.1020730220334564e-05 -1.6865826762671432e-05
leaf_weight=461 1369 840 2470 16759 3420 9489 6644 1780 45 5666 131 173 8193 9611 4226 30409 1547 1713 3409 20487 799 204 10932 156 1117 1898 4632 4861 58 342
leaf_count=461 1369 840 2470 16759 3420 9489 6644 1780 45 5666 131 173 8193 9611 4226 30409 1547 1713 3409 20487 799 204 10932 156 1117 1898 4632 4861 58 342
internal_value=-0.00277056 -0.00701283 -0.00884817 -0.0129314 -0.0150491 -0.00303192 -0.005316 -0.0016452 -0.00362267 -0.00636336 -0.000867983 1.29182e-05 0.000279818 -0.000209291 0.00148764 -0.000735882 -0.00109588 0.00142325 -0.00289555 0.00130405 0.00128806 -0.00271685 -0.0018361 -0.00482971 -0.00141298 0.0025176 -0.000537472 0.000610673 0.0128788 -0.0133721
internal_weight=153841 60949 45419 26685 20179 18734 9114 15530 5576 6506 9620 92892 74870 52439 12419 40020 18022 22431 5189 22200 4270 1003 13752 1703 12049 3267 9954 5322 231 387
internal_count=153841 60949 45419 26685 20179 18734 9114 15530 5576 6506 9620 92892 74870 52439 12419 40020 18022 22431 5189 22200 4270 1003 13752 1703 12049 3267 9954 5322 231 387
is_linear=0
shrinkage=0.05


Tree=78
num_leaves=29
num_cat=0
split_feature=4 13 13 13 32 13 3 13 3 32 1 13 2 2 3 39 32 7 22 1 2 25 39 34 32 34 20 2
split_gain=724.323 238.459 431.466 148.462 136.092 37.0379 13.7959 13.2564 14.9169 13.2 11.9077 10.4579 10.3859 10.811 12.3795 9.16642 7.79012 6.03062 6.00635 5.90498 5.90112 5.27632 4.25652 4.01175 3.6687 3.4736 3.30786 1.87641
threshold=1.0000000180025095e-35 -8.3072719573974592 3.6173341274261479 -0.064914468675851808 14.500000000000002 25.900826454162601 -0.13065119087696073 -23.134503364562985 0.35972993075847631 2.5000000000000004 0.42490811645984655 -4680.5581054687491 0.77363860607147228 0.046802124008536346 0.011267112568020822 -2.9725823402404781 20.500000000000004 0.2624726295471192 0.045210551470518119 -2.4581794738769527 0.0042567048221826562 0.55047348141670238 -1.0000000180025095e-35 1.5000000000000002 27.500000000000004 2.5000000000000004 -1.0000000180025095e-35 0.3874464631080628
decision_type=2 2 2 2 2 2 2 2 2 2 2 2 2 2 2 2 2 2 2 2 2 2 2 2 2 2 2 2
left_child=1 7 3 9 -5 6 -4 18 20 -3 -7 16 13 15 -15 -13 17 22 23 -20 -9 25 -2 -1 26 -18 -14 -10
right_child=11 2 5 4 -6 10 -8 8 27 -11 -12 12 24 14 -16 -17 21 -19 19 -21 -22 -23 -24 -25 -26 -27 -28 -29
leaf_value=-1.5725164660521647e-05 1.8982499418137083e-05 -1.602253542453786e-05 -1.602253542453786e-05 -1.602253542453786e-05 -1.7365121866696741e-05 -1.602253542453786e-05 -1.602253542453786e-05 -1.602253542453786e-05 -1.602253542453786e-05 1.3537481131815325e-05 -1.602253542453786e-05 -0.00018917598523977971 -0.00014139072576891486 0.00013134017580104484 -2.7354370088304541e-05 -3.215728963454068e-05 0.0028309425457379461 0.008659090388475928 -0.00016899103290683617 -1.0695362217508922e-05 -1.602253542453786e-05 -0.0014712392523440736 0.0006624994967569125 -6.1857684627924232e-05 -0.0014525987508600111 0.0089348540345572415 -0.00053686943214365315 -1.602253542453786e-05
leaf_weight=135 1796 5810 2470 18105 2074 9489 6644 1683 38 696 131 4127 515 27625 28041 28603 65 58 286 9745 3255 30 1405 116 51 94 482 272
leaf_count=135 1796 5810 2470 18105 2074 9489 6644 1683 38 696 131 4127 515 27625 28041 28603 65 58 286 9745 3255 30 1405 116 51 94 482 272
internal_value=-0.00278388 -0.00701939 -0.00884817 -0.0129314 -0.0150491 -0.00303192 -0.005316 -0.00167096 -0.0037157 -0.00636336 -0.000867983 -4.84434e-06 -0.000109007 -5.03416e-05 0.000373657 -0.000771463 0.00269722 0.00212488 -0.00062731 -0.000436148 -0.00304779 0.0125661 0.00183536 -0.00826693 -0.00505725 0.016195 -0.00438816 -0.0143548
internal_weight=153841 60949 45419 26685 20179 18734 9114 15530 5248 6506 9620 92892 89444 88396 55666 32730 3448 3259 10282 10031 4938 189 3201 251 1048 159 997 310
internal_count=153841 60949 45419 26685 20179 18734 9114 15530 5248 6506 9620 92892 89444 88396 55666 32730 3448 3259 10282 10031 4938 189 3201 251 1048 159 997 310
is_linear=0
shrinkage=0.05


Tree=79
num_leaves=30
num_cat=0
split_feature=4 13 13 13 32 13 13 3 3 32 1 3 39 38 38 39 2 32 3 24 1 1 3 22 2 2 18 4 1
split_gain=718.168 240.632 427.718 147.558 142.076 37.0379 14.0541 15.5122 13.7959 13.1066 11.9077 10.1959 10.4253 20.4217 17.9112 13.1727 13.5426 12.6986 9.35881 9.12867 5.74439 6.88403 5.7316 5.2312 3.76957 2.43521 2.11179 2.36916 0.816667
threshold=1.0000000180025095e-35 -8.3072719573974592 3.6173341274261479 -0.064914468675851808 14.500000000000002 25.900826454162601 -24.38671779632568 0.35972993075847631 -0.13065119087696073 2.5000000000000004 0.42490811645984655 0.46115627884864813 -0.68135905265808094 0.21128143370151523 -0.51251009106636036 0.26376391947269445 0.24990835040807727 14.500000000000002 0.24190292507410052 2.5000000000000004 -2.4581794738769527 -0.11904333904385565 -1.7320105433464048 0.40968684852123266 0.52610191702842724 0.40479560196399694 17338.197265625004 12.424999713897707 0.25197902321815496
decision_type=2 2 2 2 2 2 2 2 2 2 2 2 2 2 2 2 2 2 2 2 2 2 2 2 2 2 2 2 2
left_child=1 6 3 9 -5 8 20 19 -4 -3 -7 12 13 14 -2 17 -17 -14 -15 -8 22 -22 -1 26 -25 -9 27 -13 -26
right_child=11 2 5 4 -6 10 7 25 -10 -11 -12 23 15 18 -16 16 -18 -19 -20 -21 21 -23 -24 24 28 -27 -28 -29 -30
leaf_value=-0.00023161584359671496 0.0017227506590249209 -1.5221408653310967e-05 -1.5221408653310967e-05 -1.5221408653310967e-05 -1.6496865773361906e-05 -1.5221408653310967e-05 -1.5221408653310967e-05 -1.5221408653310967e-05 -1.5221408653310967e-05 1.2860607075224551e-05 -1.5221408653310967e-05 -0.00030608007534988651 6.0830626110203531e-05 0.00052028844210142149 -9.6740147146067316e-05 -0.00010152912785239325 0.00013702829945346165 0.00061068257479169989 -0.0011040330919211828 -1.5221408653310967e-05 8.554517442307388e-05 -3.3856880688844946e-05 0.0016764856305148087 0.0015324858798197796 -0.0011512969304727158 -1.5221408653310967e-05 0.00028474824890862091 -0.00068734405970664859 0.0003884975455183317
leaf_weight=224 350 5810 2470 18105 2074 9489 1770 43 6644 696 131 322 42352 2517 24107 14350 4591 3875 86 3469 5039 4632 59 32 30 294 48 202 30
leaf_count=224 350 5810 2470 18105 2074 9489 1770 43 6644 696 131 322 42352 2517 24107 14350 4591 3875 86 3469 5039 4632 59 32 30 294 48 202 30
internal_value=-0.00276828 -0.00698576 -0.00882285 -0.0128883 -0.0149995 -0.00303192 -0.00161301 -0.00362267 -0.005316 -0.0063403 -0.000867983 -1.07652e-06 4.33708e-05 -0.000781596 -0.00122971 0.000385926 -0.000724619 0.000840959 0.00342874 -0.00295381 -0.000487241 -0.00028177 -0.00750883 -0.0061747 0.0048913 -0.0140208 -0.00795455 -0.00887405 -0.0025
internal_weight=153841 60949 45419 26685 20179 18734 15530 5576 9114 6506 9620 92892 92228 27060 24457 65168 18941 46227 2603 5239 9954 9671 283 664 92 337 572 524 60
internal_count=153841 60949 45419 26685 20179 18734 15530 5576 9114 6506 9620 92892 92228 27060 24457 65168 18941 46227 2603 5239 9954 9671 283 664 92 337 572 524 60
is_linear=0
shrinkage=0.05


Tree=80
num_leaves=31
num_cat=0
split_feature=4 13 13 13 32 13 32 1 13 0 32 34 37 37 32 34 3 39 39 39 3 32 24 3 2 2 39 1 0 3
split_gain=716.993 239.114 429.164 188.087 131.781 64.1235 22.7962 14.041 13.8745 15.8113 13.1066 10.1176 37.177 31.3072 29.0494 31.0649 21.806 28.636 24.3192 19.6889 18.2049 11.9378 9.95929 9.61126 14.6307 7.43607 6.49363 5.71156 6.66479 5.7316
threshold=1.0000000180025095e-35 -8.3072719573974592 0.00075226789808231222 -0.064914468675851808 14.500000000000002 13.859466075897219 14.500000000000002 0.40330043435096746 -24.38671779632568 0.38980324566364294 2.5000000000000004 2.5000000000000004 1.0000000180025095e-35 1.0000000180025095e-35 2.5000000000000004 3.5000000000000004 -0.2138758301734924 -0.85855489969253529 -2.1220070123672481 1.2486081719398501 0.11689739674329759 2.5000000000000004 2.5000000000000004 0.19410040229558947 0.05508862808346749 0.23160947859287265 0.81853067874908458 -2.4581794738769527 -0.14170248061418531 -1.7320105433464048
decision_type=2 2 2 2 2 2 2 2 2 2 2 2 2 2 2 2 2 2 2 2 2 2 2 2 2 2 2 2 2 2
left_child=1 8 3 10 -5 6 -4 -7 27 22 -3 13 14 23 15 -13 18 -18 -15 -16 21 -14 -10 24 -2 -22 -25 29 -29 -1
right_child=11 2 5 4 -6 7 -8 -9 9 -11 -12 12 20 16 19 -17 17 -19 -20 -21 25 -23 -24 26 -26 -27 -28 28 -30 -31
leaf_value=-0.00022003505141687921 -7.167264893708659e-05 -1.446033822064542e-05 -1.446033822064542e-05 -1.446033822064542e-05 -1.567202248469381e-05 -1.446033822064542e-05 0.00019578161918454176 -1.446033822064542e-05 -1.446033822064542e-05 -1.446033822064542e-05 1.2217576721463317e-05 0.00044867024657509143 2.7032728686949768e-05 4.0738576540653281e-05 0.0043642288860240115 -3.3653011740170621e-05 -0.00016853415262588334 9.5902973994857997e-05 0.00119005071753035 -0.00012478804117175974 -0.00016287674844968358 -0.00042612884028110247 -1.446033822064542e-05 0.00033260019156688882 -0.00028136394462183168 -0.00045422952271027291 -0.00016257527582379824 0.0002432403296001552 -2.7835405302176715e-05 0.0015926613489890681
leaf_weight=224 12581 5810 8509 14988 1771 12617 820 208 1780 387 696 7832 18029 3730 1494 9569 6867 13461 3032 505 2240 2246 3409 1208 7606 1738 754 2439 7232 59
leaf_count=224 12581 5810 8509 14988 1771 12617 820 208 1780 387 696 7832 18029 3730 1494 9569 6867 13461 3032 505 2240 2246 3409 1208 7606 1738 754 2439 7232 59
internal_value=-0.00276763 -0.00698166 -0.00881294 -0.0135558 -0.0163569 -0.00383227 -0.00698628 -0.00153801 -0.00162589 -0.00362267 -0.0063403 -2.6913e-06 0.000551508 -0.000494019 0.00218299 0.00152721 0.000645995 -0.000172176 0.00310559 0.00789145 -0.000753515 -0.000146732 -0.00289555 -0.00188835 -0.00221306 -0.00384615 0.0014526 -0.000507334 -0.000302451 -0.00750883
internal_weight=153841 60949 45419 23265 16759 22154 9329 12825 15530 5576 6506 92892 43653 49239 19400 17401 27090 20328 6762 1999 24253 20275 5189 22149 20187 3978 1962 9954 9671 283
internal_count=153841 60949 45419 23265 16759 22154 9329 12825 15530 5576 6506 92892 43653 49239 19400 17401 27090 20328 6762 1999 24253 20275 5189 22149 20187 3978 1962 9954 9671 283
is_linear=0
shrinkage=0.05


Tree=81
num_leaves=31
num_cat=0
split_feature=4 13 13 13 32 13 13 0 24 32 1 24 21 0 21 25 13 2 25 38 3 2 1 9 1 0 3 1 1 7
split_gain=712.896 237.673 428.502 147.229 142.785 36.9274 13.6961 15.8113 13.5911 13.0756 11.9408 9.95929 9.83755 15.0748 12.5067 17.5121 11.5769 8.91107 7.9872 11.9164 6.63824 6.57674 7.30921 6.41539 5.67883 6.19099 5.7316 5.31246 4.9631 4.44953
threshold=1.0000000180025095e-35 -8.3072719573974592 3.6173341274261479 -0.064914468675851808 14.500000000000002 25.900826454162601 -24.38671779632568 0.38980324566364294 2.5000000000000004 2.5000000000000004 0.42490811645984655 2.5000000000000004 0.075000001117587103 -0.75929382443428028 0.67499998211860668 0.27067685127258306 -217.27296447753903 0.017285724170506004 0.35498261451721197 0.0041952573228627452 -1.3293060660362241 0.59652218222618114 0.16631524264812472 0.066447872668504729 -2.4581794738769527 -0.14170248061418531 -1.7320105433464048 -0.048678407445549958 -2.0014209747314449 0.073912482708692565
decision_type=2 2 2 2 2 2 2 2 2 2 2 2 2 2 2 2 2 2 2 2 2 2 2 2 2 2 2 2 2 2
left_child=1 6 3 9 -5 8 24 11 -4 -3 -7 -8 16 23 17 -16 18 -15 20 -20 -2 28 -23 -14 26 -26 -1 -9 -18 -25
right_child=12 2 5 4 -6 10 7 27 -10 -11 -12 -13 13 14 15 -17 21 -19 19 -21 -22 22 -24 29 25 -27 -28 -29 -30 -31
leaf_value=-0.00020903329884603526 0.0018478607757564146 -1.3737321309613147e-05 -1.3737321309613147e-05 -1.3737321309613147e-05 -1.488842136045912e-05 -1.3737321309613147e-05 -1.3737321309613147e-05 0.00057157574217642432 -1.3737321309613147e-05 1.1606697885390154e-05 -1.3737321309613147e-05 -1.3737321309613147e-05 0.00027113789023506027 -1.5559391418637494e-05 -7.1533294716269585e-05 0.00011520096039363254 -0.00065811644096235651 0.00019663253406275623 0.00014758930492876632 -0.00095723763295501934 0.00017054741730639905 -0.00058944467131183311 -0.00028995077996040992 0.00085491617867541935 0.00023107831312014744 -2.6443635037067877e-05 0.0015130282815396148 -1.3737321309613147e-05 -8.8321648334588202e-05 0.0036936839813260618
leaf_weight=224 289 5810 3462 18105 2074 9489 1780 45 5652 696 131 3409 434 7442 36702 15498 699 14268 461 240 3280 305 815 259 2439 7232 59 342 11933 267
leaf_count=224 289 5810 3462 18105 2074 9489 1780 45 5652 696 131 3409 434 7442 36702 15498 699 14268 461 240 3280 305 815 259 2439 7232 59 342 11933 267
internal_value=-0.00277641 -0.00697838 -0.00880413 -0.0128733 -0.0149822 -0.0030079 -0.00163876 -0.00362267 -0.00528857 -0.00633262 -0.000847193 -0.00289555 -1.93773e-05 0.000233071 0.000152212 -0.000267241 -0.00106814 0.00116076 0.00120609 -0.00367332 0.00216447 -0.00177429 -0.00544643 0.00645833 -0.000527426 -0.000323131 -0.00750883 -0.0133721 -0.0014487 0.0101711
internal_weight=153841 60949 45419 26685 20179 18734 15530 5576 9114 6506 9620 5189 92892 74870 73910 52200 18022 21710 4270 701 3569 13752 1120 960 9954 9671 283 387 12632 526
internal_count=153841 60949 45419 26685 20179 18734 15530 5576 9114 6506 9620 5189 92892 74870 73910 52200 18022 21710 4270 701 3569 13752 1120 960 9954 9671 283 387 12632 526
is_linear=0
shrinkage=0.05


Tree=82
num_leaves=31
num_cat=0
split_feature=4 13 13 13 32 13 24 13 0 32 1 24 13 21 0 21 13 39 21 13 0 1 1 0 3 0 1 9 38 38
split_gain=713.9 236.819 428.897 146.967 142.785 37.0138 13.5911 13.5189 15.8113 12.8178 11.9491 9.95929 9.65964 9.05224 11.7255 9.90494 8.11998 10.0166 7.4423 7.25067 6.72285 5.92362 5.64619 5.84735 5.7316 5.45484 5.31246 5.09549 4.93688 11.4271
threshold=1.0000000180025095e-35 -8.3072719573974592 3.6173341274261479 -0.064914468675851808 14.500000000000002 25.900826454162601 2.5000000000000004 -24.38671779632568 0.38980324566364294 2.5000000000000004 0.42490811645984655 2.5000000000000004 -5644.7990722656241 0.075000001117587103 -0.75929382443428028 0.67499998211860668 -74.675922393798814 -0.55940255522727955 0.97499999403953563 19.188370704650882 -0.21029701083898542 -1.4161473512649534 -2.4581794738769527 -0.14170248061418531 -1.7320105433464048 0.1086518131196499 -0.048678407445549958 0.085761435329914107 -0.12615383416414258 -0.0042374131735414258
decision_type=2 2 2 2 2 2 2 2 2 2 2 2 2 2 2 2 2 2 2 2 2 2 2 2 2 2 2 2 2 2
left_child=1 7 3 9 -5 6 -4 22 11 -3 -7 -9 18 16 27 -16 17 -14 28 -18 21 -20 24 -24 -1 -22 -10 -15 -2 -30
right_child=12 2 5 4 -6 10 -8 8 26 -11 -12 -13 13 14 15 -17 19 -19 20 -21 25 -23 23 -25 -26 -27 -28 -29 29 -31
leaf_value=-0.00019858163390373349 0.0024448580062815424 -1.305045524413249e-05 -1.305045524413249e-05 -1.305045524413249e-05 -1.4144000292436164e-05 -1.305045524413249e-05 -1.305045524413249e-05 -1.305045524413249e-05 0.00054299695506760304 1.1026362991120652e-05 -1.305045524413249e-05 -1.305045524413249e-05 -0.00015502067535163623 0.00032681249979891504 9.119191246431888e-05 -2.6503405109894967e-05 -0.00021724847241465998 0.00019334276150827329 -0.0007267306669806687 -6.8021951283305402e-05 -0.0004308734650836796 0.0036663969775940428 0.0002195243974641401 -2.5121453285214484e-05 0.001437376867462634 0.0035779180273847948 -1.305045524413249e-05 0.0018291844103160129 -0.0004832489001325491 0.00093493132526429603
leaf_weight=224 384 5810 3462 18105 2074 9489 5652 1780 45 696 131 3409 2221 430 20975 50535 4606 3683 52 7158 691 96 2439 7232 59 55 342 410 363 1233
leaf_count=224 384 5810 3462 18105 2074 9489 5652 1780 45 696 131 3409 2221 430 20975 50535 4606 3683 52 7158 691 96 2439 7232 59 55 342 410 363 1233
internal_value=-0.00277673 -0.00698166 -0.00880413 -0.0128752 -0.0149822 -0.00300523 -0.00528857 -0.00165164 -0.00362267 -0.0063403 -0.000841996 -0.00289555 -1.77626e-05 -0.000108867 0.000138908 6.99203e-05 -0.0011235 0.000389566 0.00283577 -0.00188286 -0.000950783 0.00878378 -0.000547519 -0.000343811 -0.00750883 -0.00288204 -0.0133721 0.0060119 0.00454545 0.0033208
internal_weight=153841 60949 45419 26685 20179 18734 9114 15530 5576 6506 9620 5189 92892 90018 72350 71510 17668 5904 2874 11764 894 148 9954 9671 283 746 387 840 1980 1596
internal_count=153841 60949 45419 26685 20179 18734 9114 15530 5576 6506 9620 5189 92892 90018 72350 71510 17668 5904 2874 11764 894 148 9954 9671 283 746 387 840 1980 1596
is_linear=0
shrinkage=0.05


Tree=83
num_leaves=30
num_cat=0
split_feature=5 13 13 13 32 13 24 13 0 32 1 24 2 18 10 5 7 38 38 1 7 0 1 0 9 13 7 5 25
split_gain=712.686 236.248 429.361 146.967 142.785 36.8314 13.7123 13.3084 15.8404 12.8178 11.9491 10.0227 9.78878 9.77933 12.4919 13.6911 12.4841 8.32988 7.96769 6.20828 5.93211 5.44787 5.31246 4.82976 1.68746 2.20431 1.64138 2.04147 0.782841
threshold=1.0000000180025095e-35 -8.3072719573974592 3.6173341274261479 -0.064914468675851808 14.500000000000002 25.900826454162601 2.5000000000000004 -24.38671779632568 0.38980324566364294 2.5000000000000004 0.42490811645984655 2.5000000000000004 0.80164751410484325 -383.64038085937494 0.17685000598430636 28.774999618530277 0.12917864322662356 1.0000000180025095e-35 -0.010515488684177397 -2.4581794738769527 0.2142710015177727 -0.15371266752481458 -0.048678407445549958 -0.75929382443428028 0.027242654934525493 -837.81671142578114 0.069901917129755034 5.5250000953674325 0.17483700811862948
decision_type=2 2 2 2 2 2 2 2 2 2 2 2 2 2 2 2 2 2 2 2 2 2 2 2 2 2 2 2 2
left_child=1 7 3 9 -5 6 -4 19 11 -3 -7 -9 13 17 15 -15 -16 18 -2 23 -19 -21 -10 -1 26 -26 27 -14 -27
right_child=12 2 5 4 -6 10 -8 8 22 -11 -12 -13 24 14 16 -17 -18 20 -20 21 -22 -23 -24 -25 25 28 -28 -29 -30
leaf_value=-8.5913694716538747e-05 2.0934168679301659e-06 -1.2397932481925866e-05 -1.2397932481925866e-05 -1.2397932481925866e-05 -1.3436800277814355e-05 -1.2397932481925866e-05 -1.2397932481925866e-05 -1.2397932481925866e-05 0.00051584710731422288 1.0475044841564622e-05 -1.2397932481925866e-05 -1.2397932481925866e-05 -0.00045288381662216757 -5.0897357440105303e-05 2.3892207208508697e-05 -0.00028349008520267761 0.001702163462485077 -4.5588774873203679e-05 0.00021600962840138786 0.00023188727797882736 0.0016169177371019646 -2.3775447025434879e-05 -1.2397932481925866e-05 -0.00024920717985410138 5.1422822547797341e-05 -0.00070879104056728462 -0.0013574653333615939 7.2124807364141365e-05 -0.0010426979699195936
leaf_weight=185 10262 5810 3462 18105 2074 9489 5652 1780 45 696 131 3409 51 28653 21517 4302 646 10976 16067 2344 77 7327 342 98 38 86 30 98 89
leaf_count=185 10262 5810 3462 18105 2074 9489 5652 1780 45 696 131 3409 51 28653 21517 4302 646 10976 16067 2344 77 7327 342 98 38 86 30 98 89
internal_value=-0.00278031 -0.00698166 -0.00880193 -0.0128752 -0.0149822 -0.00299989 -0.00527759 -0.00165808 -0.0036137 -0.0063403 -0.000841996 -0.00288591 -2.36834e-05 9.72973e-06 -0.000413658 -0.00103095 0.000504219 0.000633995 0.00111759 -0.000562588 -0.000517959 -0.000348981 -0.0133721 -0.00786219 -0.00790816 -0.0109155 -0.00432961 -0.00218121 -0.0132857
internal_weight=153841 60949 45419 26685 20179 18734 9114 15530 5576 6506 9620 5189 92892 92500 55118 32955 22163 37382 26329 9954 11053 9671 387 283 392 213 179 149 175
internal_count=153841 60949 45419 26685 20179 18734 9114 15530 5576 6506 9620 5189 92892 92500 55118 32955 22163 37382 26329 9954 11053 9671 387 283 392 213 179 149 175
is_linear=0
shrinkage=0.05


Tree=84
num_leaves=29
num_cat=0
split_feature=5 13 13 13 13 13 24 13 0 3 1 24 3 7 5 13 7 14 1 38 1 22 0 2 2 18 5 0
split_gain=711.342 237.954 429.361 146.967 73.1367 36.8314 13.7123 13.5379 15.8695 12.2118 11.9491 10.0863 9.63177 8.76573 9.12396 9.61334 9.48403 6.6815 6.26823 5.3321 5.31246 5.08978 4.82976 3.78607 3.76957 2.03887 2.22233 0.816667
threshold=1.0000000180025095e-35 -8.3072719573974592 3.6173341274261479 -0.064914468675851808 0.00075226789808231222 25.900826454162601 2.5000000000000004 -24.38671779632568 0.38980324566364294 -0.25888420641422266 0.42490811645984655 2.5000000000000004 0.46115627884864813 0.2624726295471192 7.1250000000000009 5897.6616210937509 0.076087955385446562 1.0000000180025095e-35 -2.4581794738769527 -0.084379330277442918 -0.048678407445549958 0.40968684852123266 -0.75929382443428028 -0.51978814601898182 0.52610191702842724 17338.197265625004 12.625000000000002 0.4552478045225144
decision_type=2 2 2 2 2 2 2 2 2 2 2 2 2 2 2 2 2 2 2 2 2 2 2 2 2 2 2 2
left_child=1 7 3 9 -5 6 -4 18 11 -3 -7 -9 13 14 16 -16 -2 23 22 -20 -10 25 -1 -15 -23 26 -14 -26
right_child=12 2 5 4 -6 10 -8 8 20 -11 -12 -13 21 17 15 -17 -18 -19 19 -21 -22 24 -24 -25 27 -27 -28 -29
leaf_value=-8.1618009980711804e-05 4.2579115837797613e-05 -1.1778035857829572e-05 -1.1778035857829572e-05 -1.1778035857829572e-05 -1.1778035857829572e-05 -1.1778035857829572e-05 -1.1778035857829572e-05 -1.1778035857829572e-05 0.00049005475194851178 -1.1778035857829572e-05 -1.1778035857829572e-05 -1.1778035857829572e-05 -0.00027833215324127704 0.0075734393843939433 -4.47067422077071e-05 0.00036523446071914971 0.0015397970862710921 -0.0023895875167230483 -9.4265839345774761e-05 6.2396443870103996e-06 -1.1778035857829572e-05 0.0014473845013298068 -0.00023674682086139632 0.002334981934386748 -0.0011220982656960838 0.00026487092221748608 -0.00063191949734800316 0.00035243116508832376
leaf_weight=185 32450 840 3462 16759 3420 9489 5652 1780 45 5666 131 3409 323 64 54840 3373 1214 36 1115 8556 342 32 98 251 30 48 201 30
leaf_count=185 32450 840 3462 16759 3420 9489 5652 1780 45 5666 131 3409 323 64 54840 3373 1214 36 1115 8556 342 32 98 251 30 48 201 30
internal_value=-0.00277771 -0.00697509 -0.00880193 -0.0128752 -0.0149822 -0.00299989 -0.00527759 -0.00163232 -0.00360473 -0.0063403 -0.000841996 -0.00287628 -2.36834e-05 1.95168e-05 -1.0612e-05 -0.000389518 0.000644606 0.00790598 -0.000527426 -0.000312791 -0.0133721 -0.0060241 -0.00786219 0.0102381 0.0048913 -0.00777972 -0.00868321 -0.0025
internal_weight=153841 60949 45419 26685 20179 18734 9114 15530 5576 6506 9620 5189 92892 92228 91877 58213 33664 351 9954 9671 387 664 283 315 92 572 524 60
internal_count=153841 60949 45419 26685 20179 18734 9114 15530 5576 6506 9620 5189 92892 92228 91877 58213 33664 351 9954 9671 387 664 283 315 92 572 524 60
is_linear=0
shrinkage=0.05


Tree=85
num_leaves=30
num_cat=0
split_feature=4 13 13 13 32 13 32 13 0 32 13 2 34 37 22 37 38 3 38 39 3 0 0 3 9 13 39 7 7
split_gain=710.178 236.59 430.607 187.527 134.374 65.0098 21.7308 13.3617 15.8695 12.8178 12.1875 9.46674 8.9174 34.6386 33.9438 30.9857 21.7687 16.5859 11.6669 7.49068 5.20398 8.81245 4.45166 3.96787 1.83364 2.20431 1.95076 0.988984 0.746667
threshold=1.0000000180025095e-35 -8.3072719573974592 0.00075226789808231222 -0.064914468675851808 14.500000000000002 13.859466075897219 14.500000000000002 -24.38671779632568 0.38980324566364294 2.5000000000000004 78.585456848144545 0.80164751410484325 2.5000000000000004 1.0000000180025095e-35 0.76530429720878612 1.0000000180025095e-35 -0.010515488684177397 0.11689739674329759 -0.15907365083694455 2.5612684488296513 -1.7320105433464048 -1.0383247733116148 -0.399996668100357 0.23736840486526492 0.027242654934525493 -837.81671142578114 1.5179046392440798 0.069901917129755034 0.038904815912246711
decision_type=2 2 2 2 2 2 2 2 2 2 2 2 2 2 2 2 2 2 2 2 2 2 2 2 2 2 2 2 2
left_child=1 7 3 9 -5 6 -4 20 19 -3 -7 12 15 14 -14 18 -17 -15 -2 -9 22 -22 -1 -10 26 -26 27 -13 -27
right_child=11 2 5 4 -6 10 -8 8 23 -11 -12 24 13 17 -16 16 -18 -19 -20 -21 21 -23 -24 -25 25 28 -28 -29 -30
leaf_value=-0.00019549417596062023 0.00021521454945151765 -1.1189134064938095e-05 -1.1189134064938095e-05 -1.1189134064938095e-05 -1.2176058471032159e-05 -1.1189134064938095e-05 0.0001885407254699897 -1.1189134064938095e-05 0.00065338692878072328 1.0540194392377875e-05 7.0927616747131292e-05 -0.00032426591276649023 0.00019233947393465712 -1.3331866180096159e-05 0.004105285619866522 -9.8775602233483001e-05 0.00015329449170477672 -0.00026861648394938334 -0.00013987615561399208 -1.1189134064938095e-05 0.0030424050268287512 -1.0508555190591586e-05 -7.8342529453849513e-05 -1.1189134064938095e-05 4.8904872079655327e-05 -0.00044059125840834089 7.9404060275757503e-05 -0.0012821923716112944 -0.0015252594723277611
leaf_weight=369 1106 5810 8509 14988 1771 8419 820 4480 34 696 4406 106 18420 20275 858 7414 19406 3978 21043 709 310 8900 375 353 38 70 43 30 105
leaf_count=369 1106 5810 8509 14988 1771 8419 820 4480 34 696 4406 106 18420 20275 858 7414 19406 3978 21043 709 310 8900 375 353 38 70 43 30 105
internal_value=-0.00277868 -0.00697263 -0.00879423 -0.013545 -0.016342 -0.00380518 -0.00698092 -0.0016452 -0.00360473 -0.0063403 -0.00149513 -2.6913e-05 5.94595e-06 0.000526636 0.00210862 -0.000456922 0.000686055 -0.000730837 -0.00184094 -0.00287628 -0.000547519 -0.000222584 -0.00456989 -0.0133721 -0.00778061 -0.0109155 -0.00405028 -0.00698529 -0.0132857
internal_weight=153841 60949 45419 23265 16759 22154 9329 15530 5576 6506 12825 92892 92500 43531 19278 48969 26820 24253 22149 5189 9954 9210 744 387 392 213 179 136 175
internal_count=153841 60949 45419 23265 16759 22154 9329 15530 5576 6506 12825 92892 92500 43531 19278 48969 26820 24253 22149 5189 9954 9210 744 387 392 213 179 136 175
is_linear=0
shrinkage=0.05


Tree=86
num_leaves=30
num_cat=0
split_feature=4 13 13 13 32 13 32 13 0 32 13 2 18 10 4 7 0 3 38 39 3 0 21 3 9 13 39 7 7
split_gain=707.282 239.87 430.408 187.527 134.374 64.6984 21.7008 14.0284 15.8695 12.8178 12.0177 9.46017 8.48987 10.8465 11.4118 10.7202 8.12252 11.0203 7.7107 7.49068 4.88239 8.00712 6.57863 3.96787 1.83364 2.20431 1.95076 0.988984 0.746667
threshold=1.0000000180025095e-35 -8.3072719573974592 0.00075226789808231222 -0.064914468675851808 14.500000000000002 13.859466075897219 14.500000000000002 -24.38671779632568 0.38980324566364294 2.5000000000000004 78.585456848144545 0.80164751410484325 -757.52301025390614 0.15003234148025515 29.175000190734867 0.12917864322662356 0.047409167513251312 -0.16337496787309644 -0.57218551635742176 2.5612684488296513 -1.7320105433464048 -1.0383247733116148 0.32500000298023229 0.23736840486526492 0.027242654934525493 -837.81671142578114 1.5179046392440798 0.069901917129755034 0.038904815912246711
decision_type=2 2 2 2 2 2 2 2 2 2 2 2 2 2 2 2 2 2 2 2 2 2 2 2 2 2 2 2 2
left_child=1 7 3 9 -5 6 -4 20 19 -3 -7 12 16 14 -14 -15 18 -18 -2 -9 22 -22 -1 -10 26 -26 27 -13 -27
right_child=11 2 5 4 -6 10 -8 8 23 -11 -12 24 13 15 -16 -17 17 -19 -20 -21 21 -23 -24 -25 25 28 -28 -29 -30
leaf_value=-0.00020805002447329502 0.0026990548761980679 -1.0629677361691189e-05 -1.0629677361691189e-05 -1.0629677361691189e-05 -1.1567255547480551e-05 -1.0629677361691189e-05 0.00017911368919649019 -1.0629677361691189e-05 0.00062071758234168704 1.0013184672758978e-05 6.7381235909774745e-05 -0.00030805261712816569 -4.5490828086129344e-05 2.3167334706148888e-05 -0.00025012012091632827 0.0015730110188258808 0.001205342433788302 0.00010263980583572891 5.2647797734594817e-06 -1.0629677361691189e-05 0.0028902847754873136 -9.9831274310620073e-06 0.00012220685464950677 -1.0629677361691189e-05 4.645962847567263e-05 -0.00041856169548792389 7.543385726196959e-05 -0.0012180827530307295 -0.0014489964987113729
leaf_weight=378 119 5810 8509 14988 1771 8419 820 4480 34 696 4406 106 31140 23609 4438 702 2114 8050 22328 709 310 8900 366 353 38 70 43 30 105
leaf_count=378 119 5810 8509 14988 1771 8419 820 4480 34 696 4406 106 31140 23609 4438 702 2114 8050 22328 709 310 8900 366 353 38 70 43 30 105
internal_value=-0.00277576 -0.00696115 -0.00879533 -0.013545 -0.016342 -0.00380744 -0.00697556 -0.00159691 -0.00360473 -0.0063403 -0.00150292 -2.96043e-05 3.24324e-06 -0.000350231 -0.000906459 0.000463782 0.000652387 0.00182507 0.000121397 -0.00287628 -0.000472172 -0.000157438 -0.00436828 -0.0133721 -0.00778061 -0.0109155 -0.00405028 -0.00698529 -0.0132857
internal_weight=153841 60949 45419 23265 16759 22154 9329 15530 5576 6506 12825 92892 92500 59889 35578 24311 32611 10164 22447 5189 9954 9210 744 387 392 213 179 136 175
internal_count=153841 60949 45419 23265 16759 22154 9329 15530 5576 6506 12825 92892 92500 59889 35578 24311 32611 10164 22447 5189 9954 9210 744 387 392 213 179 136 175
is_linear=0
shrinkage=0.05


Tree=87
num_leaves=30
num_cat=0
split_feature=4 24 3 32 21 32 24 3 3 3 3 39 3 39 39 38 38 34 2 3 34 3 34 18 34 39 3 2 8
split_gain=705.468 155.358 79.1218 50.5248 45.8801 45.1878 35.7263 33.6436 25.5424 16.8837 14.6633 12.5583 8.877 8.59676 7.98506 18.2026 14.7528 14.4599 13.0411 19.036 16.0199 7.82141 6.60488 4.6791 3.79677 2.68904 3.41119 2.15207 0.576623
threshold=1.0000000180025095e-35 2.5000000000000004 -0.10520397126674651 14.500000000000002 1.0000000180025095e-35 14.500000000000002 1.0000000180025095e-35 -0.27034932374954218 -0.15598179399967191 -0.32882358133792872 0.34838911890983587 -3.0035413503646846 0.46115627884864813 -4.1308479309082022 -0.64869436621665943 0.21128143370151523 -0.51251009106636036 3.5000000000000004 0.39564776420593267 0.27473497390747076 3.5000000000000004 -0.25888420641422266 3.5000000000000004 16500.463867187504 1.0000000180025095e-35 1.1907363533973696 0.50493973493576061 0.61745002865791332 0.0075411654543131599
decision_type=2 2 2 2 2 2 2 2 2 2 2 2 2 2 2 2 2 2 2 2 2 2 2 2 2 2 2 2 2
left_child=1 2 9 4 7 6 -4 -3 -6 13 21 -11 14 -1 15 16 -2 -17 20 -20 -16 -5 -7 25 -12 26 -14 -25 -27
right_child=12 3 5 10 8 22 -8 -9 -10 11 24 -13 23 -15 18 17 -18 -19 19 -21 -22 -23 -24 27 -26 28 -28 -29 -30
leaf_value=-1.9668719208996099e-05 0.001508556016865019 -1.0160270739724677e-05 -1.0098193493606631e-05 0.0032950030538547435 -1.0098193493606631e-05 -7.2226824073011743e-05 -1.0098193493606631e-05 -1.0098193493606631e-05 -1.0098193493606631e-05 -1.0098193493606631e-05 5.8804784219159495e-06 -1.0098193493606631e-05 -0.00016823410465591356 -1.0098193493606631e-05 -3.7173449277566178e-05 0.00021894215074646161 -8.7295182513836249e-05 0.0010484308628832156 0.00086846712430731655 -9.8225297886373475e-05 0.00017861316025329262 0.00018304773730283224 0.00091088060637295085 0.0013242310561141365 -2.71898326692588e-05 -0.0003242723871050653 -0.00061239790102841831 -0.0005335887347144169 -0.00050614368900062361
leaf_weight=474 351 2033 1256 433 6698 1166 15573 6961 17667 1005 46 3189 301 1822 41934 2007 24402 620 5304 3040 14570 2087 389 38 150 69 124 32 100
leaf_count=474 351 2033 1256 433 6698 1166 15573 6961 17667 1005 46 3189 301 1822 41934 2007 24402 620 5304 3040 14570 2087 389 38 150 69 124 32 100
internal_value=-0.00278031 -0.00696033 -0.0100004 -0.00486417 -0.00539809 -0.0116759 -0.0124294 -0.00845008 -0.0042715 -0.00525424 0.00169367 -0.00714115 -3.76782e-05 -0.00180749 3.79494e-06 -0.000712199 -0.00113219 0.00324515 0.0003061 0.00215125 3.36259e-05 0.00271825 -0.0035209 -0.00579819 -0.0114796 -0.00723906 -0.00511765 0.00642857 -0.012574
internal_weight=153841 60949 24874 36075 33359 18384 16829 8994 24365 6490 2716 4194 92892 2296 92228 27380 24753 2627 64848 8344 56504 2520 1555 664 196 594 425 70 169
internal_count=153841 60949 24874 36075 33359 18384 16829 8994 24365 6490 2716 4194 92892 2296 92228 27380 24753 2627 64848 8344 56504 2520 1555 664 196 594 425 70 169
is_linear=0
shrinkage=0.05


Tree=88
num_leaves=28
num_cat=0
split_feature=4 3 32 14 25 14 32 38 34 2 0 3 32 32 39 1 34 1 1 1 25 39 0 32 10 8 25
split_gain=693.087 125.983 104.212 77.9825 59.4067 18.3095 16.6772 15.2512 10.443 8.51721 8.54571 16.2321 13.1529 11.6734 11.0747 10.3737 7.30006 6.97115 8.67719 6.9025 8.21374 6.07772 5.69558 4.03155 3.414 3.52662 3.50084
threshold=1.0000000180025095e-35 -0.15598179399967191 14.500000000000002 1.0000000180025095e-35 1.0000000180025095e-35 1.0000000180025095e-35 14.500000000000002 -0.11426458507776259 3.5000000000000004 0.77363860607147228 0.12907829880714419 -0.48318813741207117 2.5000000000000004 31.500000000000004 -4.0763666629791251 -0.045592067763209336 2.5000000000000004 -0.75809195637702931 -0.50997334718704213 -1.0380201935768125 0.29224318265914923 1.0014124512672427 -0.37195242941379542 27.500000000000004 0.15439013391733172 0.056556396186351783 0.46834939718246466
decision_type=2 2 2 2 2 2 2 2 2 2 2 2 2 2 2 2 2 2 2 2 2 2 2 2 2 2 2
left_child=1 5 3 4 -3 6 7 -1 -8 10 13 16 -13 15 -15 -2 -12 -4 -19 20 -7 -5 -21 24 26 -26 -11
right_child=9 2 17 21 -6 19 8 -9 -10 23 11 12 -14 14 -16 -17 -18 18 -20 22 -22 -23 -24 -25 25 -27 -28
leaf_value=-9.5932838189262988e-06 -7.4927166538684565e-06 -9.5932838189262988e-06 -0.0010994529109936851 9.7288661135205197e-05 -9.5932838189262988e-06 -0.00010008942456800014 0.0018498320168403683 -9.5932838189262988e-06 -0.00085027114793378772 -0.00010156094770412657 -0.00046649960196802831 -6.1090787759204854e-07 0.00056028904728151925 0.0054600579214714303 0.00040593955275019107 -0.00010913318767836616 0.0023613568499371166 0.0041468129319499804 -9.6294011366435828e-06 0.0013872136832772967 0.00044215556000658078 -9.5932838189262988e-06 0.00021917626798942914 -0.0014723037162454678 -0.00027531364300293026 -0.0017264806218995983 -0.00062896172250827016
leaf_weight=1157 58382 2055 32 1966 37404 303 643 10821 249 610 245 16841 2357 104 2149 10175 1539 62 3650 235 155 794 1423 51 339 61 39
leaf_count=1157 58382 2055 32 1966 37404 303 643 10821 249 610 245 16841 2357 104 2149 10175 1539 62 3650 235 155 794 1423 51 339 61 39
internal_value=-0.00275398 -0.00689716 -0.00819518 -0.00890417 -0.00947249 -0.00291605 -0.00362471 -0.00411588 0.00297085 -3.55251e-05 1.6886e-05 0.000903155 0.000479217 -0.000245728 0.00329561 -0.000362107 0.00546525 -0.000200321 0 0.00139414 -0.0040393 -0.000778986 0.00289505 -0.00440909 -0.00374166 -0.007375 -0.00150231
internal_weight=153841 60949 45963 42219 39459 14986 12870 11978 892 92892 91792 20982 19198 70810 2253 68557 1784 3744 3712 2116 458 2760 1658 1100 1049 400 649
internal_count=153841 60949 45963 42219 39459 14986 12870 11978 892 92892 91792 20982 19198 70810 2253 68557 1784 3744 3712 2116 458 2760 1658 1100 1049 400 649
is_linear=0
shrinkage=0.05


Tree=89
num_leaves=31
num_cat=0
split_feature=5 13 13 32 13 13 13 0 1 3 25 24 5 7 13 25 1 1 2 38 20 1 1 2 38 38 25 13 25 13
split_gain=695.793 236.127 416.727 165.642 163.455 35.9592 14.2899 15.8404 14.0665 10.9317 10.4973 10.0227 8.18839 9.45569 9.28621 8.42894 14.8011 9.22501 6.31557 8.01941 7.96687 5.80207 5.31246 4.87575 4.75012 6.95733 5.57617 4.04455 3.44935 1.05734
threshold=1.0000000180025095e-35 -8.3072719573974592 3.6173341274261479 14.500000000000002 -0.064914468675851808 13.859466075897219 -24.38671779632568 0.38980324566364294 0.40330043435096746 -0.13065119087696073 0.073427964001894011 2.5000000000000004 7.1250000000000009 0.1242388002574444 5897.6616210937509 0.14129736274480822 -0.043816860765218728 0.032885696738958366 0.041350621730089195 0.41058568656444555 -1.0000000180025095e-35 -2.4581794738769527 -0.048678407445549958 -0.2910610288381576 -0.10921233519911765 0.037382680922746665 0.20246493816375735 -185.9236145019531 0.3111968487501145 -70.99575042724608
decision_type=2 2 2 2 2 2 2 2 2 2 2 2 2 2 2 2 2 2 2 2 2 2 2 2 2 2 2 2 2 2
left_child=1 6 3 4 -3 9 21 11 -7 -4 -5 -8 13 18 15 17 -17 -14 20 -20 -2 23 -9 -1 26 -26 -16 -23 29 -15
right_child=12 2 5 10 -6 8 7 22 -10 -11 -12 -13 14 28 24 16 -18 -19 19 -21 -22 27 -24 -25 25 -27 -28 -29 -30 -31
leaf_value=-5.6842548676832154e-05 -0.00012257895466630505 -9.1136196279799837e-06 -9.1136196279799837e-06 -0.00015629910601196439 -9.1136196279799837e-06 -9.1136196279799837e-06 -9.1136196279799837e-06 0.00046762752878804425 -9.1136196279799837e-06 -9.1136196279799837e-06 8.3646939974845944e-05 -9.1136196279799837e-06 -0.00012573068006386403 0.0026996979062576601 -0.00071862990326274502 8.3389788966940943e-05 -0.0001363833913416327 5.7150140768052163e-05 0.00010395444638876539 0.0035334126515402134 4.1713767948596463e-05 0.00026133375044724833 -9.1136196279799837e-06 -0.0002110988906879655 0.0008400583546835671 6.921643842305869e-05 0.00081484310398139553 -2.025774195053812e-05 0.0085122781947878038 -0.0006895898403842457
leaf_weight=197 4798 6008 1494 1553 18105 12617 1780 45 208 4415 1019 3409 23632 45 288 18185 7411 6301 19566 77 9278 1451 342 86 1448 1461 269 8220 98 35
leaf_count=197 4798 6008 1494 1553 18105 12617 1780 45 208 4415 1019 3409 23632 45 288 18185 7411 6301 19566 77 9278 1451 342 86 1448 1461 269 8220 98 35
internal_value=-0.0027582 -0.00690947 -0.00872928 -0.0127422 -0.0140287 -0.00301324 -0.00158725 -0.0036137 -0.00152632 -0.00624048 -0.000680404 -0.00288591 -3.44486e-05 0.00058486 -0.000390287 -0.000547011 0.000119159 -0.00111666 0.000524185 0.00110345 -0.000284172 -0.00045208 -0.0133721 -0.00750883 0.0021206 0.00293056 -0.00210952 -0.00024558 0.0120787 0.004375
internal_weight=153841 60949 45419 26685 24113 18734 15530 5576 12825 5909 2572 5189 92892 33897 58995 55529 25596 29933 33719 19643 14076 9954 387 283 3466 2909 557 9671 178 80
internal_count=153841 60949 45419 26685 24113 18734 15530 5576 12825 5909 2572 5189 92892 33897 58995 55529 25596 29933 33719 19643 14076 9954 387 283 3466 2909 557 9671 178 80
is_linear=0
shrinkage=0.05


Tree=90
num_leaves=30
num_cat=0
split_feature=4 24 3 32 21 14 32 14 3 3 1 39 3 22 39 2 8 0 39 3 32 38 39 38 1 8 21 10 2
split_gain=701.836 150.268 75.9704 56.3913 50.6371 40.1949 39.4292 31.841 31.4427 16.0538 13.9812 13.202 10.1226 9.32995 8.89187 8.16249 9.19134 9.00079 15.6718 17.2305 10.3608 10.1128 10.0372 9.40006 7.71202 3.36982 3.61242 2.7254 1.2797
threshold=1.0000000180025095e-35 2.5000000000000004 -0.10520397126674651 14.500000000000002 1.0000000180025095e-35 1.0000000180025095e-35 14.500000000000002 1.0000000180025095e-35 -0.27034932374954218 -0.32882358133792872 0.40330043435096746 -3.0035413503646846 -0.25888420641422266 1.302780866622925 -4.1308479309082022 0.74247610569000255 0.12563631683588031 0.13624896109104159 -2.0392051935195918 0.011267112568020822 31.500000000000004 0.30095177888870245 -4.0763666629791251 0.41058568656444555 0.072712808847427382 0.070702768862247481 0.075000001117587103 0.21280190348625186 0.77363860607147228
decision_type=2 2 2 2 2 2 2 2 2 2 2 2 2 2 2 2 2 2 2 2 2 2 2 2 2 2 2 2 2
left_child=1 2 9 5 8 -4 7 -6 13 14 -10 -11 -8 -3 -1 17 25 20 21 -20 23 -19 -22 -2 -5 26 -17 -27 -18
right_child=15 4 3 24 6 -7 12 -9 10 11 -12 -13 -14 -15 -16 16 28 18 19 -21 22 -23 -24 -25 -26 27 -28 -29 -30
leaf_value=-1.9498994748048919e-05 -3.0542558404929311e-05 -8.7169120303931285e-06 -8.6579386465809837e-06 -0.00019466771627825973 -8.6579386465809837e-06 -8.6579386465809837e-06 0.0047417774524630835 0.0001012741890098262 -8.6579386465809837e-06 -8.6579386465809837e-06 -8.6579386465809837e-06 -8.6579386465809837e-06 0.00016760766529901055 -1.6967007050515057e-05 -8.6579386465809837e-06 -0.00038319302218546005 0.0038067251497076377 -0.0002667774308935088 0.00083591172929665079 4.3788748376360002e-05 0.005187599431239736 0.0015571820134945612 0.00037913661484673231 0.00058111144422933901 0.00017858548929037274 -0.00099266539322851463 -0.00014533553791441569 -0.0018892090154268187 0.0010044754221166824
leaf_weight=474 68503 1725 15985 1200 21881 844 307 2484 7236 1005 393 3189 1616 433 1822 611 46 1752 5134 12255 104 248 2174 729 355 138 1120 38 40
leaf_count=474 68503 1725 15985 1200 21881 844 307 2484 7236 1005 393 3189 1616 433 1822 611 46 1752 5134 12255 104 248 2174 729 355 138 1120 38 40
internal_value=-0.00276893 -0.00693818 -0.00992804 -0.0115698 -0.00487665 -0.0124116 -0.00373364 -0.00427765 -0.00794677 -0.00527735 -0.00945406 -0.00711731 0.00315913 -0.00261816 -0.00191638 -3.33721e-05 -0.0031987 3.6029e-05 0.000991542 0.00147363 -0.000223046 -0.0032 0.00309482 -0.000332216 -0.00245981 -0.00391977 -0.00324957 -0.0105114 0.0127907
internal_weight=153841 60949 24874 18384 36075 16829 26288 24365 9787 6490 7629 4194 1923 2158 2296 92892 1993 90899 19389 17389 71510 2000 2278 69232 1555 1907 1731 176 86
internal_count=153841 60949 24874 18384 36075 16829 26288 24365 9787 6490 7629 4194 1923 2158 2296 92892 1993 90899 19389 17389 71510 2000 2278 69232 1555 1907 1731 176 86
is_linear=0
shrinkage=0.05


Tree=91
num_leaves=31
num_cat=0
split_feature=4 13 13 32 13 13 13 3 1 3 3 24 3 38 38 13 2 38 22 3 14 3 13 1 2 32 13 2 13 2
split_gain=701.57 238.327 422.525 148.222 163.741 35.9592 14.0734 15.5657 14.0665 10.9317 10.6342 9.24833 7.7991 7.63142 13.3257 13.7039 12.8703 13.9348 13.4741 12.5543 6.09188 7.50723 6.09585 5.21204 4.92742 4.69874 3.78643 2.43521 2.28733 1.7236
threshold=1.0000000180025095e-35 -8.3072719573974592 3.6173341274261479 14.500000000000002 -0.064914468675851808 13.859466075897219 -24.38671779632568 0.35972993075847631 0.40330043435096746 -0.13065119087696073 -0.40402586758136744 2.5000000000000004 0.37682336568832403 -0.0085445949807763082 1.0000000180025095e-35 -3452.599487304687 0.02214506454765797 -0.24519689381122586 2.2804714441299443 -0.25888420641422266 -1.0000000180025095e-35 0.46115627884864813 19835.107421875004 -2.4581794738769527 -0.25003533065319056 27.500000000000004 -217.27296447753903 0.40479560196399694 -270.54681396484369 0.29218007624149328
decision_type=2 2 2 2 2 2 2 2 2 2 2 2 2 2 2 2 2 2 2 2 2 2 2 2 2 2 2 2 2 2
left_child=1 6 3 4 -3 9 23 11 -7 -4 -5 -8 13 16 15 -15 18 -18 -2 -16 21 29 25 24 -1 -22 -25 -9 -23 -14
right_child=12 2 5 10 -6 8 7 27 -10 -11 -12 -13 20 14 19 -17 17 -19 -20 -21 22 28 -24 26 -26 -27 -28 -29 -30 -31
leaf_value=-4.3536634540124544e-05 -0.00015981048698760641 -8.2250417142519342e-06 -8.2250417142519342e-06 0.017927638731842766 -8.2250417142519342e-06 -8.2250417142519342e-06 -8.2250417142519342e-06 -8.2250417142519342e-06 -8.2250417142519342e-06 -8.2250417142519342e-06 -2.0225237542768266e-05 -8.2250417142519342e-06 -0.00023747325983819944 0.0012436087944634753 8.450505386921404e-05 9.6059559522388392e-05 0.00044522785891690708 -3.1154526348867174e-05 0.0016932847768535511 -7.3274636789175118e-05 -0.00024755198704861563 -0.00043377834850681055 0.0017162715301065894 0.00029490955981818009 -0.00021228053513895487 -0.0011278801516326022 -1.8556004372952619e-05 -8.2250417142519342e-06 -0.00013930279674150155 0.00053517089231196538
leaf_weight=209 8116 6008 1494 111 18105 12617 1770 43 208 4415 2461 3469 40 1364 8966 33744 2063 15331 105 20615 1938 35 51 1139 74 157 8532 294 110 257
leaf_count=209 8116 6008 1494 111 18105 12617 1770 43 208 4415 2461 3469 40 1364 8966 33744 2063 15331 105 20615 1938 35 51 1139 74 157 8532 294 110 257
internal_value=-0.00277218 -0.00694064 -0.00876891 -0.0128096 -0.0140267 -0.00301324 -0.00159369 -0.00360473 -0.00152632 -0.00624048 -0.00139969 -0.00293472 -3.71399e-05 4.0419e-05 0.000329654 0.000988379 -0.000690025 8.04875e-05 -0.00232028 -0.000452148 -0.00274343 0.00260181 -0.00384436 -0.000467149 -0.00715548 -0.00426014 -0.00027143 -0.0140208 -0.00672414 0.00715488
internal_weight=153841 60949 45419 26685 24113 18734 15530 5576 12825 5909 2572 5239 92892 90304 64689 35108 25615 17394 8221 29581 2588 442 2146 9954 283 2095 9671 337 145 297
internal_count=153841 60949 45419 26685 24113 18734 15530 5576 12825 5909 2572 5239 92892 90304 64689 35108 25615 17394 8221 29581 2588 442 2146 9954 283 2095 9671 337 145 297
is_linear=0
shrinkage=0.05


Tree=92
num_leaves=30
num_cat=0
split_feature=4 13 13 32 13 13 13 3 1 3 3 24 2 18 10 4 8 38 2 9 1 2 1 2 20 1 13 13 1
split_gain=698.12 236.861 418.816 158.905 163.741 35.9592 14.1185 15.5657 14.0665 10.9317 9.38965 9.24833 7.67362 7.42335 10.2846 12.5877 8.67726 7.99889 6.46993 5.74867 5.21987 4.92742 3.53247 2.43521 1.68736 1.73937 1.71361 1.13322 1.02849
threshold=1.0000000180025095e-35 -8.3072719573974592 3.6173341274261479 14.500000000000002 -0.064914468675851808 13.859466075897219 -24.38671779632568 0.35972993075847631 0.40330043435096746 -0.13065119087696073 -0.43222993612289423 2.5000000000000004 0.80164751410484325 -383.64038085937494 0.17685000598430636 29.625000000000004 0.082414045929908766 0.022899578325450424 0.1552090868353844 0.18031263351440432 -2.4581794738769527 -0.25003533065319056 -0.11904333904385565 0.40479560196399694 -1.0000000180025095e-35 0.042569207027554519 1656.266052246094 -144.23081207275388 -0.048678407445549958
decision_type=2 2 2 2 2 2 2 2 2 2 2 2 2 2 2 2 2 2 2 2 2 2 2 2 2 2 2 2 2
left_child=1 6 3 4 -3 9 20 11 -7 -4 -5 -8 13 17 15 -15 -16 18 -2 -19 21 -1 -22 -9 25 -14 -27 -26 -29
right_child=12 2 5 10 -6 8 7 23 -10 -11 -12 -13 24 14 16 -17 -18 19 -20 -21 22 -23 -24 -25 27 26 -28 28 -30
leaf_value=-4.1359802813118313e-05 3.4950547375735276e-05 -7.8137896285393395e-06 -7.8137896285393395e-06 0.02194759704639938 -7.8137896285393395e-06 -7.8137896285393395e-06 -7.8137896285393395e-06 -7.8137896285393395e-06 -7.8137896285393395e-06 -7.8137896285393395e-06 -1.9213975665629851e-05 -7.8137896285393395e-06 0.00022754012007793922 -4.3591190841054788e-05 2.5285119266873005e-05 -0.00025757571616556453 0.0040175246603436632 4.6616059500833103e-05 0.00023468473747809772 -0.00013718645405376621 5.7933274563100888e-05 -0.00020166650838200715 -2.2934479596045614e-05 -7.8137896285393395e-06 -0.0013432304063659946 -0.00024075387755040169 -0.00082370013835672453 -0.00094957760448535463 -0.00084202339283142268
leaf_weight=209 17552 6008 1494 95 18105 12617 1770 43 208 4415 2477 3469 30 28822 21919 4133 244 4358 10269 5203 5039 74 4632 294 42 177 51 31 61
leaf_count=209 17552 6008 1494 95 18105 12617 1770 43 208 4415 2477 3469 30 28822 21919 4133 244 4358 10269 5203 5039 74 4632 294 42 177 51 31 61
internal_value=-0.00276276 -0.00692095 -0.00874359 -0.0127665 -0.0140267 -0.00301324 -0.00159047 -0.00360473 -0.00152632 -0.00624048 -0.000952566 -0.00293472 -3.44486e-05 -4.86486e-06 -0.000373744 -0.000933849 0.000459098 0.000539029 0.000967794 -0.000708608 -0.000462126 -0.00715548 -0.00026626 -0.0140208 -0.00701531 -0.00465116 -0.00614035 -0.0115672 -0.0146739
internal_weight=153841 60949 45419 26685 24113 18734 15530 5576 12825 5909 2572 5239 92892 92500 55118 32955 22163 37382 27821 9561 9954 283 9671 337 392 258 228 134 92
internal_count=153841 60949 45419 26685 24113 18734 15530 5576 12825 5909 2572 5239 92892 92500 55118 32955 22163 37382 27821 9561 9954 283 9671 337 392 258 228 134 92
is_linear=0
shrinkage=0.05


Tree=93
num_leaves=29
num_cat=0
split_feature=4 13 13 32 13 13 13 0 1 3 24 39 3 13 32 4 7 13 21 1 1 3 34 22 0 0 4 21
split_gain=699.045 237.647 419.138 157.962 163.741 35.9592 14.2543 15.8695 14.0665 10.9317 10.0863 8.63327 7.56361 7.07696 7.53493 7.44099 9.10888 8.55702 7.418 5.31246 4.70557 4.51865 4.42187 4.01462 3.61824 1.90212 2.05268 1.6609
threshold=1.0000000180025095e-35 -8.3072719573974592 3.6173341274261479 14.500000000000002 -0.064914468675851808 13.859466075897219 -24.38671779632568 0.38980324566364294 0.40330043435096746 -0.13065119087696073 2.5000000000000004 -2.4367283582687373 0.46115627884864813 -5644.7990722656241 19.500000000000004 7.9749999046325692 0.14139872044324878 36.243595123291023 0.97499999403953563 -0.048678407445549958 -2.4581794738769527 -1.7320105433464048 2.5000000000000004 0.40968684852123266 -0.14170248061418531 0.051913557574152953 12.625000000000002 0.32500000298023229
decision_type=2 2 2 2 2 2 2 2 2 2 2 2 2 2 2 2 2 2 2 2 2 2 2 2 2 2 2 2
left_child=1 6 3 4 -3 9 20 10 -7 -4 -8 -5 13 14 18 16 -15 -17 -2 -9 21 -1 -16 25 -22 -14 -27 -25
right_child=12 2 5 11 -6 8 7 19 -10 -11 -12 -13 23 15 22 17 -18 -19 -20 -21 24 -23 -24 27 -26 26 -28 -29
leaf_value=-0.00012634300744275321 0.000555769620765258 -7.4231001471123724e-06 -7.4231001471123724e-06 0.0010827615477771509 -7.4231001471123724e-06 -7.4231001471123724e-06 -7.4231001471123724e-06 0.00044548099084811064 -7.4231001471123724e-06 -7.4231001471123724e-06 -7.4231001471123724e-06 -3.4548276973245373e-05 -0.00043511528600720958 3.4641871984038113e-05 0.0020428641585220875 -7.8606116841934646e-05 0.0075177079941817276 2.6919072919277463e-05 -0.0002780217692988799 -7.4231001471123724e-06 0.00018205465901349196 0.0010857605918395176 0.0074354760632193585 -0.00019314874525139654 -2.1604491631112385e-05 -0.00018696197894012089 -0.00054566678833386183 0.0012030581596857966
leaf_weight=224 1837 6008 1494 398 18105 12617 1780 45 208 4415 3409 2174 32 36738 96 28667 109 23857 822 342 2439 59 102 53 7232 310 230 39
leaf_count=224 1837 6008 1494 398 18105 12617 1780 45 208 4415 3409 2174 32 36738 96 28667 109 23857 822 342 2439 59 102 53 7232 310 230 39
internal_value=-0.00275918 -0.00692013 -0.00874579 -0.0127703 -0.0140267 -0.00301324 -0.00158081 -0.00360473 -0.00152632 -0.00624048 -0.00287628 -0.000991446 -2.9066e-05 9.21629e-06 0.00245887 -6.9094e-05 0.000475615 -0.000451222 0.00175818 -0.0133721 -0.000447056 -0.00680212 0.0118687 -0.00534639 -0.00026109 -0.00690559 -0.0062037 0.00434783
internal_weight=153841 60949 45419 26685 24113 18734 15530 5576 12825 5909 5189 2572 92892 92228 2857 89371 36847 52524 2659 387 9954 283 198 664 9671 572 540 92
internal_count=153841 60949 45419 26685 24113 18734 15530 5576 12825 5909 5189 2572 92892 92228 2857 89371 36847 52524 2659 387 9954 283 198 664 9671 572 540 92
is_linear=0
shrinkage=0.05


Tree=94
num_leaves=30
num_cat=0
split_feature=4 13 13 32 13 13 13 1 0 24 32 39 2 22 34 34 2 14 14 8 1 1 2 7 1 32 4 38 2
split_gain=697.745 239.562 419.343 159.378 163.741 35.573 14.286 14.0665 12.6109 10.573 9.15528 7.55904 7.21751 8.65522 15.8618 19.7989 8.33334 16.908 11.7745 8.31417 6.98873 5.29159 4.89826 4.35077 4.15202 4.06308 3.94964 3.91027 1.5547
threshold=1.0000000180025095e-35 -8.3072719573974592 3.6173341274261479 14.500000000000002 -0.064914468675851808 13.859466075897219 -23.134503364562985 0.40330043435096746 0.38015936315059667 2.5000000000000004 19.500000000000004 -2.4367283582687373 0.74247610569000255 0.69387668371200573 2.5000000000000004 5.0000000000000009 0.40479560196399694 -1.0000000180025095e-35 1.0000000180025095e-35 0.12563631683588031 -1.8363965749740598 -2.4581794738769527 -0.21507957577705381 0.078217528760433211 -0.048678407445549958 2.5000000000000004 7.0250000953674325 -0.084379330277442918 0.77363860607147228
decision_type=2 2 2 2 2 2 2 2 2 2 2 2 2 2 2 2 2 2 2 2 2 2 2 2 2 2 2 2 2
left_child=1 6 3 4 -3 10 21 -7 9 -8 -4 -5 13 16 20 -16 18 -18 -2 23 -15 22 -1 25 -10 -14 -25 -23 -21
right_child=12 2 5 11 -6 7 8 -9 24 -11 -12 -13 19 14 15 -17 17 -19 -20 28 -22 27 -24 26 -26 -27 -28 -29 -30
leaf_value=-3.6831070850603068e-05 -4.5575404363133746e-05 -7.0519451397567542e-06 -7.0519451397567542e-06 0.0010286234703882934 -7.0519451397567542e-06 -7.0519451397567542e-06 -7.0519451397567542e-06 -7.0519451397567542e-06 0.00027217031762339006 -7.0519451397567542e-06 0.00025066012761678844 -3.2820863124583112e-05 -0.00014494533644929749 -0.00031697398130417276 0.0011969357498028421 -0.00095228278978845115 0.00096511935522666412 4.6557367426056101e-05 9.6159554748167025e-05 0.0036103877963274559 0.00012373777685570293 -7.92199979914615e-05 -0.00018023426635298224 0.001713878667868949 -7.0519451397567542e-06 -0.00061602123127252112 -0.0012403446646658733 1.010750740547542e-06 0.00095353070737863317
leaf_weight=212 60172 6008 5488 398 18105 12617 1667 208 45 3211 421 2174 1427 2007 3301 266 1418 6574 11809 46 5352 1157 74 32 325 148 300 8839 40
leaf_count=212 60172 6008 5488 398 18105 12617 1667 208 45 3211 421 2174 1427 2007 3301 266 1418 6574 11809 46 5352 1157 74 32 325 148 300 8839 40
internal_value=-0.0027491 -0.00690618 -0.00873918 -0.0127647 -0.0140267 -0.00300523 -0.0015454 -0.00152632 -0.00366806 -0.00299303 -0.0062151 -0.000933126 -2.15304e-05 4.37299e-05 0.00136372 0.00410008 -0.000136609 0.00139515 -0.000306678 -0.00299799 3.73692e-05 -0.000461972 -0.00716783 -0.0036838 -0.0125676 -0.0025873 -0.00888554 -0.000270108 0.0122093
internal_weight=153841 60949 45419 26685 24113 18734 15530 12825 5248 4878 5909 2572 92892 90899 10926 3567 79973 7992 71981 1993 7359 10282 286 1907 370 1575 332 9996 86
internal_count=153841 60949 45419 26685 24113 18734 15530 12825 5248 4878 5909 2572 92892 90899 10926 3567 79973 7992 71981 1993 7359 10282 286 1907 370 1575 332 9996 86
is_linear=0
shrinkage=0.05


Tree=95
num_leaves=31
num_cat=0
split_feature=4 13 13 13 13 13 13 1 3 22 3 24 21 2 37 21 25 2 13 2 37 20 2 1 1 1 2 38 21 3
split_gain=696.805 240.059 418.631 141.449 69.4371 35.7015 14.2878 14.0665 13.7443 12.1884 11.0297 9.91333 7.18448 12.6642 10.8061 10.7142 12.6747 10.2993 9.53699 6.97916 13.0947 7.19883 5.79825 6.35085 6.28541 5.03424 4.46526 3.80833 3.72394 2.89537
threshold=1.0000000180025095e-35 -8.3072719573974592 3.6173341274261479 -0.064914468675851808 0.00075226789808231222 13.859466075897219 -23.134503364562985 0.40330043435096746 0.35972993075847631 0.035777354612946517 -0.13065119087696073 2.5000000000000004 0.075000001117587103 -0.58845719695091236 1.0000000180025095e-35 0.97499999403953563 0.27961002290248876 0.78842890262603771 -111.41680526733397 0.3874464631080628 1.0000000180025095e-35 -1.0000000180025095e-35 0.59652218222618114 0.16631524264812472 -2.0014209747314449 -2.4581794738769527 -0.21507957577705381 -0.07098848000168799 0.42499999701976782 -0.746020346879959
decision_type=2 2 2 2 2 2 2 2 2 2 2 2 2 2 2 2 2 2 2 2 2 2 2 2 2 2 2 2 2 2
left_child=1 6 3 9 -5 10 25 -7 11 -3 -4 -8 18 14 28 17 -17 -15 19 21 -21 -2 24 -24 -20 26 -1 -27 -14 -16
right_child=12 2 5 4 -6 7 8 -9 -10 -11 -12 -13 13 15 29 16 -18 -19 22 20 -22 -23 23 -25 -26 27 -28 -29 -30 -31
leaf_value=-3.4989517308072918e-05 -0.00025940612355312558 -6.6993478827689156e-06 -6.6993478827689156e-06 -6.6993478827689156e-06 -6.6993478827689156e-06 -6.6993478827689156e-06 -6.6993478827689156e-06 -6.6993478827689156e-06 -6.6993478827689156e-06 -6.6993478827689156e-06 -6.6993478827689156e-06 -6.6993478827689156e-06 -0.0009839074808528081 6.8401300697547995e-05 0.0036642076996344732 -9.7239082474884746e-05 9.310936218765612e-05 -0.00055950162638868897 -0.00076562298514931855 0.0016944727442035235 -0.00011615977296481825 0.00010222341311651035 -0.00058601969997956163 -0.00023295815116320553 -7.8309395589253695e-05 -6.8135549576768558e-05 -0.00017122255303533311 2.0666868931490912e-06 0.0021628430844068654 0.00095957603573444683
leaf_weight=212 1093 200 1494 16759 3420 12617 1664 208 310 6306 4415 3274 69 43134 144 21781 9290 376 612 626 577 3249 273 761 10831 1318 74 8678 33 43
leaf_count=212 1093 200 1494 16759 3420 12617 1664 208 310 6306 4415 3274 69 43134 144 21781 9290 376 612 626 577 3249 273 761 10831 1318 74 8678 33 43
internal_value=-0.0027478 -0.00690208 -0.00873698 -0.012759 -0.0148261 -0.0030079 -0.00153574 -0.00152632 -0.00365854 -0.00634799 -0.00622356 -0.00301742 -2.20686e-05 0.000193669 0.0106401 0.000153189 -0.000555985 0.000659618 -0.000918322 0.000807033 0.00417706 -0.00012667 -0.0016851 -0.00527079 -0.00136109 -0.000452247 -0.00699301 -0.000265106 -0.00245098 0.0177807
internal_weight=153841 60949 45419 26685 20179 18734 15530 12825 5248 6506 5909 4938 92892 74870 289 74581 31071 43510 18022 5545 1203 4342 12477 1034 11443 10282 286 9996 102 187
internal_count=153841 60949 45419 26685 20179 18734 15530 12825 5248 6506 5909 4938 92892 74870 289 74581 31071 43510 18022 5545 1203 4342 12477 1034 11443 10282 286 9996 102 187
is_linear=0
shrinkage=0.05


Tree=96
num_leaves=31
num_cat=0
split_feature=4 3 32 14 25 14 22 38 4 25 1 0 1 3 38 0 3 38 32 2 1 34 3 22 2 14 38 39 2 25
split_gain=694.015 120.19 101.034 75.4911 60.1182 16.9222 14.0759 13.5598 7.11707 8.22795 9.99601 13.8004 7.13732 13.1953 7.59318 7.07944 7.46493 7.15487 6.93497 6.82412 6.7968 6.74593 18.0765 18.3864 13.4466 13.1927 6.04811 5.78316 5.47013 3.3563
threshold=1.0000000180025095e-35 -0.15598179399967191 14.500000000000002 1.0000000180025095e-35 1.0000000180025095e-35 1.0000000180025095e-35 0.042753819376230247 -0.11426458507776259 6.3250000476837167 0.11772857233881952 -0.043816860765218728 0.10278814285993577 0.032885696738958366 0.056662356480956085 0.4563125222921372 -0.14989548176527021 0.14591440558433535 0.044705292209982879 31.500000000000004 0.036306036636233337 -0.40616120398044581 1.5000000000000002 -2.5811635255813594 2.2804714441299443 0.39564776420593267 -1.0000000180025095e-35 0.059853740036487586 1.0014124512672427 0.093634162098169341 0.44848142564296728
decision_type=2 2 2 2 2 2 2 2 2 2 2 2 2 2 2 2 2 2 2 2 2 2 2 2 2 2 2 2 2 2
left_child=1 5 3 4 -3 6 -1 -8 21 12 18 -12 14 -14 -10 16 -4 -17 -11 29 -21 22 28 -24 26 -26 -23 -5 -2 -7
right_child=8 2 15 27 -6 19 7 -9 9 10 11 -13 13 -15 -16 17 -18 -19 -20 20 -22 24 23 -25 25 -27 -28 -29 -30 -31
leaf_value=-6.3643804886304703e-06 -0.00053766112833995643 -6.3643804886304703e-06 0.0019410641184187021 8.9676860834974091e-05 -6.3643804886304703e-06 -4.4381867329450008e-05 -6.3643804886304703e-06 -6.3643804886304703e-06 -0.0001130824416765481 5.971867775952482e-05 -0.00023803094195287179 7.7660323856709051e-06 0.00053130374210171721 -6.8925695270587788e-05 0.00068973990254353804 5.2252374867417427e-06 -0.0002705990789226011 -0.00016860741130845751 0.00085372432548563133 -0.00013990986274252628 0.00085029162955255308 0.00010835215299652271 -1.4628352666859121e-05 0.0015066896290519597 0.0031979484803260614 0.00063415887334211619 -0.00013127721426329665 -6.3643804886304703e-06 -0.0013077446393844475 0.0006521952304986454
leaf_weight=198 632 2055 251 1966 37404 1307 1257 11415 22906 23111 2945 6846 1682 4835 334 2560 34 899 474 168 407 15184 10117 306 356 1263 1769 794 132 234
leaf_count=198 632 2055 251 1966 37404 1307 1257 11415 22906 23111 2945 6846 1682 4835 334 2560 34 899 474 168 407 15184 10117 306 356 1263 1769 794 132 234
internal_value=-0.00275203 -0.00689798 -0.00816581 -0.0088639 -0.00942307 -0.00300948 -0.00369075 -0.00348406 -3.17573e-05 -0.000332235 0.000206735 -0.00113625 -0.000936754 0.000525549 -0.00134682 -0.000293803 0.0072807 -0.000917895 0.000764257 0.00113422 0.00578261 0.000605699 -0.000364262 0.000179891 0.00118996 0.00554355 0.000774199 -0.000869565 -0.00778796 -0.00060026
internal_weight=153841 60949 45963 42219 39459 14986 12870 12672 92892 63133 33376 9791 29757 6517 23240 3744 285 3459 23585 2116 575 29759 11187 10423 18572 1619 16953 2760 764 1541
internal_count=153841 60949 45963 42219 39459 14986 12870 12672 92892 63133 33376 9791 29757 6517 23240 3744 285 3459 23585 2116 575 29759 11187 10423 18572 1619 16953 2760 764 1541
is_linear=0
shrinkage=0.05


Tree=97
num_leaves=31
num_cat=0
split_feature=4 13 13 32 13 13 13 1 3 3 24 3 11 38 18 4 38 39 38 39 39 38 1 13 2 38 34 34 7 38
split_gain=693.533 241.354 418.333 158.754 163.457 35.7709 14.3764 14.058 13.77 11.08 9.97732 8.15194 6.83591 9.5846 8.61829 10.9554 7.70954 6.33659 9.10025 8.77673 7.01953 5.96682 4.79791 4.19729 4.05229 3.36941 3.11853 4.59774 2.93474 2.6493
threshold=1.0000000180025095e-35 -8.3072719573974592 3.6173341274261479 14.500000000000002 -0.064914468675851808 13.859466075897219 -23.134503364562985 0.40330043435096746 0.35972993075847631 -0.13065119087696073 2.5000000000000004 -0.43222993612289423 0.77802070975303661 -0.2055113688111305 1079.8569335937502 3.7250000238418584 0.11906004324555398 1.6970931291580202 -0.57218551635742176 -1.2835500836372373 -0.35300403833389277 -0.22641336172819135 -2.4581794738769527 -304.39356994628901 -0.21507957577705381 -0.084379330277442918 5.0000000000000009 2.5000000000000004 0.056714281439781196 -0.048978479579091065
decision_type=2 2 2 2 2 2 2 2 2 2 2 2 2 2 2 2 2 2 2 2 2 2 2 2 2 2 2 2 2 2
left_child=1 6 3 4 -3 9 22 -7 10 -4 -8 -5 17 21 15 -15 -16 18 19 -2 -20 23 24 -14 -1 -24 27 -19 -23 -28
right_child=12 2 5 11 -6 7 8 -9 -10 -11 -12 -13 13 14 16 -17 -18 26 20 -21 -22 28 25 -25 -26 -27 29 -29 -30 -31
leaf_value=-3.2921822418237745e-05 0.0029711775010182735 -6.0461614641989475e-06 -6.0461614641989475e-06 0.020745301129589708 -6.0461614641989475e-06 -6.0461614641989475e-06 -6.0461614641989475e-06 -6.0461614641989475e-06 -6.0461614641989475e-06 -6.0461614641989475e-06 -6.0461614641989475e-06 -2.0049634651825926e-05 0.0014494735707674632 3.9992999907488737e-05 -4.8375504049089343e-05 -0.00017403509756639714 0.00024563036480808911 -2.04205917817394e-05 -3.0919294734923357e-05 -0.0014785028697649589 7.3697893010898568e-05 0.00044399002909292469 -7.1534001588618461e-05 4.7821775409312519e-05 -0.00016234320635913495 9.4731391210596624e-07 0.0035779504713517626 -0.00025265646559652111 0.002995949514610258 -4.1823628879771469e-05
leaf_weight=212 123 6008 1494 95 18105 12617 1664 208 310 4415 3274 2477 216 2945 17445 7715 2577 1836 20173 30 36675 206 1157 1212 74 8839 73 1479 85 102
leaf_count=212 123 6008 1494 95 18105 12617 1664 208 310 4415 3274 2477 216 2945 17445 7715 2577 1836 20173 30 36675 206 1157 1212 74 8839 73 1479 85 102
internal_value=-0.00275593 -0.00690044 -0.00874028 -0.0127609 -0.0140204 -0.00301324 -0.00151964 -0.00153021 -0.00364901 -0.00623202 -0.00300729 -0.000952566 -3.66016e-05 -0.000622666 -0.000826217 -0.00197467 -0.000214764 0.000277314 0.00040394 0.0125817 0.000371165 0.00301047 -0.000432795 0.00168067 -0.00681818 -0.0002501 -0.00179083 -0.00213424 0.00953608 0.00471429
internal_weight=153841 60949 45419 26685 24113 18734 15530 12825 5248 5909 4938 2572 92892 32401 30682 10660 20022 60491 57001 153 56848 1719 10282 1428 286 9996 3490 3315 291 175
internal_count=153841 60949 45419 26685 24113 18734 15530 12825 5248 5909 4938 2572 92892 32401 30682 10660 20022 60491 57001 153 56848 1719 10282 1428 286 9996 3490 3315 291 175
is_linear=0
shrinkage=0.05


Tree=98
num_leaves=31
num_cat=0
split_feature=4 13 13 32 13 13 13 1 3 3 3 13 4 7 25 34 1 7 2 37 10 34 1 2 22 13 0 0 38 0
split_gain=692.321 242.647 418.333 158.754 163.457 35.7709 14.3799 14.058 13.8213 11.08 7.00167 6.70305 7.12765 9.44304 7.03159 10.4535 7.06483 6.27362 6.05453 5.80568 7.19381 6.17602 4.56726 3.65936 3.27423 3.16118 2.94942 2.70173 2.69921 1.95946
threshold=1.0000000180025095e-35 -8.3072719573974592 3.6173341274261479 14.500000000000002 -0.064914468675851808 13.859466075897219 -23.134503364562985 0.40330043435096746 0.35972993075847631 -0.13065119087696073 -0.43222993612289423 34245.873046875007 7.9749999046325692 0.14139872044324878 0.14129736274480822 2.5000000000000004 0.032885696738958366 0.010082683060318233 0.0042567048221826562 1.0000000180025095e-35 0.21060440689325335 3.5000000000000004 -2.4581794738769527 -0.21507957577705381 0.69387668371200573 -206.63523101806638 0.41921372711658483 -0.00040005924529395992 0.16305964440107348 0.3409316092729569
decision_type=2 2 2 2 2 2 2 2 2 2 2 2 2 2 2 2 2 2 2 2 2 2 2 2 2 2 2 2 2 2
left_child=1 6 3 4 -3 9 22 -7 18 -4 -5 12 13 17 16 -16 -14 -2 -8 21 28 -13 23 -1 -15 -24 -23 -22 -21 -10
right_child=11 2 5 10 -6 7 8 -9 29 -11 -12 19 14 24 15 -17 -18 -19 -20 20 27 26 25 -25 -26 -27 -28 -29 -30 -31
leaf_value=-3.1275731297325858e-05 -3.1969355703169188e-05 -5.7438533909889998e-06 -5.7438533909889998e-06 0.019708036073110224 -5.7438533909889998e-06 -5.7438533909889998e-06 -5.7438533909889998e-06 -5.7438533909889998e-06 -5.7438533909889998e-06 -5.7438533909889998e-06 -1.904715291923463e-05 0.0032230295666916967 -0.00010774335522488465 6.303067617224184e-05 -5.4644129310779926e-05 0.00016442903893540176 5.9152051184774984e-05 8.8529975088445364e-05 -5.7438533909889998e-06 -0.00057335159862253137 0.0051143637834922201 -0.0019064772672091009 0.0002566718726904017 -0.00015422604604117818 0.01139764513731341 -1.2662972509382864e-05 0.0012851137960478835 0.0021655605663437982 0.0035496306446368281 -5.7438533909889998e-06
leaf_weight=212 10613 6008 1494 95 18105 12617 1683 208 46 4415 2477 88 22473 30 14418 11131 6436 27142 3255 86 63 86 1223 74 92 8773 39 135 60 264
leaf_count=212 10613 6008 1494 95 18105 12617 1683 208 46 4415 2477 88 22473 30 14418 11131 6436 27142 3255 86 63 86 1223 74 92 8773 39 135 60 264
internal_value=-0.00275463 -0.00689552 -0.00874028 -0.0127609 -0.0140204 -0.00301324 -0.00150032 -0.00153021 -0.00362995 -0.00623202 -0.000952566 -3.76782e-05 -7.06666e-05 0.000456082 -0.000437034 0.000167326 -0.000971151 0.000411204 -0.00298704 0.00543088 0.00944767 -0.00105634 -0.000413344 -0.00664336 0.0143443 -0.000235094 -0.0082 0.0156566 0.0010274 -0.013871
internal_weight=153841 60949 45419 26685 24113 18734 15530 12825 5248 5909 2572 92892 92335 37877 54458 25549 28909 37755 4938 557 344 213 10282 286 122 9996 125 198 146 310
internal_count=153841 60949 45419 26685 24113 18734 15530 12825 5248 5909 2572 92892 92335 37877 54458 25549 28909 37755 4938 557 344 213 10282 286 122 9996 125 198 146 310
is_linear=0
shrinkage=0.05


Tree=99
num_leaves=31
num_cat=0
split_feature=4 13 13 13 13 13 13 1 3 22 3 24 21 21 3 2 38 39 39 13 39 38 22 39 3 2 37 1 2 39
split_gain=691.705 244.741 418.655 141.697 69.5962 35.7709 14.3853 14.058 12.6197 12.1884 11.08 10.1059 7.06681 11.4002 11.8601 16.2824 10.6375 10.0431 8.24209 7.70251 7.31038 8.28227 6.74692 5.77758 6.52621 6.32291 5.41247 4.61014 3.65936 3.23393
threshold=1.0000000180025095e-35 -8.3072719573974592 3.6173341274261479 -0.064914468675851808 0.00075226789808231222 13.859466075897219 -23.134503364562985 0.40330043435096746 0.35972993075847631 0.035777354612946517 -0.13065119087696073 2.5000000000000004 0.075000001117587103 0.67499998211860668 -0.377222329378128 0.40479560196399694 -0.51251009106636036 -1.0412624478340147 -2.7474482059478755 -111.41680526733397 -0.55940255522727955 -0.055424382910132401 0.1244507096707821 -3.6459681987762447 -1.8692067265510557 0.59652218222618114 1.0000000180025095e-35 -2.4581794738769527 -0.21507957577705381 -1.7133322358131406
decision_type=2 2 2 2 2 2 2 2 2 2 2 2 2 2 2 2 2 2 2 2 2 2 2 2 2 2 2 2 2 2
left_child=1 6 3 9 -5 10 27 -7 11 -3 -4 -8 19 16 15 -15 26 -16 -18 20 21 -2 -22 24 -21 -25 -14 28 -1 -29
right_child=12 2 5 4 -6 7 8 -9 -10 -11 -12 -13 13 14 17 -17 18 -19 -20 23 22 -23 -24 25 -26 -27 -28 29 -30 -31
leaf_value=-2.9711944732459567e-05 0.00017943982239918243 -5.4566607214395499e-06 -5.4566607214395499e-06 -5.4566607214395499e-06 -5.4566607214395499e-06 -5.4566607214395499e-06 -5.4566607214395499e-06 -5.4566607214395499e-06 -5.4566607214395499e-06 -5.4566607214395499e-06 -5.4566607214395499e-06 -5.4566607214395499e-06 -0.00012404038024346165 7.2920669569022121e-05 -0.00012884657437477184 0.002144937020013722 -0.00016343848154327172 -1.7809056343920904e-05 0.00011464474790932895 0.0019909908590937 -0.0002738277275112705 -0.00030131024137114665 0.00029963647764995175 -7.081664140566619e-05 -0.0004025629104245982 -0.0003479356091286638 0.0037182813568580313 -5.5499863449899692e-05 -0.00014651474373911927 4.5977187528261581e-06
leaf_weight=212 873 200 1494 16759 3420 12617 1664 208 310 6306 4415 3274 59 11398 9611 1021 1713 30409 20487 66 248 1311 3113 10707 670 1034 172 2021 74 7975
leaf_count=212 873 200 1494 16759 3420 12617 1664 208 310 6306 4415 3274 59 11398 9611 1021 1713 30409 20487 66 248 1311 3113 10707 670 1034 172 2021 74 7975
internal_value=-0.00275073 -0.00688978 -0.00874249 -0.0127647 -0.0148335 -0.00301324 -0.00147135 -0.00153021 -0.00360137 -0.00634799 -0.00623202 -0.00298704 -3.49869e-05 0.000178977 -0.000224547 0.00112529 0.00112233 -0.000643428 0.00101126 -0.000923871 0.000626691 -0.00162546 0.00209015 -0.00161297 -0.00591033 -0.00134358 0.0117965 -0.000384167 -0.00664336 -0.000205082
internal_weight=153841 60949 45419 26685 20179 18734 15530 12825 5248 6506 5909 4938 92892 74870 52439 12419 22431 40020 22200 18022 5545 2184 3361 12477 736 11741 231 10282 286 9996
internal_count=153841 60949 45419 26685 20179 18734 15530 12825 5248 6506 5909 4938 92892 74870 52439 12419 22431 40020 22200 18022 5545 2184 3361 12477 736 11741 231 10282 286 9996
is_linear=0
shrinkage=0.05


Tree=100
num_leaves=31
num_cat=0
split_feature=5 13 13 32 13 13 13 1 3 3 24 2 22 34 37 3 21 39 20 22 1 13 10 7 32 21 2 38 38 21
split_gain=690.769 245.826 418.655 157.811 163.457 35.7709 14.6035 14.058 12.6197 11.08 10.1059 6.67361 6.71419 12.5467 21.6953 18.2674 6.66065 12.1957 7.9865 6.22909 4.64602 4.33084 5.11787 5.31936 4.92841 3.8305 3.65936 3.57444 2.96449 1.68352
threshold=1.0000000180025095e-35 -8.3072719573974592 3.6173341274261479 14.500000000000002 -0.064914468675851808 13.859466075897219 -23.134503364562985 0.40330043435096746 0.35972993075847631 -0.13065119087696073 2.5000000000000004 0.74247610569000255 0.69387668371200573 2.5000000000000004 1.0000000180025095e-35 -1.3293060660362241 0.97499999403953563 0.052476504817605026 -1.0000000180025095e-35 0.4759072214365006 -2.4581794738769527 -67.632061004638658 0.11668162792921068 0.13481200486421588 27.500000000000004 0.67499998211860668 -0.21507957577705381 0.035565793514251716 -0.25294733047485346 0.57500001788139354
decision_type=2 2 2 2 2 2 2 2 2 2 2 2 2 2 2 2 2 2 2 2 2 2 2 2 2 2 2 2 2 2
left_child=1 6 3 4 -3 9 20 -7 10 -4 -8 12 16 14 -14 -15 17 -2 -18 -5 26 22 23 -13 27 -24 -1 -23 -22 -10
right_child=11 2 5 19 -6 7 8 -9 29 -11 -12 21 13 15 -16 -17 18 -19 -20 -21 28 24 25 -25 -26 -27 -28 -29 -30 -31
leaf_value=-2.8226347495836587e-05 6.1934793756517065e-05 -5.1838276853675723e-06 -5.1838276853675723e-06 -3.0762465359174225e-05 -5.1838276853675723e-06 -5.1838276853675723e-06 -5.1838276853675723e-06 -5.1838276853675723e-06 -5.1838276853675723e-06 -5.1838276853675723e-06 -5.1838276853675723e-06 0.00023059105062422718 -0.00027170101602175213 0.0041277603339877874 0.00040024589215842122 0.00037609214499500831 2.1754548701936039e-05 -6.687569973896344e-05 -0.00011214742286258014 0.002675421160012785 -0.00012373102617037129 -0.00031419043697783965 -2.0835534561396749e-06 0.0042442383915927608 -0.001475490628614809 -0.00078662645685211626 -0.00013918900655216331 0.00016218041511521105 -1.3321699821566593e-06 -5.1838276853675723e-06
leaf_weight=212 38893 6008 1494 2312 18105 12617 1664 208 273 4415 3274 285 4040 630 3319 2937 10566 15377 15137 260 245 979 260 42 65 142 74 220 9751 37
leaf_count=212 38893 6008 1494 2312 18105 12617 1664 208 273 4415 3274 285 4040 630 3319 2937 10566 15377 15137 260 245 979 260 42 65 142 74 220 9751 37
internal_value=-0.00274943 -0.00688567 -0.00874249 -0.0127647 -0.0140204 -0.00301324 -0.00145525 -0.00153021 -0.00360137 -0.00623202 -0.00298704 -3.55251e-05 2.7228e-05 0.00118982 1.01916e-05 0.00362349 -0.000131607 0.000182421 -0.000794654 -0.000991446 -0.000359852 -0.00289764 0.000171468 0.00481651 -0.00466772 -0.00360697 -0.00664336 -0.00394078 -0.000180072 -0.0133871
internal_weight=153841 60949 45419 26685 24113 18734 15530 12825 5248 5909 4938 92892 90899 10926 7359 3567 79973 54270 25703 2572 10282 1993 729 327 1264 402 286 1199 9996 310
internal_count=153841 60949 45419 26685 24113 18734 15530 12825 5248 5909 4938 92892 90899 10926 7359 3567 79973 54270 25703 2572 10282 1993 729 327 1264 402 286 1199 9996 310
is_linear=0
shrinkage=0.05


Tree=101
num_leaves=30
num_cat=0
split_feature=4 24 32 14 24 32 14 1 0 1 0 25 2 8 0 32 32 22 32 38 39 1 39 0 7 32 4 39 2
split_gain=691.343 147.697 59.8836 63.032 47.704 46.447 41.8337 23.6521 9.66394 14.9006 8.92921 6.61131 6.29551 7.50703 6.57207 15.9644 29.2768 10.0695 8.49304 7.26996 7.20718 6.15971 5.56101 4.61031 4.45028 3.94481 3.87872 3.56448 1.31405
threshold=1.0000000180025095e-35 2.5000000000000004 14.500000000000002 1.0000000180025095e-35 1.0000000180025095e-35 14.500000000000002 1.0000000180025095e-35 0.30820107460021978 -0.0044757784344255916 0.072712808847427382 0.42942768335342413 0.053690373897552497 0.74247610569000255 0.12563631683588031 0.118063572794199 2.5000000000000004 27.500000000000004 0.21129097789525988 31.500000000000004 0.41058568656444555 -4.3222942352294913 -0.043816860765218728 2.1213928461074834 0.57766079902648937 0.078217528760433211 2.5000000000000004 7.0250000953674325 3.4131835699081425 0.77363860607147228
decision_type=2 2 2 2 2 2 2 2 2 2 2 2 2 2 2 2 2 2 2 2 2 2 2 2 2 2 2 2 2
left_child=1 2 3 4 -1 6 7 -3 21 -10 11 -7 14 24 18 17 -17 -16 19 -2 -20 -4 -5 -12 25 -14 -26 -8 -15
right_child=12 5 8 22 -6 10 27 -9 9 -11 23 -13 13 28 15 16 -18 -19 20 -21 -22 -23 -24 -25 26 -27 -28 -29 -30
leaf_value=-4.924636301099194e-06 -2.8940068016825723e-05 -4.924636301099194e-06 9.8377897657713105e-05 5.6774868921378144e-05 -4.924636301099194e-06 -2.3973994113888396e-05 4.2985068879891749e-05 -4.924636301099194e-06 -0.00026792464293787108 0.00017883613369355057 -0.0001390266435471262 0.00068769529248918673 -0.00011681799970810806 0.0033001992373531985 -0.00011078710953346741 0.0014370445883877981 -0.00036138303077692463 0.00012792994497376649 0.004886108239989923 0.00052092876648768759 0.0003398838003331321 0.0013768262372140551 -4.924636301099194e-06 2.7833352021181372e-05 0.0015278549844975676 -0.00058234461174770376 -0.0011609146554097248 -4.0614969344928225e-06 0.00078102560112887224
leaf_weight=1327 66810 29027 766 1299 19970 1251 3113 1113 842 361 83 1324 1427 46 6081 1518 918 12654 77 699 2142 80 229 58 32 148 300 106 40
leaf_count=1327 66810 29027 766 1299 19970 1251 3113 1113 842 361 83 1324 1427 46 6081 1518 918 12654 77 699 2142 80 229 58 32 148 300 106 40
internal_value=-0.00275755 -0.00689552 -0.00985969 -0.0105947 -0.0112985 -0.0048517 -0.00536362 -0.00594227 -0.00167155 -0.00455112 0.00143594 0.0021068 -4.25225e-05 -0.00282238 1.8427e-05 0.000789996 0.0045977 0.000294903 -0.000215839 -0.000315884 0.00282785 0.00242317 -0.00078534 -0.0108156 -0.00347404 -0.00236508 -0.00873494 5.43647e-05 0.0116279
internal_weight=153841 60949 24874 22825 21297 36075 33359 30140 2049 1203 2716 2575 92892 1993 90899 21171 2436 18735 69728 67509 2219 846 1528 141 1907 1575 332 3219 86
internal_count=153841 60949 24874 22825 21297 36075 33359 30140 2049 1203 2716 2575 92892 1993 90899 21171 2436 18735 69728 67509 2219 846 1528 141 1907 1575 332 3219 86
is_linear=0
shrinkage=0.05


Tree=102
num_leaves=31
num_cat=0
split_feature=4 24 3 32 32 21 25 3 14 3 39 39 21 0 21 25 37 39 3 38 25 38 39 2 14 2 39 2 21 22
split_gain=691.664 147.06 73.9914 57.5737 45.9453 43.9292 43.2615 33.6235 29.3091 15.2918 12.7326 9.00931 6.99851 12.2982 8.93447 12.0618 7.32563 6.76906 19.1749 12.1557 11.8205 6.3084 13.3319 5.84289 5.72739 5.41167 7.1931 5.25737 4.08594 4.07779
threshold=1.0000000180025095e-35 2.5000000000000004 -0.10520397126674651 14.500000000000002 14.500000000000002 1.0000000180025095e-35 0.0011225953348912301 -0.27034932374954218 1.0000000180025095e-35 -0.32882358133792872 -3.0035413503646846 -4.1308479309082022 0.075000001117587103 -0.9501657485961913 0.72499999403953563 0.27067685127258306 1.0000000180025095e-35 -2.5244748592376705 -1.8692067265510557 -0.32030953466892237 0.34366941452026373 0.15261784195899966 2.0838214159011845 -0.080297440290451036 1.0000000180025095e-35 0.74247610569000255 -1.1670265197753904 0.51574569940567028 0.37500000000000006 1.8438517451286318
decision_type=2 2 2 2 2 2 2 2 2 2 2 2 2 2 2 2 2 2 2 2 2 2 2 2 2 2 2 2 2 2
left_child=1 2 9 6 5 7 -4 -3 -7 11 -11 -1 17 24 16 -16 -15 18 19 -2 -20 27 -23 -5 28 29 -27 -6 -14 -19
right_child=12 4 3 23 21 8 -8 -9 -10 10 -12 -13 13 14 15 -17 -18 25 20 -21 -22 22 -24 -25 -26 26 -28 -29 -30 -31
leaf_value=-1.4977407782438768e-05 -0.00072685548241174314 -4.7344292006657704e-06 -4.6784044860442341e-06 0.0027100779295004714 0.00029828076185263783 -4.6784044860442341e-06 -4.6784044860442341e-06 -4.6784044860442341e-06 9.6323295923007391e-05 -4.6784044860442341e-06 -4.6784044860442341e-06 -4.6784044860442341e-06 0.0013394754167793247 -6.0523285966413577e-06 -6.4278369398521141e-05 8.8153519210625904e-05 0.00016579645330015645 -1.8316373392398505e-05 -0.00018188563577782168 0.0025293004659389146 -0.0012184791429494862 0.0010076828448937127 -0.00038302390734651901 -0.00010606788857344884 -0.00039130998248967968 -0.00065800755466835915 -0.00020515669160375865 -0.00012994444026155584 0.0051906485548419814 -0.00066801669216907716
leaf_weight=474 37 2033 1521 69 2302 21881 15308 6961 2484 1005 3189 1822 206 10843 34901 14974 13669 14785 1840 136 311 156 111 1486 88 67 588 147 189 258
leaf_count=474 37 2033 1521 69 2302 21881 15308 6961 2484 1005 3189 1822 206 10843 34901 14974 13669 14785 1840 136 311 156 111 1486 88 67 588 147 189 258
internal_value=-0.00275495 -0.00689388 -0.00985165 -0.0114719 -0.00485447 -0.00536362 -0.0123225 -0.00835001 -0.00426124 -0.00526194 -0.0070577 -0.00198171 -3.92929e-05 0.000173634 0.000121997 -0.000262155 0.000903639 -0.000923871 -0.00344234 0.0125723 -0.00473036 0.00139912 -0.00589888 -0.00226688 0.00812629 -0.000551026 -0.005 0.00219477 0.0106962 -0.000357309
internal_weight=153841 60949 24874 18384 36075 33359 16829 8994 24365 6490 4194 2296 92892 74870 74387 49875 24512 18022 2324 173 2151 2716 267 1555 483 15698 655 2449 395 15043
internal_count=153841 60949 24874 18384 36075 33359 16829 8994 24365 6490 4194 2296 92892 74870 74387 49875 24512 18022 2324 173 2151 2716 267 1555 483 15698 655 2449 395 15043
is_linear=0
shrinkage=0.05


Tree=103
num_leaves=31
num_cat=0
split_feature=4 24 3 21 25 14 3 14 25 3 2 39 39 1 21 0 21 39 20 9 39 3 38 25 9 7 0 21 1 8
split_gain=691.349 146.734 73.9914 46.8767 44.0654 31.8454 29.6286 28.0173 21.2175 15.2918 14.6252 12.7326 9.00931 6.80323 6.36612 11.4002 8.14403 12.2381 9.09692 6.78351 6.05747 18.765 10.8972 10.6646 5.86928 6.03621 4.99161 4.47638 4.44818 4.357
threshold=1.0000000180025095e-35 2.5000000000000004 -0.10520397126674651 1.0000000180025095e-35 0.0011225953348912301 1.0000000180025095e-35 -0.27034932374954218 1.0000000180025095e-35 0.029168509878218177 -0.32882358133792872 0.1529793590307236 -3.0035413503646846 -4.1308479309082022 -2.0014209747314449 0.075000001117587103 -0.9501657485961913 0.97499999403953563 0.052476504817605026 -1.0000000180025095e-35 0.044473532587289817 -2.5244748592376705 -1.8692067265510557 -0.32030953466892237 0.33226084709167486 0.56147098541259777 0.047293214127421386 0.49761769175529486 0.42499999701976782 -0.68628385663032521 0.014493256341665985
decision_type=2 2 2 2 2 2 2 2 2 2 2 2 2 2 2 2 2 2 2 2 2 2 2 2 2 2 2 2 2 2
left_child=1 2 9 6 -4 8 13 -6 -5 12 -8 -11 -1 -3 20 19 17 -17 -18 27 21 22 -2 -23 26 -26 -22 -16 -7 -21
right_child=14 3 4 5 7 28 10 -9 -10 11 -12 -13 -14 -15 15 16 18 -19 -20 29 24 23 -24 -25 25 -27 -28 -29 -30 -31
leaf_value=-1.4228537393316829e-05 -0.00069051270829115609 -1.1936971930576313e-05 -4.444484261742022e-06 -4.444484261742022e-06 -4.444484261742022e-06 -0.00013018465877540856 -4.444484261742022e-06 -4.444484261742022e-06 -4.444484261742022e-06 -4.444484261742022e-06 -4.444484261742022e-06 -4.444484261742022e-06 -4.444484261742022e-06 -4.4977077406324819e-06 -0.00075481150317338846 0.00011416263403971027 5.3230840784050838e-05 -6.2979603439471468e-05 -9.3506910257603988e-05 0.00021734374285677511 -4.2411597508677096e-05 -0.00017078036175008322 0.002402835442641969 -0.0011322474665572263 7.4949830145953922e-05 0.0012735656535276902 -0.0002608735039847797 0.0030427645500725772 0.00024169864944509302 0.0034846356385051687
leaf_weight=474 37 664 1689 6931 15860 247 3309 835 16701 1005 4320 3189 1822 1494 105 32326 12325 11025 18711 81 13163 1834 136 317 971 316 1248 87 2409 210
leaf_count=474 37 664 1689 6931 15860 247 3309 835 16701 1005 4320 3189 1822 1494 105 32326 12325 11025 18711 81 13163 1834 136 317 971 316 1248 87 2409 210
internal_value=-0.00275918 -0.00689716 -0.00985165 -0.00486001 -0.0114719 -0.00376027 -0.00781394 -0.0106933 -0.00434369 -0.00526194 -0.0092771 -0.0070577 -0.00198171 -0.00264133 -4.41373e-05 0.000158942 0.000109226 0.00055189 -0.000509086 0.00781573 -0.000887804 -0.00327022 0.0125723 -0.0045444 -0.0005351 0.00270008 -0.000824023 0.000520833 0.00143072 0.0126289
internal_weight=153841 60949 24874 36075 18384 26288 9787 16695 23632 6490 7629 4194 2296 2158 92892 74870 74387 43351 31036 483 18022 2324 173 2151 15698 1287 14411 192 2656 291
internal_count=153841 60949 24874 36075 18384 26288 9787 16695 23632 6490 7629 4194 2296 2158 92892 74870 74387 43351 31036 483 18022 2324 173 2151 15698 1287 14411 192 2656 291
is_linear=0
shrinkage=0.05


Tree=104
num_leaves=27
num_cat=0
split_feature=7 13 13 13 13 13 13 1 22 3 2 24 3 7 0 10 2 14 3 0 21 22 22 22 22 1
split_gain=685.243 246.307 418.743 140.36 68.7551 34.6315 14.9118 14.041 12.1576 11.8867 11.0952 10.1849 6.03432 6.79063 6.11444 7.98017 6.52494 5.9905 4.45469 6.60435 4.90593 4.05279 2.40871 1.94098 1.45076 0.338777
threshold=1.0000000180025095e-35 -8.3072719573974592 3.6173341274261479 -0.064914468675851808 0.00075226789808231222 13.859466075897219 -23.134503364562985 0.40330043435096746 0.035777354612946517 -0.13065119087696073 0.48264084756374365 2.5000000000000004 0.50493973493576061 0.2624726295471192 0.69536349177360546 0.24402380734682086 0.046802124008536346 1.0000000180025095e-35 -1.7320105433464048 -1.0383247733116148 0.32500000298023229 0.3493716567754746 0.82902491092681896 0.16764742881059649 0.32362638413906103 0.27335494756698614
decision_type=2 2 2 2 2 2 2 2 2 2 2 2 2 2 2 2 2 2 2 2 2 2 2 2 2 2
left_child=1 6 3 8 -5 9 18 -7 -3 -4 11 -8 13 14 16 -16 -2 21 20 -20 -1 -15 -12 -14 -25 -26
right_child=12 2 5 4 -6 7 10 -9 -10 -11 22 -13 23 17 15 -17 -18 -19 19 -21 -22 -23 -24 24 25 -27
leaf_value=-0.00013152717997211085 -3.9966886125664602e-05 -4.2222600486549209e-06 -4.2222600486549209e-06 -4.2222600486549209e-06 -4.2222600486549209e-06 -4.2222600486549209e-06 -4.2222600486549209e-06 -4.2222600486549209e-06 -4.2222600486549209e-06 -4.2222600486549209e-06 -4.2222600486549209e-06 -4.2222600486549209e-06 -0.00074203908511243685 2.0158401058252563e-05 -5.6211705200428286e-05 -0.00047045584497127664 2.9236479638105816e-05 -0.0024146873789878515 0.002711088822353104 -6.6394824769467474e-06 2.9334125947536733e-05 0.0038443315977278293 6.6118364810100876e-05 0.00031079727898634816 -0.00071414348851315537 -0.00051620449238398702
leaf_weight=380 34184 200 1494 16759 3420 12617 1692 208 6306 4415 300 3225 54 90 686 368 57143 36 313 9220 369 232 31 37 30 32
leaf_count=380 34184 200 1494 16759 3420 12617 1692 208 6306 4415 300 3225 54 90 686 368 57143 36 313 9220 369 232 31 37 30 32
internal_value=-0.00274878 -0.00686845 -0.00872707 -0.0127497 -0.0148087 -0.00299722 -0.00143271 -0.00153801 -0.00636336 -0.00616433 -0.00360137 -0.00300488 -4.57521e-05 -2.93835e-05 -5.6018e-05 -0.0038425 -1.23184e-05 0.00684358 -0.000325812 -3.40921e-05 -0.00403872 0.00900621 -0.0124622 -0.00996732 -0.00580808 -0.0104839
internal_weight=153841 60949 45419 26685 20179 18734 15530 12825 6506 5909 5248 4917 92892 92739 92381 1054 91327 358 10282 9533 749 322 331 153 99 62
internal_count=153841 60949 45419 26685 20179 18734 15530 12825 6506 5909 5248 4917 92892 92739 92381 1054 91327 358 10282 9533 749 322 331 153 99 62
is_linear=0
shrinkage=0.05


Tree=105
num_leaves=31
num_cat=0
split_feature=4 3 32 14 25 22 38 37 2 22 0 4 7 34 2 25 3 34 38 37 9 22 38 37 34 2 25 10 3 25
split_gain=685.444 126.388 92.2641 72.1651 60.7787 17.0158 14.8263 13.5536 10.8219 6.97498 6.88072 6.13643 6.9111 11.039 6.85793 6.32751 8.61758 14.4463 7.28675 9.4823 7.66479 6.37312 5.67094 6.81482 5.03772 4.78807 3.53815 2.67566 2.28905 4.70907
threshold=1.0000000180025095e-35 -0.15598179399967191 14.500000000000002 1.0000000180025095e-35 1.0000000180025095e-35 0.042753819376230247 -0.061893768608570092 1.0000000180025095e-35 0.20327090471982959 0.65592148900032055 -0.16164007782936093 6.9749999046325692 0.076087955385446562 1.5000000000000002 0.35640239715576177 0.14129736274480822 0.074954081326723113 2.5000000000000004 0.2464515566825867 1.0000000180025095e-35 0.44436404109001165 0.091555610299110426 0.36682778596878057 1.0000000180025095e-35 1.5000000000000002 0.041350621730089195 0.0055077213328331718 0.19962013512849811 -0.19978683441877362 0.029599997214972976
decision_type=2 2 2 2 2 2 2 2 2 2 2 2 2 2 2 2 2 2 2 2 2 2 2 2 2 2 2 2 2 2
left_child=1 5 3 4 -3 28 7 -7 -8 10 -4 12 22 27 -15 18 17 -17 20 -20 -13 -18 25 -24 -11 -2 -5 -14 29 -1
right_child=11 2 9 26 -6 6 8 -9 -10 24 -12 15 13 14 -16 16 21 -19 19 -21 -22 -23 23 -25 -26 -27 -28 -29 -30 -31
leaf_value=-4.0111470462221753e-06 -2.5474655591810857e-05 -4.0111470462221753e-06 0.0017321510950894633 0.00023583896966761022 -4.0111470462221753e-06 0.00010474195694947354 -4.0111470462221753e-06 -4.0111470462221753e-06 0.00066159343746651975 7.6484503755902899e-05 -1.1246830978283978e-05 -0.00010395922473925638 -0.0014055777688494618 0.0011757951131457463 0.0041438578454299621 -3.7647451888518304e-05 -0.00029070942738812473 0.00032437182614155453 -0.00011504665210145555 0.00087267107198844113 9.3702535529165831e-05 -6.0814344353433623e-05 -0.0002646702021248017 0.0021060655342954337 -0.00039270582586494585 7.23875939898826e-05 -4.0111470462221753e-06 0.00067325513650836168 -4.0111470462221753e-06 -5.7602037180701187e-06
leaf_weight=59 13300 2055 236 186 37404 536 11248 2019 965 57 3359 26085 146 658 302 10735 377 9123 685 1118 3775 8022 54 124 92 18339 2574 49 84 75
leaf_count=59 13300 2055 236 186 37404 536 11248 2019 965 57 3359 26085 146 658 302 10735 377 9123 685 1118 3775 8022 54 124 92 18339 2574 49 84 75
internal_value=-0.00274325 -0.00686353 -0.00816363 -0.00883074 -0.00937746 -0.00287602 -0.00267132 -0.00613503 -0.0019467 -0.000641026 -0.000201669 -3.98312e-05 0.000508007 0.00430736 0.00651042 -0.000341288 0.000202605 0.00077047 -0.000826675 0.00226012 -0.00101306 -0.00114002 0.000370085 0.00926966 -0.0112416 0.000320016 -0.00101449 -0.00653846 -0.0167431 -0.0126866
internal_weight=153841 60949 45963 42219 39459 14986 14768 2555 12213 3744 3595 92892 32972 1155 960 59920 28257 19858 31663 1803 29860 8399 31817 178 149 31639 2760 195 218 134
internal_count=153841 60949 45963 42219 39459 14986 14768 2555 12213 3744 3595 92892 32972 1155 960 59920 28257 19858 31663 1803 29860 8399 31817 178 149 31639 2760 195 218 134
is_linear=0
shrinkage=0.05


Tree=106
num_leaves=31
num_cat=0
split_feature=4 13 13 32 13 13 13 1 2 24 32 1 12 38 38 32 39 13 38 38 21 14 38 34 34 38 1 2 39 39
split_gain=686.706 246.09 417.963 143.077 159.496 35.0713 14.8676 14.0495 11.0952 10.1849 9.08999 6.73451 6.08648 8.45092 9.09894 9.58253 9.24717 5.68619 5.31714 11.5484 9.91822 7.10707 5.18998 8.49397 6.13972 4.92396 3.26035 4.50525 2.97174 2.45867
threshold=1.0000000180025095e-35 -8.3072719573974592 3.6173341274261479 14.500000000000002 -0.064914468675851808 13.859466075897219 -23.134503364562985 0.40330043435096746 0.48264084756374365 2.5000000000000004 19.500000000000004 -0.4405550211668014 0.42202162742614752 -0.2055113688111305 0.18249313533306125 14.500000000000002 -0.32218794524669642 -1380.4899902343748 0.074179995805025115 0.061989651992917068 0.075000001117587103 -1.0000000180025095e-35 0.080557383596897139 3.5000000000000004 2.5000000000000004 -0.22641336172819135 -2.4581794738769527 -0.21507957577705381 -1.7133322358131406 -1.404380142688751
decision_type=2 2 2 2 2 2 2 2 2 2 2 2 2 2 2 2 2 2 2 2 2 2 2 2 2 2 2 2 2 2
left_child=1 6 3 4 -3 10 26 -7 9 -8 -4 -5 18 17 16 -16 -15 -14 19 21 -21 -2 23 -20 -24 -19 27 -1 -28 -10
right_child=12 2 5 11 -6 7 8 -9 29 -11 -12 -13 13 14 15 -17 -18 25 22 20 -22 -23 24 -25 -26 -27 28 -29 -30 -31
leaf_value=-2.330493520525651e-05 0.00018572802317033061 -3.8105896939110663e-06 -3.8105896939110663e-06 0.0064529764582870325 -3.8105896939110663e-06 -3.8105896939110663e-06 -3.8105896939110663e-06 -3.8105896939110663e-06 -2.572430295789498e-05 -3.8105896939110663e-06 0.00017382921009108967 -5.9665030233425171e-05 0.0026451632031894174 -0.00013937462541710897 0.00011875980786416399 0.0021507504605845196 -3.8465345007700304e-05 6.353837396048858e-05 -2.0165140379506052e-05 -0.00030711832389606041 0.00053483086888994299 1.1525111626883161e-05 -0.00011142828864976977 -0.00050669823616327576 0.0001093900685679012 0.00076372630704625566 -5.712770067410213e-05 -0.00012666584282704251 5.0505546587348096e-06 -3.8105896939110663e-06
leaf_weight=212 6256 6008 5488 255 18105 12617 1692 208 54 3225 421 2317 156 9281 2493 201 22104 1429 368 194 968 40020 5420 222 3489 291 2021 74 7975 277
leaf_count=212 6256 6008 5488 255 18105 12617 1692 208 54 3225 421 2317 156 9281 2493 201 22104 1429 368 194 968 40020 5420 222 3489 291 2021 74 7975 277
internal_value=-0.0027452 -0.00686927 -0.00872707 -0.0127459 -0.0139416 -0.00300256 -0.00143593 -0.00153411 -0.00360137 -0.00300488 -0.00618971 -0.00153577 -3.92929e-05 -0.000548602 -0.000728454 0.00206013 -0.000967819 0.00271855 0.00028233 0.000498545 0.00542169 0.000374924 -0.000797452 -0.00533898 -0.000496689 0.00188953 -0.000330675 -0.00559441 -0.000180072 -0.0124622
internal_weight=153841 60949 45419 26685 24113 18734 15530 12825 5248 4917 5909 2572 92892 35955 34079 2694 31385 1876 56937 47438 1162 46276 9499 590 8909 1720 10282 286 9996 331
internal_count=153841 60949 45419 26685 24113 18734 15530 12825 5248 4917 5909 2572 92892 35955 34079 2694 31385 1876 56937 47438 1162 46276 9499 590 8909 1720 10282 286 9996 331
is_linear=0
shrinkage=0.05


Tree=107
num_leaves=28
num_cat=0
split_feature=4 13 13 32 13 13 13 1 3 3 24 1 3 13 4 34 37 0 34 3 3 0 21 22 0 22 1
split_gain=684.502 246.067 416.814 143.095 158.653 34.8168 15.045 14.0495 11.939 11.0106 9.84955 6.7006 6.0448 5.99022 6.5613 5.79436 5.3885 7.11577 5.84835 4.98099 4.02028 6.02675 4.43909 1.94098 1.67718 1.45076 0.338777
threshold=1.0000000180025095e-35 -8.3072719573974592 3.6173341274261479 14.500000000000002 -0.064914468675851808 13.859466075897219 -23.134503364562985 0.40330043435096746 -0.13065119087696073 0.35972993075847631 2.5000000000000004 -0.4405550211668014 0.50493973493576061 34245.873046875007 6.9749999046325692 1.5000000000000002 1.0000000180025095e-35 -0.0044757784344255916 3.5000000000000004 0.074954081326723113 -1.7320105433464048 -1.0383247733116148 0.32500000298023229 0.16764742881059649 0.69536349177360546 0.32362638413906103 0.27335494756698614
decision_type=2 2 2 2 2 2 2 2 2 2 2 2 2 2 2 2 2 2 2 2 2 2 2 2 2 2 2
left_child=1 6 3 4 -3 8 20 -7 -4 10 -8 -5 13 14 15 -2 18 -18 -15 -16 22 -22 -1 -14 -11 -25 -27
right_child=12 2 5 11 -6 7 9 -9 -10 24 -12 -13 23 16 19 -17 17 -19 -20 -21 21 -23 -24 25 -26 26 -28
leaf_value=-0.00011841697147984209 -3.0877140233659743e-05 -3.6200602092155125e-06 -3.6200602092155125e-06 0.0061303276353726821 -3.6200602092155125e-06 -3.6200602092155125e-06 -3.6200602092155125e-06 -3.6200602092155125e-06 -3.6200602092155125e-06 -3.6200602092155125e-06 -3.6200602092155125e-06 -5.6681778721753918e-05 -0.00070574911999942813 0.0033538466864848336 -6.4977999122112114e-06 9.575048896843155e-05 0.0047836648478910351 0.0011236909460186392 -0.0014968874273838585 -7.9608552107654246e-05 0.0025769001853480225 -6.3594787337250412e-06 3.4401269143823132e-05 0.00030022139950508747 -3.6200602092155125e-06 -0.00067572375606837819 -0.00049442314021044364
leaf_weight=380 12246 6008 1494 255 18105 12617 1664 208 4415 265 3274 2317 54 82 42230 20643 77 267 124 17070 313 9220 369 37 45 30 32
leaf_count=380 12246 6008 1494 255 18105 12617 1664 208 4415 265 3274 2317 54 82 42230 20643 77 267 124 17070 313 9220 369 37 45 30 32
internal_value=-0.0027387 -0.00685614 -0.00871386 -0.0127272 -0.013923 -0.00299722 -0.00142305 -0.00153411 -0.00617279 -0.00360137 -0.00302754 -0.00151633 -3.71399e-05 -2.07572e-05 -5.17958e-05 0.00051461 0.00518182 0.00901163 -0.00121359 -0.000365936 -0.000311223 -3.40921e-05 -0.00383845 -0.00996732 -0.0127419 -0.00580808 -0.0104839
internal_weight=153841 60949 45419 26685 24113 18734 15530 12825 5909 5248 4938 2572 92892 92739 92189 32889 550 344 206 59300 10282 9533 749 153 310 99 62
internal_count=153841 60949 45419 26685 24113 18734 15530 12825 5909 5248 4938 2572 92892 92739 92189 32889 550 344 206 59300 10282 9533 749 153 310 99 62
is_linear=0
shrinkage=0.05


Tree=108
num_leaves=30
num_cat=0
split_feature=4 13 13 32 13 13 13 13 3 3 13 25 3 7 4 0 13 14 3 0 21 22 22 25 34 4 4 25 21
split_gain=679.508 243.621 413.469 155.927 158.653 35.11 15.045 12.2828 11.939 11.0106 7.64005 5.9191 5.74377 6.18683 6.10111 7.6021 6.00882 5.86832 4.02028 5.47557 4.43909 3.47293 3.22459 2.48573 1.72236 1.99926 1.67412 1.63909 2.17171
threshold=1.0000000180025095e-35 -8.3072719573974592 3.6173341274261479 14.500000000000002 -0.064914468675851808 13.859466075897219 -23.134503364562985 106.24657440185548 -0.13065119087696073 0.35972993075847631 2.5585784847129844e-13 1.0000000180025095e-35 0.46115627884864813 0.2624726295471192 37.274999618530281 0.093006316572427764 -55.418172836303704 1.0000000180025095e-35 -1.7320105433464048 -1.0383247733116148 0.32500000298023229 0.40968684852123266 0.23568511009216311 0.061408143490552909 1.5000000000000002 26.82499980926514 7.0250000953674325 0.37481059134006506 1.0000000180025095e-35
decision_type=2 2 2 2 2 2 2 2 2 2 2 2 2 2 2 2 2 2 2 2 2 2 2 2 2 2 2 2 2
left_child=1 6 3 4 -3 8 18 -7 -4 11 -5 -8 13 14 15 -2 -16 22 20 -20 -1 24 -15 -11 25 -14 -26 28 -23
right_child=12 2 5 10 -6 7 9 -9 -10 23 -12 -13 21 17 16 -17 -18 -19 19 -21 -22 27 -24 -25 26 -27 -28 -29 -30
leaf_value=-0.00011249612290585 -1.6130986745880131e-05 -3.439057198754737e-06 -3.439057198754737e-06 -9.8289517059865783e-05 -3.439057198754737e-06 -3.439057198754737e-06 -3.439057198754737e-06 0.00012628090730232926 -3.439057198754737e-06 -3.439057198754737e-06 0.00028749598221649799 -3.439057198754737e-06 -0.00013058751403338805 -0.0007012314294010648 0.0001260082563599295 8.2269934394581248e-05 -0.00019485808579705898 -0.0022923220030297664 0.0024480551760806216 -6.0415047970387899e-06 3.268120568663198e-05 0.00049636602559984151 0.0030474202004232803 -3.439057198754737e-06 -9.5051254038395431e-05 -0.00079785352816110963 -0.00061908176112261649 0.0022719956333263364 -0.0008855583722870426
leaf_weight=380 63552 6008 1494 2083 18105 9522 177 3303 4415 67 489 4761 314 41 1677 22339 4309 36 313 9220 369 31 274 243 61 54 143 31 30
leaf_count=380 63552 6008 1494 2083 18105 9522 177 3303 4415 67 489 4761 314 41 1677 22339 4309 36 313 9220 369 31 274 243 61 54 143 31 30
internal_value=-0.00272668 -0.00682907 -0.00867754 -0.0126747 -0.013923 -0.00298388 -0.00142305 -0.00151462 -0.00617279 -0.00360137 -0.000972006 -0.00302754 -3.49869e-05 -1.6264e-06 -2.69382e-05 8.06254e-05 -0.00157033 0.00662393 -0.000311223 -3.40921e-05 -0.00383845 -0.00466867 0.00880952 -0.0127419 -0.00611888 -0.00407609 -0.00980392 0.00434783 -0.000409836
internal_weight=153841 60949 45419 26685 24113 18734 15530 12825 5909 5248 2572 4938 92892 92228 91877 85891 5986 351 10282 9533 749 664 315 310 572 368 204 92 61
internal_count=153841 60949 45419 26685 24113 18734 15530 12825 5909 5248 2572 4938 92892 92228 91877 85891 5986 351 10282 9533 749 664 315 310 572 368 204 92 61
is_linear=0
shrinkage=0.05


Tree=109
num_leaves=31
num_cat=0
split_feature=4 13 13 13 13 13 13 1 22 3 2 24 13 0 0 4 13 2 38 20 9 3 2 22 7 38 0 3 0 22
split_gain=681.427 245.748 412.699 138.742 67.2342 34.5831 15.2234 14.0155 12.2038 11.939 11.0952 10.1849 5.52734 6.41438 8.61331 5.5988 7.44173 5.89342 7.08258 6.62608 5.87085 5.44995 5.26226 5.08642 5.0584 4.52245 3.71106 3.61867 5.46674 3.0319
threshold=1.0000000180025095e-35 -8.3072719573974592 3.6173341274261479 -0.064914468675851808 0.00075226789808231222 13.859466075897219 -23.134503364562985 0.40330043435096746 0.035777354612946517 -0.13065119087696073 0.48264084756374365 2.5000000000000004 -5644.7990722656241 -0.2165737375617027 0.13624896109104159 6.3250000476837167 5897.6616210937509 0.042577724903821952 0.41058568656444555 -1.0000000180025095e-35 0.6500988006591798 0.15359776467084887 -0.2910610288381576 1.5194970965385439 0.038580480962991721 -0.030551983043551442 -1.4874465465545652 -1.7320105433464048 -1.0383247733116148 0.48131601512432104
decision_type=2 2 2 2 2 2 2 2 2 2 2 2 2 2 2 2 2 2 2 2 2 2 2 2 2 2 2 2 2 2
left_child=1 6 3 8 -5 9 27 -7 -3 -4 11 -8 13 23 25 17 22 19 -19 -14 -18 -16 -17 24 -2 -15 -25 29 -29 -1
right_child=12 2 5 4 -6 7 10 -9 -10 -11 -12 -13 15 14 21 16 20 18 -20 -21 -22 -23 -24 26 -26 -27 -28 28 -30 -31
leaf_value=0.00050822061175293605 -0.00012914011718484844 -3.2671043388170004e-06 -3.2671043388170004e-06 -3.2671043388170004e-06 -3.2671043388170004e-06 -3.2671043388170004e-06 -3.2671043388170004e-06 -3.2671043388170004e-06 -3.2671043388170004e-06 -3.2671043388170004e-06 -3.2671043388170004e-06 -3.2671043388170004e-06 -0.00011428311599293363 -0.00072919019853366846 0.0019112587670972918 -0.00033519623130331863 0.0003727445484246554 9.132501606457389e-05 0.0032622275997572581 4.0764670854875548e-05 -0.00069606829621343203 -6.8634942729435552e-05 -3.5216366544015697e-05 0.002408926338640096 0.0021689737055243584 2.8687787069238067e-05 -0.00084747911324405492 0.0023256524172765906 -5.7394295571868496e-06 -0.00010183955052277057
leaf_weight=156 134 200 1494 16759 3420 12617 1692 208 6306 4415 331 3225 4268 443 357 2209 3330 16665 66 8157 228 155 55095 57 621 989 118 313 9220 593
leaf_count=156 134 200 1494 16759 3420 12617 1692 208 6306 4415 331 3225 4268 443 357 2209 3330 16665 66 8157 228 155 55095 57 621 989 118 313 9220 593
internal_value=-0.00273155 -0.00683973 -0.00869625 -0.0126897 -0.0147369 -0.0030079 -0.00141017 -0.00154971 -0.0063403 -0.00617279 -0.00360137 -0.00300488 -3.60634e-05 0.00212248 0.000488683 -0.000104979 -0.000377904 0.000464741 0.00107734 -0.000360161 0.00184092 0.00605469 -0.000515671 0.00553763 0.00731788 -0.0015014 -0.00214286 -0.000291772 -2.88472e-05 -0.00363818
internal_weight=153841 60949 45419 26685 20179 18734 15530 12825 6506 5909 5248 4917 92892 2874 1944 90018 60862 29156 16731 12425 3558 512 57304 930 755 1432 175 10282 9533 749
internal_count=153841 60949 45419 26685 20179 18734 15530 12825 6506 5909 5248 4917 92892 2874 1944 90018 60862 29156 16731 12425 3558 512 57304 930 755 1432 175 10282 9533 749
is_linear=0
shrinkage=0.05


Tree=110
num_leaves=31
num_cat=0
split_feature=4 13 13 32 13 13 13 1 3 2 24 1 3 39 38 2 34 32 38 34 14 8 3 32 22 22 25 39 25 8
split_gain=680.77 246.617 412.699 152.204 158.653 34.5831 15.4028 14.0155 11.939 11.0952 10.1849 5.99713 5.64123 5.95645 14.4131 13.3122 22.4272 11.25 10.4964 10.1043 5.94158 5.1158 4.11751 3.58628 3.31462 4.65786 4.34885 2.45867 2.13107 1.52489
threshold=1.0000000180025095e-35 -8.3072719573974592 3.6173341274261479 14.500000000000002 -0.064914468675851808 13.859466075897219 -23.134503364562985 0.40330043435096746 -0.13065119087696073 0.48264084756374365 2.5000000000000004 0.082000128924846663 0.37682336568832403 -0.35300403833389277 0.22453185915946963 0.4156948477029801 3.5000000000000004 14.500000000000002 -0.51251009106636036 3.5000000000000004 -1.0000000180025095e-35 0.0030463692964985971 0.46115627884864813 27.500000000000004 0.66842818260192882 0.59430253505706798 0.033999847248196609 -1.404380142688751 0.12525647878646853 0.00050869022379629325
decision_type=2 2 2 2 2 2 2 2 2 2 2 2 2 2 2 2 2 2 2 2 2 2 2 2 2 2 2 2 2 2
left_child=1 6 3 4 -3 8 24 -7 -4 10 -8 -5 13 14 18 19 -17 -16 -2 -15 22 29 -14 -23 25 -1 -26 -11 -24 -22
right_child=12 2 5 11 -6 7 9 -9 -10 27 -12 -13 20 15 17 16 -18 -19 -20 -21 21 23 28 -25 26 -27 -28 -29 -30 -31
leaf_value=-3.2431154938245261e-06 0.0013922534848205372 -3.1037491218761504e-06 -3.1037491218761504e-06 -0.00011818493967087755 -3.1037491218761504e-06 -3.1037491218761504e-06 -3.1037491218761504e-06 -3.1037491218761504e-06 -3.1037491218761504e-06 -2.392177672266087e-05 -3.1037491218761504e-06 1.3278942415617621e-05 0.00039979561420269726 -2.8489079674595078e-05 0.00025733366930190095 0.00073736787727356678 -0.00025680116423807341 0.010495873371067395 -6.8209048433850311e-05 0.00014602724190436261 -0.00034482435361297574 -0.00024566540402746665 -0.00042388374392796795 -0.00097917484216085231 0.00044885331474831382 0.0011776857242477643 -0.00010955664206852383 -3.1037491218761504e-06 6.2555924715550829e-06 0.00030627916025937349
leaf_weight=8663 369 6008 1494 2149 18105 12617 1692 208 4415 54 3225 423 297 39265 2209 3764 2387 264 27832 14214 49 1761 56 136 210 257 1152 277 89 200
leaf_count=8663 369 6008 1494 2149 18105 12617 1692 208 4415 54 3225 423 297 39265 2209 3764 2387 264 27832 14214 49 1761 56 136 210 257 1152 277 89 200
internal_value=-0.00273025 -0.00683645 -0.00869625 -0.0126897 -0.013923 -0.0030079 -0.0013973 -0.00154971 -0.00617279 -0.00360137 -0.00300488 -0.00112753 -3.60634e-05 2.9899e-05 -0.000536285 0.000321147 0.00252398 0.00312374 -0.000857239 6.77836e-05 -0.00233771 -0.00342498 0.00294118 -0.00430944 -0.000272321 7.84753e-05 -0.00256975 -0.0124622 -0.00396552 0.00331325
internal_weight=153841 60949 45419 26685 24113 18734 15530 12825 5909 5248 4917 2572 92892 90304 30674 59630 6151 2473 28201 53479 2588 2146 442 1897 10282 8920 1362 331 145 249
internal_count=153841 60949 45419 26685 24113 18734 15530 12825 5909 5248 4917 2572 92892 90304 30674 59630 6151 2473 28201 53479 2588 2146 442 1897 10282 8920 1362 331 145 249
is_linear=0
shrinkage=0.05


Tree=111
num_leaves=31
num_cat=0
split_feature=4 13 13 32 13 13 13 1 3 3 24 3 37 0 32 34 34 32 37 3 32 21 39 21 1 3 1 3 0 21
split_gain=679.959 247.127 412.859 151.742 158.653 34.5831 15.227 14.0155 11.939 11.0565 9.60056 5.65259 12.8885 10.9069 20.885 12.5443 10.807 11.8749 10.6035 22.5496 18.6743 8.29231 7.89846 12.0804 11.1785 6.30702 5.13625 3.23818 5.19268 3.57541
threshold=1.0000000180025095e-35 -8.3072719573974592 3.6173341274261479 14.500000000000002 -0.064914468675851808 13.859466075897219 -23.134503364562985 0.40330043435096746 -0.13065119087696073 0.35972993075847631 2.5000000000000004 0.074954081326723113 1.0000000180025095e-35 0.18063808232545855 2.5000000000000004 3.5000000000000004 1.0000000180025095e-35 31.500000000000004 1.0000000180025095e-35 -1.8692067265510557 14.500000000000002 0.97499999403953563 -0.15170472860336301 0.97499999403953563 -0.094931427389383302 0.19410040229558947 -0.4405550211668014 -1.7320105433464048 -1.0383247733116148 0.32500000298023229
decision_type=2 2 2 2 2 2 2 2 2 2 2 2 2 2 2 2 2 2 2 2 2 2 2 2 2 2 2 2 2 2
left_child=1 6 3 4 -3 8 27 -7 -4 10 -8 13 16 18 15 -15 25 -18 20 -20 -2 -16 23 -14 -24 -13 -5 29 -29 -1
right_child=11 2 5 26 -6 7 9 -9 -10 -11 -12 12 22 14 21 -17 17 -19 19 -21 -22 -23 24 -25 -26 -27 -28 28 -30 -31
leaf_value=-9.630150713099277e-05 -8.0597550128503571e-05 -2.9485616657823427e-06 -2.9485616657823427e-06 0.0058347983316575265 -2.9485616657823427e-06 -2.9485616657823427e-06 -2.9485616657823427e-06 -2.9485616657823427e-06 -2.9485616657823427e-06 -2.9485616657823427e-06 -2.9485616657823427e-06 -0.00034628041511668107 -8.8547084746897628e-05 0.00047445184228897959 0.003948085473149821 -0.00024120189877637269 0.00022314662789136696 -0.0012791035748761553 0.0022929564396374663 4.5383303920220427e-05 0.00046401544233341498 0.00026400953434273531 0.00022923789529541891 -0.00033525268211908183 -0.00011524328242849451 -2.04284470645424e-05 -6.2149886696006391e-05 0.0022148476285161873 -5.6490008767090681e-06 4.1616955031865097e-05
leaf_weight=380 27302 6008 1494 255 18105 12617 1664 208 4415 310 3274 506 3201 3421 429 2467 6106 253 310 32330 2683 156 2419 1697 8938 674 2317 313 9220 369
leaf_count=380 27302 6008 1494 255 18105 12617 1664 208 4415 310 3274 506 3201 3421 429 2467 6106 253 310 32330 2683 156 2419 1697 8938 674 2317 313 9220 369
internal_value=-0.00273188 -0.00683563 -0.00869735 -0.0126916 -0.013923 -0.0030079 -0.00139086 -0.00154971 -0.00617279 -0.00358232 -0.00300729 -3.92929e-05 -0.000703959 0.000189586 0.00214352 0.0012483 0.00100478 0.00182025 -1.23752e-05 0.000611213 -0.000691179 0.0111538 -0.00149646 -0.00317477 -0.000772651 -0.00338983 -0.00114697 -0.000272321 -2.36022e-05 -0.00343792
internal_weight=153841 60949 45419 26685 24113 18734 15530 12825 5909 5248 4938 92892 23794 69098 6473 5888 7539 6359 62625 32640 29985 585 16255 4898 11357 1180 2572 10282 9533 749
internal_count=153841 60949 45419 26685 24113 18734 15530 12825 5909 5248 4938 92892 23794 69098 6473 5888 7539 6359 62625 32640 29985 585 16255 4898 11357 1180 2572 10282 9533 749
is_linear=0
shrinkage=0.05


Tree=112
num_leaves=31
num_cat=0
split_feature=5 24 3 32 32 3 25 25 3 1 39 1 39 25 38 39 2 8 0 3 1 14 25 1 38 38 38 11 10 1
split_gain=674.058 149.049 73.7968 59.7287 46.3064 44.6979 43.3234 27.0475 16.5084 15.7392 12.8674 9.49306 9.21211 6.79514 8.89808 7.01421 6.06744 9.61934 8.00074 13.2707 13.311 7.27936 6.06091 12.2278 7.23305 4.07358 8.08532 2.85161 2.77204 1.97452
threshold=1.0000000180025095e-35 2.5000000000000004 -0.10520397126674651 14.500000000000002 14.500000000000002 -0.15598179399967191 0.0011225953348912301 0.042363081127405174 -0.32882358133792872 -0.27344374358654017 -3.0035413503646846 0.072712808847427382 -4.1308479309082022 0.047478249296545989 0.001903286552987993 -1.9181800484657285 0.65442737936973583 0.11566411703824998 0.36989095807075506 0.17198131978511813 0.020288588479161266 -1.0000000180025095e-35 0.26722472906112676 -0.010441760532557963 -0.010515488684177397 0.4563125222921372 0.23813173174858096 0.78184047341346752 0.1584776118397713 0.38379745185375219
decision_type=2 2 2 2 2 2 2 2 2 2 2 2 2 2 2 2 2 2 2 2 2 2 2 2 2 2 2 2 2 2
left_child=1 2 8 6 5 9 -4 -7 12 -3 -10 -5 -1 14 -6 -15 18 25 22 20 -20 -21 24 -24 -2 26 -18 -27 29 -19
right_child=16 4 3 11 13 7 -8 -9 10 -11 -12 -13 -14 15 -16 -17 17 28 19 21 -22 -23 23 -25 -26 27 -28 -29 -30 -31
leaf_value=-1.2095984057489294e-05 -8.3555758729082514e-05 -2.8011335824932258e-06 -2.8011335824932258e-06 -0.00014157535041311854 0.00017462725541830755 -2.8011335824932258e-06 -2.8011335824932258e-06 -2.8011335824932258e-06 -2.8011335824932258e-06 1.9297068360969963e-05 -2.8011335824932258e-06 0.00018953211893369209 -2.8011335824932258e-06 0.0015772631289462569 -0.0002725174584565903 0.00010690110932748253 -0.00019427617042491675 0.002837296564312169 0.00015260534895062381 0.00050515335486297466 0.0019411880879353417 -0.00016313340507498385 0.00010307852633695243 -0.0002208927603076446 2.3465209670909398e-06 -0.001231719449692751 0.0011202910586898607 -0.00039587553819773368 -0.0010469477715572318 0.00017654163381250173
leaf_weight=474 18845 5949 1521 1200 735 9429 15308 14493 1005 3488 3189 355 1822 367 454 1160 3458 130 1082 446 1155 1870 19922 2356 43435 34 68 31 30 30
leaf_count=474 18845 5949 1521 1200 735 9429 15308 14493 1005 3488 3189 355 1822 367 454 1160 3458 130 1082 446 1155 1870 19922 2356 43435 34 68 31 30 30
internal_value=-0.00273578 -0.00682169 -0.00979939 -0.0114175 -0.00476854 -0.00527968 -0.0122839 -0.00642923 -0.00521572 -0.00236569 -0.00708155 -0.0020418 -0.00180749 0.00150957 -0.00132464 0.00371644 -5.49025e-05 -0.00201666 2.83354e-05 0.00207006 0.00481672 -0.000582902 -8.16008e-05 0.000626178 -0.000334778 -0.00259677 -0.00236812 -0.015 0.00894737 0.0115625
internal_weight=153841 60949 24874 18384 36075 33359 16829 23922 6490 9437 4194 1555 2296 2716 1189 1527 92892 3781 89111 4553 2237 2316 84558 22278 62280 3591 3526 65 190 160
internal_count=153841 60949 24874 18384 36075 33359 16829 23922 6490 9437 4194 1555 2296 2716 1189 1527 92892 3781 89111 4553 2237 2316 84558 22278 62280 3591 3526 65 190 160
is_linear=0
shrinkage=0.05


Tree=113
num_leaves=31
num_cat=0
split_feature=7 13 13 32 13 13 13 1 3 2 24 2 8 2 3 34 39 22 2 14 13 1 1 38 22 22 1 10 39 13
split_gain=679.662 250.22 416.129 142.104 159.217 34.4566 15.4534 14.0155 12.094 11.1669 10.0004 5.86046 8.65183 7.37782 21.2851 19.2517 10.9344 6.57386 24.4485 13.7623 5.75859 6.54635 5.46494 5.22324 3.0987 4.23265 3.83692 2.56678 2.45867 2.03496
threshold=1.0000000180025095e-35 -8.3072719573974592 3.6173341274261479 14.500000000000002 -0.064914468675851808 13.859466075897219 -23.134503364562985 0.40330043435096746 -0.13065119087696073 0.48264084756374365 2.5000000000000004 0.65442737936973583 0.11566411703824998 0.40479560196399694 -0.17855050414800641 3.5000000000000004 -0.68135905265808094 0.59430253505706798 0.18493328988552096 1.0000000180025095e-35 -61.222078323364251 -0.086098875850439058 -0.4405550211668014 0.11658645421266557 0.66842818260192882 0.61953195929527294 -0.95494627952575672 0.1584776118397713 -1.404380142688751 -526.57556152343739
decision_type=2 2 2 2 2 2 2 2 2 2 2 2 2 2 2 2 2 2 2 2 2 2 2 2 2 2 2 2 2 2
left_child=1 6 3 4 -3 8 24 -7 -4 10 -8 13 20 17 15 -15 -16 19 -19 -2 23 -22 -5 -13 25 -1 -26 29 -11 -14
right_child=11 2 5 22 -6 7 9 -9 -10 28 -12 12 27 14 16 -17 -18 18 -20 -21 21 -23 -24 -25 26 -27 -28 -29 -30 -31
leaf_value=-7.3783952666431859e-07 -4.8276348946775863e-05 -2.6610769033685644e-06 -2.6610769033685644e-06 0.005537713359608276 -2.6610769033685644e-06 -2.6610769033685644e-06 -2.6610769033685644e-06 -2.6610769033685644e-06 -2.6610769033685644e-06 -2.2438203124114043e-05 -2.6610769033685644e-06 7.4326517012816761e-05 0.0027795901404579146 0.0030802345147205252 -0.00023527855729278107 0.00022687865103058135 0.0001650759105551302 -7.496891398477146e-06 0.0015493070687173254 0.00010501464461945484 0.00021811519912983172 -0.00036657964512403586 -5.9266599492642795e-05 -0.00050402424515253624 -1.0060511834452146e-05 0.0010815217287858849 -0.00019317162454798691 -0.00099460038297937044 -2.6610769033685644e-06 0.0018098051326334451
leaf_weight=8796 58004 6008 1494 255 18105 12617 1692 208 4415 54 3225 1380 47 899 1735 672 4655 9758 2029 11359 341 1759 2317 111 804 124 558 30 277 113
leaf_count=8796 58004 6008 1494 255 18105 12617 1692 208 4415 54 3225 1380 47 899 1735 672 4655 9758 2029 11359 341 1759 2317 111 804 124 558 30 277 113
internal_value=-0.00274098 -0.00684384 -0.00871717 -0.0127272 -0.0139188 -0.00300523 -0.0013651 -0.00154971 -0.00616433 -0.00357279 -0.00297437 -4.89816e-05 -0.00197699 3.28242e-05 0.00148537 0.00669955 0.000203443 -0.000109673 0.000982014 -0.000295186 -0.00252715 -0.00421429 -0.00155521 -0.000150905 -0.00023828 0.000100897 -0.00245962 0.00842105 -0.0124622 0.0109375
internal_weight=153841 60949 45419 26685 24113 18734 15530 12825 5909 5248 4917 92892 3781 89111 7961 1571 6390 81150 11787 69363 3591 2100 2572 1491 10282 8920 1362 190 331 160
internal_count=153841 60949 45419 26685 24113 18734 15530 12825 5909 5248 4917 92892 3781 89111 7961 1571 6390 81150 11787 69363 3591 2100 2572 1491 10282 8920 1362 190 331 160
is_linear=0
shrinkage=0.05


Tree=114
num_leaves=31
num_cat=0
split_feature=4 13 13 32 13 13 13 1 3 24 1 21 21 4 25 38 39 13 2 25 38 3 25 39 3 22 1 25 22 22
split_gain=673.619 250.249 412.447 152.568 159.217 34.4566 14.755 14.0155 12.094 10.3988 7.44409 5.81763 10.2576 10.069 9.59144 8.77026 7.8989 6.99171 6.67441 6.42637 11.2959 6.28334 5.41672 5.13381 8.18922 5.6234 4.78415 4.19234 2.99712 3.87367
threshold=1.0000000180025095e-35 -8.3072719573974592 3.6173341274261479 14.500000000000002 -0.064914468675851808 13.859466075897219 -23.134503364562985 0.40330043435096746 -0.13065119087696073 2.5000000000000004 0.18658515065908435 0.17500000447034839 0.67499998211860668 7.0250000953674325 0.25171916186809545 -0.51251009106636036 -2.7474482059478755 -217.27296447753903 0.36216658353805548 0.35498261451721197 1.0000000180025095e-35 -1.3293060660362241 1.0000000180025095e-35 -3.6459681987762447 -1.8692067265510557 1.8438517451286318 -0.4405550211668014 0.12997728586196902 0.66842818260192882 0.61953195929527294
decision_type=2 2 2 2 2 2 2 2 2 2 2 2 2 2 2 2 2 2 2 2 2 2 2 2 2 2 2 2 2 2
left_child=1 6 3 4 -3 8 28 -7 -4 22 -11 17 15 18 -15 27 -17 19 -14 21 -21 -2 -8 24 -19 -25 -5 -13 29 -1
right_child=11 2 5 26 -6 7 9 -9 -10 10 -12 12 13 14 -16 16 -18 23 -20 20 -22 -23 -24 25 -26 -27 -28 -29 -30 -31
leaf_value=-7.0094755033110268e-07 0.001651079335327612 -2.5280230582001363e-06 -2.5280230582001363e-06 0.0052608276916278618 -2.5280230582001363e-06 -2.5280230582001363e-06 -2.5280230582001363e-06 -2.5280230582001363e-06 -2.5280230582001363e-06 -2.5280230582001363e-06 -2.5280230582001363e-06 0.00031516319123261213 3.8372735415886931e-05 -0.00010238024943486349 4.5080188863110821e-05 -0.00018584291590944028 0.00012691528923965134 0.0013408147858094742 0.00053913333078951385 0.00012088723911273196 -0.00081400937415334685 0.00011297865279631306 -2.5280230582001363e-06 -6.7873755925230254e-05 -0.00032189781719871085 -0.00075052531027862803 -5.6303269518010665e-05 0.0042963512883649703 -7.5683476096566766e-05 0.0010274456423465909
leaf_weight=8796 336 6008 1494 255 18105 12617 118 208 4415 3279 184 88 17263 22851 10832 1466 17548 94 1493 560 274 3916 1667 15028 818 199 2317 126 1362 124
leaf_count=8796 336 6008 1494 255 18105 12617 118 208 4415 3279 184 88 17263 22851 10832 1466 17548 94 1493 560 274 3916 1667 15028 818 199 2317 126 1362 124
internal_value=-0.00273383 -0.00681841 -0.00869185 -0.0126841 -0.0139188 -0.00300523 -0.00133934 -0.00154971 -0.00616433 -0.00349657 -0.00189864 -5.38259e-05 0.000161511 -0.000200709 -0.000717721 0.00114937 0.00103608 -0.000780919 0.000727767 0.000835627 -0.00317746 0.00162277 -0.00659664 -0.00129035 -0.00493421 -0.00107211 -0.00110809 0.011215 -0.00023828 9.52915e-05
internal_weight=153841 60949 45419 26685 24113 18734 15530 12825 5909 5248 3463 92892 71667 52439 33683 19228 19014 21225 18756 5086 834 4252 1785 16139 912 15227 2572 214 10282 8920
internal_count=153841 60949 45419 26685 24113 18734 15530 12825 5909 5248 3463 92892 71667 52439 33683 19228 19014 21225 18756 5086 834 4252 1785 16139 912 15227 2572 214 10282 8920
is_linear=0
shrinkage=0.05


Tree=115
num_leaves=31
num_cat=0
split_feature=4 13 13 13 13 13 13 1 3 3 24 1 21 2 21 39 3 39 3 38 25 25 13 1 2 9 3 1 21 25
split_gain=670.503 248.673 410.167 137.533 65.5345 34.6899 14.6688 14.0495 12.094 11.3843 10.2751 7.44409 5.71263 7.40714 7.87144 11.2567 7.42294 6.53625 12.8276 16.4568 10.1133 5.44607 5.1147 5.63733 5.29901 3.33744 2.90703 4.10502 3.17858 2.48941
threshold=1.0000000180025095e-35 -8.3072719573974592 3.6173341274261479 -0.064914468675851808 0.00075226789808231222 13.859466075897219 -23.134503364562985 0.40330043435096746 -0.13065119087696073 -0.25888420641422266 2.5000000000000004 0.18658515065908435 1.0000000180025095e-35 0.78842890262603771 0.97499999403953563 0.052476504817605026 -0.13065119087696073 -2.196045875549316 -1.8692067265510557 -0.32030953466892237 0.33226084709167486 1.0000000180025095e-35 -42.552946090698235 -2.0014209747314449 0.3874464631080628 0.55574390292167675 -1.7320105433464048 -1.2053272724151609 0.32500000298023229 0.092879395931959166
decision_type=2 2 2 2 2 2 2 2 2 2 2 2 2 2 2 2 2 2 2 2 2 2 2 2 2 2 2 2 2 2
left_child=1 6 3 9 -5 8 26 -7 -4 -3 21 -12 17 14 15 -14 -16 18 19 -2 -20 -8 24 -24 -19 29 28 -28 -1 -15
right_child=12 2 5 4 -6 7 10 -9 -10 -11 11 -13 13 25 16 -17 -18 22 20 -21 -22 -23 23 -25 -26 -27 27 -29 -30 -31
leaf_value=-8.7059175698767527e-05 -0.00082670455491011194 -4.0632257435456766e-06 -2.4016219052901293e-06 -2.4016219052901293e-06 -2.4016219052901293e-06 -2.4016219052901293e-06 -2.4016219052901293e-06 -2.4016219052901293e-06 -2.4016219052901293e-06 -2.4016219052901293e-06 -2.4016219052901293e-06 -2.4016219052901293e-06 0.00011176980849409709 -0.0002320157393552345 3.3706060310407031e-05 -5.4260205104119526e-05 -8.5871246851093174e-05 -9.6631730510552027e-06 -0.0001501685657851852 0.0020153302436531754 -0.0010337125297015439 -2.4016219052901293e-06 -0.00079547990961502499 -6.8879376033917467e-05 0.00036481417087422306 0.00078192216877602657 0.001299941586441187 -5.3164153101407679e-06 4.3963363355947448e-05 -0.00062148598018701431
leaf_weight=380 37 840 1494 16759 3420 12617 118 208 4415 5666 3279 184 33810 125 15289 11583 15716 3976 2130 136 324 1667 319 7847 1265 50 463 9070 369 285
leaf_count=380 37 840 1494 16759 3420 12617 118 208 4415 5666 3279 184 33810 125 15289 11583 15716 3976 2130 136 324 1667 319 7847 1265 50 463 9070 369 285
internal_value=-0.00272278 -0.0067979 -0.00866543 -0.0126466 -0.0146848 -0.00299456 -0.00133612 -0.00153411 -0.00616433 -0.00632493 -0.00348704 -0.00189864 -4.89816e-05 0.00013011 0.000168198 0.000587646 -0.000445896 -0.000907447 -0.00318805 0.0099711 -0.00411573 -0.00656863 -0.00046058 -0.00124296 0.000758443 -0.00619565 -0.00023828 -2.62247e-06 -0.00323765 -0.00768293
internal_weight=153841 60949 45419 26685 20179 18734 15530 12825 5909 6506 5248 3463 92892 76858 76398 45393 31005 16034 2627 173 2454 1785 13407 8166 5241 460 10282 9533 749 410
internal_count=153841 60949 45419 26685 20179 18734 15530 12825 5909 6506 5248 3463 92892 76858 76398 45393 31005 16034 2627 173 2454 1785 13407 8166 5241 460 10282 9533 749 410
is_linear=0
shrinkage=0.05


Tree=116
num_leaves=31
num_cat=0
split_feature=5 13 13 32 13 13 13 1 24 32 1 21 0 21 5 39 34 2 13 0 34 38 1 39 38 1 0 22 22 1
split_gain=668.788 249.11 410.167 155.179 158.002 34.6899 14.7568 14.0495 10.2751 8.72363 7.44409 5.05595 11.3934 7.4721 8.32276 7.9662 7.40284 6.62715 5.94617 6.86671 15.4047 5.1668 4.92548 4.7671 6.76089 5.26453 4.20038 2.92354 3.86872 3.79803
threshold=1.0000000180025095e-35 -8.3072719573974592 3.6173341274261479 14.500000000000002 -0.064914468675851808 13.859466075897219 -23.134503364562985 0.40330043435096746 2.5000000000000004 19.500000000000004 0.18658515065908435 0.17500000447034839 -0.81152173876762379 0.67499998211860668 7.0250000953674325 -3.0315108299255367 1.0000000180025095e-35 -0.51978814601898182 -217.27296447753903 0.35884007811546331 2.5000000000000004 -0.11921747401356696 0.082000128924846663 -3.6459681987762447 0.36682778596878057 -2.7169306278228755 0.4552478045225144 0.66842818260192882 0.61953195929527294 -0.95494627952575672
decision_type=2 2 2 2 2 2 2 2 2 2 2 2 2 2 2 2 2 2 2 2 2 2 2 2 2 2 2 2 2 2
left_child=1 6 3 4 -3 9 27 -7 26 -4 -10 18 16 15 -15 -14 -13 -18 19 21 -21 -2 -5 24 -20 -25 -8 28 -1 -29
right_child=11 2 5 22 -6 7 8 -9 10 -11 -12 12 13 14 -16 -17 17 -19 23 20 -22 -23 -24 25 -26 -27 -28 29 -30 -31
leaf_value=-4.000794073075091e-07 0.00039394804912303298 -2.2815408100256229e-06 -2.2815408100256229e-06 -9.6569404795085557e-05 -2.2815408100256229e-06 -2.2815408100256229e-06 -2.2815408100256229e-06 -2.2815408100256229e-06 -2.2815408100256229e-06 0.00011381843852552483 -2.2815408100256229e-06 -0.0011126495140810085 -0.0002234673973657112 5.4918823656320494e-05 -5.802347206151524e-05 0.00011424121410193219 0.0035036343230119235 0.00080248256959206262 -0.00028695405543816314 -0.00012969752388842151 0.0023345649194489795 -7.1636915720167503e-05 8.1880960467946718e-06 -0.0007441000596587721 0.001629854183173294 -6.2221506479755853e-05 -2.2815408100256229e-06 -2.9744793813349559e-06 0.00097633918099476855 -0.0001806950432169044
leaf_weight=8796 655 6008 5488 2149 18105 12617 1723 208 3279 421 184 68 1119 18646 33619 17641 203 371 837 444 535 3452 423 188 75 15039 62 804 124 558
leaf_count=8796 655 6008 5488 2149 18105 12617 1723 208 3279 421 184 68 1119 18646 33619 17641 203 371 837 444 535 3452 423 188 75 15039 62 804 124 558
internal_value=-0.00272635 -0.00679626 -0.00866543 -0.0126466 -0.0138919 -0.00299456 -0.00132968 -0.00153411 -0.00348704 -0.00616433 -0.00189864 -5.5979e-05 0.000144767 8.48293e-05 -0.000222424 0.000940832 0.0067757 0.00862369 -0.000733804 0.00075698 0.00451992 -0.000140005 -0.000972006 -0.00120361 -0.00471491 -0.000993301 -0.00656863 -0.000228555 0.000100897 -0.0023862
internal_weight=153841 60949 45419 26685 24113 18734 15530 12825 5248 5909 3463 92892 71667 71025 52265 18760 642 574 21225 5086 979 4107 2572 16139 912 15227 1785 10282 8920 1362
internal_count=153841 60949 45419 26685 24113 18734 15530 12825 5248 5909 3463 92892 71667 71025 52265 18760 642 574 21225 5086 979 4107 2572 16139 912 15227 1785 10282 8920 1362
is_linear=0
shrinkage=0.05


Tree=117
num_leaves=31
num_cat=0
split_feature=4 13 13 32 13 13 13 1 24 32 1 2 8 0 13 34 38 20 21 13 1 13 1 4 0 21 2 21 10 13
split_gain=669.693 248.155 409.144 157.002 157.909 34.8168 14.625 14.0495 10.2751 8.44839 7.44409 5.22569 8.47668 6.15522 10.7898 9.89456 6.56695 6.85645 6.02463 5.0754 4.54184 4.48546 6.21429 4.72086 4.20038 2.61976 9.28636 5.80345 1.96886 2.18302
threshold=1.0000000180025095e-35 -8.3072719573974592 3.6173341274261479 14.500000000000002 -0.064914468675851808 13.859466075897219 -23.134503364562985 0.40330043435096746 2.5000000000000004 19.500000000000004 0.18658515065908435 0.65442737936973583 0.11566411703824998 0.36989095807075506 -40.278293609619134 3.5000000000000004 0.41058568656444555 -1.0000000180025095e-35 0.17500000447034839 15.890574455261232 0.082000128924846663 -61.222078323364251 -0.086098875850439058 12.025000095367433 0.4552478045225144 0.97499999403953563 0.35640239715576177 0.27500000596046453 0.1584776118397713 -526.57556152343739
decision_type=2 2 2 2 2 2 2 2 2 2 2 2 2 2 2 2 2 2 2 2 2 2 2 2 2 2 2 2 2 2
left_child=1 6 3 4 -3 9 25 -7 24 -4 -10 13 21 16 15 -15 18 -18 -2 -16 -5 23 -23 -13 -8 27 -27 -1 29 -14
right_child=11 2 5 20 -6 7 8 -9 10 -11 -12 12 28 14 19 -17 17 -19 -20 -21 -22 22 -24 -25 -26 26 -28 -29 -30 -31
leaf_value=-1.9273631049776832e-05 -6.5305741455896882e-05 -2.1674637695243415e-06 -2.1674637695243415e-06 -9.1740934555331274e-05 -2.1674637695243415e-06 -2.1674637695243415e-06 -2.1674637695243415e-06 -2.1674637695243415e-06 -2.1674637695243415e-06 0.00010812751659924868 -2.1674637695243415e-06 0.00019804648290150135 0.0026430423290851341 0.00108465407688309 -0.00038878314002542091 -0.0002286148104212217 0.0011223783286802898 4.201013035686121e-05 8.0513358620155212e-06 0.00015226641216234198 7.7786912444549394e-06 0.00020964113482345415 -0.00033429004413646824 -0.000193006449153706 -2.1674637695243415e-06 -2.2420170028157107e-05 -0.00041253829786804116 0.00010905180185863408 -0.00092410727346326014 0.0017217465716518868
leaf_weight=3538 17300 6008 5488 2149 18105 12617 1723 208 3279 421 184 889 47 1098 428 522 432 657 66169 2505 423 341 1759 602 62 3242 182 3320 30 113
leaf_count=3538 17300 6008 5488 2149 18105 12617 1723 208 3279 421 184 889 47 1098 428 522 432 657 66169 2505 423 341 1759 602 62 3242 182 3320 30 113
internal_value=-0.00272278 -0.00679544 -0.00866102 -0.0126372 -0.0138898 -0.00299722 -0.00133934 -0.00153411 -0.00348704 -0.00617279 -0.00189864 -5.05964e-05 -0.0018712 2.66522e-05 0.00181748 0.00509259 -6.97746e-05 0.00378788 -0.000120104 8.5237e-06 -0.000894246 -0.00241576 -0.00390476 -0.000318578 -0.00656863 -0.000243143 -0.00137266 0.000320793 0.00842105 0.010625
internal_weight=153841 60949 45419 26685 24113 18734 15530 12825 5248 5909 3463 92892 3781 89111 4553 1620 84558 1089 83469 2933 2572 3591 2100 1491 1785 10282 3424 6858 190 160
internal_count=153841 60949 45419 26685 24113 18734 15530 12825 5248 5909 3463 92892 3781 89111 4553 1620 84558 1089 83469 2933 2572 3591 2100 1491 1785 10282 3424 6858 190 160
is_linear=0
shrinkage=0.05


Tree=118
num_leaves=31
num_cat=0
split_feature=4 24 32 14 24 32 21 1 14 1 0 25 14 39 39 22 12 18 7 7 22 4 32 4 0 0 0 9 1 7
split_gain=669.088 145.631 65.2865 61.8272 48.3639 45.3738 36.9563 35.1264 26.1213 6.23025 15.7867 5.69749 5.62902 5.56101 5.30261 5.02634 4.94297 6.71642 8.30079 5.90087 5.44132 5.30893 5.00463 4.49266 5.08446 4.86318 4.42515 4.34848 3.39624 3.10406
threshold=1.0000000180025095e-35 2.5000000000000004 14.500000000000002 1.0000000180025095e-35 1.0000000180025095e-35 14.500000000000002 1.0000000180025095e-35 -0.66433361172676075 1.0000000180025095e-35 0.072712808847427382 0.016393200494349006 0.021932214498519901 -1.0000000180025095e-35 2.1213928461074834 -1.0000000180025095e-35 0.08655212447047235 0.42202162742614752 1079.8569335937502 0.049499558284878738 0.14139872044324878 1.2157527804374697 3.7250000238418584 2.5000000000000004 73.799999237060561 0.52061906456947338 0.23521710187196734 0.48001201450824743 0.44436404109001165 -0.3141327947378158 0.085104662925004973
decision_type=2 2 2 2 2 2 2 2 2 2 2 2 2 2 2 2 2 2 2 2 2 2 2 2 2 2 2 2 2 2
left_child=1 2 3 4 -1 6 7 -3 -8 10 -4 14 -13 -5 -7 -11 23 18 21 22 -21 -18 -19 24 25 -2 29 -26 -20 -25
right_child=16 5 9 13 -6 11 8 -9 -10 15 -12 12 -14 -15 -16 -17 17 19 28 20 -22 -23 -24 26 27 -27 -28 -29 -30 -31
leaf_value=-2.0590905810481245e-06 1.9085736103057958e-05 -2.0901292041071511e-06 4.6973374306024874e-05 5.6555439380305336e-05 -2.0590905810481245e-06 -0.00040471224776876763 -2.0590905810481245e-06 -2.0590905810481245e-06 6.6727851627064008e-05 -1.4397158772329178e-07 -0.00023039326133213628 0.0024063169053672069 0.00017534182185995688 -2.0590905810481245e-06 4.2023690096760878e-05 0.00057524334817131418 4.4804098141654031e-05 -3.6894562294402002e-05 -0.00019705803950554186 0.0006032845174868053 0.0061073188150812729 -0.00010079448100659816 0.00025761589017473838 -6.4951535133563596e-05 -0.00021787255201915009 0.00018548523848648351 0.0012341125725582214 0.00020229876656229168 -0.00062147497908847729 -0.00089547729534104371
leaf_weight=1327 48053 1726 1200 1299 19970 260 21881 7268 2484 218 488 117 1887 229 452 143 3090 20742 266 734 75 7800 2496 278 1738 5769 49 687 752 363
leaf_count=1327 48053 1726 1200 1299 19970 260 21881 7268 2484 218 488 117 1887 229 452 143 3090 20742 266 734 75 7800 2496 278 1738 5769 49 687 752 363
internal_value=-0.00271888 -0.00678969 -0.00973305 -0.0105005 -0.0111976 -0.00476022 -0.0052662 -0.00800534 -0.00425508 -0.0011835 -0.00245853 0.00145434 0.00281936 -0.00078534 -0.00238764 0.00477839 -4.79051e-05 -0.000506884 -0.001478 -2.59908e-05 0.00417182 -0.00107438 -0.000172132 0.000241934 0.000291127 0.000392033 -0.00376812 -0.00194845 -0.00579568 -0.0048752
internal_weight=153841 60949 24874 22825 21297 36075 33359 8994 24365 2049 1688 2716 2004 1528 712 361 92892 35955 11908 24047 809 10890 23238 56937 56247 53822 690 2425 1018 641
internal_count=153841 60949 24874 22825 21297 36075 33359 8994 24365 2049 1688 2716 2004 1528 712 361 92892 35955 11908 24047 809 10890 23238 56937 56247 53822 690 2425 1018 641
is_linear=0
shrinkage=0.05


Tree=119
num_leaves=29
num_cat=0
split_feature=4 13 13 13 32 13 13 1 32 24 32 1 25 4 7 18 11 38 0 4 7 34 13 0 10 22 25 13
split_gain=677.674 249.897 413.954 141.177 149.485 34.8853 14.3214 14.041 12.3506 10.3388 8.17755 7.46607 5.44607 4.51828 5.52258 5.49365 7.2754 9.70086 7.921 4.63138 5.68081 4.82398 4.5907 6.95978 3.9603 2.62707 4.01765 3.4203
threshold=1.0000000180025095e-35 -8.3072719573974592 3.6173341274261479 -0.064914468675851808 14.500000000000002 13.859466075897219 -23.134503364562985 0.40330043435096746 2.5000000000000004 2.5000000000000004 19.500000000000004 0.18658515065908435 1.0000000180025095e-35 3.9250000715255742 0.10909914970397951 -20289.721679687496 0.030331781134009365 0.23002020269632342 0.1086518131196499 42.175001144409187 0.14139872044324878 3.5000000000000004 -229.17455291748044 0.12553157657384875 0.043494569137692458 0.66842818260192882 0.033999847248196609 -217.27296447753903
decision_type=2 2 2 2 2 2 2 2 2 2 2 2 2 2 2 2 2 2 2 2 2 2 2 2 2 2 2 2
left_child=1 6 3 8 -5 10 25 -7 -3 12 -4 -11 -8 14 22 16 17 -15 -18 20 -17 -21 23 -2 -24 27 -27 -1
right_child=13 2 5 4 -6 7 9 -9 -10 11 -12 -13 -14 15 -16 19 18 -19 -20 21 -22 -23 24 -25 -26 26 -28 -29
leaf_value=0.00034190741809773679 0.00014517035381889253 -1.9561360519957184e-06 -1.9561360519957184e-06 -1.9561360519957184e-06 -2.6871430699391225e-05 -1.9561360519957184e-06 -1.9561360519957184e-06 -1.9561360519957184e-06 -6.7501705651753697e-06 -1.9561360519957184e-06 0.00010061995626444825 -1.9561360519957184e-06 -1.9561360519957184e-06 0.00051906498630629289 0.0086027382332217687 -2.5388909697607321e-05 -0.00010283331761083287 -0.0014222556093061085 0.0006089554970611713 -0.0002316244462695715 0.00096197976306082878 1.406229778643819e-05 -2.3677825018600864e-05 0.0011702281247977656 0.0001337623391830703 0.00045304032604880372 -9.021138443785245e-05 -5.694286443137979e-06
leaf_weight=941 3332 5810 5488 18105 2074 12617 118 208 696 3279 421 184 1667 1640 54 63426 4236 65 1713 2578 987 1562 9008 406 3885 210 1152 7979
leaf_count=941 3332 5810 5488 18105 2074 12617 118 208 696 3279 421 184 1667 1640 54 63426 4236 65 1713 2578 987 1562 9008 406 3885 210 1152 7979
internal_value=-0.00273058 -0.00682743 -0.00869955 -0.0126991 -0.0147641 -0.00300256 -0.00135222 -0.00153801 -0.00629419 -0.00347752 -0.00618125 -0.0018842 -0.00656863 -4.25225e-05 0.000702727 -0.00020569 0.0010648 0.00394428 0.000239536 -0.000347541 -0.000243351 -0.0019686 0.000650893 0.00219369 0.000203599 -0.000267458 -0.00231278 4.4843e-05
internal_weight=153841 60949 45419 26685 20179 18734 15530 12825 6506 5248 5909 3463 1785 92892 16685 76207 7654 1705 5949 68553 64413 4140 16631 3738 12893 10282 1362 8920
internal_count=153841 60949 45419 26685 20179 18734 15530 12825 6506 5248 5909 3463 1785 92892 16685 76207 7654 1705 5949 68553 64413 4140 16631 3738 12893 10282 1362 8920
is_linear=0
shrinkage=0.05


Tree=120
num_leaves=30
num_cat=0
split_feature=7 24 3 32 3 21 24 32 3 32 39 1 22 22 39 34 3 7 0 38 2 1 38 22 34 2 21 0 9
split_gain=677.075 145.124 76.1228 59.1816 42.7641 37.8204 36.7967 22.1383 18.4722 15.8424 12.8674 11.9167 23.9977 7.70489 6.31957 5.66563 5.00262 4.94533 4.99075 4.63819 4.44186 4.97309 4.12719 3.24477 2.06471 1.85226 1.53313 1.35 1.24073
threshold=1.0000000180025095e-35 2.5000000000000004 -0.10520397126674651 14.500000000000002 -0.15598179399967191 1.0000000180025095e-35 1.0000000180025095e-35 14.500000000000002 -0.32882358133792872 14.500000000000002 -3.0035413503646846 -0.27344374358654017 0.18576720356941226 0.75045233964920055 -4.1308479309082022 1.0000000180025095e-35 0.46115627884864813 0.2624726295471192 0.64177870750427257 0.41058568656444555 -0.85274317860603321 -0.016368578188121315 0.035565793514251716 0.40968684852123266 1.5000000000000002 0.52610191702842724 0.075000001117587103 0.4552478045225144 0.058861188590526588
decision_type=2 2 2 2 2 2 2 2 2 2 2 2 2 2 2 2 2 2 2 2 2 2 2 2 2 2 2 2 2
left_child=1 2 8 6 11 9 -4 -7 14 -6 -10 12 -3 -13 -1 -5 17 18 19 -2 -19 -22 -20 24 26 -25 -18 -27 -26
right_child=16 4 3 15 5 7 -8 -9 10 -11 -12 13 -14 -15 -16 -17 23 20 22 -21 21 -23 -24 25 28 27 -28 -29 -30
leaf_value=-1.0605357008729419e-05 -1.9768374033328485e-06 -1.8583292493959326e-06 -1.8583292493959326e-06 -0.00011250347660531194 -1.8583292493959326e-06 -1.8583292493959326e-06 -1.8583292493959326e-06 0.0001218560314010222 -1.8583292493959326e-06 -5.0141105408249564e-06 -1.8583292493959326e-06 1.9008085887729057e-08 -1.8583292493959326e-06 0.0027863659665184753 -1.8583292493959326e-06 -2.3916581129080603e-05 -5.8977385283316828e-05 0.0098974433953870049 -0.00021708969564339237 0.00029454156164590036 -3.1174109472857649e-05 0.0022300623123090572 0.00016135362928468671 0.00088922884166999167 -0.00020159710546683603 -0.0010302049407840807 -0.00036069883086762352 0.00052313355009831483 -0.0008901490188317966
leaf_weight=474 88834 293 1256 262 6255 17667 15573 1452 1005 604 3189 3660 6109 35 1822 1293 274 37 1494 1150 213 101 399 32 133 30 94 30 71
leaf_count=474 88834 293 1256 262 6255 17667 15573 1452 1005 604 3189 3660 6109 35 1822 1293 274 37 1494 1150 213 101 399 32 133 30 94 30 71
internal_value=-0.00272993 -0.00682497 -0.00976321 -0.0114067 -0.00479903 -0.00587228 -0.012269 -0.00472959 -0.00510786 -0.00905744 -0.00708155 -0.00203773 -0.00334271 0.000223275 -0.00150261 -0.00207395 -4.30608e-05 -1.1927e-05 -3.45571e-05 1.88922e-05 0.00591168 0.00398089 -0.00257528 -0.00436747 -0.00576923 0.00434783 -0.00353261 -0.000833333 -0.00980392
internal_weight=153841 60949 24874 18384 36075 25978 16829 19119 6490 6859 4194 10097 6402 3695 2296 1555 92892 92228 91877 89984 351 314 1893 664 572 92 368 60 204
internal_count=153841 60949 24874 18384 36075 25978 16829 19119 6490 6859 4194 10097 6402 3695 2296 1555 92892 92228 91877 89984 351 314 1893 664 572 92 368 60 204
is_linear=0
shrinkage=0.05


Tree=121
num_leaves=27
num_cat=0
split_feature=4 13 13 13 32 13 1 13 3 3 3 24 3 7 14 22 2 0 13 21 2 21 0 22 22 11
split_gain=676.967 250.849 413.338 141.434 149.485 34.9539 14.0325 13.8568 13.2932 12.2524 9.89901 9.23905 5.26791 4.76044 5.31844 5.30723 4.83881 5.62402 4.72063 2.68807 9.21247 4.85099 1.92842 1.80481 1.26976 0.210753
threshold=1.0000000180025095e-35 -8.3072719573974592 3.6173341274261479 -0.064914468675851808 14.500000000000002 13.859466075897219 0.40330043435096746 -23.134503364562985 -0.25888420641422266 -0.13065119087696073 0.35972993075847631 2.5000000000000004 0.50493973493576061 0.2624726295471192 1.0000000180025095e-35 0.2891030758619309 0.65442737936973583 0.36989095807075506 -67.632061004638658 0.97499999403953563 0.35640239715576177 0.27500000596046453 0.69536349177360546 0.16764742881059649 0.32362638413906103 0.77425503730773937
decision_type=2 2 2 2 2 2 2 2 2 2 2 2 2 2 2 2 2 2 2 2 2 2 2 2 2 2
left_child=1 7 3 8 -5 9 -7 19 -3 -4 11 -9 13 16 15 -15 17 -2 -18 21 -21 -1 -12 -14 -25 -26
right_child=12 2 5 4 -6 6 -8 10 -10 -11 22 -13 23 14 -16 -17 18 -19 -20 20 -22 -23 -24 24 25 -27
leaf_value=-1.5875017894019782e-05 -5.5319788327884386e-06 -3.3439364332689056e-06 -1.7654127869261362e-06 -1.7654127869261362e-06 -2.4332030107967636e-05 -1.7654127869261362e-06 -1.7654127869261362e-06 -1.7654127869261362e-06 -1.7654127869261362e-06 -1.7654127869261362e-06 -1.7654127869261362e-06 -1.7654127869261362e-06 -0.00061773446657562795 -0.0003388419347952386 -0.0022704172213371928 0.0029780995979158151 2.7572512585513978e-05 0.00024450675799018686 -0.00021907542880638685 -2.3747259870761061e-05 -0.0003943240770670307 0.00010334970883914812 -1.7654127869261362e-06 0.00038230902599893039 -0.00056134159233043831 -0.00032016675674223396
leaf_weight=3538 84264 840 1494 18105 2074 12617 208 1664 5666 4415 265 3274 54 65 36 257 1532 4436 2149 3242 182 3320 45 37 32 30
leaf_count=3538 84264 840 1494 18105 2074 12617 208 1664 5666 4415 265 3274 54 65 36 257 1532 4436 2149 3242 182 3320 45 37 32 30
internal_value=-0.00273025 -0.00682497 -0.00870065 -0.0126972 -0.0147641 -0.0030079 -0.00154191 -0.00133934 -0.0062865 -0.00618971 -0.00342988 -0.00288578 -4.3599e-05 -2.83052e-05 0.00572626 0.00776398 -5.06056e-05 2.31116e-05 -0.00182695 -0.000272321 -0.00141647 0.000298921 -0.0120968 -0.00931373 -0.00530303 -0.00967742
internal_weight=153841 60949 45419 26685 20179 18734 12825 15530 6506 5909 5248 4938 92892 92739 358 322 92381 88700 3681 10282 3424 6858 310 153 99 62
internal_count=153841 60949 45419 26685 20179 18734 12825 15530 6506 5909 5248 4938 92892 92739 358 322 92381 88700 3681 10282 3424 6858 310 153 99 62
is_linear=0
shrinkage=0.05


Tree=122
num_leaves=31
num_cat=0
split_feature=4 13 13 13 13 13 1 13 3 3 3 2 3 14 34 2 37 1 2 1 22 38 37 39 25 7 25 9 25 11
split_gain=677.843 249.241 413.178 141.69 67.1924 34.9539 14.0325 13.5596 13.2584 12.2524 9.89901 6.87996 4.65784 4.74149 21.5052 25.6881 11.1684 6.72532 10.29 9.03735 2.79138 2.47491 18.0583 7.46748 2.42713 1.66721 2.30072 1.61477 1.37682 0.544349
threshold=1.0000000180025095e-35 -8.3072719573974592 3.6173341274261479 -0.064914468675851808 0.00075226789808231222 13.859466075897219 0.40330043435096746 -23.134503364562985 -0.25888420641422266 -0.13065119087696073 0.35972993075847631 0.0042567048221826562 0.46115627884864813 -1.0000000180025095e-35 2.5000000000000004 0.37988154590129858 1.0000000180025095e-35 -0.036902070045471184 0.14840760082006457 0.027129234746098522 0.37438043951988226 -0.084379330277442918 1.0000000180025095e-35 -4.2554445266723624 0.061408143490552909 0.059825323522090919 0.017917876131832603 0.11852356418967248 0.28746488690376287 0.94458770751953136
decision_type=2 2 2 2 2 2 2 2 2 2 2 2 2 2 2 2 2 2 2 2 2 2 2 2 2 2 2 2 2 2
left_child=1 7 3 8 -5 9 -7 21 -3 -4 11 -9 13 14 16 -16 -2 18 -15 -19 25 22 -1 -23 -12 26 -14 28 -22 -27
right_child=12 2 5 4 -6 6 -8 10 -10 -11 24 -13 20 17 15 -17 -18 19 -20 -21 27 23 -24 -25 -26 29 -28 -29 -30 -31
leaf_value=0.00045055769753682499 -0.00023486321003199289 -3.1767396116054602e-06 -1.6771421475798293e-06 -1.6771421475798293e-06 -1.6771421475798293e-06 -1.6771421475798293e-06 -1.6771421475798293e-06 -1.6771421475798293e-06 -1.6771421475798293e-06 -1.6771421475798293e-06 -1.6771421475798293e-06 -1.6771421475798293e-06 -0.00050370231128681346 -1.6861505136482603e-05 0.00014301679413055053 0.0029826292952439986 2.3907245315326135e-05 -0.00015164186989168212 0.00015324462842015356 -2.6665727017288756e-06 0.00010437448068061897 0.0015213548304004152 -0.00010042237619027706 -4.5229047638102937e-06 -1.6771421475798293e-06 -0.0014935290115916651 -0.0001445153189599585 0.00063747807088566509 -0.00031624968437492728 -0.00046641750627498814
leaf_weight=380 1994 840 1494 16759 3420 12617 208 1683 5666 4415 67 3255 56 45859 4715 951 4328 8934 13322 12125 63 140 777 8985 243 46 361 45 61 32
leaf_count=380 1994 840 1494 16759 3420 12617 208 1683 5666 4415 67 3255 56 45859 4715 951 4328 8934 13322 12125 63 140 777 8985 243 46 361 45 61 32
internal_value=-0.00273253 -0.00682989 -0.00869955 -0.0126953 -0.0147641 -0.0030079 -0.00154191 -0.00136188 -0.00627882 -0.00618971 -0.00342988 -0.00288578 -4.41373e-05 -1.40955e-05 0.000913413 0.00315037 -0.00109143 -0.000152667 0.000120393 -0.000920034 -0.00421687 -0.000306361 -0.00248487 -3.0137e-05 -0.0120968 -0.00611111 -0.00485612 0.00133136 -0.0016129 -0.0128205
internal_weight=153841 60949 45419 26685 20179 18734 12825 15530 6506 5909 5248 4938 92892 92228 11988 5666 6322 80240 59181 21059 664 10282 1157 9125 310 495 417 169 124 78
internal_count=153841 60949 45419 26685 20179 18734 12825 15530 6506 5909 5248 4938 92892 92228 11988 5666 6322 80240 59181 21059 664 10282 1157 9125 310 495 417 169 124 78
is_linear=0
shrinkage=0.05


Tree=123
num_leaves=31
num_cat=0
split_feature=4 13 13 13 32 13 1 3 13 3 3 24 3 37 32 34 32 3 39 11 1 32 37 37 39 3 3 25 13 32
split_gain=675.801 248.654 412.859 141.525 150.504 34.9539 14.0325 13.2584 12.6176 12.2524 10.0519 9.12208 4.52913 11.5981 9.65763 9.24597 11.2306 9.19207 9.10343 7.67453 7.42479 21.1583 9.44545 6.87832 6.13772 5.52103 5.45228 2.42713 2.31651 2.31396
threshold=1.0000000180025095e-35 -8.3072719573974592 3.6173341274261479 -0.064914468675851808 14.500000000000002 13.859466075897219 0.40330043435096746 -0.25888420641422266 -23.134503364562985 -0.13065119087696073 0.35972993075847631 2.5000000000000004 0.074954081326723113 1.0000000180025095e-35 20.500000000000004 1.0000000180025095e-35 31.500000000000004 -0.53761661052703846 -2.4668667316436763 0.026472546160221103 0.032885696738958366 2.5000000000000004 1.0000000180025095e-35 1.0000000180025095e-35 -0.15170472860336301 0.24190292507410052 0.19410040229558947 0.061408143490552909 -906.40237426757801 2.5000000000000004
decision_type=2 2 2 2 2 2 2 2 2 2 2 2 2 2 2 2 2 2 2 2 2 2 2 2 2 2 2 2 2 2
left_child=1 8 3 7 -5 9 -7 -3 28 -4 11 -10 14 15 20 26 -17 23 -19 25 22 -22 -2 -16 -21 -15 -14 -12 -1 -30
right_child=12 2 5 4 -6 6 -8 -9 10 -11 27 -13 13 19 17 16 -18 18 -20 24 21 -23 -24 -25 -26 -27 -28 -29 29 -31
leaf_value=0.0012291275849095455 -5.9594663829755196e-05 -3.0179026310251872e-06 -1.5932850402008379e-06 -1.5932850402008379e-06 -2.3031571495190263e-05 -1.5932850402008379e-06 -1.5932850402008379e-06 -1.5932850402008379e-06 -1.5932850402008379e-06 -1.5932850402008379e-06 -1.5932850402008379e-06 -1.5932850402008379e-06 -0.00030964210592724712 0.00012996728719964399 0.00030900695011250594 0.0002050867043736384 -0.0012136658464613108 -0.00044769815644386812 0.00031634520468737479 -0.00019529490795726598 0.00012581545985097453 0.0053345880190479363 4.4033185961377817e-05 0.0051353437947843543 -9.8118706409665868e-05 -0.00011875832482614313 -2.5622995213394001e-05 -1.5932850402008379e-06 -1.4625511420327323e-05 0.00015053904453569489
leaf_weight=80 29498 840 1494 18105 2074 12617 208 5666 1664 4415 67 3274 506 2490 519 6106 253 510 2406 3918 3442 213 32055 455 8572 1275 674 243 9378 824
leaf_count=80 29498 840 1494 18105 2074 12617 208 5666 1664 4415 67 3274 506 2490 519 6106 253 510 2406 3918 3442 213 32055 455 8572 1275 674 243 9378 824
internal_value=-0.0027387 -0.00682989 -0.00869735 -0.0126916 -0.0147592 -0.0030079 -0.00154191 -0.00627882 -0.00136832 -0.00618971 -0.00336319 -0.0028149 -5.43642e-05 -0.000649323 0.000150511 0.000971614 0.0017259 0.00257069 0.00116598 -0.00140111 6.13422e-06 0.00219562 -0.000123877 0.00677618 -0.0019976 0.000577689 -0.00309322 -0.0120968 -0.000350126 -0.000416585
internal_weight=153841 60949 45419 26685 20179 18734 12825 6506 15530 5909 5248 4938 92892 23794 69098 7539 6359 3890 2916 16255 65208 3655 61553 974 12490 3765 1180 310 10282 10202
internal_count=153841 60949 45419 26685 20179 18734 12825 6506 15530 5909 5248 4938 92892 23794 69098 7539 6359 3890 2916 16255 65208 3655 61553 974 12490 3765 1180 310 10282 10202
is_linear=0
shrinkage=0.05


Tree=124
num_leaves=31
num_cat=0
split_feature=4 13 13 32 13 13 1 13 24 32 1 25 1 21 39 1 38 7 21 39 38 1 25 1 34 1 37 22 38 39
split_gain=674.482 249.517 411.901 142.892 159.882 34.9539 14.0325 12.8631 9.61758 7.91113 7.55433 5.68374 5.34329 4.47311 6.22146 11.5269 11.6768 8.22087 6.21603 8.10017 9.74813 9.26428 6.80244 7.39699 5.60995 4.53855 9.04931 7.18014 3.74493 4.94325
threshold=1.0000000180025095e-35 -8.3072719573974592 3.6173341274261479 14.500000000000002 -0.064914468675851808 13.859466075897219 0.40330043435096746 -23.134503364562985 2.5000000000000004 19.500000000000004 0.18658515065908435 1.0000000180025095e-35 -0.4405550211668014 1.0000000180025095e-35 -2.196045875549316 -3.0804568529129024 -0.32030953466892237 0.045594064518809325 0.97499999403953563 0.052476504817605026 -0.51251009106636036 0.032885696738958366 0.27961002290248876 -1.2053272724151609 5.0000000000000009 -2.2224216461181636 1.0000000180025095e-35 1.302780866622925 -0.25294733047485346 -4.2554445266723624
decision_type=2 2 2 2 2 2 2 2 2 2 2 2 2 2 2 2 2 2 2 2 2 2 2 2 2 2 2 2 2 2
left_child=1 7 3 4 -3 9 -7 28 11 -4 -10 -9 -5 14 15 16 -2 -17 19 20 -15 -21 23 -20 -24 26 -16 -27 -1 -30
right_child=13 2 5 12 -6 6 -8 8 10 -11 -12 -13 -14 18 25 17 -18 -19 22 21 -22 -23 24 -25 -26 27 -28 -29 29 -31
leaf_value=-9.5183746932696005e-05 -0.00071991436502740489 -1.5136207881907959e-06 -1.5136207881907959e-06 0.0050024433392012336 -1.5136207881907959e-06 -1.5136207881907959e-06 -1.5136207881907959e-06 -1.5136207881907959e-06 -1.5136207881907959e-06 9.6091455977002398e-05 -1.5136207881907959e-06 -1.5136207881907959e-06 -4.5574343729930621e-05 0.001677897310513794 -0.000766974486569437 -0.00011252518900404588 0.0020788158114159096 -0.00064890346584154063 -0.00065835882112106551 -8.7800849377673874e-05 8.677466487187688e-05 0.00023154578832364095 8.043173879136549e-05 -6.2019216171428811e-05 -0.0015949898775871501 -2.9236979342492084e-05 0.0019998767054176104 0.00067271740997355974 0.00076483325728481533 -6.354088803579667e-06
leaf_weight=245 33 6008 5488 255 18105 12617 208 118 3279 421 184 1667 2317 295 352 1893 99 602 439 9344 33876 2272 9255 21342 35 12546 120 389 194 9843
leaf_count=245 33 6008 5488 255 18105 12617 208 118 3279 421 184 1667 2317 295 352 1893 99 602 439 9344 33876 2272 9255 21342 35 12546 120 389 194 9843
internal_value=-0.00273285 -0.00682005 -0.00869075 -0.0126803 -0.0138753 -0.0030079 -0.00154191 -0.001349 -0.00336319 -0.00618971 -0.00182645 -0.00634454 -0.00147745 -5.11347e-05 -0.000810777 -0.00303578 0.0113636 -0.0037976 0.000107341 0.000477756 0.0008655 -0.000662879 -0.000438512 -0.000921675 0.000694295 -0.000374804 -0.00519068 -0.000199072 -0.000320949 -0.000171864
internal_weight=153841 60949 45419 26685 24113 18734 12825 15530 5248 5909 3463 1785 2572 92892 16034 2627 132 2495 76858 45787 34171 11616 31071 21781 9290 13407 472 12935 10282 10037
internal_count=153841 60949 45419 26685 24113 18734 12825 15530 5248 5909 3463 1785 2572 92892 16034 2627 132 2495 76858 45787 34171 11616 31071 21781 9290 13407 472 12935 10282 10037
is_linear=0
shrinkage=0.05


Tree=125
num_leaves=30
num_cat=0
split_feature=4 24 3 32 3 32 14 21 3 1 3 22 22 1 3 38 2 8 11 38 38 4 38 38 3 2 0 10 1
split_gain=672.099 145.229 75.4778 60.1677 42.9485 39.0752 39.0355 38.5879 18.3282 11.7088 24.1283 10.5942 7.70489 5.91478 5.61487 5.30786 4.61277 7.46744 4.74498 7.25408 6.02127 5.03186 5.83737 4.18599 3.65298 3.5325 3.43094 2.36941 1.57067
threshold=1.0000000180025095e-35 2.5000000000000004 -0.10520397126674651 14.500000000000002 -0.15598179399967191 14.500000000000002 1.0000000180025095e-35 1.0000000180025095e-35 -0.32882358133792872 -0.27344374358654017 -0.43222993612289423 0.035777354612946517 0.75045233964920055 0.34781159460544592 -0.11051172763109206 -0.11921747401356696 0.65442737936973583 0.11566411703824998 0.77802070975303661 -0.2055113688111305 0.18249313533306125 73.799999237060561 -0.57218551635742176 -0.22641336172819135 -2.2390713691711421 -0.11056985333561896 0.52061906456947338 0.1584776118397713 0.38379745185375219
decision_type=2 2 2 2 2 2 2 2 2 2 2 2 2 2 2 2 2 2 2 2 2 2 2 2 2 2 2 2 2
left_child=1 2 8 6 9 7 -4 -6 15 10 -3 -10 -11 -5 -7 -1 18 24 21 23 -21 22 -2 -20 -18 -23 -26 28 -19
right_child=16 4 3 13 5 14 -8 -9 11 12 -12 -13 -14 -15 -16 -17 17 27 19 20 -22 25 -24 -25 26 -27 -28 -29 -30
leaf_value=-2.6527678235111247e-05 0.0018447762322214272 -8.0109789626675066e-06 -1.4379397487812562e-06 -7.6235818257289946e-05 -1.4379397487812562e-06 0.0018634437514410901 -1.4379397487812562e-06 -1.4379397487812562e-06 -1.4379397487812562e-06 -5.3804100929221967e-07 -1.4379397487812562e-06 -1.4379397487812562e-06 0.002647375141230696 0.00021691149483832572 1.4663503678228208e-07 -2.8787792936567847e-06 0.0048601920765787079 0.0023369348176293702 0.0001401733785881744 -6.7323883047032502e-05 0.00019634049522112076 -0.0013708680895596502 2.7944620290842709e-05 0.00074993543427413593 0.0001199313156776516 -0.00023848992854174223 -0.00018249868318303831 -0.00092351793352401026 -7.6109255531624586e-05
leaf_weight=188 164 3456 15985 1456 6255 158 844 17667 236 3660 2946 3958 35 99 1898 2108 43 130 1407 27128 2303 62 57123 286 573 638 2975 30 30
leaf_count=188 164 3456 15985 1456 6255 158 844 17667 236 3660 2946 3958 35 99 1898 2108 43 130 1407 27128 2303 62 57123 286 573 638 2975 30 30
internal_value=-0.00273188 -0.00681184 -0.00975115 -0.0113876 -0.00478517 -0.00586073 -0.0122571 -0.00642923 -0.00511556 -0.00201793 -0.00331147 -0.00708155 0.000223275 -0.00197749 0.000753891 -0.00152439 -5.49025e-05 -0.00176541 1.76746e-05 -0.000480337 -0.000663416 0.000284978 0.000336464 0.0027023 -0.00227652 -0.00392857 -0.00245209 0.00789474 0.0103125
internal_weight=153841 60949 24874 18384 36075 25978 16829 23922 6490 10097 6402 4194 3695 1555 2056 2296 92892 3781 89111 31124 29431 57987 57287 1693 3591 700 3548 190 160
internal_count=153841 60949 24874 18384 36075 25978 16829 23922 6490 10097 6402 4194 3695 1555 2056 2296 92892 3781 89111 31124 29431 57987 57287 1693 3591 700 3548 190 160
is_linear=0
shrinkage=0.05


Tree=126
num_leaves=31
num_cat=0
split_feature=4 24 3 32 3 25 32 21 3 39 1 3 25 39 25 25 39 38 34 34 38 32 34 25 32 3 14 25 38 34
split_gain=671.216 144.849 75.0855 59.5494 42.7766 42.4243 38.6978 38.0973 18.3282 12.8674 11.7088 24.1283 8.98707 6.52696 6.31133 5.70131 4.29832 9.42147 13.0875 14.7115 11.2305 8.73861 24.5801 16.8618 7.07458 23.986 17.8612 9.17949 5.88177 5.82197
threshold=1.0000000180025095e-35 2.5000000000000004 -0.10520397126674651 14.500000000000002 -0.15598179399967191 0.0011225953348912301 14.500000000000002 1.0000000180025095e-35 -0.32882358133792872 -3.0035413503646846 -0.27344374358654017 -0.43222993612289423 1.141688406467438 -4.1308479309082022 0.13655345886945727 0.24826548248529437 -0.97540584206581105 0.21128143370151523 3.5000000000000004 2.5000000000000004 -0.57218551635742176 14.500000000000002 1.5000000000000002 0.34901019930839544 14.500000000000002 -0.066322982311248765 -1.0000000180025095e-35 0.5147586762905122 -0.26290866732597346 1.5000000000000002
decision_type=2 2 2 2 2 2 2 2 2 2 2 2 2 2 2 2 2 2 2 2 2 2 2 2 2 2 2 2 2 2
left_child=1 2 8 5 10 -4 7 -6 13 -10 11 -3 -12 -1 -5 -8 17 18 19 -2 -20 23 -23 -19 28 27 -27 -26 -18 -30
right_child=16 4 3 14 6 -7 15 -9 9 -11 12 -13 -14 -15 -16 -17 24 21 20 -21 -22 22 -24 -25 25 26 -28 -29 29 -31
leaf_value=-8.196095273332869e-06 -6.8031251628732946e-05 -7.6104300145341329e-06 -1.3660427613421934e-06 -2.1809044863881458e-06 -1.3660427613421934e-06 -1.3660427613421934e-06 -3.9982391589405457e-08 -1.3660427613421934e-06 -1.3660427613421934e-06 -1.3660427613421934e-06 5.1016192335557373e-05 -1.3660427613421934e-06 -0.00010365661811109723 -1.2940007840984169e-06 -7.8042062155539148e-05 0.0011528130810255376 0.00032961931804956907 0.00035065212674277178 0.0023238101806827205 0.00019130897567200077 -0.00020420425683555216 0.011530378330765088 -0.0014930548713471628 -0.00075640540781912291 0.0013331679221057491 0.0014197770595298538 -0.00027712234086746054 -0.00014018082375356658 -5.8168731307067735e-05 2.6964256708507385e-05
leaf_weight=474 11793 3456 1521 1140 6255 15308 1873 17667 1005 3189 3649 2946 46 1822 415 183 1241 1796 140 3945 5919 167 99 321 2372 439 2478 522 19641 42019
leaf_count=474 11793 3456 1521 1140 6255 15308 1873 17667 1005 3189 3649 2946 46 1822 415 183 1241 1796 140 3945 5919 167 99 321 2372 439 2478 522 19641 42019
internal_value=-0.00272635 -0.00680364 -0.00973908 -0.0113713 -0.00477963 -0.0122363 -0.00585303 -0.00641878 -0.00511556 -0.00708155 -0.00201793 -0.00331147 0.000223275 -0.00152439 -0.00200965 0.000729572 -5.11347e-05 -0.000624483 -0.000950819 -0.000190621 -0.0029254 0.00236047 0.0109023 0.0012872 0.000150629 0.00181982 -0.00137984 0.00504492 -3.57705e-06 -7.217e-05
internal_weight=153841 60949 24874 18384 36075 16829 25978 23922 6490 4194 10097 6402 3695 2296 1555 2056 92892 24180 21797 15738 6059 2383 266 2117 68712 5811 2917 2894 62901 61660
internal_count=153841 60949 24874 18384 36075 16829 25978 23922 6490 4194 10097 6402 3695 2296 1555 2056 92892 24180 21797 15738 6059 2383 266 2117 68712 5811 2917 2894 62901 61660
is_linear=0
shrinkage=0.05


Tree=127
num_leaves=31
num_cat=0
split_feature=4 13 13 32 13 13 1 13 24 32 2 25 1 13 4 14 34 10 0 0 4 7 9 38 38 38 22 37 1 0
split_gain=672.629 251.56 408.108 141.872 159.134 35.3569 13.9985 12.1882 9.44866 8.0128 6.2034 5.80448 5.07204 4.34787 5.0272 8.05096 10.5181 7.22428 5.02021 6.80996 5.02312 4.42905 6.26441 5.12041 4.40818 3.7509 4.86213 3.65967 2.90464 0.0763348
threshold=1.0000000180025095e-35 -8.3072719573974592 3.6173341274261479 14.500000000000002 -0.064914468675851808 13.859466075897219 0.40330043435096746 -23.134503364562985 2.5000000000000004 19.500000000000004 0.49054430425167089 1.0000000180025095e-35 -0.4405550211668014 34245.873046875007 19.125000000000004 -1.0000000180025095e-35 2.5000000000000004 0.7113611400127412 -0.02291770093142986 0.1086518131196499 52.324998855590827 0.086489688605070128 0.6842927634716035 0.27809573709964758 0.016485792584717277 -0.25294733047485346 0.16067601740360263 1.0000000180025095e-35 0.01248703431338072 -0.18647680431604383
decision_type=2 2 2 2 2 2 2 2 2 2 2 2 2 2 2 2 2 2 2 2 2 2 2 2 2 2 2 2 2 2
left_child=1 7 3 4 -3 9 -7 25 11 -4 -10 -9 -5 14 21 16 -16 -17 27 24 -21 23 -23 -2 -20 26 -1 -15 -27 -29
right_child=13 2 5 12 -6 6 -8 8 10 -11 -12 -13 -14 18 15 17 -18 -19 19 20 -22 22 -24 -25 -26 28 -28 29 -30 -31
leaf_value=1.9163847203537484e-05 -2.4609569183734958e-06 -1.2977406232750836e-06 -1.2977406232750836e-06 0.0046347373532427119 -1.2977406232750836e-06 -1.2977406232750836e-06 -1.2977406232750836e-06 -1.2977406232750836e-06 -1.2977406232750836e-06 9.1281550545892562e-05 -1.2977406232750836e-06 -1.2977406232750836e-06 -4.4612376115571982e-05 0.00031150537579926335 -9.9990840249166276e-05 -0.00010857691275417395 0.00061203912681007935 0.00031379264409936924 0.0016040657605053161 0.002347281708049946 -0.00067726614553278172 0.00033892157642047077 0.0047675849091733773 0.00042996471819648543 -0.0011598883168333252 6.4219550899757147e-06 -0.00018184611541661457 0.0080138116149364499 -2.696742578089401e-05 0.0041152535137112863
leaf_weight=85 66921 6008 5488 255 18105 12617 208 118 3229 421 234 1667 2317 34 1101 17528 1386 517 38 268 65 3606 118 1158 89 8209 160 30 1828 33
leaf_count=85 66921 6008 5488 255 18105 12617 208 118 3229 421 234 1667 2317 34 1101 17528 1386 517 38 268 65 3606 118 1158 89 8209 160 30 1828 33
internal_value=-0.00272863 -0.0068102 -0.00868854 -0.0126597 -0.0138504 -0.00303192 -0.0015575 -0.00131681 -0.00327744 -0.00623202 -0.00175426 -0.00623249 -0.00149689 -5.05964e-05 -7.71647e-05 -0.000767095 0.00189988 -0.00113466 0.00435368 0.00217391 0.00593093 0.00012012 0.00179914 2.8276e-05 -0.00767717 -0.000316086 -0.00642857 0.0146907 -0.000166883 0.0218254
internal_weight=153841 60949 45419 26685 24113 18734 12825 15530 5248 5909 3463 1785 2572 92892 92335 20532 2487 18045 557 460 333 71803 3724 68079 127 10282 245 97 10037 63
internal_count=153841 60949 45419 26685 24113 18734 12825 15530 5248 5909 3463 1785 2572 92892 92335 20532 2487 18045 557 460 333 71803 3724 68079 127 10282 245 97 10037 63
is_linear=0
shrinkage=0.05


Tree=128
num_leaves=30
num_cat=0
split_feature=4 13 13 32 13 13 1 13 3 2 2 3 13 4 37 32 39 38 38 38 25 1 38 39 1 13 25 25 1
split_gain=664.881 249.22 403.309 150.667 159.232 35.5932 14.0325 12.1899 11.2802 8.0183 7.15618 4.62316 7.18736 7.68914 7.45517 12.5219 9.12465 4.97157 6.16098 8.16032 6.15253 4.47216 3.76284 4.30205 3.68349 2.13031 2.29446 1.76082 0.8
threshold=1.0000000180025095e-35 -8.3072719573974592 3.6173341274261479 14.500000000000002 -0.064914468675851808 13.859466075897219 0.40330043435096746 -23.134503364562985 -0.13065119087696073 0.48264084756374365 0.0042567048221826562 0.25322377681732183 19835.107421875004 40.375000000000007 1.0000000180025095e-35 31.500000000000004 -0.76552671194076527 0.8683454990386964 0.6600414812564851 0.41058568656444555 0.15044230222702029 -0.4405550211668014 -0.25294733047485346 -4.2554445266723624 -0.043816860765218728 -837.81671142578114 0.32661803066730505 0.064136389642953887 0.14991363883018496
decision_type=2 2 2 2 2 2 2 2 2 2 2 2 2 2 2 2 2 2 2 2 2 2 2 2 2 2 2 2 2
left_child=1 7 3 4 -3 8 -7 22 -4 10 -9 17 14 28 15 -13 -16 18 19 -2 -20 -5 24 -24 -1 -19 -27 -11 -14
right_child=11 2 5 21 -6 6 -8 9 -10 27 -12 12 13 -15 16 -17 -18 25 20 -21 -22 -23 23 -25 -26 26 -28 -29 -30
leaf_value=-0.00015242856282915343 6.0255960594498422e-07 -1.2328535921113294e-06 -1.2328535921113294e-06 0.0044030004855805755 -1.2328535921113294e-06 -1.2328535921113294e-06 -1.2328535921113294e-06 -1.2328535921113294e-06 -1.2328535921113294e-06 -1.2328535921113294e-06 -1.2328535921113294e-06 0.00010678751670290445 0.0014063668865677134 -0.0010893972257132276 -0.00049813652638843267 -0.0020627754163789701 -0.00014245569256648524 -9.3007476464006256e-05 -2.2496753330869622e-05 0.00070364521988262093 -0.00090629004175370425 -4.238175730979338e-05 0.00072539907810734931 -5.9524431861739981e-06 0.00032144084509733791 0.00046020617858949996 0.0048214400804031284 -1.2328535921113294e-06 0.0055442352233780138
leaf_weight=174 84708 6008 1494 255 18105 12617 208 1684 4415 122 3233 2482 30 35 152 132 4182 33 134 664 109 2317 194 9843 71 129 42 209 60
leaf_count=174 84708 6008 1494 255 18105 12617 208 1684 4415 122 3233 2482 30 35 152 132 4182 33 134 664 109 2317 194 9843 71 129 42 209 60
internal_value=-0.00271693 -0.00677493 -0.00864451 -0.0125923 -0.0138193 -0.00302124 -0.00154191 -0.00130715 -0.00623202 -0.00326791 -0.00276083 -5.43642e-05 -0.00128305 0.0106 -0.00149683 0.000612089 -0.0027688 4.6901e-05 2.83245e-05 5.09535e-05 -0.00792181 -0.00108865 -0.000306361 -0.000156919 -0.00642857 0.00784314 0.0100877 -0.0108006 0.0183333
internal_weight=153841 60949 45419 26685 24113 18734 12825 15530 5909 5248 4917 92892 7073 125 6948 2614 4334 85819 85615 85372 243 2572 10282 10037 245 204 171 331 90
internal_count=153841 60949 45419 26685 24113 18734 12825 15530 5909 5248 4917 92892 7073 125 6948 2614 4334 85819 85615 85372 243 2572 10282 10037 245 204 171 331 90
is_linear=0
shrinkage=0.05


Tree=129
num_leaves=31
num_cat=0
split_feature=4 24 3 32 25 3 32 14 3 39 1 22 25 1 39 2 4 25 39 1 39 38 34 3 22 2 37 2 38 22
split_gain=663.624 142.791 74.3911 66.3644 42.3114 41.8553 37.4208 28.3223 18.582 13.8656 11.4789 24.132 9.99088 9.71983 6.32793 6.31592 4.22418 4.99944 11.4261 13.121 5.67123 10.1301 4.75382 16.1736 13.8483 7.65138 10.1384 5.04739 4.92778 4.67098
threshold=1.0000000180025095e-35 2.5000000000000004 -0.11051172763109206 14.500000000000002 0.0011225953348912301 -0.15598179399967191 14.500000000000002 1.0000000180025095e-35 -0.32882358133792872 -3.0035413503646846 -0.27344374358654017 0.18576720356941226 0.029599997214972976 0.072712808847427382 -4.1308479309082022 0.50695881247520458 6.3250000476837167 0.2751480787992478 -4.4637920856475821 -0.033629542216658585 -1.3751175403594968 0.065897300839424147 1.5000000000000002 -2.5811635255813594 2.2804714441299443 0.39564776420593267 1.0000000180025095e-35 0.093634162098169341 0.059853740036487586 0.38958252966403967
decision_type=2 2 2 2 2 2 2 2 2 2 2 2 2 2 2 2 2 2 2 2 2 2 2 2 2 2 2 2 2 2
left_child=1 2 8 4 -4 10 7 -7 14 -10 11 -3 -12 -5 -1 -8 22 20 -19 -20 21 -18 23 27 -25 28 -27 -2 -24 -22
right_child=16 5 3 13 -6 6 15 -9 9 -11 12 -13 -14 -15 -16 -17 17 18 19 -21 29 -23 25 24 -26 26 -28 -29 -30 -31
leaf_value=-8.0130324019690992e-06 -0.00047872923836095874 -1.171210912505763e-06 -1.171210912505763e-06 -0.00010690084685073722 -1.171210912505763e-06 -1.171210912505763e-06 0.00011497332852373304 -7.9624230886905141e-06 -1.171210912505763e-06 -1.171210912505763e-06 -5.0340945682625349e-06 -1.171210912505763e-06 0.0002107477190821886 0.00020513298929534919 -1.1027710341241753e-06 -7.9701870672675709e-05 -0.000170044670159537 -0.00090687313167854035 0.00014692961178862496 -0.00014611645699329421 -4.242877413860582e-05 7.0915622587260088e-05 8.4172408144912215e-05 -1.3340849964424418e-05 0.0012227667629238544 0.0018943354644137815 -0.0001516136534255367 -0.00120104957036196 -0.00013053450277937547 0.00010187838339136835
leaf_weight=474 632 293 1548 1215 15468 22140 1895 1782 993 2999 1250 6109 2445 355 1822 161 6962 343 11799 3405 28886 3129 15184 10117 306 1170 449 132 1769 8609
leaf_count=474 632 293 1548 1215 15468 22140 1895 1782 993 2999 1250 6109 2445 355 1822 161 6962 343 11799 3405 28886 3129 15184 10117 306 1170 449 132 1769 8609
internal_value=-0.0027101 -0.00676426 -0.00967878 -0.0112692 -0.0121768 -0.00475468 -0.00581646 -0.00637279 -0.00497774 -0.00703908 -0.00202288 -0.00330366 0.000196211 -0.00143312 -0.00139373 0.000656615 -5.00581e-05 -0.000281548 0.00049688 0.000700474 -0.000535872 -0.00158805 0.000441043 -0.000373201 0.000141514 0.00093151 0.00421557 -0.00739529 0.000617885 -0.0002527
internal_weight=153841 60949 24874 18586 17016 36075 25978 23922 6288 3992 10097 6402 3695 1570 2296 2056 92892 63133 15547 15204 47586 10091 29759 11187 10423 18572 1619 764 16953 37495
internal_count=153841 60949 24874 18586 17016 36075 25978 23922 6288 3992 10097 6402 3695 1570 2296 2056 92892 63133 15547 15204 47586 10091 29759 11187 10423 18572 1619 764 16953 37495
is_linear=0
shrinkage=0.05


Tree=130
num_leaves=31
num_cat=0
split_feature=4 13 13 13 32 13 3 13 13 3 24 2 25 4 39 39 13 34 2 38 2 21 3 39 25 3 32 38 39 39
split_gain=671.925 254.588 411.698 142.295 144.312 35.1501 13.1543 11.8025 11.4797 10.9294 8.46893 6.18063 5.14885 4.30589 6.99365 6.1624 7.65714 6.83744 4.93031 8.29198 15.635 6.35703 5.83266 8.99608 7.82129 4.41277 3.96998 3.52773 3.76564 3.26419
threshold=1.0000000180025095e-35 -8.3072719573974592 3.6173341274261479 -0.064914468675851808 14.500000000000002 13.859466075897219 -0.25888420641422266 -23.134503364562985 78.585456848144545 -0.13065119087696073 2.5000000000000004 0.49054430425167089 1.0000000180025095e-35 3.7250000238418584 -4.5574824810028067 -2.8142793178558345 -58.285392761230462 2.5000000000000004 -0.2910610288381576 -0.0085445949807763082 -0.51978814601898182 0.17500000447034839 0.074954081326723113 -0.15170472860336301 0.25171916186809545 -1.8692067265510557 2.5000000000000004 -0.25294733047485346 -4.3222942352294913 2.0838214159011845
decision_type=2 2 2 2 2 2 2 2 2 2 2 2 2 2 2 2 2 2 2 2 2 2 2 2 2 2 2 2 2 2
left_child=1 7 3 6 -5 9 -3 27 -7 -4 12 -12 -9 14 25 16 -16 -17 19 20 -15 -21 24 -24 -20 -2 -27 29 -29 -1
right_child=13 2 5 4 -6 8 -8 10 -10 -11 11 -13 -14 18 15 17 -18 -19 22 21 -22 -23 23 -25 -26 26 -28 28 -30 -31
leaf_value=-0.00012648252979936649 0.001331877660635754 -2.4660370781636068e-06 -1.1126503668804748e-06 -1.1126503668804748e-06 -2.5154446494128549e-05 -1.1126503668804748e-06 -1.1126503668804748e-06 -1.1126503668804748e-06 5.6575759478951984e-05 -1.1126503668804748e-06 -1.1126503668804748e-06 -1.1126503668804748e-06 -1.1126503668804748e-06 -5.8455953396292613e-05 -0.00028677019971523973 1.5743422605796199e-06 9.5271420515290201e-07 0.00020052404702344253 -1.8329497796588469e-05 -0.00021537534273654137 -0.00080153692924955073 0.0011521304637699828 -0.00015529971202057956 -1.8858844961575116e-05 0.00011492374860531127 0.00022721944774810687 0.18286855638516705 0.00097302066914889775 -6.637638319350855e-06 0.00071296455699057244
leaf_weight=191 90 840 1494 18105 2074 8419 5666 118 4406 4415 3229 234 1667 680 597 8296 1247 5250 37758 1892 578 456 5090 15768 14928 215 47 169 9868 54
leaf_count=191 90 840 1494 18105 2074 8419 5666 118 4406 4415 3229 234 1667 680 597 8296 1247 5250 37758 1892 578 456 5090 15768 14928 215 47 169 9868 54
internal_value=-0.0027283 -0.00680774 -0.00869735 -0.012686 -0.0147592 -0.00301591 -0.00625576 -0.00128139 -0.00154581 -0.00620663 -0.00321075 -0.0017687 -0.0060084 -5.16729e-05 0.000701944 0.00054256 -0.0021692 0.000911708 -0.000205444 -0.00201054 -0.00528617 -0.000255537 -0.000116937 -0.000824624 0.000163231 0.00767045 0.00438931 -0.000296635 -0.000151938 -0.00622449
internal_weight=153841 60949 45419 26685 20179 18734 6506 15530 12825 5909 5248 3463 1785 92892 15742 15390 1844 13546 77150 3606 1258 2348 73544 20858 52686 352 262 10282 10037 245
internal_count=153841 60949 45419 26685 20179 18734 6506 15530 12825 5909 5248 3463 1785 92892 15742 15390 1844 13546 77150 3606 1258 2348 73544 20858 52686 352 262 10282 10037 245
is_linear=0
shrinkage=0.05


Tree=131
num_leaves=28
num_cat=0
split_feature=4 13 13 13 32 13 1 3 13 3 24 2 25 3 13 32 25 21 4 13 2 13 3 22 22 25 11
split_gain=669.765 254.28 410.195 141.633 148.338 35.0913 14.0155 13.1543 11.7254 10.9294 8.35739 6.18063 5.17747 4.20001 4.0728 7.7614 8.09173 6.14765 4.46899 5.81657 5.45866 2.28736 2.14668 1.40236 1.10081 0.873716 0.348387
threshold=1.0000000180025095e-35 -8.3072719573974592 3.6173341274261479 -0.064914468675851808 14.500000000000002 13.859466075897219 0.40330043435096746 -0.25888420641422266 -23.134503364562985 -0.13065119087696073 2.5000000000000004 0.49054430425167089 1.0000000180025095e-35 0.50493973493576061 -5644.7990722656241 19.500000000000004 0.55047348141670238 0.97499999403953563 37.274999618530281 -55.418172836303704 0.046802124008536346 -906.40237426757801 -1.7320105433464048 0.16764742881059649 0.32362638413906103 0.13153429329395297 0.77425503730773937
decision_type=2 2 2 2 2 2 2 2 2 2 2 2 2 2 2 2 2 2 2 2 2 2 2 2 2 2 2
left_child=1 8 3 7 -5 9 -7 -3 21 -4 12 -12 -10 14 15 17 -17 -2 20 -20 -16 25 -23 -15 -25 -1 -26
right_child=13 2 5 4 -6 6 -8 -9 10 -11 11 -13 -14 23 18 16 -18 -19 19 -21 -22 22 -24 24 26 -27 -28
leaf_value=0.001290988003876687 0.00040153995014003915 -2.3427352242554265e-06 -1.0570178485364511e-06 -1.0570178485364511e-06 -2.3896724169422124e-05 -1.0570178485364511e-06 -1.0570178485364511e-06 -1.0570178485364511e-06 -1.0570178485364511e-06 -1.0570178485364511e-06 -1.0570178485364511e-06 -1.0570178485364511e-06 -1.0570178485364511e-06 -0.00058021216203413761 -3.6999731302502796e-05 0.0053151105282148985 -0.0017247286602667705 -0.00031736859122681095 0.00013786926005978571 -0.00017085320997771783 3.0143083448622157e-05 -6.4729574520143438e-05 -3.7388918377465509e-06 0.00039337196908154662 -0.00050405911972203801 0.00013954036777066034 -0.00026569777897648972
leaf_weight=42 1850 840 1494 18105 2074 12617 208 5666 118 4415 3229 234 1667 54 31528 167 31 822 1552 4492 52297 748 9454 37 32 38 30
leaf_count=42 1850 840 1494 18105 2074 12617 208 5666 118 4415 3229 234 1667 54 31528 167 31 822 1552 4492 52297 748 9454 37 32 38 30
internal_value=-0.0027283 -0.00680118 -0.00868965 -0.012671 -0.0147393 -0.00301858 -0.00154971 -0.00625576 -0.00127817 -0.00620663 -0.00320122 -0.0017687 -0.00598039 -5.5979e-05 -4.23231e-05 0.00181185 0.0113636 0.00110404 -0.000101537 -0.00141463 -6.85953e-06 -0.000296635 -0.000362674 -0.00833333 -0.00479798 0.008125 -0.00887097
internal_weight=153841 60949 45419 26685 20179 18734 12825 6506 15530 5909 5248 3463 1785 92892 92739 2870 198 2672 89869 6044 83825 10282 10202 153 99 80 62
internal_count=153841 60949 45419 26685 20179 18734 12825 6506 15530 5909 5248 3463 1785 92892 92739 2870 198 2672 89869 6044 83825 10282 10202 153 99 80 62
is_linear=0
shrinkage=0.05


Tree=132
num_leaves=29
num_cat=0
split_feature=4 13 13 13 13 13 1 3 13 3 24 2 25 3 25 13 4 37 2 39 34 8 2 37 1 39 3 3
split_gain=667.755 253.595 408.287 140.642 67.2759 35.0913 14.0155 13.1543 11.7647 10.9294 8.35739 6.18063 5.17747 3.94996 6.36351 5.85363 7.01423 6.15923 4.67632 13.9016 32.2518 9.54943 7.65079 5.93276 4.94339 2.19295 5.40364 2.85789
threshold=1.0000000180025095e-35 -8.3072719573974592 3.6173341274261479 -0.064914468675851808 0.00075226789808231222 13.859466075897219 0.40330043435096746 -0.25888420641422266 -23.134503364562985 -0.13065119087696073 2.5000000000000004 0.49054430425167089 1.0000000180025095e-35 0.25322377681732183 0.59535166621208202 19835.107421875004 40.375000000000007 1.0000000180025095e-35 0.40479560196399694 -0.85855489969253529 3.5000000000000004 0.082414045929908766 0.34433087706565862 1.0000000180025095e-35 -0.19454328715801236 -1.7133322358131406 -0.5229734182357787 -1.7320105433464048
decision_type=2 2 2 2 2 2 2 2 2 2 2 2 2 2 2 2 2 2 2 2 2 2 2 2 2 2 2 2
left_child=1 8 3 7 -5 9 -7 -3 25 -4 12 -12 -10 18 15 17 -17 -15 22 21 -21 -20 23 -2 -24 26 -1 -27
right_child=13 2 5 4 -6 6 -8 -9 10 -11 11 -13 -14 14 -16 16 -18 -19 19 20 -22 -23 24 -25 -26 27 -28 -29
leaf_value=0.00086567497940253128 -3.4084153994371102e-05 -2.2255984630426553e-06 -1.0041669561096286e-06 -1.0041669561096286e-06 -1.0041669561096286e-06 -1.0041669561096286e-06 -1.0041669561096286e-06 -1.0041669561096286e-06 -1.0041669561096286e-06 -1.0041669561096286e-06 -1.0041669561096286e-06 -1.0041669561096286e-06 -1.0041669561096286e-06 5.3482440034650611e-05 -0.0010961784936755943 0.004134150587464031 -0.0010181359388309371 -0.00015509017307194255 -0.00015114699771354712 0.0012394910755865046 -0.00033928310773781255 0.0017207568309399646 0.00034760084941111023 3.9324316732660544e-05 -0.00035219905786480332 -6.3801523568119464e-05 -6.4636809913106737e-05 8.4859270892263118e-06
leaf_weight=196 33921 840 1494 16759 3420 12617 208 5666 118 4415 3229 234 1667 2614 32 89 35 4303 2548 2746 2244 125 443 41437 2355 746 1827 7513
leaf_count=196 33921 840 1494 16759 3420 12617 208 5666 118 4415 3229 234 1667 2614 32 89 35 4303 2548 2746 2244 125 443 41437 2355 746 1827 7513
internal_value=-0.00272375 -0.00679051 -0.00867643 -0.0126485 -0.0147096 -0.00301858 -0.00154971 -0.00625576 -0.00127495 -0.00620663 -0.00320122 -0.0017687 -0.00598039 -5.54407e-05 -0.00119115 -0.00109004 0.00967742 -0.00128307 3.81617e-05 0.00121689 0.00277555 -0.00169285 -7.74093e-05 1.79145e-05 -0.00264475 -0.000291772 -0.00176718 6.9621e-05
internal_weight=153841 60949 45419 26685 20179 18734 12825 6506 15530 5909 5248 3463 1785 92892 7073 7041 124 6917 85819 7663 4990 2673 78156 75358 2798 10282 2023 8259
internal_count=153841 60949 45419 26685 20179 18734 12825 6506 15530 5909 5248 3463 1785 92892 7073 7041 124 6917 85819 7663 4990 2673 78156 75358 2798 10282 2023 8259
is_linear=0
shrinkage=0.05


Tree=133
num_leaves=31
num_cat=0
split_feature=4 13 13 32 13 13 1 13 3 2 2 1 12 38 38 37 39 13 2 38 38 21 38 11 3 1 38 22 1 25
split_gain=667.537 254.036 408.287 142.575 160.264 35.0913 14.0155 11.8435 10.9294 7.83969 7.16501 5.01328 4.11163 6.77603 6.446 12.3785 8.85251 4.49288 4.83445 4.43219 9.88081 8.07018 4.67071 7.36817 4.53114 4.28899 3.79279 3.75037 2.58553 2.22717
threshold=1.0000000180025095e-35 -8.3072719573974592 3.6173341274261479 14.500000000000002 -0.064914468675851808 13.859466075897219 0.40330043435096746 -23.134503364562985 -0.13065119087696073 0.48264084756374365 0.0042567048221826562 -0.4405550211668014 0.42202162742614752 -0.2055113688111305 0.11906004324555398 1.0000000180025095e-35 -0.38355879485607142 -1380.4899902343748 0.0079350844025611895 0.074179995805025115 0.061033483594655998 0.075000001117587103 0.080557383596897139 0.62594005465507518 0.26020193099975591 -2.0014209747314449 -0.25294733047485346 0.16067601740360263 0.01248703431338072 0.041765514761209495
decision_type=2 2 2 2 2 2 2 2 2 2 2 2 2 2 2 2 2 2 2 2 2 2 2 2 2 2 2 2 2 2
left_child=1 7 3 4 -3 8 -7 26 -4 10 -9 -5 19 17 16 -16 -15 29 -19 20 24 -22 23 -21 -2 -24 27 -1 -28 -14
right_child=12 2 5 11 -6 6 -8 9 -10 -11 -12 -13 13 14 15 -17 -18 18 -20 22 21 -23 25 -25 -26 -27 28 -29 -30 -31
leaf_value=2.5032608608219862e-05 3.7357555354761501e-05 -9.5395860830414717e-07 -9.5395860830414717e-07 0.0041772604866339375 -9.5395860830414717e-07 -9.5395860830414717e-07 -9.5395860830414717e-07 -9.5395860830414717e-07 -9.5395860830414717e-07 -9.5395860830414717e-07 -9.5395860830414717e-07 -3.8415048036547156e-05 -0.00014607938107670526 -0.00013276437843483951 -0.00022026040283199008 0.00027516603062225237 -3.3744874657577405e-05 -0.00023075719513414306 0.00029929455149563976 -0.00028588714032625698 -0.00025863473989444274 0.00044769902938243314 -0.00080409407422781562 0.00047804999458095669 -0.000126108216608317 -2.6712018083794971e-05 6.6553733961024998e-06 -0.00018360966463693248 -2.4707807388985021e-05 0.0027872763304390012
leaf_weight=85 43101 6008 1494 255 18105 12617 208 1684 4415 331 3233 2317 30 7995 1013 3460 21611 319 1401 544 229 1074 171 46 3034 8738 8209 160 1828 126
leaf_count=85 43101 6008 1494 255 18105 12617 208 1684 4415 331 3233 2317 30 7995 1013 3460 21611 319 1401 544 229 1074 171 46 3034 8738 8209 160 1828 126
internal_value=-0.00272278 -0.00678887 -0.00867643 -0.0126485 -0.0138421 -0.00301858 -0.00154971 -0.00126851 -0.00620663 -0.00320122 -0.00269982 -0.00145801 -5.49025e-05 -0.000473509 -0.000634555 0.00113459 -0.000901844 0.00245203 0.00171512 0.000209442 0.000406847 0.00470069 -0.000776398 -0.00508475 0.000285575 -0.000491076 -0.000282046 -0.00642857 -0.000132012 0.0105769
internal_weight=153841 60949 45419 26685 24113 18734 12825 15530 5909 5248 4917 2572 92892 35955 34079 4473 29606 1876 1720 56937 47438 1303 9499 590 46135 8909 10282 245 10037 156
internal_count=153841 60949 45419 26685 24113 18734 12825 15530 5909 5248 4917 2572 92892 35955 34079 4473 29606 1876 1720 56937 47438 1303 9499 590 46135 8909 10282 245 10037 156
is_linear=0
shrinkage=0.05


Tree=134
num_leaves=31
num_cat=0
split_feature=5 13 13 32 13 13 13 13 3 24 39 25 39 5 14 34 13 10 38 39 13 24 3 3 32 39 18 38 38 22
split_gain=667.521 252.696 406.858 146.632 160.264 35.0913 11.7254 11.3971 10.9294 8.35739 6.05138 5.17747 4.57078 4.2123 5.46112 12.0884 9.80827 5.81397 5.11128 4.95348 9.25191 8.71999 7.81448 6.88048 6.61292 4.41612 4.17792 4.0605 3.77481 3.75037
threshold=1.0000000180025095e-35 -8.3072719573974592 3.6173341274261479 14.500000000000002 -0.064914468675851808 13.859466075897219 -23.134503364562985 78.585456848144545 -0.13065119087696073 2.5000000000000004 2.5612684488296513 1.0000000180025095e-35 -2.4367283582687373 15.325000286102297 -1.0000000180025095e-35 2.5000000000000004 71.036128997802749 0.72776323556900036 0.047100448980927474 -1.0000000180025095e-35 -9160.3984374999982 2.5000000000000004 -0.023466875776648518 0.018314936198294166 14.500000000000002 -2.6824642419815059 630.31915283203136 0.21970647573471072 -0.25294733047485346 0.16067601740360263
decision_type=2 2 2 2 2 2 2 2 2 2 2 2 2 2 2 2 2 2 2 2 2 2 2 2 2 2 2 2 2 2
left_child=1 6 3 4 -3 8 28 -7 -4 11 -11 -8 -5 19 15 18 -17 25 -15 21 22 27 -21 -23 -22 -16 -19 -2 29 -1
right_child=13 2 5 12 -6 7 9 -9 -10 10 -12 -13 -14 14 17 16 -18 26 -20 20 24 23 -24 -25 -26 -27 -28 -29 -30 -31
leaf_value=2.3780978177808873e-05 -0.00013991462521359386 -9.0626067788893978e-07 -9.0626067788893978e-07 0.00080781008947050496 -9.0626067788893978e-07 -9.0626067788893978e-07 -9.0626067788893978e-07 5.3897728675651911e-05 -9.0626067788893978e-07 -9.0626067788893978e-07 -9.0626067788893978e-07 -9.0626067788893978e-07 -4.6561351004359804e-05 1.0416630370594163e-05 -0.00026389399392414016 0.0002382438413845665 0.0016257219072971152 -0.00041901677716695582 -0.00025874818706934048 0.0021950738400334001 2.5879797415141392e-05 4.2139715810117327e-05 -0.00056179749628248402 -8.3827235245993728e-05 0.0003776015525287996 -6.0190286736473701e-05 0.00031434639339730406 0.00039383232285681305 -2.7819740393601349e-06 -0.00017442918140508587
leaf_weight=85 4217 6008 1494 398 18105 8419 118 4406 4415 2983 480 1667 2174 1062 1923 1524 331 72 540 257 35897 15158 42 4867 3612 22569 608 213 10037 160
leaf_count=85 4217 6008 1494 398 18105 8419 118 4406 4415 2983 480 1667 2174 1062 1923 1524 331 72 540 257 35897 15158 42 4867 3612 22569 608 213 10037 160
internal_value=-0.0027179 -0.00678395 -0.00866653 -0.0126316 -0.0138421 -0.00301858 -0.00127817 -0.00154971 -0.00620663 -0.00320122 -0.0017687 -0.00598039 -0.00128305 -5.00581e-05 -0.000554508 0.00130894 0.0040566 -0.000810424 -0.00187266 0.000174673 0.00051874 -0.000385402 0.00928094 5.86767e-05 0.000452429 -0.000937041 0.00375 -0.00239278 -0.000296635 -0.00642857
internal_weight=153841 60949 45419 26685 24113 18734 15530 12825 5909 5248 3463 1785 2572 92892 28629 3457 1855 25172 1602 64263 39808 24455 299 20025 39509 24492 680 4430 10282 245
internal_count=153841 60949 45419 26685 24113 18734 15530 12825 5909 5248 3463 1785 2572 92892 28629 3457 1855 25172 1602 64263 39808 24455 299 20025 39509 24492 680 4430 10282 245
is_linear=0
shrinkage=0.05


Tree=135
num_leaves=29
num_cat=0
split_feature=4 3 32 14 21 3 1 22 38 39 39 2 1 32 22 2 4 7 39 3 39 3 37 34 1 32 22 1
split_gain=662.828 123.757 97.7856 76.2011 55.6723 17.7102 19.9701 19.4945 12.1694 10.9836 9.14358 7.16242 7.58225 5.45154 4.11966 3.90522 3.82515 4.94751 4.59816 5.45154 4.33304 4.1318 8.52909 9.29528 7.97902 15.332 7.30821 5.29066
threshold=1.0000000180025095e-35 -0.15598179399967191 14.500000000000002 1.0000000180025095e-35 1.0000000180025095e-35 -0.32882358133792872 -0.38875399529933924 0.095779631286859526 0.0092328316532075422 -3.3704130649566646 1.7566767334938052 0.49753846228122717 0.072712808847427382 20.500000000000004 0.059496946632862098 0.67617648839950573 3.9250000715255742 0.10909914970397951 -4.5574824810028067 -1.8692067265510557 -2.7474482059478755 0.074954081326723113 1.0000000180025095e-35 1.0000000180025095e-35 0.036227108910679824 2.5000000000000004 0.091555610299110426 -0.036902070045471184
decision_type=2 2 2 2 2 2 2 2 2 2 2 2 2 2 2 2 2 2 2 2 2 2 2 2 2 2 2 2
left_child=1 5 3 4 -3 8 9 -8 13 -7 -10 12 -4 -1 -5 -13 17 18 19 -2 -20 24 23 -23 27 -26 -24 -18
right_child=16 2 11 14 -6 6 7 -9 10 -11 -12 15 -14 -15 -16 -17 21 -19 20 -21 -22 22 26 -25 25 -27 -28 -29
leaf_value=-1.0511522356235965e-05 0.0012880107552023423 -8.6094764399449272e-07 -5.4475147569087845e-05 -2.1354168533135506e-05 -8.6094764399449272e-07 -8.6094764399449272e-07 -8.6094764399449272e-07 -8.6094764399449272e-07 0.00049973554274993306 -8.6094764399449272e-07 -7.5861372771532525e-06 -5.7931803015053213e-05 0.00022043497603114714 0.0030295459150683768 -8.6094764399449272e-07 -2.216245024725861e-06 3.5014128755029955e-06 0.0080846308413783791 -7.7387510816024146e-05 0.00045850535503156394 6.3734369366767651e-05 -0.00023382353945130245 -0.00018973939181386016 0.00014597780920905628 0.00014325669306490654 0.0033483802153575389 -8.4347043973099546e-05 -0.00012286743099504499
leaf_weight=6506 97 12184 2928 194 27275 522 994 3861 1303 1475 44 155 577 281 2566 84 46889 54 2051 287 14196 985 685 5515 2769 329 13518 5517
leaf_count=6506 97 12184 2928 194 27275 522 994 3861 1303 1475 44 155 577 281 2566 84 46889 54 2051 287 14196 985 685 5515 2769 329 13518 5517
internal_value=-0.00271335 -0.00676508 -0.00805158 -0.00873836 -0.00930016 -0.0028193 -0.00469206 -0.00296087 -0.0012417 -0.00890085 0.00309948 -0.000307158 0.000263909 -0.00210329 -0.000706522 -0.00868201 -5.49025e-05 0.000630806 0.000581745 0.00598958 0.00045393 -0.000205034 -0.000807854 0.000692308 1.98184e-05 0.00248547 -0.0014944 -0.00012594
internal_weight=153841 60949 45963 42219 39459 14986 6852 4855 8134 1997 1347 3744 3505 6787 2760 239 92892 16685 16631 384 16247 76207 20703 6500 55504 3098 14203 52406
internal_count=153841 60949 45963 42219 39459 14986 6852 4855 8134 1997 1347 3744 3505 6787 2760 239 92892 16685 16631 384 16247 76207 20703 6500 55504 3098 14203 52406
is_linear=0
shrinkage=0.05


Tree=136
num_leaves=31
num_cat=0
split_feature=5 13 13 13 32 13 1 3 13 3 24 2 25 12 38 38 37 39 13 25 3 38 38 21 20 38 32 39 38 22
split_gain=669.312 255.899 409.105 141.981 152.199 34.7882 13.9901 12.819 12.0416 10.8794 8.52671 6.2034 6.04977 3.85577 6.21789 5.71079 11.3842 7.63346 4.23812 5.61623 4.05644 3.76517 9.27141 6.99107 5.39876 6.06188 5.07427 3.9685 3.57418 3.84417
threshold=1.0000000180025095e-35 -8.3072719573974592 3.6173341274261479 -0.064914468675851808 14.500000000000002 13.859466075897219 0.40330043435096746 -0.25888420641422266 -23.134503364562985 -0.13065119087696073 2.5000000000000004 0.49054430425167089 1.0000000180025095e-35 0.42202162742614752 -0.1715494021773338 0.11906004324555398 1.0000000180025095e-35 -0.38355879485607142 -1061.817687988281 0.034609483554959304 0.099753759801387801 0.074179995805025115 0.061033483594655998 0.075000001117587103 -1.0000000180025095e-35 0.6600414812564851 8.5000000000000018 -1.8868365883827207 -0.25294733047485346 0.17815802991390231
decision_type=2 2 2 2 2 2 2 2 2 2 2 2 2 2 2 2 2 2 2 2 2 2 2 2 2 2 2 2 2 2
left_child=1 8 3 7 -5 9 -7 -3 28 -4 12 -12 -10 21 18 17 -17 -16 19 -15 -20 22 27 -24 26 -26 -23 -2 29 -1
right_child=13 2 5 4 -6 6 -8 -9 10 -11 11 -13 -14 14 15 16 -18 -19 20 -21 -22 24 23 -25 25 -27 -28 -29 -30 -31
leaf_value=2.263497665111816e-05 -5.6263580488473411e-05 -1.6084654438344332e-06 -8.1790026179476808e-07 -8.1790026179476808e-07 -2.5593383259063236e-05 -8.1790026179476808e-07 -8.1790026179476808e-07 -8.1790026179476808e-07 -8.1790026179476808e-07 -8.1790026179476808e-07 -8.1790026179476808e-07 -8.1790026179476808e-07 -8.1790026179476808e-07 -0.00074760164079358234 -0.00012447232209865231 -0.00020834708845739676 0.00025793130193103777 -3.420860455796413e-05 -3.6912764679180711e-06 0.0019190047681508062 0.00048430561903848045 -3.9124223823461689e-06 -0.00024469835960575919 0.00043164317952334427 -0.00011039432174471257 -0.00060319089469853138 0.0011341072745201322 4.3865279808384932e-05 -2.5998279551924035e-06 -0.00017939183245189644
leaf_weight=91 7245 840 1494 18105 2074 12617 208 5666 118 4415 3229 234 1667 41 7749 1013 3460 21380 1509 174 629 3940 229 1074 4880 172 507 38890 10037 154
leaf_count=91 7245 840 1494 18105 2074 12617 208 5666 118 4415 3229 234 1667 41 7749 1013 3460 21380 1509 174 629 3940 229 1074 4880 172 507 38890 10037 154
internal_value=-0.00272148 -0.00679297 -0.00868744 -0.0126635 -0.0147344 -0.00302391 -0.0015614 -0.00624039 -0.00125241 -0.00619817 -0.00320122 -0.00175426 -0.0060084 -5.00581e-05 -0.00045543 -0.000629427 0.00103398 -0.000884857 0.00202932 0.00872093 0.00135641 0.000205929 0.000387875 0.0045472 -0.000702706 -0.00182106 0.000567799 0.000270402 -0.000257732 -0.00622449
internal_weight=153841 60949 45419 26685 20179 18734 12825 6506 15530 5909 5248 3463 1785 92892 35955 33602 4473 29129 2353 215 2138 56937 47438 1303 9499 5052 4447 46135 10282 245
internal_count=153841 60949 45419 26685 20179 18734 12825 6506 15530 5909 5248 3463 1785 92892 35955 33602 4473 29129 2353 215 2138 56937 47438 1303 9499 5052 4447 46135 10282 245
is_linear=0
shrinkage=0.05


Tree=137
num_leaves=29
num_cat=0
split_feature=4 24 3 32 14 14 3 21 3 39 25 39 25 32 1 4 7 22 10 39 2 39 10 2 2 39 1 4
split_gain=667.628 142.241 71.6229 60.5261 43.2686 41.6969 34.5844 35.9003 16.9824 12.6708 12.2273 10.1178 7.30837 4.88618 4.19821 3.81659 5.03161 6.8614 6.37532 5.20597 4.98482 5.58903 4.94847 3.80075 5.76143 3.93227 3.62462 3.37687
threshold=1.0000000180025095e-35 2.5000000000000004 -0.10520397126674651 14.500000000000002 1.0000000180025095e-35 1.0000000180025095e-35 -0.15598179399967191 1.0000000180025095e-35 -0.32882358133792872 -3.0035413503646846 0.5737033784389497 -4.1308479309082022 0.13655345886945727 19.500000000000004 -0.26512570679187769 37.274999618530281 0.14139872044324878 1.0869796872138979 0.0050125627312809238 -1.6135762333869932 -0.67320281267166127 -2.8463907241821285 0.17685000598430636 0.65442737936973583 0.14600677788257602 1.2486081719398501 -0.093417849391698823 43.175001144409187
decision_type=2 2 2 2 2 2 2 2 2 2 2 2 2 2 2 2 2 2 2 2 2 2 2 2 2 2 2 2
left_child=1 2 8 4 -4 6 10 -8 11 -10 -3 -1 -5 14 -7 16 23 19 -19 -18 -17 27 -23 24 -2 -25 -15 -22
right_child=15 5 3 12 -6 13 7 -9 9 -11 -12 -13 -14 26 -16 20 17 18 -20 -21 21 22 -24 25 -26 -27 -28 -29
leaf_value=-2.3446134375033743e-05 -1.8805907663387519e-05 -7.7700524870502969e-07 -7.7700524870502969e-07 2.1563776642726359e-06 -7.7700524870502969e-07 -5.7510949480837557e-05 -7.7700524870502969e-07 -7.7700524870502969e-07 -7.7700524870502969e-07 -7.7700524870502969e-07 -7.1659354002058518e-06 -2.2945862863044783e-07 -5.3690196659521142e-05 0.00044567674425727223 0.00013045029262693836 0.0016662058120533883 -0.001676930698031677 -0.0029355814395258389 0.0089189805590918093 0.00064448415796622416 1.100519779736655e-05 -0.00015681295378396006 0.00015365324400883255 -0.0001533828670360329 6.034720065342539e-05 0.00017766921857783336 0.0014011134990566487 -0.00067565138287133597
leaf_weight=474 52122 7844 15985 1140 844 1247 6479 17615 1005 3189 718 1822 415 104 2010 54 84 34 246 1060 100 4153 1765 3107 29656 279 58 232
leaf_count=474 52122 7844 15985 1140 844 1247 6479 17615 1005 3189 718 1822 415 104 2010 54 84 34 246 1060 100 4153 1765 3107 29656 279 58 232
internal_value=-0.00271758 -0.00678395 -0.00969285 -0.011287 -0.0121591 -0.00477824 -0.00532827 -0.00629825 -0.0051772 -0.00706962 -0.00259869 -0.00172038 -0.00184887 0.000475285 5.37304e-05 -4.95199e-05 3.69566e-05 0.00298455 0.01 0.00126748 -0.00123731 -0.001368 -0.00101386 -1.23292e-05 5.56384e-05 -0.00165387 0.00895062 -0.00768072
internal_weight=153841 60949 24874 18384 16829 36075 32656 24094 6490 4194 8562 2296 1555 3419 3257 92892 86588 1424 280 1144 6304 6250 5918 85164 81778 3386 162 332
internal_count=153841 60949 24874 18384 16829 36075 32656 24094 6490 4194 8562 2296 1555 3419 3257 92892 86588 1424 280 1144 6304 6250 5918 85164 81778 3386 162 332
is_linear=0
shrinkage=0.05


Tree=138
num_leaves=31
num_cat=0
split_feature=4 13 13 13 32 13 1 3 13 3 25 2 4 7 2 2 1 21 11 38 39 25 7 3 39 2 38 37 39 1
split_gain=670.086 257.253 412.176 141.864 152.847 34.593 13.9985 12.9561 12.2397 11.9913 8.09191 7.54555 3.82526 5.04287 6.14106 5.03119 7.8417 10.1853 5.66762 7.40739 4.38898 5.42123 4.35655 4.26412 3.83429 3.79207 2.93251 10.9535 3.99022 2.76106
threshold=1.0000000180025095e-35 -8.3072719573974592 3.6173341274261479 -0.064914468675851808 14.500000000000002 13.859466075897219 0.40330043435096746 -0.25888420641422266 -23.134503364562985 -0.13065119087696073 1.0000000180025095e-35 0.77363860607147228 3.5249999761581425 0.077088959515094771 0.27723158895969396 -0.2910610288381576 -0.80715614557266224 0.075000001117587103 0.77802070975303661 -0.097321037203073488 -4.5574824810028067 0.046694876626133926 0.14139872044324878 0.074954081326723113 -2.8142793178558345 -0.053390176966786378 -0.084379330277442918 1.0000000180025095e-35 2.0838214159011845 -0.021136335097253319
decision_type=2 2 2 2 2 2 2 2 2 2 2 2 2 2 2 2 2 2 2 2 2 2 2 2 2 2 2 2 2 2
left_child=1 8 3 7 -5 9 -7 -3 26 -4 29 -12 13 20 25 16 17 -14 23 -20 21 -2 -18 -17 -22 -15 27 -1 -28 -10
right_child=12 2 5 4 -6 6 -8 -9 10 -11 11 -13 15 14 -16 18 22 -19 19 -21 24 -23 -24 -25 -26 -27 28 -29 -30 -31
leaf_value=0.00042440043173993006 -0.00080361496480569846 -1.48919190920746e-06 -7.3815498626977826e-07 -7.3815498626977826e-07 -2.434819840649927e-05 -7.3815498626977826e-07 -7.3815498626977826e-07 -7.3815498626977826e-07 -7.3815498626977826e-07 -7.3815498626977826e-07 -7.3815498626977826e-07 -7.3815498626977826e-07 -0.00027718492988880499 0.0048536115884346975 0.0078864033205542482 4.388619628025656e-05 -0.00046534945767665481 0.001039396405034845 0.00010355478048790172 -7.5865094056999744e-05 -7.3347855421728245e-05 0.00095112013541339693 -0.0028585153502686629 -4.1134404327115852e-05 6.2670451811846706e-05 -0.00010772758004738529 9.6669483540392011e-06 -9.0826615982877594e-05 -5.6840071830597573e-05 -7.3815498626977826e-07
leaf_weight=380 33 840 1494 18105 2074 12617 208 5666 149 4415 4960 93 2404 54 44 36018 592 648 3768 21832 1775 291 55 12789 12479 110 8455 777 670 46
leaf_count=380 33 840 1494 18105 2074 12617 208 5666 149 4415 4960 93 2404 54 44 36018 592 648 3768 21832 1775 291 55 12789 12479 110 8455 777 670 46
internal_value=-0.00272733 -0.00680118 -0.00870065 -0.0126916 -0.0147616 -0.00301591 -0.0015575 -0.00627113 -0.00124598 -0.00618125 -0.00321075 -0.00282505 -5.43642e-05 0.000683079 0.00841346 -0.000193967 -0.00199378 -0.000933814 -0.000104493 -0.000707031 0.000572781 0.00632716 -0.00699382 0.000211548 0.000441981 0.00396341 -0.000243143 -0.00261452 5.75342e-05 -0.0132051
internal_weight=153841 60949 45419 26685 20179 18734 12825 6506 15530 5909 5248 5053 92892 14786 208 78106 3699 3052 74407 25600 14578 324 647 48807 14254 164 10282 1157 9125 195
internal_count=153841 60949 45419 26685 20179 18734 12825 6506 15530 5909 5248 5053 92892 14786 208 78106 3699 3052 74407 25600 14578 324 647 48807 14254 164 10282 1157 9125 195
is_linear=0
shrinkage=0.05


Tree=139
num_leaves=31
num_cat=0
split_feature=4 13 13 13 13 13 1 3 13 3 24 39 25 4 14 13 25 7 39 9 14 0 22 3 39 9 9 1 22 1
split_gain=667.384 258.131 411.219 141.368 67.7515 34.593 13.9985 12.9561 12.4816 11.9913 8.46893 6.29575 6.04977 3.82432 5.12016 5.78177 6.82701 4.67767 10.3957 7.62613 4.44792 10.0781 6.12092 4.3667 6.81839 5.3124 4.13539 3.48102 2.39273 4.11763
threshold=1.0000000180025095e-35 -8.3072719573974592 3.6173341274261479 -0.064914468675851808 0.00075226789808231222 13.859466075897219 0.40330043435096746 -0.25888420641422266 -23.134503364562985 -0.13065119087696073 2.5000000000000004 2.5612684488296513 1.0000000180025095e-35 15.325000286102297 -1.0000000180025095e-35 71.036128997802749 0.17483700811862948 0.06570287793874742 -2.3575266599655147 0.6842927634716035 1.0000000180025095e-35 -0.32230573892593378 0.69387668371200573 0.13509597629308703 -1.5381831526756284 0.6500988006591798 0.0032854347955435519 0.18658515065908435 0.66842818260192882 -0.95494627952575672
decision_type=2 2 2 2 2 2 2 2 2 2 2 2 2 2 2 2 2 2 2 2 2 2 2 2 2 2 2 2 2 2
left_child=1 8 3 7 -5 9 -7 -3 28 -4 12 -12 -10 17 15 27 -17 20 26 -20 22 -22 -2 24 -16 -25 -19 -15 -1 -30
right_child=13 2 5 4 -6 6 -8 -9 10 -11 11 -13 -14 14 23 16 -18 18 19 -21 21 -23 -24 25 -26 -27 -28 -29 29 -31
leaf_value=8.0899438584327823e-07 -2.8251081006114723e-05 -1.4147323137470869e-06 -7.0124723695628928e-07 -7.0124723695628928e-07 -7.0124723695628928e-07 -7.0124723695628928e-07 -7.0124723695628928e-07 -7.0124723695628928e-07 -7.0124723695628928e-07 -7.0124723695628928e-07 -7.0124723695628928e-07 -7.0124723695628928e-07 -7.0124723695628928e-07 -9.5104291355820048e-06 -0.00017290940795993711 0.0013208247280345723 -1.7273661933432836e-05 0.00014912592753966742 0.00030694338893622888 0.0026402401117138806 -0.00024477155167127281 0.00013558125965194186 0.00014746815308815664 -0.00013540879392575557 3.4347033862925162e-06 -0.00061804536001655293 -0.0010183767901546484 0.00061595262011535003 3.7941300182626616e-06 -0.00016758018650224485
leaf_weight=8920 42263 840 1494 16759 3420 12617 208 5666 118 4415 2983 480 1667 2617 3770 344 244 82 5723 269 1541 8091 6081 5514 15596 292 213 252 804 558
leaf_count=8920 42263 840 1494 16759 3420 12617 208 5666 118 4415 2983 480 1667 2617 3770 344 244 82 5723 269 1541 8091 6081 5514 15596 292 213 252 804 558
internal_value=-0.0027257 -0.00679133 -0.00869405 -0.0126803 -0.0147468 -0.00301591 -0.0015575 -0.00627113 -0.00122666 -0.00618125 -0.00321075 -0.0017687 -0.0060084 -5.8132e-05 -0.000538789 0.00126555 0.00578231 0.000156 0.00145141 0.00190254 1.55237e-05 0.000996678 -0.00017996 -0.000786588 -0.000426004 -0.00198932 -0.00771186 0.00033984 -0.000213966 -0.00216593
internal_weight=153841 60949 45419 26685 20179 18734 12825 6506 15530 5909 5248 3463 1785 92892 28629 3457 588 64263 6287 5992 57976 9632 48344 25172 19366 5806 295 2869 10282 1362
internal_count=153841 60949 45419 26685 20179 18734 12825 6506 15530 5909 5248 3463 1785 92892 28629 3457 588 64263 6287 5992 57976 9632 48344 25172 19366 5806 295 2869 10282 1362
is_linear=0
shrinkage=0.05


Tree=140
num_leaves=31
num_cat=0
split_feature=5 24 3 32 25 3 21 25 3 32 39 1 3 39 14 25 5 7 34 3 38 25 1 0 38 38 39 39 22 5
split_gain=669.571 140.816 71.3681 61.2133 43.3152 40.8174 37.296 25.0605 16.9824 15.634 12.6708 10.7385 20.8538 10.1178 9.21854 6.86094 3.64747 5.84226 4.1883 15.3541 6.75842 4.186 8.00635 9.72979 6.38219 5.97407 9.49142 7.32456 2.77081 0.532486
threshold=1.0000000180025095e-35 2.5000000000000004 -0.10520397126674651 14.500000000000002 0.0011225953348912301 -0.15598179399967191 1.0000000180025095e-35 0.18781586736440661 -0.32882358133792872 14.500000000000002 -3.0035413503646846 -0.38875399529933924 -0.42172704637050623 -4.1308479309082022 1.0000000180025095e-35 0.13655345886945727 6.9749999046325692 0.14139872044324878 1.5000000000000002 -2.5811635255813594 0.077724941074848189 0.14129736274480822 -0.033629542216658585 0.043534804135560996 0.2878114134073258 0.2464515566825867 -1.5381831526756284 0.84906852245330822 0.96546417474746715 5.4249999523162851
decision_type=2 2 2 2 2 2 2 2 2 2 2 2 2 2 2 2 2 2 2 2 2 2 2 2 2 2 2 2 2 2
left_child=1 2 8 4 -4 11 9 -8 13 -7 -10 12 -3 -1 -13 -5 17 18 19 -2 -20 25 24 -24 -23 26 -18 -27 -19 -30
right_child=16 5 3 15 -6 6 7 -9 10 -11 -12 14 -14 -15 -16 -17 21 28 20 -21 -22 22 23 -25 -26 27 -28 -29 29 -31
leaf_value=-2.2201857545120753e-05 -0.00063050078985324844 -1.5686349745418179e-05 -6.661848751084748e-07 3.301031063231782e-06 -6.661848751084748e-07 -6.661848751084748e-07 -6.661848751084748e-07 -6.661848751084748e-07 -6.661848751084748e-07 -3.1361132878961214e-06 -6.661848751084748e-07 -6.661848751084748e-07 -6.661848751084748e-07 -1.4601558603762209e-07 0.0004958137038526449 -4.9753214544372315e-05 -0.00016571456260197159 -0.00027804507772281466 9.0203713808047558e-05 4.6519717583355224e-06 -0.00015573387964988496 7.6072653413565658e-05 -0.00028578619559874554 -4.9843937242712629e-05 -0.00037166167013888359 0.00050182166918010744 -2.9970008466895844e-05 -0.00021578999943037058 0.011218242810937022 0.0098393033009899142
leaf_weight=474 766 3178 1521 1140 15308 6255 16301 2818 1005 604 3189 4339 1897 1822 683 415 5888 30 18915 11518 1676 20122 907 6598 630 1332 23972 471 37 30
leaf_count=474 766 3178 1521 1140 15308 6255 16301 2818 1005 604 3189 4339 1897 1822 683 415 5888 30 18915 11518 1676 20122 907 6598 630 1332 23972 471 37 30
internal_value=-0.00271823 -0.00679051 -0.00968481 -0.0112761 -0.0121531 -0.00479487 -0.00584341 -0.00470867 -0.0051772 -0.00900641 -0.00706962 -0.00209716 -0.00371921 -0.00172038 -0.000457985 -0.00178457 -4.62903e-05 0.000376077 0.000339924 -0.000390752 0.000775824 -0.000278705 0.000163676 -0.00123584 0.000669815 -0.000673499 -0.000842264 0.00212146 0.0126289 0.0182836
internal_weight=153841 60949 24874 18384 16829 36075 25978 19119 6490 6859 4194 10097 5075 2296 5022 1555 92892 32972 32875 12284 20591 59920 28257 7505 20752 31663 29860 1803 97 67
internal_count=153841 60949 24874 18384 16829 36075 25978 19119 6490 6859 4194 10097 5075 2296 5022 1555 92892 32972 32875 12284 20591 59920 28257 7505 20752 31663 29860 1803 97 67
is_linear=0
shrinkage=0.05


Tree=141
num_leaves=28
num_cat=0
split_feature=4 13 13 32 13 13 1 13 3 24 39 13 13 3 4 14 34 10 7 39 38 38 22 34 22 22 1
split_gain=665.647 257.219 408.922 150.808 160.635 34.7197 13.9985 12.4816 11.8369 8.46893 6.29575 5.27758 4.58033 3.56191 3.34341 4.63706 10.1067 4.64935 4.4526 9.57142 5.01294 2.92557 3.5515 2.53247 1.28699 0.943916 0.218347
threshold=1.0000000180025095e-35 -8.3072719573974592 3.6173341274261479 14.500000000000002 -0.064914468675851808 13.859466075897219 0.40330043435096746 -23.134503364562985 -0.13065119087696073 2.5000000000000004 2.5612684488296513 2.5585784847129844e-13 -17.055952072143551 0.50493973493576061 15.325000286102297 -1.0000000180025095e-35 2.5000000000000004 0.72776323556900036 0.06570287793874742 -2.3575266599655147 0.36682778596878057 -0.25294733047485346 0.16067601740360263 5.0000000000000009 0.16764742881059649 0.32362638413906103 0.27335494756698614
decision_type=2 2 2 2 2 2 2 2 2 2 2 2 2 2 2 2 2 2 2 2 2 2 2 2 2 2 2
left_child=1 7 3 4 -3 8 -7 21 -4 12 -11 -5 -9 14 18 16 -16 -17 20 -20 -2 22 -1 -23 -15 -26 -27
right_child=13 2 5 11 -6 6 -8 9 -10 10 -12 -13 -14 24 15 17 -18 -19 19 -21 -22 23 -24 -25 25 26 -28
leaf_value=2.6076268404604626e-05 -1.451561283037639e-06 -6.3287563135305108e-07 -6.3287563135305108e-07 -4.949211918188274e-05 -6.3287563135305108e-07 -6.3287563135305108e-07 -6.3287563135305108e-07 -3.1862943368159884e-06 -6.3287563135305108e-07 -6.3287563135305108e-07 -6.3287563135305108e-07 0.00020429362102441576 -6.3287563135305108e-07 -0.00053431879193620204 -9.3408679938458534e-05 -6.881709407854098e-05 0.00047048112302354174 0.00022001866723062749 -0.00070785484216150107 0.00037116761638659475 0.00064025595679274416 1.1715450366345596e-06 -0.00015096313415567756 -0.00012027616997023626 0.00037054562655681382 -0.00063546320441512183 -0.00025608693378667032
leaf_weight=85 57423 6008 1494 2083 18105 12617 208 521 4415 2983 480 489 1264 54 1600 24437 1853 679 295 5992 460 9633 160 404 37 30 32
leaf_count=85 57423 6008 1494 2083 18105 12617 208 521 4415 2983 480 489 1264 54 1600 24437 1853 679 295 5992 460 9633 160 404 37 30 32
internal_value=-0.00272115 -0.00678149 -0.00868084 -0.012656 -0.0138836 -0.00301858 -0.0015575 -0.00122666 -0.00618971 -0.00321075 -0.0017687 -0.00114697 -0.0060084 -5.70555e-05 -4.44797e-05 -0.000494417 0.00122357 -0.00073061 0.000155836 0.0014196 1.85719e-05 -0.000213966 -0.00561224 -8.21959e-05 -0.00767974 -0.00429293 -0.00806452
internal_weight=153841 60949 45419 26685 24113 18734 12825 15530 5909 5248 3463 2572 1785 92892 92739 28569 3453 25116 64170 6287 57883 10282 245 10037 153 99 62
internal_count=153841 60949 45419 26685 24113 18734 12825 15530 5909 5248 3463 2572 1785 92892 92739 28569 3453 25116 64170 6287 57883 10282 245 10037 153 99 62
is_linear=0
shrinkage=0.05


Tree=142
num_leaves=27
num_cat=0
split_feature=4 13 13 32 13 13 1 13 3 24 39 25 1 3 13 0 0 4 39 25 37 22 1 13 22 13
split_gain=667.831 256.845 408.604 150.201 161.486 34.7197 13.9985 12.4411 11.8369 8.46893 6.29575 6.04977 4.58352 3.27365 3.28269 4.56277 6.22141 3.48133 4.98334 4.6811 3.11115 2.2919 3.98669 2.98537 1.42602 0.981818
threshold=1.0000000180025095e-35 -8.3072719573974592 3.6173341274261479 14.500000000000002 -0.064914468675851808 13.859466075897219 0.40330043435096746 -23.134503364562985 -0.13065119087696073 2.5000000000000004 2.5612684488296513 1.0000000180025095e-35 -0.4405550211668014 0.50493973493576061 34245.873046875007 -0.02291770093142986 0.1086518131196499 12.125000000000002 -0.32218794524669642 1.0000000180025095e-35 1.0000000180025095e-35 0.66842818260192882 -0.95494627952575672 -217.27296447753903 0.16764742881059649 -5.7342214584350577
decision_type=2 2 2 2 2 2 2 2 2 2 2 2 2 2 2 2 2 2 2 2 2 2 2 2 2 2
left_child=1 7 3 4 -3 8 -7 21 -4 11 -11 -9 -5 14 17 20 -17 18 -2 -19 -16 23 -23 -1 -15 -26
right_child=13 2 5 12 -6 6 -8 9 -10 10 -12 -13 -14 24 15 16 -18 19 -20 -21 -22 22 -24 -25 25 -27
leaf_value=0.00032424557682712786 -3.1276134582059523e-05 -6.0123184978539857e-07 -6.0123184978539857e-07 0.0039761089178204497 -6.0123184978539857e-07 -6.0123184978539857e-07 -6.0123184978539857e-07 -6.0123184978539857e-07 -6.0123184978539857e-07 -6.0123184978539857e-07 -6.0123184978539857e-07 -6.0123184978539857e-07 -3.7302443405921141e-05 -0.000507602852339392 0.00027444083784491474 -0.00074611139846051527 0.0013848361417747122 -0.00020348618495783511 5.1687570389110423e-05 -2.4833487930806671e-05 0.0045803867157780016 3.9416553988041952e-06 -0.00015922644518520892 -6.7692319016670993e-06 6.8184987185261958e-05 -0.00037145336323802375
leaf_weight=941 19021 6008 1494 255 18105 12617 208 118 4415 2983 480 1667 2317 54 34 127 326 1401 36053 35714 63 804 558 7979 45 54
leaf_count=941 19021 6008 1494 255 18105 12617 208 118 4415 2983 480 1667 2317 54 34 127 326 1401 36053 35714 63 804 558 7979 45 54
internal_value=-0.00271368 -0.00678067 -0.00867864 -0.0126522 -0.0138774 -0.00301858 -0.0015575 -0.00122988 -0.00618971 -0.00321075 -0.0017687 -0.0060084 -0.00116641 -4.52138e-05 -3.31576e-05 0.00381818 0.00171082 -5.61347e-05 0.0001961 -0.000430419 0.0136598 -0.000218829 -0.00212922 7.287e-05 -0.00735294 -0.00378788
internal_weight=153841 60949 45419 26685 24113 18734 12825 15530 5909 5248 3463 1785 2572 92892 92739 550 453 92189 55074 37115 97 10282 1362 8920 153 99
internal_count=153841 60949 45419 26685 24113 18734 12825 15530 5909 5248 3463 1785 2572 92892 92739 550 453 92189 55074 37115 97 10282 1362 8920 153 99
is_linear=0
shrinkage=0.05


Tree=143
num_leaves=31
num_cat=0
split_feature=4 13 13 32 13 13 1 13 24 32 39 25 25 12 13 34 0 32 25 39 32 13 8 9 4 7 0 39 0 22
split_gain=666.733 255.934 407.469 154.83 161.486 34.4665 13.9985 12.4411 8.46893 7.87065 6.29575 6.04977 4.27879 3.18852 4.795 8.24944 4.41098 4.08741 3.32302 5.91868 4.38546 3.28349 4.42951 4.00154 2.9501 5.02601 4.03235 2.2634 3.24777 2.31929
threshold=1.0000000180025095e-35 -8.3072719573974592 3.6173341274261479 14.500000000000002 -0.064914468675851808 13.859466075897219 0.40330043435096746 -23.134503364562985 2.5000000000000004 19.500000000000004 2.5612684488296513 1.0000000180025095e-35 0.073427964001894011 0.42202162742614752 137.46549987792972 5.0000000000000009 -0.22464623302221295 27.500000000000004 0.029599997214972976 1.5459306836128237 2.5000000000000004 34245.873046875007 0.008445068262517454 0.34006802737712866 6.9749999046325692 0.076087955385446562 -1.4874465465545652 -1.7133322358131406 0.28860896825790411 0.66842818260192882
decision_type=2 2 2 2 2 2 2 2 2 2 2 2 2 2 2 2 2 2 2 2 2 2 2 2 2 2 2 2 2 2
left_child=1 7 3 4 -3 9 -7 27 11 -4 -10 -9 -5 21 18 17 -17 -16 19 -15 -20 24 -23 -24 25 -2 -26 28 -1 -29
right_child=13 2 5 12 -6 6 -8 8 10 -11 -12 -13 -14 14 15 16 -18 -19 20 -21 -22 22 23 -25 26 -27 -28 29 -30 -31
leaf_value=-4.293133235208334e-05 3.8830143967332446e-05 -5.7117025729612868e-07 -5.7117025729612868e-07 -7.6456227869523544e-05 -5.7117025729612868e-07 -5.7117025729612868e-07 -5.7117025729612868e-07 -5.7117025729612868e-07 -5.7117025729612868e-07 3.1371648372882993e-05 -5.7117025729612868e-07 -5.7117025729612868e-07 1.7151835326513345e-05 -0.00015358546117822443 3.6221287916657269e-05 -0.00059217967643953153 0.0018077532313312984 -0.00038540787788052429 -5.5952501343088689e-05 6.371826187257243e-05 0.00021167264305678465 0.0045874371721808206 0.0013126405902610259 -0.00067058925490908698 -0.00065115701923344239 0.001089463797088433 -4.8949017770087011e-06 1.0399018969453004e-05 -0.0001011127292727617 -5.1406679612285395e-05
leaf_weight=1978 19090 6008 5488 1553 18105 12617 208 118 2983 421 480 1667 1019 4177 10429 48 249 489 17652 865 2046 66 163 128 271 819 36400 7001 45 1258
leaf_count=1978 19090 6008 5488 1553 18105 12617 208 118 2983 421 480 1667 1019 4177 10429 48 249 489 17652 865 2046 66 163 128 271 819 36400 7001 45 1258
internal_value=-0.00270718 -0.00677082 -0.00866543 -0.0126335 -0.0138774 -0.00301324 -0.0015575 -0.00122988 -0.00321075 -0.00617279 -0.0017687 -0.0060084 -0.000972006 -4.09077e-05 -0.00040954 0.000448061 0.00867003 0.0002244 -0.000798302 -0.00194367 -0.000505127 0.000191879 0.00497199 0.00231959 0.000161718 0.000651715 -0.000104306 -0.000218829 -0.00171775 0.000148323
internal_weight=153841 60949 45419 26685 24113 18734 12825 15530 5248 5909 3463 1785 2572 92892 35955 11215 297 10918 24740 5042 19698 56937 357 291 56580 19909 36671 10282 2023 8259
internal_count=153841 60949 45419 26685 24113 18734 12825 15530 5248 5909 3463 1785 2572 92892 35955 11215 297 10918 24740 5042 19698 56937 357 291 56580 19909 36671 10282 2023 8259
is_linear=0
shrinkage=0.05


Tree=144
num_leaves=30
num_cat=0
split_feature=8 13 13 32 13 13 1 13 3 24 39 25 13 38 2 20 12 38 32 34 38 38 20 22 34 38 1 9 25
split_gain=654.043 261.988 413.476 153.845 161.465 35.6653 13.2537 13.2064 11.1831 8.69735 6.32851 6.03473 5.05688 3.78899 3.74026 4.91474 3.26103 5.04893 6.5932 6.01544 3.33855 8.5206 4.51549 2.97004 2.48593 2.37289 2.21589 0.791446 1.2045
threshold=1.0000000180025095e-35 -8.3072719573974592 3.6173341274261479 14.500000000000002 -0.064914468675851808 13.859466075897219 0.32907520234584814 -23.134503364562985 -0.13065119087696073 2.5000000000000004 2.5612684488296513 1.0000000180025095e-35 -1.3706670635326615e-14 -0.2351633086800575 0.80164751410484325 -1.0000000180025095e-35 0.42202162742614752 0.27809573709964758 14.500000000000002 5.0000000000000009 0.074179995805025115 0.061033483594655998 -1.0000000180025095e-35 0.15910667926073077 5.0000000000000009 -1.0000000180025095e-35 0.042569207027554519 0.031114255078136924 0.34366941452026373
decision_type=2 2 2 2 2 2 2 2 2 2 2 2 2 2 2 2 2 2 2 2 2 2 2 2 2 2 2 2 2
left_child=1 7 3 4 -3 8 -7 13 -4 11 -11 -9 -5 23 16 25 20 19 -19 -18 21 -2 -22 -1 -15 -16 -27 -17 -29
right_child=14 2 5 12 -6 6 -8 9 -10 10 -12 -13 -14 24 15 27 17 18 -20 -21 22 -23 -24 -25 -26 26 -28 28 -30
leaf_value=1.7525757240898118e-05 2.374258840689668e-05 -5.4261174443132213e-07 -5.4261174443132213e-07 8.0415944225024274e-06 -5.4261174443132213e-07 -5.4261174443132213e-07 -5.4261174443132213e-07 -5.4261174443132213e-07 -5.4261174443132213e-07 -5.4261174443132213e-07 -5.4261174443132213e-07 -5.4261174443132213e-07 -5.0019005992535783e-05 4.4919012648102891e-06 0.00030963241902303156 -0.00040726486922172661 -4.6181544727452392e-05 0.00018777526333006359 0.0019703298542034691 0.00059269557650415004 4.2620554856876491e-05 0.00031579124476041782 -0.00011254478547392481 -0.00015936148359371703 -0.00011355214919385993 0.00034440570001832384 -0.0001731905033391201 -0.0012004846641171338 -0.00086955474472183404
leaf_weight=103 45604 6038 1508 936 18121 12613 531 118 4430 3004 482 1676 1640 9836 31 38 33298 1189 103 905 4408 1293 5007 197 410 30 196 57 39
leaf_count=103 45604 6038 1508 936 18121 12613 531 118 4430 3004 482 1676 1640 9836 31 38 33298 1189 103 905 4408 1293 5007 197 410 30 196 57 39
internal_value=-0.00270913 -0.00669622 -0.00861198 -0.0126248 -0.0138634 -0.00298973 -0.00153682 -0.00115001 -0.00620579 -0.00319129 -0.00173551 -0.00602007 -0.00100932 -0.000128011 -4.33849e-05 -0.00492327 -2.26018e-05 -0.000397943 0.00267028 -0.000513844 0.000213986 0.000386485 -0.000645247 -0.00566667 3.41597e-05 -0.000875486 -0.00265487 -0.0126866 -0.0151042
internal_weight=153841 61643 45817 26735 24159 19082 13144 15826 5938 5280 3486 1794 2576 10546 92198 391 91807 35495 1292 34203 56312 46897 9415 300 10246 257 226 134 96
internal_count=153841 61643 45817 26735 24159 19082 13144 15826 5938 5280 3486 1794 2576 10546 92198 391 91807 35495 1292 34203 56312 46897 9415 300 10246 257 226 134 96
is_linear=0
shrinkage=0.05


Tree=145
num_leaves=28
num_cat=0
split_feature=7 13 13 32 13 13 1 13 24 32 39 25 13 7 2 14 22 2 13 32 10 10 13 18 38 22 34
split_gain=663.983 254.95 405.024 161.429 161.486 34.593 13.9985 12.4411 8.46893 7.60931 6.29575 6.04977 4.38449 3.0623 5.19892 4.06107 3.83435 3.49479 4.97657 5.1414 4.24557 3.66496 7.20658 5.45472 2.9203 3.06363 2.36712
threshold=1.0000000180025095e-35 -8.3072719573974592 3.6173341274261479 14.500000000000002 -0.064914468675851808 13.859466075897219 0.40330043435096746 -23.134503364562985 2.5000000000000004 19.500000000000004 2.5612684488296513 1.0000000180025095e-35 -1.3706670635326615e-14 0.2624726295471192 -0.85274317860603321 1.0000000180025095e-35 0.49271598458290106 0.65442737936973583 -67.632061004638658 31.500000000000004 0.11668162792921068 0.19232932478189471 34245.873046875007 -315.35441589355463 -0.25294733047485346 0.16067601740360263 5.0000000000000009
decision_type=2 2 2 2 2 2 2 2 2 2 2 2 2 2 2 2 2 2 2 2 2 2 2 2 2 2 2
left_child=1 7 3 4 -3 9 -7 24 11 -4 -10 -9 -5 17 -15 16 -16 21 20 -20 -19 23 -23 -2 25 -1 -26
right_child=13 2 5 12 -6 6 -8 8 10 -11 -12 -13 -14 14 15 -17 -18 18 19 -21 -22 22 -24 -25 26 -27 -28
leaf_value=2.038309149109117e-05 2.5104914406935339e-05 -5.1548115720975608e-07 -5.1548115720975608e-07 8.2297582930651298e-06 -5.1548115720975608e-07 -5.1548115720975608e-07 -5.1548115720975608e-07 -5.1548115720975608e-07 -5.1548115720975608e-07 2.9830196541460499e-05 -5.1548115720975608e-07 -5.1548115720975608e-07 -4.7518055692909006e-05 0.0090775112894559088 -0.00011194178652424794 -0.0022713611348220814 0.0026696682582057285 0.00035835465649285088 -0.00013905825209367361 -0.0025178506175055331 -0.00015167471889727271 2.9982348370017656e-05 0.0018905035961485754 -5.058105099844981e-05 1.1195005490153339e-06 -0.00013322964723803203 -0.00010876624336542077
leaf_weight=85 27112 6008 5488 932 18105 12617 208 118 2983 421 480 1667 1640 37 137 35 155 706 2087 104 834 30712 307 30666 9633 160 404
leaf_count=85 27112 6008 5488 932 18105 12617 208 118 2983 421 480 1667 1640 37 137 35 155 706 2087 104 834 30712 307 30666 9633 160 404
internal_value=-0.0027049 -0.00676016 -0.00865112 -0.0126073 -0.0138774 -0.00301591 -0.0015575 -0.00122988 -0.00321075 -0.00618125 -0.0017687 -0.0060084 -0.000699844 -4.41373e-05 0.00453297 0.00252294 0.00445205 -6.21434e-05 -0.00156124 -0.0030922 0.000616883 8.44623e-07 0.000439247 -0.000234518 -0.000218829 -0.00561224 -8.71774e-05
internal_weight=153841 60949 45419 26685 24113 18734 12825 15530 5248 5909 3463 1785 2572 92892 364 327 292 92528 3731 2191 1540 88797 31019 57778 10282 245 10037
internal_count=153841 60949 45419 26685 24113 18734 12825 15530 5248 5909 3463 1785 2572 92892 364 327 292 92528 3731 2191 1540 88797 31019 57778 10282 245 10037
is_linear=0
shrinkage=0.05


Tree=146
num_leaves=31
num_cat=0
split_feature=4 13 13 32 13 13 1 3 13 2 2 3 4 13 12 22 9 14 7 9 34 2 38 38 13 37 38 22 39 2
split_gain=662.853 254.572 406.152 158.282 160.921 33.9628 13.9985 12.5651 12.4411 7.81965 7.27119 3.96178 3.20489 5.71954 5.99449 5.94474 5.29215 5.08172 4.44012 5.67469 3.71059 3.5246 9.95778 8.02298 3.1335 2.92203 2.9203 2.8261 2.35822 2.1701
threshold=1.0000000180025095e-35 -8.3072719573974592 3.6173341274261479 14.500000000000002 -0.064914468675851808 13.859466075897219 0.40330043435096746 -0.13065119087696073 -23.134503364562985 0.48264084756374365 0.0042567048221826562 -0.72040659189224232 37.274999618530281 -55.418172836303704 0.87916037440299999 0.3703575879335404 0.70889294147491466 -1.0000000180025095e-35 0.2142710015177727 0.1429041996598244 1.0000000180025095e-35 0.046802124008536346 -0.24519689381122586 -0.0085445949807763082 1277.381286621094 1.0000000180025095e-35 -0.25294733047485346 0.17815802991390231 -4.3222942352294913 0.49753846228122717
decision_type=2 2 2 2 2 2 2 2 2 2 2 2 2 2 2 2 2 2 2 2 2 2 2 2 2 2 2 2 2 2
left_child=1 8 3 4 -3 7 -7 -4 26 10 -10 -5 18 14 20 -16 17 -15 21 29 -14 23 -23 -2 -18 -21 27 -1 -28 -20
right_child=12 2 5 11 -6 6 -8 -9 9 -11 -12 -13 13 16 15 -17 24 -19 19 25 -22 22 -24 -25 -26 -27 28 -29 -30 -31
leaf_value=1.5630314804298671e-05 -9.7738771379334843e-05 -4.8970709934926829e-07 -4.8970709934926829e-07 0.015998301644945062 -4.8970709934926829e-07 -4.8970709934926829e-07 -4.8970709934926829e-07 -4.8970709934926829e-07 -4.8970709934926829e-07 -4.8970709934926829e-07 -4.8970709934926829e-07 -1.8328390007112503e-05 -0.00061668798114439163 0.0003923943547287987 -0.00017573130745877024 -0.00095175714898451398 -0.00058954061573939626 -0.000161464242855584 -0.0011954501752194039 0.0053287325550296256 0.00040835518767325075 0.00047247269418357487 1.4272350341041837e-05 1.0505139415374621e-05 -0.0015867817436636532 0.015887067188892667 0.00087739347763741374 -0.0001411533552327649 -4.0515519553921235e-06 0.0030403332849885494
leaf_weight=91 9904 6008 1494 45 18105 12617 208 4415 1684 331 3233 2527 135 362 217 77 73 4036 112 101 1363 1360 52277 22741 41 62 169 154 9868 31
leaf_count=91 9904 6008 1494 45 18105 12617 208 4415 1684 331 3233 2527 135 362 217 77 73 4036 112 101 1363 1360 52277 22741 41 62 169 154 9868 31
internal_value=-0.00270425 -0.00675606 -0.00864561 -0.0126073 -0.0138649 -0.00300256 -0.0015575 -0.00613894 -0.00122988 -0.00321075 -0.00270999 -0.000816485 -4.57521e-05 -0.0011342 0.00125558 -0.00527211 -0.00208333 -0.00180764 3.34919e-05 0.00604575 0.00253672 1.21694e-05 0.00026148 -0.000397457 -0.0127193 0.0124233 -0.000218829 -0.00561224 -8.71774e-05 -0.00122378
internal_weight=153841 60949 45419 26685 24113 18734 12825 5909 15530 5248 4917 2572 92892 6304 1792 294 4512 4398 86588 306 1498 86282 53637 32645 114 163 10282 245 10037 143
internal_count=153841 60949 45419 26685 24113 18734 12825 5909 15530 5248 4917 2572 92892 6304 1792 294 4512 4398 86588 306 1498 86282 53637 32645 114 163 10282 245 10037 143
is_linear=0
shrinkage=0.05


Tree=147
num_leaves=31
num_cat=0
split_feature=4 24 3 32 14 3 32 21 3 34 38 1 3 1 38 21 3 32 34 20 38 38 38 38 3 10 22 4 2 10
split_gain=658.762 138.696 71.5017 67.6055 43.3064 41.6371 38.8398 38.3602 17.7107 12.6154 10.3384 8.9636 7.90984 7.80914 6.83981 6.57684 3.29108 6.04908 6.8286 5.65349 5.08927 4.37789 6.14741 6.70011 5.61515 3.93175 3.72867 2.77805 1.85678 1.82546
threshold=1.0000000180025095e-35 2.5000000000000004 -0.11051172763109206 14.500000000000002 1.0000000180025095e-35 -0.15598179399967191 14.500000000000002 1.0000000180025095e-35 -0.32882358133792872 1.0000000180025095e-35 -0.11426458507776259 -0.38875399529933924 -0.35053816437721247 0.072712808847427382 0.15261784195899966 0.27500000596046453 0.25322377681732183 27.500000000000004 1.5000000000000002 1.0000000180025095e-35 0.0065040125045925387 0.8683454990386964 0.6600414812564851 0.41058568656444555 -0.42172704637050623 0.068581741303205504 0.44704014062881475 27.57499980926514 0.31642076373100286 0.32193450629711157
decision_type=2 2 2 2 2 2 2 2 2 2 2 2 2 2 2 2 2 2 2 2 2 2 2 2 2 2 2 2 2 2
left_child=1 2 8 4 -4 10 7 -7 12 -10 15 -12 -1 -5 -8 -3 21 19 -19 25 -20 22 23 -2 -24 -18 -21 29 -29 -23
right_child=16 5 3 13 -6 6 14 -9 9 -11 11 -13 -14 -15 -16 -17 17 18 20 26 -22 27 24 -25 -26 -27 -28 28 -30 -31
leaf_value=-1.0676645041244325e-05 3.5971868709121226e-07 -9.5532187241592016e-06 -4.6522174438180487e-07 -7.7806593454450546e-05 -4.6522174438180487e-07 -4.6522174438180487e-07 0.00011652401964355013 -4.6522174438180487e-07 4.331681308982321e-06 -4.6522174438180487e-07 -4.6522174438180487e-07 4.3675168711947508e-07 0.00030750171415735615 0.00018341271060351238 -0.00027589050628975311 -1.6002801504721694e-06 -7.3827442259834586e-05 0.0011378940925307526 -0.0011421272375847539 -0.00021253369447086189 0.00022839301469461637 -0.00013246443471324511 -0.00097284471545807597 0.00068295526442799866 -0.00015290857970795709 0.00012086629472236287 -0.00062872751048452145 0.0021149262478264911 0.0014401213499678185 0.00049547089370683935
leaf_weight=2121 84708 245 16162 1215 854 6255 1840 17667 540 3452 4649 4450 175 355 216 753 3621 100 268 691 52 77 73 664 170 2202 139 55 41 31
leaf_count=2121 84708 245 16162 1215 854 6255 1840 17667 540 3452 4649 4450 175 355 216 753 3621 100 268 691 52 77 73 664 170 2202 139 55 41 31
internal_value=-0.00269873 -0.00673801 -0.00961044 -0.0111697 -0.0120857 -0.00475745 -0.00581646 -0.00638325 -0.00500159 -0.00701403 -0.00203278 -0.00150291 -0.00150261 -0.00124204 0.00077821 -0.00686373 -4.84434e-05 -0.00108511 -0.00690476 -0.000717721 -0.0104688 3.69965e-05 1.95643e-05 4.21684e-05 -0.00792181 -0.000167439 -0.00457831 0.00735294 0.0135417 0.00185185
internal_weight=153841 60949 24874 18586 17016 36075 25978 23922 6288 3992 10097 9099 2296 1570 2056 998 92892 7073 420 6653 320 85819 85615 85372 243 5823 830 204 96 108
internal_count=153841 60949 24874 18586 17016 36075 25978 23922 6288 3992 10097 9099 2296 1570 2056 998 92892 7073 420 6653 320 85819 85615 85372 243 5823 830 204 96 108
is_linear=0
shrinkage=0.05


Tree=148
num_leaves=30
num_cat=0
split_feature=5 13 13 32 13 13 13 1 3 24 1 25 39 5 39 34 7 25 1 34 0 9 3 13 25 32 39 3 3
split_gain=661.294 256.853 412.493 146.357 152.995 33.4824 14.0026 13.9646 12.6703 9.55523 6.98937 5.57397 4.42923 3.2837 4.7911 5.24168 4.43481 3.5555 9.73691 8.34566 7.19275 4.51251 5.0818 4.68614 3.50122 3.49762 2.27161 7.04471 2.44897
threshold=1.0000000180025095e-35 -7.5125064849853507 3.6173341274261479 14.500000000000002 -0.064914468675851808 13.859466075897219 -23.134503364562985 0.40330043435096746 -0.13065119087696073 2.5000000000000004 0.18658515065908435 1.0000000180025095e-35 -2.4367283582687373 3.4250000715255742 -4.5574824810028067 3.5000000000000004 0.10034754872322084 0.14129736274480822 -0.043816860765218728 2.5000000000000004 0.043534804135560996 0.44436404109001165 0.036866260692477233 1520.1753540039065 0.0074472692795097837 14.500000000000002 -3.0315108299255367 -0.33636999130249018 -1.7320105433464048
decision_type=2 2 2 2 2 2 2 2 2 2 2 2 2 2 2 2 2 2 2 2 2 2 2 2 2 2 2 2 2
left_child=1 6 3 4 -3 8 26 -7 -4 11 -11 -8 -5 14 15 25 24 21 19 -19 -20 23 -23 -15 -16 -2 27 -1 -28
right_child=13 2 5 12 -6 7 9 -9 -10 10 -12 -13 -14 17 16 -17 -18 18 20 -21 -22 22 -24 -25 -26 -27 28 -29 -30
leaf_value=0.00019586273595764063 0.00068485769305883155 -4.4196065716271463e-07 -4.4196065716271463e-07 0.00069397159449901711 -4.4196065716271463e-07 -4.4196065716271463e-07 -4.4196065716271463e-07 -4.4196065716271463e-07 -4.4196065716271463e-07 -4.4196065716271463e-07 -4.4196065716271463e-07 -4.4196065716271463e-07 -3.1577319516892754e-05 -6.1188961011472912e-05 0.00021194755636633862 -0.00074629604496466006 0.00709942054739548 -6.7064543194051952e-06 -0.00021189790675384265 0.00023484960742638282 -4.0943639213286703e-05 0.00014659342993599974 -0.00011551473286493063 0.00013831027128373142 1.8407559359022962e-05 0.27257813988939988 -5.5593003410398545e-05 -0.00010804875648008188 5.873443055840623e-06
leaf_weight=511 241 5668 1494 392 18105 12617 123 208 4415 3508 199 1786 2152 32784 782 36 54 15356 1646 11407 8495 3788 1862 3279 13131 31 746 571 8454
leaf_count=511 241 5668 1494 392 18105 12617 123 208 4415 3508 199 1786 2152 32784 782 36 54 15356 1646 11407 8495 3788 1862 3279 13131 31 746 571 8454
internal_value=-0.00270328 -0.00675032 -0.0086785 -0.0127152 -0.0139349 -0.0030079 -0.00128633 -0.0015731 -0.00612202 -0.00329416 -0.00181414 -0.00616815 -0.00131682 -4.79051e-05 0.000649737 0.00681818 0.000513711 -0.000174581 0.000182907 0.000682846 -0.00113648 -0.000490854 0.000823009 -0.000696697 0.000458205 0.00919118 -0.000189652 -0.00235675 6.52174e-05
internal_weight=153841 60949 45051 26317 23773 18734 15898 12825 5909 5616 3707 1909 2544 92892 14275 308 13967 78617 36904 26763 10141 41713 5650 36063 13913 272 10282 1082 9200
internal_count=153841 60949 45051 26317 23773 18734 15898 12825 5909 5616 3707 1909 2544 92892 14275 308 13967 78617 36904 26763 10141 41713 5650 36063 13913 272 10282 1082 9200
is_linear=0
shrinkage=0.05


Tree=149
num_leaves=31
num_cat=0
split_feature=5 13 13 13 13 13 13 3 3 13 24 3 25 5 13 12 22 9 34 7 34 2 38 38 38 37 39 2 0 25
split_gain=660.247 257.175 411.267 131.874 66.0297 33.358 14.2228 12.83 12.71 11.1581 9.55523 6.41522 5.57397 3.14033 5.12566 5.48832 5.4769 4.92833 3.99456 3.59657 3.55561 3.39301 8.96357 7.46392 3.01868 10.01 3.84743 2.91702 1.92857 1.60337
threshold=1.0000000180025095e-35 -7.5125064849853507 3.6173341274261479 -0.064914468675851808 0.00075226789808231222 13.859466075897219 -23.134503364562985 -0.13065119087696073 -0.25888420641422266 106.24657440185548 2.5000000000000004 -0.20921241492033002 1.0000000180025095e-35 37.274999618530281 -55.418172836303704 0.87916037440299999 0.3703575879335404 0.70889294147491466 5.0000000000000009 0.2624726295471192 1.0000000180025095e-35 0.046802124008536346 -0.24519689381122586 -0.0085445949807763082 -0.084379330277442918 1.0000000180025095e-35 2.0838214159011845 0.11715340614318849 -0.9501657485961913 0.27067685127258306
decision_type=2 2 2 2 2 2 2 2 2 2 2 2 2 2 2 2 2 2 2 2 2 2 2 2 2 2 2 2 2 2
left_child=1 6 3 8 -5 7 24 -4 -3 -7 12 -12 -8 19 15 20 -17 18 -16 21 -15 23 -23 -2 25 -1 -26 -19 -21 -30
right_child=13 2 5 4 -6 9 10 -9 -10 -11 11 -13 -14 14 17 16 -18 27 -20 28 -22 22 -24 -25 26 -27 -28 -29 29 -31
leaf_value=0.00040849137002124539 -9.1069223952482093e-05 -1.1376979456818412e-06 -4.1986262430457885e-07 -4.1986262430457885e-07 -4.1986262430457885e-07 -4.1986262430457885e-07 -4.1986262430457885e-07 -4.1986262430457885e-07 -4.1986262430457885e-07 0.00010883397015382484 0.00027225754152261053 -4.1986262430457885e-07 -4.1986262430457885e-07 -0.00058281211997095292 -0.00014439598294260902 -0.00016390327996961275 -0.00090112782941906841 6.5235910244894685e-05 0.0010988306197116137 0.014916729269523516 0.00038394129551413449 0.00044119906823800566 1.4679790789255862e-05 9.6275955146890236e-06 1.013119638472119e-05 -8.4854738274263498e-05 -5.4593678878320093e-05 -0.0011468183538824778 -0.0008140630672594844 0.02001950771232645
leaf_weight=380 9915 794 1494 16759 3420 9522 123 4415 5344 3303 897 2810 1786 135 4121 217 77 31 277 30 1363 1363 52395 22810 8455 777 670 83 44 31
leaf_count=380 9915 794 1494 16759 3420 9522 123 4415 5344 3303 897 2810 1786 135 4121 217 77 31 277 30 1363 1363 52395 22810 8455 777 670 83 44 31
internal_value=-0.00269418 -0.00673801 -0.0086674 -0.0126981 -0.0146501 -0.00300523 -0.0012706 -0.00611356 -0.00628055 -0.0015731 -0.00329416 -0.00181414 -0.00616815 -4.09077e-05 -0.00111834 0.00114397 -0.00510204 -0.00201684 -0.0017508 3.75341e-05 0.00236983 2.63057e-05 0.000270657 -0.000375095 -0.000165337 -0.00257131 0.000139726 -0.0122807 0.00928571 0.005
internal_weight=153841 60949 45051 26317 20179 18734 15898 5909 6138 12825 5616 3707 1909 92892 6304 1792 294 4512 4398 86588 1498 86483 53758 32725 10282 1157 9125 114 105 75
internal_count=153841 60949 45051 26317 20179 18734 15898 5909 6138 12825 5616 3707 1909 92892 6304 1792 294 4512 4398 86588 1498 86483 53758 32725 10282 1157 9125 114 105 75
is_linear=0
shrinkage=0.05


Tree=150
num_leaves=28
num_cat=0
split_feature=4 13 13 32 13 13 1 3 13 24 2 25 22 3 25 10 25 32 2 0 22 2 22 3 22 20 25
split_gain=660.94 255.656 402.338 147.694 159.425 33.1292 13.9308 12.83 12.8078 8.46893 6.18063 6.04977 3.89365 2.96079 5.59162 5.30211 8.57081 4.88821 4.36244 4.78759 9.48056 4.20678 2.64591 7.29455 3.0727 1.6267 1.30952
threshold=1.0000000180025095e-35 -8.3072719573974592 3.6173341274261479 14.500000000000002 -0.064914468675851808 13.859466075897219 0.40330043435096746 -0.13065119087696073 -23.134503364562985 2.5000000000000004 0.49054430425167089 1.0000000180025095e-35 0.4759072214365006 0.25322377681732183 0.59535166621208202 0.066711172461509718 0.41128018498420721 31.500000000000004 0.80164751410484325 0.35884007811546331 0.52937799692153942 0.70106673240661632 0.042753819376230247 -0.14645934849977491 0.066147454082965865 -1.0000000180025095e-35 0.34366941452026373
decision_type=2 2 2 2 2 2 2 2 2 2 2 2 2 2 2 2 2 2 2 2 2 2 2 2 2 2 2
left_child=1 8 3 4 -3 7 -7 -4 22 11 -11 -10 -5 18 15 17 -17 -15 19 21 -21 -2 23 -1 -24 -20 -27
right_child=13 2 5 12 -6 6 -8 -9 9 10 -12 -13 -14 14 -16 16 -18 -19 25 20 -22 -23 24 -25 -26 26 -28
leaf_value=-9.0773960005159372e-05 -2.4018630006380397e-06 -3.9886949308934994e-07 -3.9886949308934994e-07 -2.6881921278565218e-05 -3.9886949308934994e-07 -3.9886949308934994e-07 -3.9886949308934994e-07 -3.9886949308934994e-07 -3.9886949308934994e-07 -3.9886949308934994e-07 -3.9886949308934994e-07 -3.9886949308934994e-07 0.0014820540333288128 -0.00010835346409235324 -0.0010410397710809579 -4.5939488928295469e-06 0.0012759617461158852 -0.00087957391226957784 -0.0001615434785582376 0.00087730659782631342 -3.2611633493364086e-05 -0.0017830700046892287 1.4922598583274917e-05 -3.4637372226311136e-07 -1.2334876084469914e-05 -0.0022927952513957157 -0.0013600196056650063
leaf_weight=44 80518 6008 1494 2312 18105 12617 208 4415 118 3229 234 1667 260 4200 32 2449 243 149 36 2206 2948 40 404 148 9686 37 34
leaf_count=44 80518 6008 1494 2312 18105 12617 208 4415 118 3229 234 1667 260 4200 32 2449 243 149 36 2206 2948 40 404 148 9686 37 34
internal_value=-0.00269288 -0.00673883 -0.0086324 -0.0125754 -0.0137903 -0.00301591 -0.00158869 -0.00611356 -0.0012009 -0.00321075 -0.0017687 -0.0060084 -0.00118585 -3.82164e-05 -0.00102149 -0.000926715 0.000817236 -0.00200621 4.28227e-05 5.54181e-05 0.00153279 -3.91023e-05 -0.000175063 -0.00598958 -6.44202e-05 -0.0100467 -0.0144366
internal_weight=153841 60949 45419 26685 24113 18734 12825 5909 15530 5248 3463 1785 2572 92892 7073 7041 2692 4349 85819 85712 5154 80558 10282 192 10090 107 71
internal_count=153841 60949 45419 26685 24113 18734 12825 5909 15530 5248 3463 1785 2572 92892 7073 7041 2692 4349 85819 85712 5154 80558 10282 192 10090 107 71
is_linear=0
shrinkage=0.05


Tree=151
num_leaves=30
num_cat=0
split_feature=4 13 13 32 13 13 1 13 3 25 2 39 4 2 1 21 0 2 14 4 39 25 7 39 3 1 21 2 20
split_gain=662.392 257.676 404.233 142.277 159.425 33.1292 13.9308 13.0137 12.83 8.09191 7.54555 4.82679 3.01803 4.61238 6.84229 9.3049 4.8287 9.39051 5.96486 4.69531 4.08952 5.06531 4.04528 3.56739 3.36273 2.76106 2.57438 8.10635 3.52007
threshold=1.0000000180025095e-35 -8.3072719573974592 3.6173341274261479 14.500000000000002 -0.064914468675851808 13.859466075897219 0.40330043435096746 -23.134503364562985 -0.13065119087696073 1.0000000180025095e-35 0.77363860607147228 -2.4367283582687373 3.4250000715255742 -0.2910610288381576 -0.83055493235588063 0.075000001117587103 -0.067232239991426454 0.1552090868353844 1.0000000180025095e-35 42.175001144409187 -4.5574824810028067 0.046694876626133926 0.10909914970397951 -2.7474482059478755 -1.8692067265510557 -0.021136335097253319 0.97499999403953563 0.35640239715576177 -1.0000000180025095e-35
decision_type=2 2 2 2 2 2 2 2 2 2 2 2 2 2 2 2 2 2 2 2 2 2 2 2 2 2 2 2 2
left_child=1 7 3 4 -3 8 -7 26 -4 25 -11 -5 20 14 15 -14 17 -15 -18 -16 21 -2 23 -22 -23 -9 28 -28 -1
right_child=12 2 5 11 -6 6 -8 9 -10 10 -12 -13 13 16 19 -17 18 -19 -20 -21 22 24 -24 -25 -26 -27 27 -29 -30
leaf_value=-1.6390955541262059e-05 -0.00073240880669102511 -3.7892601843488241e-07 -3.7892601843488241e-07 0.00071419429070059427 -3.7892601843488241e-07 -3.7892601843488241e-07 -3.7892601843488241e-07 -3.7892601843488241e-07 -3.7892601843488241e-07 -3.7892601843488241e-07 -3.7892601843488241e-07 -3.3383886228512263e-05 -0.00026225359376984422 2.0317190931464641e-05 -0.00041856802504591317 0.00097112426691109768 -4.2543657428478507e-05 0.00055289563801780197 6.4764630862531626e-05 -0.0027582755875847579 -7.0175685465902543e-05 0.0011709352044788574 0.0068783789930651363 6.0733263167254281e-05 0.00073540694050782882 -3.7892601843488241e-07 -2.1565865879094636e-05 -0.00034988253101389901 6.9725892656831564e-05
leaf_weight=3256 32 6008 1494 398 18105 12617 208 149 4415 4960 93 2174 2363 20071 687 636 45742 1696 7368 54 1863 78 31 12073 198 46 3242 182 3602
leaf_count=3256 32 6008 1494 398 18105 12617 208 149 4415 4960 93 2174 2363 20071 687 636 45742 1696 7368 54 1863 78 31 12073 198 46 3242 182 3602
internal_value=-0.00269418 -0.00674457 -0.00864561 -0.0125979 -0.0137903 -0.00301591 -0.00158869 -0.0011848 -0.00611356 -0.00321075 -0.00282505 -0.00141913 -3.66016e-05 -0.000158045 -0.00187166 -0.000808603 -7.24522e-05 0.000554739 -0.000329505 -0.00617409 0.000632224 0.00633117 0.000506551 0.000466418 0.00851449 -0.0132051 -0.000150749 -0.00127044 0.000408282
internal_weight=153841 60949 45419 26685 24113 18734 12825 15530 5909 5248 5053 2572 92892 78617 3740 2999 74877 21767 53110 741 14275 308 13967 13936 276 195 10282 3424 6858
internal_count=153841 60949 45419 26685 24113 18734 12825 15530 5909 5248 5053 2572 92892 78617 3740 2999 74877 21767 53110 741 14275 308 13967 13936 276 195 10282 3424 6858
is_linear=0
shrinkage=0.05


Tree=152
num_leaves=31
num_cat=0
split_feature=4 13 13 13 13 13 3 3 13 0 24 2 25 4 13 39 34 11 37 13 7 38 22 38 8 38 38 38 22 3
split_gain=657.919 253.255 400.624 138.991 66.0091 33.4153 13.1109 12.83 12.5644 10.881 8.52671 6.2034 6.04977 3.00454 4.41897 4.99805 4.9924 3.9846 4.11095 3.7165 3.63716 9.15774 6.47515 3.82548 8.74485 4.94532 3.74605 2.72887 2.90279 2.25025
threshold=1.0000000180025095e-35 -8.3072719573974592 3.6173341274261479 -0.064914468675851808 0.00075226789808231222 13.859466075897219 -0.25888420641422266 -0.13065119087696073 -23.134503364562985 0.55615735054016124 2.5000000000000004 0.49054430425167089 1.0000000180025095e-35 42.175001144409187 -55.418172836303704 -3.3704130649566646 5.0000000000000009 0.9685216248035432 1.0000000180025095e-35 -1262.2508544921873 0.14139872044324878 -0.19103112071752545 1.2157527804374697 -0.11674600094556807 0.038177538663148887 -0.010515488684177397 -0.51251009106636036 -0.25294733047485346 0.16067601740360263 -1.7320105433464048
decision_type=2 2 2 2 2 2 2 2 2 2 2 2 2 2 2 2 2 2 2 2 2 2 2 2 2 2 2 2 2 2
left_child=1 8 3 6 -5 7 -3 -4 27 -7 12 -12 -10 20 17 -16 -17 18 -15 -19 23 26 -23 24 -2 -25 -22 28 -1 -29
right_child=13 2 5 4 -6 9 -8 -9 10 -11 11 -13 -14 14 15 16 -18 19 -20 -21 21 22 -24 25 -26 -27 -28 29 -30 -31
leaf_value=2.0516162010402254e-05 0.00012030320390024625 -1.0419232728215375e-06 -3.5997971751313828e-07 -3.5997971751313828e-07 -3.5997971751313828e-07 -3.5997971751313828e-07 -3.5997971751313828e-07 -3.5997971751313828e-07 -3.5997971751313828e-07 -3.5997971751313828e-07 -3.5997971751313828e-07 -3.5997971751313828e-07 -3.5997971751313828e-07 -4.7066784397479559e-05 -0.0005828871625984496 -0.00017301450566917077 0.0011000133123420905 -0.0010273603781929576 0.00084988982695298964 -0.00011197341003714094 0.00077222381757557641 0.00061789367412275968 0.0085496468238691944 -6.0407728502056293e-05 -0.00024114855200959296 5.0753447808096768e-06 -0.0019199609305393613 -5.0642894700455915e-05 -0.00012321639518706286 4.3150298363558161e-06
leaf_weight=85 7409 840 1494 16759 3420 12478 5666 4415 118 347 3229 234 1667 580 104 3146 241 41 547 140 36 1232 205 14324 1701 63081 105 749 160 9288
leaf_count=85 7409 840 1494 16759 3420 12478 5666 4415 118 347 3229 234 1667 580 104 3146 241 41 547 140 36 1232 205 14324 1701 63081 105 749 160 9288
internal_value=-0.00268573 -0.00672242 -0.00860708 -0.0125417 -0.0145907 -0.00300256 -0.0061866 -0.00611356 -0.00121056 -0.0015692 -0.00320122 -0.00175426 -0.0060084 -3.71399e-05 -0.00125547 -0.00218419 -0.00185267 0.00122324 0.00232919 -0.00566298 2.92305e-05 0.00240811 0.00360125 -1.41594e-05 0.000954995 -0.000128222 -0.00975177 -0.000194515 -0.00540816 -6.72512e-05
internal_weight=153841 60949 45419 26685 20179 18734 6506 5909 15530 12825 5248 3463 1785 92892 4799 3491 3387 1308 1127 181 88093 1578 1437 86515 9110 77405 141 10282 245 10037
internal_count=153841 60949 45419 26685 20179 18734 6506 5909 15530 12825 5248 3463 1785 92892 4799 3491 3387 1308 1127 181 88093 1578 1437 86515 9110 77405 141 10282 245 10037
is_linear=0
shrinkage=0.05


Tree=153
num_leaves=31
num_cat=0
split_feature=4 13 13 13 13 13 1 3 13 3 24 1 25 21 20 0 38 8 24 13 14 38 3 38 13 21 0 25 38 22
split_gain=656.25 255.686 400.624 138.991 66.0091 33.4153 13.9731 13.1109 13.0154 12.83 8.52671 6.07916 6.04977 2.99248 6.40593 13.9449 9.63502 9.56088 6.59345 6.01852 8.03596 7.20077 17.9213 17.7584 6.97376 6.38079 5.85378 5.21104 2.57351 2.94157
threshold=1.0000000180025095e-35 -8.3072719573974592 3.6173341274261479 -0.064914468675851808 0.00075226789808231222 13.859466075897219 0.40330043435096746 -0.25888420641422266 -23.134503364562985 -0.13065119087696073 2.5000000000000004 0.18658515065908435 1.0000000180025095e-35 0.97499999403953563 -1.0000000180025095e-35 0.16325838863849643 0.043741106986999519 0.092900503426790251 2.5000000000000004 -35.92979431152343 -1.0000000180025095e-35 -0.13909088820219037 -0.38584235310554499 -0.011514162644743918 34.479795455932624 1.0000000180025095e-35 -0.010272690560668705 0.24120570719242099 -0.25294733047485346 0.17815802991390231
decision_type=2 2 2 2 2 2 2 2 2 2 2 2 2 2 2 2 2 2 2 2 2 2 2 2 2 2 2 2 2 2
left_child=1 8 3 7 -5 9 -7 -3 28 -4 12 -12 -10 19 15 16 -15 -17 26 21 25 22 -2 -23 -22 -21 -16 -20 29 -1
right_child=13 2 5 4 -6 6 -8 -9 10 -11 11 -13 -14 14 18 17 -18 -19 27 20 24 23 -24 -25 -26 -27 -28 -29 -30 -31
leaf_value=1.8659388095323668e-05 -0.00024691296246266286 -9.8982710918046059e-07 -3.4198073163748139e-07 -3.4198073163748139e-07 -3.4198073163748139e-07 -3.4198073163748139e-07 -3.4198073163748139e-07 -3.4198073163748139e-07 -3.4198073163748139e-07 -3.4198073163748139e-07 -3.4198073163748139e-07 -3.4198073163748139e-07 -3.4198073163748139e-07 -6.3903480909083512e-05 -6.8874914040872184e-05 0.002480446846167628 0.00021872804408173095 -0.0011998446742596343 -8.3025840156837274e-05 -6.9160390848284844e-05 -9.7599114597954348e-05 -0.00015343044936025677 0.00063737446280154114 0.00010817890349278243 -1.9827766209349048e-06 0.0003683513448050472 -0.00033238215723997212 6.9989809224442226e-05 -3.8235203875052118e-07 -0.00012698886062784777
leaf_weight=91 1029 840 1494 16759 3420 12617 208 5666 118 4415 3279 184 1667 8982 1169 604 2683 66 11661 897 9373 3884 1787 18463 24264 2124 1506 4400 10037 154
leaf_count=91 1029 840 1494 16759 3420 12617 208 5666 118 4415 3279 184 1667 8982 1169 604 2683 66 11661 897 9373 3884 1787 18463 24264 2124 1506 4400 10037 154
internal_value=-0.00268183 -0.0067134 -0.00860708 -0.0125417 -0.0145907 -0.00300256 -0.0015692 -0.0061866 -0.00117514 -0.00611356 -0.00320122 -0.00175426 -0.0060084 -3.66016e-05 -0.000436903 0.000447912 4.50064e-05 0.00746269 -0.00101943 0.000164588 -0.000244149 0.000760045 0.00314276 0.000459793 -0.000466005 0.00222608 -0.00331776 -0.000636635 -0.000141023 -0.00520408
internal_weight=153841 60949 45419 26685 20179 18734 12825 6506 15530 5909 5248 3463 1785 92892 31071 12335 11665 670 18736 61821 36658 25163 2816 22347 33637 3021 2675 16061 10282 245
internal_count=153841 60949 45419 26685 20179 18734 12825 6506 15530 5909 5248 3463 1785 92892 31071 12335 11665 670 18736 61821 36658 25163 2816 22347 33637 3021 2675 16061 10282 245
is_linear=0
shrinkage=0.05


Tree=154
num_leaves=28
num_cat=0
split_feature=4 13 13 32 13 13 3 13 13 24 2 25 39 3 25 32 37 25 2 2 39 2 38 22 34 13 4
split_gain=653.28 255.383 400.758 144.72 158.681 33.1669 13.1524 13.0154 10.622 8.52671 6.2034 6.04977 4.53477 3.11399 5.57268 4.87887 7.29176 6.23022 4.35539 3.52576 12.3674 7.90813 2.57351 2.74629 2.2994 1.46617 1.66524
threshold=1.0000000180025095e-35 -8.3072719573974592 3.6173341274261479 14.500000000000002 -0.064914468675851808 13.859466075897219 -0.13065119087696073 -23.134503364562985 78.585456848144545 2.5000000000000004 0.49054430425167089 1.0000000180025095e-35 -2.4367283582687373 0.25322377681732183 0.59535166621208202 27.500000000000004 1.0000000180025095e-35 0.38817907869815832 0.80164751410484325 0.40479560196399694 -0.85855489969253529 0.34433087706565862 -0.25294733047485346 0.16067601740360263 5.0000000000000009 -1262.2508544921873 14.47499990463257
decision_type=2 2 2 2 2 2 2 2 2 2 2 2 2 2 2 2 2 2 2 2 2 2 2 2 2 2 2
left_child=1 7 3 4 -3 6 -4 22 -7 11 -11 -9 -5 18 15 16 -15 -17 19 21 -21 -2 23 -1 -24 -20 -27
right_child=13 2 5 12 -6 8 -8 9 -10 10 -12 -13 -14 14 -16 17 -18 -19 25 20 -22 -23 24 -25 -26 26 -28
leaf_value=1.8557384505115978e-05 3.1843926118153238e-06 -3.2488169505560733e-07 -3.2488169505560733e-07 0.00067851967418802207 -3.2488169505560733e-07 -3.2488169505560733e-07 -3.2488169505560733e-07 -3.2488169505560733e-07 3.756059701837337e-05 -3.2488169505560733e-07 -3.2488169505560733e-07 -3.2488169505560733e-07 -3.1679593894629119e-05 0.00013636565361269725 -0.00099061385735574868 -0.00070313731349027275 -0.0001059303038329934 0.0019175177262980986 -0.00060967622763975879 -9.1353966587086688e-05 0.00058006426253668817 -0.0002879358808620972 2.2175095561120797e-06 -0.00011070613239631735 -9.9297050271184928e-05 -0.0027737948798374741 -0.0004656814219574035
leaf_weight=85 75358 6008 1494 398 18105 8419 4415 118 4406 3229 234 1667 2174 2468 32 382 4160 31 34 2673 4883 2798 9633 160 404 43 30
leaf_count=85 75358 6008 1494 398 18105 8419 4415 118 4406 3229 234 1667 2174 2468 32 382 4160 31 34 2673 4883 2798 9633 160 404 43 30
internal_value=-0.00268768 -0.00671012 -0.00860268 -0.0125379 -0.0137405 -0.00299722 -0.00609663 -0.00117514 -0.0015692 -0.00320122 -0.00175426 -0.0060084 -0.00126361 -4.84434e-05 -0.00105684 -0.000962221 -0.000633675 -0.00623487 3.4666e-05 4.72513e-05 0.00107861 -5.24592e-05 -0.000141023 -0.00520408 -1.74355e-05 -0.0100467 -0.0140411
internal_weight=153841 60949 45419 26685 24113 18734 5909 15530 12825 5248 3463 1785 2572 92892 7073 7041 6628 413 85819 85712 7556 78156 10282 245 10037 107 73
internal_count=153841 60949 45419 26685 24113 18734 5909 15530 12825 5248 3463 1785 2572 92892 7073 7041 6628 413 85819 85712 7556 78156 10282 245 10037 107 73
is_linear=0
shrinkage=0.05


Tree=155
num_leaves=29
num_cat=0
split_feature=5 13 13 32 13 13 1 3 13 24 2 25 39 3 25 39 10 13 21 39 2 2 0 1 2 38 39 34
split_gain=643.453 252.04 393.503 150.256 156.45 33.2143 13.9985 13.3151 12.9362 8.64285 6.24906 6.04977 3.97808 2.97839 5.60867 4.44015 4.83137 4.38485 4.05969 8.26163 8.24475 7.21703 6.51697 13.1144 10.4787 2.47991 5.5775 3.42446
threshold=1.0000000180025095e-35 -8.3072719573974592 3.6173341274261479 14.500000000000002 -0.064914468675851808 13.859466075897219 0.40330043435096746 -0.13065119087696073 -23.134503364562985 2.5000000000000004 0.49054430425167089 1.0000000180025095e-35 -2.4367283582687373 0.24190292507410052 0.59535166621208202 -1.0412624478340147 0.066711172461509718 188.65530395507815 0.97499999403953563 0.052476504817605026 0.0090772365219891089 0.24637846648693087 0.079906221479177489 -0.3141327947378158 0.33917412161827093 -0.084379330277442918 1.7898395061492922 5.0000000000000009
decision_type=2 2 2 2 2 2 2 2 2 2 2 2 2 2 2 2 2 2 2 2 2 2 2 2 2 2 2 2
left_child=1 8 3 4 -3 7 -7 -4 25 11 -11 -10 -5 18 15 17 -17 -15 19 20 -2 -21 24 -24 -20 26 -1 -27
right_child=13 2 5 12 -6 6 -8 -9 9 10 -12 -13 -14 14 -16 16 -18 -19 22 21 -22 -23 23 -25 -26 27 -28 -29
leaf_value=-6.6844059784949315e-05 -1.3232707304550868e-05 -3.0863761030282693e-07 -3.0863761030282693e-07 0.00064459369047862095 -3.0863761030282693e-07 -3.0863761030282693e-07 -3.0863761030282693e-07 -3.0863761030282693e-07 -3.0863761030282693e-07 -3.0863761030282693e-07 -3.0863761030282693e-07 -3.0863761030282693e-07 -3.0095614199897663e-05 -0.00039639926938079585 -0.00094108316448796112 -0.00010056300747612358 7.892614764486405e-05 0.00020404025817012238 -4.1250245009676928e-05 -7.8748285985402391e-05 0.00013313210804851206 0.00018455608529008971 0.002492042208753948 2.5507023147079005e-05 -0.00047481446724984548 6.3827409820600738e-06 0.00049843257915827184 -0.00015886099277970155
leaf_weight=908 18579 6008 1494 398 18105 12617 208 4415 118 3229 234 1667 2174 270 32 4549 2819 119 24496 10694 23636 2633 624 3425 1016 8738 249 387
leaf_count=908 18579 6008 1494 398 18105 12617 208 4415 118 3229 234 1667 2174 270 32 4549 2819 119 24496 10694 23636 2633 624 3425 1016 8738 249 387
internal_value=-0.00266883 -0.0066609 -0.00854103 -0.0124405 -0.0136659 -0.00298655 -0.0015575 -0.00608817 -0.00116227 -0.00318216 -0.00172538 -0.0060084 -0.000952566 -4.95199e-05 -0.000985364 -0.000899188 -0.000624321 -0.0061054 3.61327e-05 0.00028807 0.0006307 -0.000797254 -0.000437231 0.00142628 -0.000732988 -0.000131297 -0.00231201 0.000145205
internal_weight=153841 60949 45419 26685 24113 18734 12825 5909 15530 5248 3463 1785 2572 92892 7789 7757 7368 389 85103 55542 42215 13327 29561 4049 25512 10282 1157 9125
internal_count=153841 60949 45419 26685 24113 18734 12825 5909 15530 5248 3463 1785 2572 92892 7789 7757 7368 389 85103 55542 42215 13327 29561 4049 25512 10282 1157 9125
is_linear=0
shrinkage=0.05


Tree=156
num_leaves=29
num_cat=0
split_feature=4 13 13 32 13 13 1 3 13 24 2 25 1 4 7 39 34 25 2 1 21 7 22 39 34 13 21 22
split_gain=644.236 250.786 392.723 152.562 156.45 33.2143 13.9985 13.3151 12.7718 8.64285 6.24906 6.04977 4.18734 2.8407 4.00141 3.72835 4.77783 3.73137 3.70273 6.54001 8.52909 4.223 4.13027 8.70961 6.2715 2.33588 3.91572 3.47042
threshold=1.0000000180025095e-35 -8.3072719573974592 3.6173341274261479 14.500000000000002 -0.064914468675851808 13.859466075897219 0.40330043435096746 -0.13065119087696073 -23.134503364562985 2.5000000000000004 0.49054430425167089 1.0000000180025095e-35 0.060870289802551276 3.4250000715255742 0.10909914970397951 -4.5574824810028067 3.5000000000000004 0.20498682558536532 -0.2910610288381576 -0.83055493235588063 0.075000001117587103 0.14139872044324878 0.79644945263862621 -5.0388715267181388 5.0000000000000009 -27.238594055175778 0.97499999403953563 0.073686014860868468
decision_type=2 2 2 2 2 2 2 2 2 2 2 2 2 2 2 2 2 2 2 2 2 2 2 2 2 2 2 2
left_child=1 8 3 4 -3 7 -7 -4 25 11 -11 -10 -5 14 15 16 -2 -17 19 20 -15 -21 24 -24 -20 26 -1 -27
right_child=13 2 5 12 -6 6 -8 -9 9 10 -12 -13 -14 18 -16 17 -18 -19 22 21 -22 -23 23 -25 -26 27 -28 -29
leaf_value=9.7157439005108807e-06 0.00087873739773711558 -2.9320572978768562e-07 -2.9320572978768562e-07 -6.0004797050785883e-05 -2.9320572978768562e-07 -2.9320572978768562e-07 -2.9320572978768562e-07 -2.9320572978768562e-07 -2.9320572978768562e-07 -2.9320572978768562e-07 -2.9320572978768562e-07 -2.9320572978768562e-07 1.0055253214499779e-05 -0.00024052751147211546 0.0063814032833604184 7.2004205348505897e-05 -0.00069156727519529399 -5.2196780702810009e-05 -1.9119250363216352e-05 -0.00037748321787265597 0.00091183851289955052 -0.0025239415880360426 -0.0012036388174041933 0.00022971313479836636 0.00041863129176245711 1.0959836434316504e-05 -6.6875688529381919e-05 1.1101256718831978e-05
leaf_weight=6235 272 6008 1494 2106 18105 12617 208 4415 118 3229 234 1667 466 2363 31 8964 36 4972 68405 676 636 65 173 4629 1670 100 3070 877
leaf_count=6235 272 6008 1494 2106 18105 12617 208 4415 118 3229 234 1667 466 2363 31 8964 36 4972 68405 676 636 65 173 4629 1670 100 3070 877
internal_value=-0.00266558 -0.00666008 -0.00853552 -0.0124311 -0.0136659 -0.00298655 -0.0015575 -0.00608817 -0.00117514 -0.00318216 -0.00172538 -0.0060084 -0.000855365 -4.46755e-05 0.000604203 0.00056515 0.00600649 0.000444891 -0.000162497 -0.00169786 -0.000658553 -0.00590418 -8.58074e-05 0.00133278 -0.000183018 -0.000150749 -0.000394949 0.00217503
internal_weight=153841 60949 45419 26685 24113 18734 12825 5909 15530 5248 3463 1785 2572 92892 14275 14244 308 13936 78617 3740 2999 741 74877 4802 70075 10282 9305 977
internal_count=153841 60949 45419 26685 24113 18734 12825 5909 15530 5248 3463 1785 2572 92892 14275 14244 308 13936 78617 3740 2999 741 74877 4802 70075 10282 9305 977
is_linear=0
shrinkage=0.05


Tree=157
num_leaves=29
num_cat=0
split_feature=4 13 13 13 13 13 13 22 0 24 24 2 13 2 8 13 21 38 10 13 4 21 18 4 38 22 39 22
split_gain=639.094 248.764 396.079 136.617 64.5958 33.2702 12.7718 12.6553 11.0468 8.64285 6.58909 6.24906 4.58033 2.91335 5.59132 3.82258 5.09855 5.07391 3.16233 6.47681 5.0014 4.92087 4.79963 6.72928 5.97523 2.66809 4.1416 3.15735
threshold=1.0000000180025095e-35 -8.3072719573974592 3.6173341274261479 -0.064914468675851808 0.00075226789808231222 13.859466075897219 -23.134503364562985 0.035777354612946517 0.55615735054016124 2.5000000000000004 2.5000000000000004 0.49054430425167089 -17.055952072143551 0.65442737936973583 0.2010651230812073 -67.632061004638658 0.57500001788139354 0.15261784195899966 0.19232932478189471 34245.873046875007 6.6250000000000009 0.52500000596046459 -315.35441589355463 28.774999618530277 0.21970647573471072 0.042753819376230247 2.1863112449646001 0.082122139632701888
decision_type=2 2 2 2 2 2 2 2 2 2 2 2 2 2 2 2 2 2 2 2 2 2 2 2 2 2 2 2
left_child=1 6 3 7 -5 10 25 -3 -7 12 -4 -11 -8 18 15 16 -15 -17 22 20 -20 -21 24 -24 -2 26 -1 -27
right_child=13 2 5 4 -6 8 9 -9 -10 11 -12 -13 -14 14 -16 17 -18 -19 19 21 -22 -23 23 -25 -26 27 -28 -29
leaf_value=-5.2405452230569423e-05 3.482944930678564e-05 -2.7854544329830134e-07 -2.7854544329830134e-07 -2.7854544329830134e-07 -2.7854544329830134e-07 -2.7854544329830134e-07 -2.7042932134880917e-06 -2.7854544329830134e-07 -2.7854544329830134e-07 -2.7854544329830134e-07 -2.7854544329830134e-07 -2.7854544329830134e-07 -2.7854544329830134e-07 0.00024378997199919511 0.0024443467632471461 -0.00022887824022435716 -0.00018860071105114632 0.00090301962519780197 0.00011958510344429203 0.0032756427832108374 -6.2083619929929546e-06 0.00099550846541834881 -2.3050111956582962e-05 -0.00016572098368610491 -0.00023513673369568227 1.269750938278343e-05 3.2794138100471832e-05 -1.4220630618780551e-05
leaf_weight=134 26205 200 2367 16759 3420 12478 521 6306 347 3229 3542 234 1264 836 45 2100 702 98 9460 81 21361 227 26589 4119 1069 742 58 9348
leaf_count=134 26205 200 2367 16759 3420 12478 521 6306 347 3229 3542 234 1264 836 45 2100 702 98 9460 81 21361 227 26589 4119 1069 742 58 9348
internal_value=-0.0026594 -0.00663793 -0.0085058 -0.012418 -0.0144494 -0.00293317 -0.00117514 -0.00611743 -0.00150292 -0.00318216 -0.0060374 -0.00172538 -0.0060084 -4.89816e-05 -0.00140836 -0.00161938 0.000292588 -0.00295723 8.69702e-06 0.000415208 0.00034311 0.00762987 -0.000209548 -0.00063827 0.000273154 -0.000150749 -0.00598958 -3.96432e-05
internal_weight=153841 60949 45419 26685 20179 18734 15530 6506 12825 5248 5909 3463 1785 92892 3781 3736 1538 2198 89111 31129 30821 308 57982 30708 27274 10282 192 10090
internal_count=153841 60949 45419 26685 20179 18734 15530 6506 12825 5248 5909 3463 1785 92892 3781 3736 1538 2198 89111 31129 30821 308 57982 30708 27274 10282 192 10090
is_linear=0
shrinkage=0.05


Tree=158
num_leaves=31
num_cat=0
split_feature=5 13 13 32 13 13 3 13 0 24 2 25 13 5 0 32 34 8 22 22 21 20 2 24 39 21 0 13 0 21
split_gain=633.046 249.583 391.398 153.298 154.233 33.2702 14.3123 13.3519 11.0468 8.64285 6.24906 6.04977 4.06203 2.76927 4.22659 6.18251 6.75925 4.87016 4.58865 4.16368 2.86375 5.83054 19.8066 6.1557 5.71962 7.94638 7.83683 2.30205 4.54889 3.76785
threshold=1.0000000180025095e-35 -8.3072719573974592 3.6173341274261479 14.500000000000002 -0.064914468675851808 13.859466075897219 -0.13065119087696073 -23.134503364562985 0.55615735054016124 2.5000000000000004 0.49054430425167089 1.0000000180025095e-35 -1.3706670635326615e-14 42.175001144409187 0.072722617536783232 31.500000000000004 5.0000000000000009 0.049010066315531738 0.27371305227279669 0.34642966091632849 0.97499999403953563 -1.0000000180025095e-35 0.1505364924669266 2.5000000000000004 0.052476504817605026 0.22500000149011615 0.12907829880714419 -27.238594055175778 -0.063224941492080675 0.97499999403953563
decision_type=2 2 2 2 2 2 2 2 2 2 2 2 2 2 2 2 2 2 2 2 2 2 2 2 2 2 2 2 2 2
left_child=1 7 3 4 -3 6 -4 27 -7 11 -11 -9 -5 20 17 16 -16 18 -15 -19 24 22 -22 -23 25 -2 -26 29 -29 -1
right_child=13 2 5 12 -6 8 -8 9 -10 10 -12 -13 -14 14 15 -17 -18 19 -20 -21 21 23 -24 -25 26 -27 -28 28 -30 -31
leaf_value=9.9409882364243265e-06 -2.9636243304525384e-05 -2.6461817113338628e-07 -2.6461817113338628e-07 9.5664178259397045e-06 -2.6461817113338628e-07 -2.6461817113338628e-07 -2.6461817113338628e-07 -2.6461817113338628e-07 -2.6461817113338628e-07 -2.6461817113338628e-07 -2.6461817113338628e-07 -2.6461817113338628e-07 -4.4378378447924414e-05 0.00026289933768649018 -0.00026534156929997879 -0.0014686880136840785 0.0016391259227709881 -0.00035155606908656508 -0.00013724697873754242 0.00038510101392918127 -5.6690566118186896e-05 -0.00022996816773597115 0.00055431769564938599 -4.3005613646920908e-05 -8.1369002403329854e-05 0.00010766844242757305 7.4670027194636423e-05 -2.6169276810018557e-05 1.6462732878784816e-05 -6.2820872571973767e-05
leaf_weight=6235 16550 6008 1494 932 18105 12478 4415 118 347 3229 234 1667 1640 860 2185 74 205 673 410 392 8636 2563 3271 15679 8715 28192 4487 322 655 3070
leaf_count=6235 16550 6008 1494 932 18105 12478 4415 118 347 3229 234 1667 1640 860 2185 74 205 673 410 392 8636 2563 3271 15679 8715 28192 4487 322 655 3070
internal_value=-0.00264218 -0.00660183 -0.00847278 -0.0123618 -0.0135995 -0.00293317 -0.0060374 -0.00113007 -0.00150292 -0.00318216 -0.00172538 -0.0060084 -0.000758165 -4.41373e-05 -0.00121379 -0.00265828 -0.00221757 0.000310493 0.00240157 -0.0021831 1.95816e-05 -0.000375634 0.000485009 -0.000937397 0.000225217 0.000495061 -0.00068929 -8.26687e-05 0.0022262 -0.000325094
internal_weight=153841 60949 45419 26685 24113 18734 5909 15530 12825 5248 3463 1785 2572 92892 4799 2464 2390 2335 1270 1065 88093 30149 11907 18242 57944 44742 13202 10282 977 9305
internal_count=153841 60949 45419 26685 24113 18734 5909 15530 12825 5248 3463 1785 2572 92892 4799 2464 2390 2335 1270 1065 88093 30149 11907 18242 57944 44742 13202 10282 977 9305
is_linear=0
shrinkage=0.05


Tree=159
num_leaves=27
num_cat=0
split_feature=4 13 13 32 13 13 3 1 13 24 2 25 1 3 22 2 1 38 37 1 34 0 38 22 34 9
split_gain=634.789 247.473 391.554 152.834 154.233 33.2702 14.3123 14.1176 12.9362 8.64285 6.24906 6.04977 4.90167 2.60836 4.01636 3.16455 2.66877 5.68661 8.38367 4.45512 7.92167 4.83437 2.03586 2.24979 2.00775 1.9983
threshold=1.0000000180025095e-35 -8.3072719573974592 3.6173341274261479 14.500000000000002 -0.064914468675851808 13.859466075897219 -0.13065119087696073 0.40330043435096746 -23.134503364562985 2.5000000000000004 0.49054430425167089 1.0000000180025095e-35 0.060870289802551276 -7.0460891723632804 2.2804714441299443 -0.074439093470573411 -3.0804568529129024 -0.32030953466892237 1.0000000180025095e-35 -1.7091773152351377 2.5000000000000004 -1.0383247733116148 -0.2351633086800575 0.17815802991390231 5.0000000000000009 0.054748689755797393
decision_type=2 2 2 2 2 2 2 2 2 2 2 2 2 2 2 2 2 2 2 2 2 2 2 2 2 2
left_child=1 8 3 4 -3 6 -4 -7 22 11 -11 -10 -5 14 15 -2 17 -15 -19 20 -18 -21 23 -1 -24 -17
right_child=13 2 5 12 -6 7 -8 -9 9 10 -12 -13 -14 16 -16 25 19 18 -20 21 -22 -23 24 -25 -26 -27
leaf_value=1.6405603640326516e-05 0.010572576548639879 -2.5138726257671694e-07 -2.5138726257671694e-07 -5.477171100368546e-05 -2.5138726257671694e-07 -2.5138726257671694e-07 -2.5138726257671694e-07 -2.5138726257671694e-07 -2.5138726257671694e-07 -2.5138726257671694e-07 -2.5138726257671694e-07 -2.5138726257671694e-07 9.0880969346427197e-06 -0.00067913869513147119 -0.00066216904195034575 -5.2327469999565067e-05 -0.0003771851632470534 -4.2407115025646508e-05 0.0020402758485611205 0.0005825149331814553 0.001887512256055171 -3.854698900867745e-06 2.7520781053121469e-06 -0.00010589852019595212 -8.5007990879309926e-05 0.0011354733238939407
leaf_weight=108 33 6008 1494 2106 18105 12617 4415 208 118 3229 234 1667 466 33 50 94 2063 123 104 933 290 89071 9593 177 404 98
leaf_count=108 33 6008 1494 2106 18105 12617 4415 208 118 3229 234 1667 466 33 50 94 2063 123 104 933 290 89071 9593 177 404 98
internal_value=-0.00264575 -0.00661085 -0.00847388 -0.0123637 -0.0135995 -0.00293317 -0.0060374 -0.00150292 -0.00116227 -0.00318216 -0.00172538 -0.0060084 -0.000777605 -4.41373e-05 0.00481818 0.00766667 -5.85746e-05 0.005 0.00781938 -7.28153e-05 -0.00222057 -1.66659e-05 -0.000131297 -0.00429825 -1.25038e-05 0.00520833
internal_weight=153841 60949 45419 26685 24113 18734 5909 12825 15530 5248 3463 1785 2572 92892 275 225 92617 260 227 92357 2353 90004 10282 285 9997 192
internal_count=153841 60949 45419 26685 24113 18734 5909 12825 15530 5248 3463 1785 2572 92892 275 225 92617 260 227 92357 2353 90004 10282 285 9997 192
is_linear=0
shrinkage=0.05


Tree=160
num_leaves=31
num_cat=0
split_feature=4 13 13 32 13 13 3 1 13 25 3 13 1 4 39 0 34 10 3 13 10 0 10 14 22 22 25 22 38 10
split_gain=634.373 247.473 391.554 152.834 154.233 33.2702 14.3123 14.1176 12.9362 8.13826 6.23691 3.66637 2.76106 2.61333 4.08352 4.52735 5.58029 3.98757 2.89059 2.84089 3.95968 3.80605 3.07672 2.3951 12.829 5.69507 1.89709 3.04964 1.98787 1.26951
threshold=1.0000000180025095e-35 -8.3072719573974592 3.6173341274261479 14.500000000000002 -0.064914468675851808 13.859466075897219 -0.13065119087696073 0.40330043435096746 -23.134503364562985 1.0000000180025095e-35 -0.20921241492033002 2.5585784847129844e-13 -0.021136335097253319 42.175001144409187 -3.0035413503646846 0.072722617536783232 5.0000000000000009 0.2368598207831383 -0.77293133735656727 34245.873046875007 0.21060440689325335 0.23521710187196734 0.60282033681869518 1.0000000180025095e-35 0.4869313389062882 0.58520621061325084 2.3506062030792241 1.2157527804374697 -0.056803232058882706 1.0000000180025095e-35
decision_type=2 2 2 2 2 2 2 2 2 2 2 2 2 2 2 2 2 2 2 2 2 2 2 2 2 2 2 2 2 2
left_child=1 8 3 4 -3 6 -4 -7 26 12 -11 -5 -10 19 18 17 -17 -16 -15 23 21 -21 -22 25 -25 -2 28 -28 -1 -20
right_child=13 2 5 11 -6 7 -8 -9 9 10 -12 -13 -14 14 15 16 -18 -19 29 20 22 -23 -24 24 -26 -27 27 -29 -30 -31
leaf_value=-4.1476711803322671e-05 -2.3212708683943188e-05 -2.3881789944788108e-07 -2.3881789944788108e-07 -5.0485473057790757e-05 -2.3881789944788108e-07 -2.3881789944788108e-07 -2.3881789944788108e-07 -2.3881789944788108e-07 -2.3881789944788108e-07 4.3715434660806511e-05 -2.3881789944788108e-07 0.00021076222148649806 -2.3881789944788108e-07 0.00077272274102748459 -2.2439771188102384e-05 -0.00026739818788586563 0.0012923560241398558 0.00051502832041033439 -0.00033309788930857337 -0.00072830993386115801 0.0021147643919105169 0.0026158071842417754 -0.00074191138537607138 0.00010399937368748562 -0.00016977660173137475 9.2156822276990438e-05 0.0002799590433763813 -9.5814458870396543e-05 4.4028428874611678e-06 -0.0012160269525389889
leaf_weight=1491 60165 6008 1494 2083 18105 12617 4415 208 149 1184 3869 489 46 41 1650 2215 214 494 115 106 191 98 35 10494 3683 13321 40 34 8717 70
leaf_count=1491 60165 6008 1494 2083 18105 12617 4415 208 149 1184 3869 489 46 41 1650 2215 214 494 115 106 191 98 35 10494 3683 13321 40 34 8717 70
internal_value=-0.00264705 -0.00661085 -0.00847388 -0.0123637 -0.0135995 -0.00293317 -0.0060374 -0.00150292 -0.00116227 -0.00318216 -0.00279537 -0.000777605 -0.0132051 -4.62903e-05 -0.00118254 -0.000858299 -0.00233635 0.000816231 -0.00774336 1.56085e-05 0.00406977 -0.000980392 0.00862832 -4.27775e-06 0.000590746 -0.00011907 -0.000131297 -0.00810811 -7.34718e-05 -0.0104054
internal_weight=153841 60949 45419 26685 24113 18734 5909 12825 15530 5248 5053 2572 195 92892 4799 4573 2429 2144 226 88093 430 204 226 87663 14177 73486 10282 74 10208 185
internal_count=153841 60949 45419 26685 24113 18734 5909 12825 15530 5248 5053 2572 195 92892 4799 4573 2429 2144 226 88093 430 204 226 87663 14177 73486 10282 74 10208 185
is_linear=0
shrinkage=0.05


Tree=161
num_leaves=31
num_cat=0
split_feature=4 13 13 32 13 13 1 13 24 32 2 25 13 13 32 25 21 0 38 11 4 2 32 22 13 2 1 21 2 21
split_gain=634.839 247.691 391.554 152.834 154.233 33.2702 14.1176 12.9775 8.64285 7.5505 6.24906 6.04977 4.46204 2.56224 7.97779 7.91847 4.87164 4.40871 3.27573 3.10161 2.75801 4.99332 8.62692 4.171 3.91706 5.5773 4.43151 1.92717 7.95002 3.22165
threshold=1.0000000180025095e-35 -8.3072719573974592 3.6173341274261479 14.500000000000002 -0.064914468675851808 13.859466075897219 0.40330043435096746 -23.134503364562985 2.5000000000000004 19.500000000000004 0.49054430425167089 1.0000000180025095e-35 -1.3706670635326615e-14 -5644.7990722656241 19.500000000000004 0.55047348141670238 0.97499999403953563 -0.21029701083898542 0.072499293833971037 0.030331781134009365 3.4250000715255742 -0.2910610288381576 2.5000000000000004 0.81064429879188549 -229.17455291748044 0.36216658353805548 -2.4581794738769527 0.97499999403953563 0.35640239715576177 0.32500000298023229
decision_type=2 2 2 2 2 2 2 2 2 2 2 2 2 2 2 2 2 2 2 2 2 2 2 2 2 2 2 2 2 2
left_child=1 7 3 4 -3 9 -7 27 11 -4 -10 -9 -5 14 16 18 19 -18 -16 -2 24 22 -22 -23 25 -15 -26 29 -29 -1
right_child=13 2 5 12 -6 6 -8 8 10 -11 -12 -13 -14 20 15 -17 17 -19 -20 -21 21 23 -24 -25 26 -27 -28 28 -30 -31
leaf_value=-1.4364251336933072e-05 0.0013790014427558573 -2.2687700447548704e-07 -2.2687700447548704e-07 1.1157965740800123e-05 -2.2687700447548704e-07 -2.2687700447548704e-07 -2.2687700447548704e-07 -2.2687700447548704e-07 -2.2687700447548704e-07 2.8601516809261333e-05 -2.2687700447548704e-07 -2.2687700447548704e-07 -4.2090433591440454e-05 0.00013438659517086613 0.0060426793408993292 -0.0016625642824811061 0.0015689329598289545 -0.00047436315718955813 0.0028321037152824872 0.0002070558632463913 -0.00015645583204961381 -1.5665612569849744e-05 -0.0011750300674706581 0.00016604706849989524 -0.0005254502248181076 0.0012469800016154855 2.402428596851845e-05 -1.6669391166526605e-05 -0.00032417554827362139 8.5507708887510534e-05
leaf_weight=3717 122 6008 5488 932 18105 12617 208 118 3229 421 234 1667 1640 2625 122 31 131 691 45 1732 3130 68368 313 4172 334 208 10868 3242 182 3141
leaf_count=3717 122 6008 5488 932 18105 12617 208 118 3229 421 234 1667 1640 2625 122 31 131 691 45 1732 3130 68368 313 4172 334 208 10868 3242 182 3141
internal_value=-0.00264478 -0.00661003 -0.00847388 -0.0123637 -0.0135995 -0.00293317 -0.00150292 -0.00115905 -0.00318216 -0.0060374 -0.00172538 -0.0060084 -0.000777605 -4.30608e-05 0.00142658 0.0111111 0.000710015 -0.00249392 0.0154192 0.00213053 -8.9982e-05 -0.000208928 -0.00206942 -0.000120623 0.000553972 0.00221497 0.000133905 -0.000126435 -0.00109521 0.000357247
internal_weight=153841 60949 45419 26685 24113 18734 12825 15530 5248 5909 3463 1785 2572 92892 2874 198 2676 822 167 1854 90018 75983 3443 72540 14035 2833 11202 10282 3424 6858
internal_count=153841 60949 45419 26685 24113 18734 12825 15530 5248 5909 3463 1785 2572 92892 2874 198 2676 822 167 1854 90018 75983 3443 72540 14035 2833 11202 10282 3424 6858
is_linear=0
shrinkage=0.05


Tree=162
num_leaves=31
num_cat=0
split_feature=4 24 3 3 25 21 14 25 3 2 22 25 22 0 38 3 2 8 38 38 0 3 1 2 8 7 2 11 18 1
split_gain=634.997 154.508 69.5552 61.9893 41.9649 35.2991 32.304 24.8567 16.9199 12.5038 10.6918 7.49589 9.779 8.48744 4.36527 2.77255 2.77048 5.05453 4.0988 7.33792 3.07703 8.47818 10.4538 6.94732 3.76964 5.7128 3.47199 2.46564 1.96303 2.86599
threshold=1.0000000180025095e-35 2.5000000000000004 -0.10520397126674651 -0.15598179399967191 0.0011225953348912301 1.0000000180025095e-35 1.0000000180025095e-35 0.18781586736440661 -0.32882358133792872 0.1529793590307236 0.095779631286859526 0.0021015137899667029 0.3493716567754746 0.0085604395717382448 -0.11921747401356696 -0.071327868849039064 0.65442737936973583 0.11566411703824998 0.4563125222921372 0.23813173174858096 0.36989095807075506 0.16454295068979266 0.020288588479161266 0.46560677886009222 0.13912878930568698 0.1908216327428818 -0.58845719695091236 0.78184047341346752 -3300.4553222656245 -0.04186702519655227
decision_type=2 2 2 2 2 2 2 2 2 2 2 2 2 2 2 2 2 2 2 2 2 2 2 2 2 2 2 2 2 2
left_child=1 2 8 11 15 9 -6 -7 14 -5 -10 12 -3 -13 -1 -4 20 18 19 -18 24 22 -22 -23 25 -2 -26 -20 29 -19
right_child=16 3 4 5 6 7 -8 -9 10 -11 -12 13 -14 -15 -16 -17 17 28 27 -21 21 23 -24 -25 26 -27 -28 -29 -30 -31
leaf_value=-2.0163851025920243e-05 -3.539749065579502e-06 9.8530424260369343e-05 -2.1553315425171265e-07 -2.1553315425171265e-07 -2.1553315425171265e-07 -2.1553315425171265e-07 -2.1553315425171265e-07 -2.1553315425171265e-07 -2.1553315425171265e-07 -2.1553315425171265e-07 -2.1553315425171265e-07 -2.450198461577876e-07 -3.0391298151220636e-05 4.810807330588897e-06 -4.468006619887033e-06 -2.1553315425171265e-07 -0.0001281812901538059 -7.8719158886473439e-05 -0.0010968036734343555 0.0010426975926717127 -3.3519100775245007e-06 0.00040600868249028365 0.001638024778309755 -0.00020608809290139919 0.00074190939557859106 0.0020522761163985397 -0.00087523171156883887 -0.00029224441239119101 0.00060051608251996823 0.0021561728536004534
leaf_weight=188 83447 163 82 2569 15860 16301 835 2818 1312 4290 2882 7988 169 1777 2108 1607 3458 30 34 68 1073 598 1128 1754 115 312 684 31 107 53
leaf_count=188 83447 163 82 2569 15860 16301 835 2818 1312 4290 2882 7988 169 1777 2108 1607 3458 30 34 68 1073 598 1128 1754 115 312 684 31 107 53
internal_value=-0.0026451 -0.00661085 -0.0096426 -0.00452044 -0.0112136 -0.00581261 -0.0104537 -0.00470867 -0.0051926 -0.00888978 -0.00708155 -0.0011959 -0.00858434 -0.0009447 -0.00174216 -0.0187241 -4.30608e-05 -0.00136869 -0.0017892 -0.00155984 1.31858e-05 0.00127938 0.00350977 -0.000807823 -5.49918e-05 -2.23857e-05 -0.00347309 -0.0142308 0.00657895 0.0123494
internal_weight=153841 60949 24874 36075 18384 25978 16695 19119 6490 6859 4194 10097 332 9765 2296 1689 92892 3781 3591 3526 89111 4553 2201 2352 84558 83759 799 65 190 83
internal_count=153841 60949 24874 36075 18384 25978 16695 19119 6490 6859 4194 10097 332 9765 2296 1689 92892 3781 3591 3526 89111 4553 2201 2352 84558 83759 799 65 190 83
is_linear=0
shrinkage=0.05


Tree=163
num_leaves=31
num_cat=0
split_feature=4 13 13 32 13 13 1 3 13 24 39 13 13 4 39 0 32 10 21 39 3 39 23 1 1 3 22 3 22 10
split_gain=639.034 250.891 389.303 155.073 155.803 33.3958 14.007 13.1524 12.9792 8.53018 6.1524 4.73949 4.27564 2.56317 3.8253 4.03699 5.79264 3.38196 2.7902 5.65404 6.59818 5.16298 7.62163 7.09765 5.03125 2.78509 1.82667 8.45136 2.25449 1.40206
threshold=1.0000000180025095e-35 -8.3072719573974592 3.6173341274261479 14.500000000000002 -0.064914468675851808 13.859466075897219 0.40330043435096746 -0.13065119087696073 -23.134503364562985 2.5000000000000004 2.5612684488296513 -17.055952072143551 -1.3706670635326615e-14 42.175001144409187 -3.0035413503646846 0.072722617536783232 31.500000000000004 0.2368598207831383 0.97499999403953563 1.0000000180025095e-35 0.036866260692477233 0.052476504817605026 1.0000000180025095e-35 0.032885696738958366 -0.17635922878980634 -0.77293133735656727 0.042753819376230247 -0.014667710755020378 0.082122139632701888 1.0000000180025095e-35
decision_type=2 2 2 2 2 2 2 2 2 2 2 2 2 2 2 2 2 2 2 2 2 2 2 2 2 2 2 2 2 2
left_child=1 8 3 4 -3 7 -7 -4 26 11 -11 -10 -5 18 25 17 -17 -16 21 20 -20 22 -2 -23 -21 -15 27 -1 -28 -27
right_child=13 2 5 12 -6 6 -8 -9 9 10 -12 -13 -14 14 15 16 -18 -19 19 24 -22 23 -24 -25 -26 29 28 -29 -30 -31
leaf_value=-8.1819149499961493e-05 0.00013031864281377601 -2.0475649653912703e-07 -2.0475649653912703e-07 1.0610844111472701e-05 -2.0475649653912703e-07 -2.0475649653912703e-07 -2.0475649653912703e-07 -2.0475649653912703e-07 -2.5092168782194282e-06 -2.0475649653912703e-07 -2.0475649653912703e-07 -2.0475649653912703e-07 -3.9975135254155839e-05 0.00070481392579966197 -2.0357514546925851e-05 -0.00018664254669683149 -0.0012571385707895802 0.00049023717247158934 -2.2953344931020763e-05 -5.4048242087612579e-05 -0.00014904805789088895 -7.8257798614800965e-05 -7.3058956430772665e-06 7.0050265082206113e-05 0.00014295085793445141 -0.00031548272676137326 1.1725722739134684e-05 2.4087140726818695e-05 -1.3016302400047781e-05 -0.0011531801078660164
leaf_weight=123 18766 6008 1494 932 18105 12617 208 4415 521 2983 480 1264 1640 41 1650 2359 70 494 18639 2171 5762 9040 25976 4162 3577 115 742 69 9348 70
leaf_count=123 18766 6008 1494 932 18105 12617 208 4415 521 2983 480 1264 1640 41 1650 2359 70 494 18639 2171 5762 9040 25976 4162 3577 115 742 69 9348 70
internal_value=-0.00265713 -0.00663547 -0.00851131 -0.0123899 -0.0136348 -0.00298655 -0.00155361 -0.00609663 -0.00114939 -0.00317264 -0.00172538 -0.00598039 -0.000719285 -4.68286e-05 -0.00117212 -0.000858299 -0.00225401 0.000722948 1.44733e-05 -0.000375634 -0.000707963 0.000217451 0.000473828 -0.000651416 0.00103514 -0.00752212 -0.000116709 -0.00494792 -2.4777e-05 -0.0101351
internal_weight=153841 60949 45419 26685 24113 18734 12825 5909 15530 5248 3463 1785 2572 92892 4799 4573 2429 2144 88093 30149 24401 57944 44742 13202 5748 226 10282 192 10090 185
internal_count=153841 60949 45419 26685 24113 18734 12825 5909 15530 5248 3463 1785 2572 92892 4799 4573 2429 2144 88093 30149 24401 57944 44742 13202 5748 226 10282 192 10090 185
is_linear=0
shrinkage=0.05


Tree=164
num_leaves=30
num_cat=0
split_feature=4 13 13 32 13 13 1 3 13 25 2 13 1 2 21 3 18 2 21 13 13 38 37 37 38 25 8 4 10
split_gain=640.447 250.671 389.303 155.073 155.803 33.3958 14.007 13.1524 12.9379 8.15374 7.58794 4.27564 2.76106 2.57168 5.55672 2.84264 2.58939 2.58267 2.55636 5.31805 5.06024 2.06221 12.6586 4.30852 1.8065 2.92839 1.31844 1.66579 0.55
threshold=1.0000000180025095e-35 -8.3072719573974592 3.6173341274261479 14.500000000000002 -0.064914468675851808 13.859466075897219 0.40330043435096746 -0.13065119087696073 -23.134503364562985 1.0000000180025095e-35 0.77363860607147228 -1.3706670635326615e-14 -0.021136335097253319 0.80164751410484325 0.52500000596046459 0.46115627884864813 19386.689453125004 0.77363860607147228 0.97499999403953563 -5644.7990722656241 1086.026306152344 -0.052842551842331879 1.0000000180025095e-35 1.0000000180025095e-35 -1.0000000180025095e-35 0.094211805611848845 0.051635121926665313 6.0250000953674325 0.12069811299443246
decision_type=2 2 2 2 2 2 2 2 2 2 2 2 2 2 2 2 2 2 2 2 2 2 2 2 2 2 2 2 2
left_child=1 8 3 4 -3 7 -7 -4 21 12 -11 -5 -10 15 24 18 17 -17 19 -2 -20 22 -1 -23 -15 -26 27 -16 -28
right_child=13 2 5 11 -6 6 -8 -9 9 10 -12 -13 -14 14 26 16 -18 -19 20 -21 -22 23 -24 -25 25 -27 28 -29 -30
leaf_value=0.00033768915781105493 0.00041779393704976939 -1.9451867171217068e-07 -1.9451867171217068e-07 1.0080301905899066e-05 -1.9451867171217068e-07 -1.9451867171217068e-07 -1.9451867171217068e-07 -1.9451867171217068e-07 -1.9451867171217068e-07 -1.9451867171217068e-07 -1.9451867171217068e-07 -3.7976378491448053e-05 -1.9451867171217068e-07 0.00032677731477010711 -0.00063158569692751748 -0.0002602262725356302 0.00047826488631841081 0.00053250507534233942 -4.8239421656184114e-05 8.4340925163369978e-06 0.00015365568234242089 -2.4177656676479784e-05 -7.6915152930896318e-05 5.363870971422883e-05 0.00023556394738294092 -0.00020530203135281906 -0.00056008215101242993 -7.9928386375485545e-05 -0.0018053917720465295
leaf_weight=527 1951 6008 1494 932 18105 12617 208 4415 149 4960 93 1640 46 31 31 478 57 38 26925 58988 4063 3927 1031 4797 83 118 30 63 36
leaf_count=527 1951 6008 1494 932 18105 12617 208 4415 149 4960 93 1640 46 31 31 478 57 38 26925 58988 4063 3927 1031 4797 83 118 30 63 36
internal_value=-0.00265355 -0.00663629 -0.00851131 -0.0123899 -0.0136348 -0.00298655 -0.00155361 -0.00609663 -0.00115261 -0.00317264 -0.00278547 -0.000719285 -0.0132051 -4.03695e-05 -0.00408163 -2.32432e-05 -0.00353403 -0.00465116 -1.35977e-06 0.000186662 -0.000371111 -0.000121572 -0.00179718 0.000177671 0.000862069 -0.000870647 -0.01125 -0.00744681 -0.0166667
internal_weight=153841 60949 45419 26685 24113 18734 12825 5909 15530 5248 5053 2572 195 92892 392 92500 573 516 91927 60939 30988 10282 1558 8724 232 201 160 94 66
internal_count=153841 60949 45419 26685 24113 18734 12825 5909 15530 5248 5053 2572 195 92892 392 92500 573 516 91927 60939 30988 10282 1558 8724 232 201 160 94 66
is_linear=0
shrinkage=0.05


Tree=165
num_leaves=28
num_cat=0
split_feature=4 13 13 13 13 13 1 3 13 3 2 2 2 8 22 38 38 38 3 38 22 22 38 37 39 22 21
split_gain=639.277 251.249 389.058 135.49 63.4305 33.2715 14.007 13.3151 13.1034 12.7675 7.89998 7.49491 2.62025 4.85727 3.56708 3.43113 2.94543 4.46149 6.92485 4.60057 2.44756 2.70174 1.87744 10.8199 3.86597 1.79554 1.70162
threshold=1.0000000180025095e-35 -8.3072719573974592 3.6173341274261479 -0.064914468675851808 0.00075226789808231222 13.859466075897219 0.40330043435096746 -0.13065119087696073 -23.134503364562985 -0.25888420641422266 0.48264084756374365 0.0042567048221826562 0.65442737936973583 0.2010651230812073 0.18431562185287478 0.50027814507484447 0.8683454990386964 0.6600414812564851 -0.34395432472228998 0.41058568656444555 0.45156690478324896 0.60962197184562694 -0.052842551842331879 1.0000000180025095e-35 2.0838214159011845 0.82902491092681896 0.27500000596046453
decision_type=2 2 2 2 2 2 2 2 2 2 2 2 2 2 2 2 2 2 2 2 2 2 2 2 2 2 2
left_child=1 8 3 9 -5 7 -7 -4 22 -3 11 -10 16 14 -14 -16 17 19 -19 -2 26 -22 23 -1 -24 -12 -18
right_child=12 2 5 4 -6 6 -8 -9 10 -11 25 -13 13 -15 15 -17 20 18 -20 -21 21 -23 24 -25 -26 -27 -28
leaf_value=0.0003208046999205022 -6.5389085015139798e-07 -7.9877246219708861e-07 -1.8479273812656216e-07 -1.8479273812656216e-07 -1.8479273812656216e-07 -1.8479273812656216e-07 -1.8479273812656216e-07 -1.8479273812656216e-07 -1.8479273812656216e-07 -1.8479273812656216e-07 -1.8479273812656216e-07 -1.8479273812656216e-07 -0.0013780825015155733 0.0022508442085466206 -7.8926075984262715e-05 -0.00098018764338923532 0.0019244697882389592 -0.0009022164014360172 -9.3706074684386107e-06 0.00049308108805357759 -0.0003121603957167388 0.0017304506180241192 1.3005167380736924e-05 -7.3069395284351503e-05 -5.1940288039443778e-05 6.7002982220557784e-05 0.00033393675587861383
leaf_weight=527 87947 840 1494 16759 3420 12617 208 4415 1684 5666 300 3233 34 45 3648 54 43 93 167 717 45 44 8117 1031 607 31 55
leaf_count=527 87947 840 1494 16759 3420 12617 208 4415 1684 5666 300 3233 34 45 3648 54 43 93 167 717 45 44 8117 1031 607 31 55
internal_value=-0.00265063 -0.00662972 -0.0085069 -0.0123843 -0.0144073 -0.00298388 -0.00155361 -0.00608817 -0.00113973 -0.00610974 -0.00317264 -0.00266931 -3.98312e-05 -0.00132901 -0.0015257 -0.00137763 1.48691e-05 1.68683e-06 -0.00653846 2.08653e-05 0.00628342 0.000280899 -0.00010212 -0.0017009 0.000183402 -0.0106495 0.0117347
internal_weight=153841 60949 45419 26685 20179 18734 12825 5909 15530 6506 5248 4917 92892 3781 3736 3702 89111 88924 260 88664 187 89 10282 1558 8724 331 98
internal_count=153841 60949 45419 26685 20179 18734 12825 5909 15530 6506 5248 4917 92892 3781 3736 3702 89111 88924 260 88664 187 89 10282 1558 8724 331 98
is_linear=0
shrinkage=0.05


Tree=166
num_leaves=30
num_cat=0
split_feature=4 13 13 32 13 13 1 3 13 24 2 25 13 4 14 18 0 34 39 7 7 1 25 22 13 25 22 25 12
split_gain=638.964 251.249 389.058 154.924 155.526 33.2715 14.007 13.3151 13.1034 8.53018 6.24906 6.08079 4.10768 2.54028 3.73989 4.3394 3.43141 6.16784 3.98788 2.89002 2.43977 2.70963 5.77271 3.94735 2.1209 1.91099 3.04964 2.02626 1.16387
threshold=1.0000000180025095e-35 -8.3072719573974592 3.6173341274261479 14.500000000000002 -0.064914468675851808 13.859466075897219 0.40330043435096746 -0.13065119087696073 -23.134503364562985 2.5000000000000004 0.49054430425167089 1.0000000180025095e-35 -1.3706670635326615e-14 42.175001144409187 -1.0000000180025095e-35 -21570.201171874996 0.041743930429220207 5.0000000000000009 -1.3175431489944456 0.14995315670967105 0.2624726295471192 -1.7091773152351377 1.0245496630668642 0.79644945263862621 -365.29806518554682 2.3506062030792241 1.2157527804374697 0.33226084709167486 -0.76944845914840687
decision_type=2 2 2 2 2 2 2 2 2 2 2 2 2 2 2 2 2 2 2 2 2 2 2 2 2 2 2 2 2
left_child=1 8 3 4 -3 7 -7 -4 25 11 -11 -10 -5 20 15 -15 18 -18 -16 -17 21 22 -2 -23 28 27 -27 -1 -22
right_child=13 2 5 12 -6 6 -8 -9 9 10 -12 -13 -14 14 16 19 17 -19 -20 -21 24 23 -24 -25 -26 26 -28 -29 -30
leaf_value=-9.4530388019184984e-06 -0.00032679271548952224 -1.7555310122023405e-07 -1.7555310122023405e-07 9.5855264475104397e-06 -1.7555310122023405e-07 -1.7555310122023405e-07 -1.7555310122023405e-07 -1.7555310122023405e-07 -1.7555310122023405e-07 -1.7555310122023405e-07 -1.7555310122023405e-07 -1.7555310122023405e-07 -3.6068319929969325e-05 0.0021897052804995794 -0.00032466576013010298 0.00028037947823831601 -0.0002678445150454079 0.0011130219783570996 8.6377083250112848e-05 -0.00096506540171310102 0.020283567216177453 -2.5517465609191036e-06 0.0002558588289614349 0.00014697265319508275 -3.5120832273082689e-05 0.00026561534468458157 -8.8757426452766496e-05 8.0172978010144486e-05 0.0026462027356109067
leaf_weight=8993 2044 6008 1494 932 18105 12617 208 4415 118 3229 234 1667 1640 46 324 471 2183 204 1528 43 31 79026 610 6288 58 40 34 1215 36
leaf_count=8993 2044 6008 1494 932 18105 12617 208 4415 118 3229 234 1667 1640 46 324 471 2183 204 1528 43 31 79026 610 6288 58 40 34 1215 36
internal_value=-0.0026516 -0.00662972 -0.0085069 -0.0123843 -0.0136285 -0.00298388 -0.00155361 -0.00608817 -0.00113973 -0.00317264 -0.00172538 -0.00598039 -0.000719285 -4.1446e-05 -0.0011617 0.00267857 -0.00166903 -0.00292208 -5.39957e-05 0.00136187 1.95816e-05 9.6626e-06 -0.00156368 5.8607e-05 0.007 -0.00010212 -0.00810811 -4.40831e-05 0.0130597
internal_weight=153841 60949 45419 26685 24113 18734 12825 5909 15530 5248 3463 1785 2572 92892 4799 560 4239 2387 1852 514 88093 87968 2654 85314 125 10282 74 10208 67
internal_count=153841 60949 45419 26685 24113 18734 12825 5909 15530 5248 3463 1785 2572 92892 4799 560 4239 2387 1852 514 88093 87968 2654 85314 125 10282 74 10208 67
is_linear=0
shrinkage=0.05


Tree=167
num_leaves=31
num_cat=0
split_feature=4 13 13 32 13 13 1 13 24 32 2 25 13 2 13 21 7 9 32 1 34 0 37 34 25 14 1 0 25 1
split_gain=639.974 249.714 389.058 154.924 155.526 33.2715 14.007 12.8144 8.53018 7.66978 6.24906 6.08079 4.10768 2.77498 3.32285 4.07925 6.02072 4.93933 3.86363 8.00916 4.61971 2.75995 8.48808 12.9712 5.68467 3.54086 12.1807 4.83766 1.89477 1.93946
threshold=1.0000000180025095e-35 -8.3072719573974592 3.6173341274261479 14.500000000000002 -0.064914468675851808 13.859466075897219 0.40330043435096746 -23.134503364562985 2.5000000000000004 19.500000000000004 0.49054430425167089 1.0000000180025095e-35 -1.3706670635326615e-14 0.65442737936973583 -67.632061004638658 0.57500001788139354 0.034976726397871978 0.66514742374420177 31.500000000000004 0.27335494756698614 3.5000000000000004 0.36989095807075506 1.0000000180025095e-35 3.5000000000000004 0.059570927172899253 1.0000000180025095e-35 -0.39653104543685908 -0.14989548176527021 2.3506062030792241 0.01248703431338072
decision_type=2 2 2 2 2 2 2 2 2 2 2 2 2 2 2 2 2 2 2 2 2 2 2 2 2 2 2 2 2 2
left_child=1 7 3 4 -3 9 -7 28 11 -4 -10 -9 -5 21 15 17 -17 -15 20 -20 -16 25 23 -23 -24 27 -27 -2 29 -1
right_child=13 2 5 12 -6 6 -8 8 10 -11 -12 -13 -14 14 18 16 -18 -19 19 -21 -22 22 24 -25 -26 26 -28 -29 -30 -31
leaf_value=7.5462078018118113e-06 5.0867623490542113e-05 -1.6677544615922235e-07 -1.6677544615922235e-07 9.1062501251349177e-06 -1.6677544615922235e-07 -1.6677544615922235e-07 -1.6677544615922235e-07 -1.6677544615922235e-07 -1.6677544615922235e-07 2.7220198676890586e-05 -1.6677544615922235e-07 -1.6677544615922235e-07 -3.4264903933470856e-05 0.00015571258219936412 -5.0432446126232305e-05 0.00019849567657713313 -0.00047102722814861675 0.0023504303209301428 0.0018569946606202766 -0.0030841609125625497 -0.0011056824870152215 0.0011727391818942903 -0.00045074250012410827 -0.00022801003760136718 4.6544938151753258e-06 -0.00016926182452821868 0.00010942662470139042 -3.0806601355265906e-05 -8.4319555130128176e-05 -2.3472630499760926e-05
leaf_weight=8327 17267 6008 5488 932 18105 12617 208 118 3229 421 234 1667 1640 793 1723 270 446 50 33 71 395 1546 412 1282 1313 3847 9986 53458 74 1881
leaf_count=8327 17267 6008 5488 932 18105 12617 208 118 3229 421 234 1667 1640 793 1723 270 446 50 33 71 395 1546 412 1282 1313 3847 9986 53458 74 1881
internal_value=-0.0026542 -0.00663547 -0.0085069 -0.0123843 -0.0136285 -0.00298388 -0.00155361 -0.00116227 -0.00317264 -0.00608817 -0.00172538 -0.00598039 -0.000719285 -4.19842e-05 -0.00136869 0.000400898 -0.0023743 0.00275801 -0.00261026 -0.0120192 -0.00214825 1.4308e-05 0.00121349 0.00289958 -0.00155072 -5.02614e-05 0.000681342 -0.000193355 -0.00013616 -7.83699e-05
internal_weight=153841 60949 45419 26685 24113 18734 12825 15530 5248 5909 3463 1785 2572 92892 3781 1559 716 843 2222 104 2118 89111 4553 2828 1725 84558 13833 70725 10282 10208
internal_count=153841 60949 45419 26685 24113 18734 12825 15530 5248 5909 3463 1785 2572 92892 3781 1559 716 843 2222 104 2118 89111 4553 2828 1725 84558 13833 70725 10282 10208
is_linear=0
shrinkage=0.05


Tree=168
num_leaves=31
num_cat=0
split_feature=4 13 13 32 13 13 1 3 13 24 2 25 13 4 39 3 21 32 38 32 2 38 39 3 13 38 25 37 38 37
split_gain=640.387 251.035 389.147 153.992 155.526 33.3958 14.007 13.3704 13.0205 8.53018 6.24906 6.08079 3.62987 2.64254 6.24441 4.51939 6.0342 5.94453 4.31348 5.87346 5.36506 2.78244 5.99634 8.43037 5.57374 5.00774 14.8649 9.02363 1.93034 10.2424
threshold=1.0000000180025095e-35 -8.3072719573974592 3.6173341274261479 14.500000000000002 -0.064914468675851808 13.859466075897219 0.40330043435096746 -0.13065119087696073 -23.134503364562985 2.5000000000000004 0.49054430425167089 1.0000000180025095e-35 2.5585784847129844e-13 19.125000000000004 -2.3303918838500972 0.13509597629308703 0.57500001788139354 31.500000000000004 0.25620965659618383 2.5000000000000004 0.21387980878353122 -0.14252521842718122 -2.9064571857452388 -2.030936479568481 -15.922521591186522 -0.010515488684177397 0.24120570719242099 1.0000000180025095e-35 -0.052842551842331879 1.0000000180025095e-35
decision_type=2 2 2 2 2 2 2 2 2 2 2 2 2 2 2 2 2 2 2 2 2 2 2 2 2 2 2 2 2 2
left_child=1 8 3 4 -3 7 -7 -4 28 11 -11 -10 -5 21 18 16 -16 -17 20 -20 -15 22 23 -2 -24 26 -23 -27 29 -1
right_child=13 2 5 12 -6 6 -8 -9 9 10 -12 -13 -14 14 15 17 -18 -19 19 -21 -22 25 24 -25 -26 27 -28 -29 -30 -31
leaf_value=0.00030485980647448256 0.0052413126877114517 -1.5843667385126124e-07 -1.5843667385126124e-07 -3.842242455025808e-05 -1.5843667385126124e-07 -1.5843667385126124e-07 -1.5843667385126124e-07 -1.5843667385126124e-07 -1.5843667385126124e-07 -1.5843667385126124e-07 -1.5843667385126124e-07 -1.5843667385126124e-07 0.00020976288526681626 -0.00017624612466322334 0.00013797429833210527 -9.8489075741574862e-05 -4.3477501948123966e-05 -0.0010220725831484722 -0.00022563461862655629 0.0022389673060609423 -0.00070109571375984387 -0.00010598237435856554 0.00037795918152446146 -0.00015932557703744884 4.1954604753044732e-05 -4.0354482260059402e-05 0.000134851193358748 7.0194744683791356e-05 3.7169211013416644e-06 -6.9667956288668229e-05
leaf_weight=527 56 6008 1494 2083 18105 12617 208 4415 118 3229 234 1667 489 1347 4655 5143 8959 163 280 72 313 9260 1441 1547 1657 24629 3256 30114 8724 1031
leaf_count=527 56 6008 1494 2083 18105 12617 208 4415 118 3229 234 1667 489 1347 4655 5143 8959 163 280 72 313 9260 1441 1547 1657 24629 3256 30114 8724 1031
internal_value=-0.00265128 -0.00663383 -0.0085102 -0.012388 -0.0136285 -0.00298655 -0.00155361 -0.00609663 -0.00114617 -0.00317264 -0.00172538 -0.00598039 -0.000758165 -3.82164e-05 -0.000532677 -0.000251057 0.000231379 -0.00148888 -0.00318091 0.00184659 -0.00424699 0.000105614 0.00128164 -0.00120087 0.00256617 2.34169e-05 -0.000878875 0.00022971 -0.000111846 -0.00173299
internal_weight=153841 60949 45419 26685 24113 18734 12825 5909 15530 5248 3463 1785 2572 92892 20932 18920 13614 5306 2012 352 1660 71960 4701 1603 3098 67259 12516 54743 10282 1558
internal_count=153841 60949 45419 26685 24113 18734 12825 5909 15530 5248 3463 1785 2572 92892 20932 18920 13614 5306 2012 352 1660 71960 4701 1603 3098 67259 12516 54743 10282 1558
is_linear=0
shrinkage=0.05


Tree=169
num_leaves=31
num_cat=0
split_feature=4 24 32 3 3 14 32 21 3 39 38 1 1 2 38 3 4 2 38 2 8 3 39 1 25 34 22 25 7 4
split_gain=639.541 150.277 69.9845 75.3032 58.853 44.9094 37.8366 38.2649 18.8867 7.55939 8.4672 6.52454 8.08528 6.34827 5.72617 4.53845 2.3842 3.77672 5.96946 11.6495 5.09788 3.48797 6.68741 5.27247 3.21932 6.71118 9.19187 6.55405 3.65601 3.96129
threshold=1.0000000180025095e-35 2.5000000000000004 14.500000000000002 -0.10520397126674651 -0.15598179399967191 1.0000000180025095e-35 14.500000000000002 1.0000000180025095e-35 -0.32882358133792872 2.6074306964874272 0.2464515566825867 0.072712808847427382 -0.014612573664635418 0.50695881247520458 0.054830009117722518 -0.24334187060594556 3.4250000715255742 -0.2910610288381576 -0.0085445949807763082 -0.51978814601898182 0.031480982899665839 0.074954081326723113 -0.15170472860336301 0.039612067863345153 0.20498682558536532 2.5000000000000004 0.4759072214365006 0.40422824025154119 0.03386270999908448 1.7749999761581423
decision_type=2 2 2 2 2 2 2 2 2 2 2 2 2 2 2 2 2 2 2 2 2 2 2 2 2 2 2 2 2 2
left_child=1 2 3 8 9 -5 7 -6 -1 10 -3 12 -4 -8 -13 -11 24 18 19 -18 -20 23 -23 -19 28 27 -27 -26 -2 -30
right_child=16 4 11 5 6 -7 13 -9 -10 15 -12 14 -14 -15 -16 -17 17 21 20 -21 -22 22 -24 -25 25 26 -28 -29 29 -31
leaf_value=-5.8718231985234307e-06 4.6291727877541268e-05 -1.4904050556339443e-07 -6.3851875226589312e-06 -1.5051484015869818e-07 -1.5051484015869818e-07 -1.5051484015869818e-07 0.00010216074491483999 -1.5051484015869818e-07 -1.5051484015869818e-07 -5.1828581613052539e-06 0.0027534333687362759 0.0010475265493590129 -0.00013146056750917918 -0.00010245564811596044 -2.1284704351719471e-05 -1.4904050556339443e-07 -9.7969329228377037e-06 1.0630807638071206e-06 -0.00030169817707762192 -0.00066843675160170905 0.00031808990211807737 -0.00011344043243856361 -8.2429517566504726e-06 0.00027098510087826295 -0.00021943935955225595 -2.4464089421038365e-06 0.0029433407664374613 3.8216062113036883e-05 0.0036012874374537333 0.00068549017787042268
leaf_weight=2144 8401 9787 1297 15985 6255 844 1895 17667 3852 53 207 290 391 161 71 50 699 50694 1076 584 1381 5166 15965 3052 1777 803 352 2257 105 580
leaf_count=2144 8401 9787 1297 15985 6255 844 1895 17667 3852 53 207 290 391 161 71 50 699 50694 1076 584 1381 5166 15965 3052 1777 803 352 2257 105 580
internal_value=-0.00265063 -0.00663054 -0.00962049 -0.0104151 -0.00456895 -0.0121294 -0.00582801 -0.00638743 -0.00560374 -0.0013296 -0.00119071 -0.000768668 -0.00207346 0.000680934 0.00533241 -0.0148058 -3.92929e-05 -0.000147233 -0.00169786 -0.0044622 -0.000254375 -6.97811e-05 -0.000614027 0.000144197 0.000555166 -0.000438427 0.00292208 -0.00140059 0.00112261 0.00463504
internal_weight=153841 60949 24874 22825 36075 16829 25978 23922 5996 10097 9994 2049 1688 2056 361 103 92892 78617 3740 1283 2457 74877 21131 53746 14275 5189 1155 4034 9086 685
internal_count=153841 60949 24874 22825 36075 16829 25978 23922 5996 10097 9994 2049 1688 2056 361 103 92892 78617 3740 1283 2457 74877 21131 53746 14275 5189 1155 4034 9086 685
is_linear=0
shrinkage=0.05


Tree=170
num_leaves=31
num_cat=0
split_feature=4 24 3 3 25 21 24 25 3 39 2 39 38 1 3 4 39 1 3 21 37 3 34 37 3 3 3 2 25 21
split_gain=641.343 153.306 70.0588 60.5714 41.7221 35.1481 25.1587 24.9231 16.9199 12.8674 12.7255 9.40698 5.84543 5.99256 2.77255 2.32565 4.31032 4.8663 4.46457 6.57549 5.08855 3.74934 2.89542 21.0833 22.9382 13.4009 6.22594 8.92482 5.86815 1.2893
threshold=1.0000000180025095e-35 2.5000000000000004 -0.10520397126674651 -0.15598179399967191 0.0011225953348912301 1.0000000180025095e-35 1.0000000180025095e-35 0.18781586736440661 -0.32882358133792872 -3.0035413503646846 0.1529793590307236 -4.1308479309082022 0.32185205817222601 -0.38875399529933924 -0.071327868849039064 15.325000286102297 -3.3376760482788081 -1.7091773152351377 0.15704838186502459 0.57500001788139354 1.0000000180025095e-35 -0.746020346879959 1.5000000000000002 1.0000000180025095e-35 -0.21834377944469449 -0.99006319046020497 -2.030936479568481 0.32776094973087316 0.11209454387426378 0.52500000596046459
decision_type=2 2 2 2 2 2 2 2 2 2 2 2 2 2 2 2 2 2 2 2 2 2 2 2 2 2 2 2 2 2
left_child=1 2 8 12 14 10 -6 -7 11 -10 -5 -1 13 -3 -4 22 17 -17 19 -18 -20 -19 23 25 -25 -2 27 -24 -28 -14
right_child=15 3 4 5 6 7 -8 -9 9 -11 -12 -13 29 -15 -16 16 18 21 20 -21 -22 -23 26 24 -26 -27 28 -29 -30 -31
leaf_value=-1.8807825658317633e-05 -0.00054628733132928932 -1.4158848028522472e-07 -1.4298909815076326e-07 -1.4298909815076326e-07 -1.4298909815076326e-07 -1.4298909815076326e-07 -1.4298909815076326e-07 -1.4298909815076326e-07 -1.4298909815076326e-07 -1.4298909815076326e-07 -1.4298909815076326e-07 -3.8967734725860799e-06 0.0043963652783756283 -1.8668715186028864e-07 -1.4298909815076326e-07 -0.0017210278451747385 0.00010336718409836199 0.0004085645827424057 2.0886920534002058e-05 -4.3632265556890901e-05 -0.00019733725991592807 -0.00028358654838484232 0.00027224871096509523 0.00053471481757169756 -3.3718321184986361e-05 -6.8826597675893811e-05 -3.2117035601564405e-05 0.0045324123715506084 8.2286535512340897e-05 0.002154522183142472
leaf_weight=474 1778 4982 82 2569 997 16301 15698 2818 1005 3189 4290 1822 64 4973 1607 45 7224 228 2478 14282 3412 960 1626 4417 8304 7553 19872 277 20436 78
leaf_count=474 1778 4982 82 2569 997 16301 15698 2818 1005 3189 4290 1822 64 4973 1607 45 7224 228 2478 14282 3412 960 1626 4417 8304 7553 19872 277 20436 78
internal_value=-0.00265323 -0.00663875 -0.00965868 -0.00455648 -0.0112353 -0.00583378 -0.0104777 -0.0047322 -0.0051926 -0.00708155 -0.00890436 -0.00174216 -0.00127018 -0.00141386 -0.0187241 -3.82164e-05 -0.000413043 -0.00330495 -0.000282888 5.11485e-05 -0.00150255 -0.0026936 0.000128768 -0.00033557 0.000988523 -0.00214071 0.000371349 0.00316605 0.000239407 0.00880282
internal_weight=153841 60949 24874 36075 18384 25978 16695 19119 6490 4194 6859 2296 10097 9955 1689 92892 28629 1233 27396 21506 5890 1188 64263 22052 12721 9331 42211 1903 40308 142
internal_count=153841 60949 24874 36075 18384 25978 16695 19119 6490 4194 6859 2296 10097 9955 1689 92892 28629 1233 27396 21506 5890 1188 64263 22052 12721 9331 42211 1903 40308 142
is_linear=0
shrinkage=0.05


Tree=171
num_leaves=31
num_cat=0
split_feature=4 24 3 32 3 14 32 21 3 39 39 39 38 1 22 2 8 39 38 10 38 32 38 7 7 14 21 39 38 32
split_gain=636.724 151.289 72.6233 61.675 60.0467 44.6332 37.0596 38.2649 18.2146 13.9336 6.34265 6.22127 6.20251 5.66366 10.1833 8.33827 2.45234 8.63937 8.27083 5.45037 8.83283 5.46386 5.32522 5.03631 4.4675 4.09938 3.53718 7.06279 4.06065 3.03896
threshold=1.0000000180025095e-35 2.5000000000000004 -0.11051172763109206 14.500000000000002 -0.15598179399967191 1.0000000180025095e-35 14.500000000000002 1.0000000180025095e-35 -0.32882358133792872 -3.0035413503646846 4.7708191871643075 -4.1308479309082022 0.15261784195899966 -0.38875399529933924 0.19009596109390262 -0.1337194889783859 0.04175239987671376 -1.8022836446762083 0.25620965659618383 0.19232932478189471 0.12438236922025682 8.5000000000000018 -0.16173593699932096 0.064051300287246718 0.1908216327428818 1.0000000180025095e-35 0.77500000596046459 -2.8775964975357051 -0.43764922022819513 2.5000000000000004
decision_type=2 2 2 2 2 2 2 2 2 2 2 2 2 2 2 2 2 2 2 2 2 2 2 2 2 2 2 2 2 2
left_child=1 2 8 5 13 -4 7 -6 11 -10 -5 -1 -8 14 -3 -15 22 18 23 21 -21 -19 26 -18 25 -24 27 -2 -28 -20
right_child=16 4 3 10 6 -7 12 -9 9 -11 -12 -13 -14 15 -16 -17 17 19 29 20 -22 -23 24 -25 -26 -27 28 -29 -30 -31
leaf_value=-1.786743437540175e-05 -0.00016603388100867357 -1.850713612169007e-07 -1.3583964324322512e-07 -4.109196267732239e-05 -1.3583964324322512e-07 -1.3583964324322512e-07 0.00010475385721534091 -1.3583964324322512e-07 -1.3583964324322512e-07 -1.3583964324322512e-07 0.0050465915513935753 -3.7019347989567765e-06 -0.00023851812380907471 -1.7735279426727421e-07 -1.3450905627096348e-07 1.4209371330776682e-07 -0.00012331081042803684 -0.00011164859338803693 0.00021241845993880457 0.00013860800235228414 0.0016209273666700635 0.00055294934089891972 -1.5617879098418883e-05 -0.00049722119073728399 0.0044414002592421909 5.3809692235707706e-05 -0.00053150168548853039 0.00042736094542667949 4.5007037866632869e-05 0.0017963567721678794
leaf_weight=474 674 95 16162 1538 6255 854 1840 17667 993 2999 32 1822 216 132 4980 4890 846 10737 308 2287 343 876 59482 1199 95 11528 212 2015 2234 56
leaf_count=474 674 95 16162 1538 6255 854 1840 17667 993 2999 32 1822 216 132 4980 4890 846 10737 308 2287 343 876 59482 1199 95 11528 212 2015 2234 56
internal_value=-0.0026594 -0.00663054 -0.00963054 -0.011202 -0.00456202 -0.0120769 -0.00583378 -0.00638743 -0.00498569 -0.00702655 -0.00171975 -0.00143728 0.000607977 -0.00128999 -0.00246798 -9.95619e-05 -5.38259e-05 -0.000603531 -0.00337277 -0.000135154 0.00192015 -0.00060062 6.62382e-05 -0.0046088 -4.60586e-05 -6.05549e-05 0.00162123 0.00287282 0.000245298 0.00357143
internal_weight=153841 60949 24874 18586 36075 17016 25978 23922 6288 3992 1570 2296 2056 10097 5075 5022 92892 16652 2409 14243 2630 11613 76240 2045 71105 71010 5135 2689 2446 364
internal_count=153841 60949 24874 18586 36075 17016 25978 23922 6288 3992 1570 2296 2056 10097 5075 5022 92892 16652 2409 14243 2630 11613 76240 2045 71105 71010 5135 2689 2446 364
is_linear=0
shrinkage=0.05


Tree=172
num_leaves=31
num_cat=0
split_feature=5 13 13 32 13 13 1 3 13 24 2 25 2 14 34 2 34 13 37 2 1 2 20 20 25 13 22 22 25 22
split_gain=639.303 250.233 387.799 139.282 154.423 32.986 13.9646 13.3151 12.8555 8.53018 6.24906 6.08079 6.03283 2.3108 13.4893 18.289 13.8371 13.2815 8.67163 11.0377 5.78358 7.80094 13.3833 5.90538 5.48889 5.16961 5.11447 1.93393 1.89709 3.04964
threshold=1.0000000180025095e-35 -8.3072719573974592 3.6173341274261479 14.500000000000002 -0.064914468675851808 13.859466075897219 0.40330043435096746 -0.13065119087696073 -23.134503364562985 2.5000000000000004 0.49054430425167089 1.0000000180025095e-35 0.33917412161827093 -1.0000000180025095e-35 2.5000000000000004 0.39564776420593267 3.5000000000000004 -20.573104858398434 1.0000000180025095e-35 0.17729916423559192 -0.036902070045471184 0.14840760082006457 -1.0000000180025095e-35 -1.0000000180025095e-35 0.5737033784389497 -58.285392761230462 0.12622753530740741 0.22524956613779071 2.3506062030792241 1.2157527804374697
decision_type=2 2 2 2 2 2 2 2 2 2 2 2 2 2 2 2 2 2 2 2 2 2 2 2 2 2 2 2 2 2
left_child=1 8 3 4 -3 7 -7 -4 28 11 -11 -10 -5 14 18 17 -17 -16 26 -20 21 23 -23 -15 25 -22 -2 -26 -1 -30
right_child=13 2 5 12 -6 6 -8 -9 9 10 -12 -13 -14 20 15 16 -18 -19 19 -21 24 22 -24 -25 27 -27 -28 -29 29 -31
leaf_value=-2.4043380845000756e-06 8.7395539821227581e-05 -1.2904766108106385e-07 -1.2904766108106385e-07 -1.3751815705814375e-05 -1.2904766108106385e-07 -1.2904766108106385e-07 -1.2904766108106385e-07 -1.2904766108106385e-07 -1.2904766108106385e-07 -1.2904766108106385e-07 -1.2904766108106385e-07 -1.2904766108106385e-07 -3.4120296357838577e-05 -6.5745756794115875e-05 -6.0194459052293059e-05 0.004712230101678554 -0.00011405473824129264 0.00046196357614311376 0.00024862515592713935 -0.00012384106953648236 6.2003360281650578e-05 0.0005421372002163944 7.4271888897369666e-06 2.2209100705924967e-05 -0.00070619039638887624 -8.3500035070304459e-05 -0.00031514445409683127 -0.00041155176563129536 0.00025703823572529509 -7.9615896855185538e-05
leaf_weight=10208 349 6008 1494 2175 18105 12617 208 4415 118 3229 234 1667 397 18512 3110 623 273 1673 2036 2422 4431 4342 9003 27365 60 16966 1647 80 40 34
leaf_count=10208 349 6008 1494 2175 18105 12617 208 4415 118 3229 234 1667 397 18512 3110 623 273 1673 2036 2422 4431 4342 9003 27365 60 16966 1647 80 40 34
internal_value=-0.00265875 -0.00663793 -0.00851131 -0.0123824 -0.0135622 -0.00299722 -0.0015731 -0.00608817 -0.00115905 -0.00317264 -0.00172538 -0.00598039 -0.00132193 -4.79051e-05 0.000595483 0.00237278 0.00892857 0.00114468 -0.000968392 0.000257963 -0.000144566 0.000110601 0.0011746 -0.000198901 -0.000846218 -0.000781652 -0.00370741 -0.0107143 -0.000131297 -0.00810811
internal_weight=153841 60949 45419 26685 24113 18734 12825 5909 15530 5248 3463 1785 2572 92892 12133 5679 896 4783 6454 4458 80759 59222 13345 45877 21537 21397 1996 140 10282 74
internal_count=153841 60949 45419 26685 24113 18734 12825 5909 15530 5248 3463 1785 2572 92892 12133 5679 896 4783 6454 4458 80759 59222 13345 45877 21537 21397 1996 140 10282 74
is_linear=0
shrinkage=0.05


Tree=173
num_leaves=31
num_cat=0
split_feature=4 13 13 13 3 13 1 3 3 13 24 2 25 4 13 39 34 12 21 38 3 1 34 39 4 0 39 21 38 37
split_gain=629.813 247.084 382.264 133.596 70.2602 33.2715 14.007 13.3972 13.3151 12.9379 8.53018 6.24906 6.08079 2.33686 3.48355 3.87146 5.01386 3.53965 3.69629 3.39155 3.26797 2.43805 7.96152 12.3499 5.5269 4.2452 3.55352 2.4997 1.98397 9.35042
threshold=1.0000000180025095e-35 -8.3072719573974592 3.6173341274261479 -0.064914468675851808 -0.17448676377534864 13.859466075897219 0.40330043435096746 -0.25888420641422266 -0.13065119087696073 -23.134503364562985 2.5000000000000004 0.49054430425167089 1.0000000180025095e-35 42.175001144409187 -55.418172836303704 1.0000000180025095e-35 5.0000000000000009 -0.71205097436904896 0.57500001788139354 -0.26290866732597346 -0.068947933614253984 -1.7091773152351377 2.5000000000000004 -2.4367283582687373 7.9749999046325692 -1.2837300300598142 -0.88581806421279896 0.72499999403953563 -0.052842551842331879 1.0000000180025095e-35
decision_type=2 2 2 2 2 2 2 2 2 2 2 2 2 2 2 2 2 2 2 2 2 2 2 2 2 2 2 2 2 2
left_child=1 9 3 7 -5 8 -7 -3 -4 28 12 -12 -11 21 17 19 -17 20 -19 -16 -15 22 24 -24 -2 26 -23 -27 29 -1
right_child=13 2 5 4 -6 6 -8 -9 -10 10 11 -13 -14 14 15 16 -18 18 -20 -21 -22 25 23 -25 -26 27 -28 -29 -30 -31
leaf_value=0.00028204258718681071 -0.00012633918134462158 -6.3951658434304664e-07 -1.2259527802701066e-07 -1.2259527802701066e-07 -1.2259527802701066e-07 -1.2259527802701066e-07 -1.2259527802701066e-07 -1.2259527802701066e-07 -1.2259527802701066e-07 -1.2259527802701066e-07 -1.2259527802701066e-07 -1.2259527802701066e-07 -1.2259527802701066e-07 8.9763742845961136e-05 -0.00090596274977229174 -8.6724400404989294e-05 0.0017357148854986217 0.00034493215600842205 -0.00037031815868123489 -0.00030149076701217135 0.00078433205130036196 -0.00083351072637153885 -0.0011104542788572108 0.0045433190857314511 -0.00072872925596553133 2.6800816229874577e-05 0.001985924003905703 -1.5829507406147671e-05 3.2671687497349699e-06 -6.6054659872804024e-05
leaf_weight=527 1953 840 1494 2437 17742 12617 208 5666 4415 118 3229 234 1667 192 99 2326 177 387 519 889 210 35 56 253 421 38172 196 47007 8724 1031
leaf_count=527 1953 840 1494 2437 17742 12617 208 5666 4415 118 3229 234 1667 192 99 2326 177 387 519 889 210 35 56 253 421 38172 196 47007 8724 1031
internal_value=-0.00264738 -0.00659691 -0.00845846 -0.0123019 -0.0143107 -0.00298388 -0.00155361 -0.00607132 -0.00608817 -0.00115261 -0.00317264 -0.00172538 -0.00598039 -5.5979e-05 -0.00113044 -0.00195503 -0.000908909 0.00107034 -0.000662252 -0.00460526 0.00497512 2.55412e-06 -0.00148155 0.00606796 -0.0024642 4.91746e-05 0.00681818 3.08175e-05 -0.000121572 -0.00176508
internal_weight=153841 60949 45419 26685 20179 18734 12825 6506 5909 15530 5248 3463 1785 92892 4799 3491 2503 1308 906 988 402 88093 2683 309 2374 85410 231 85179 10282 1558
internal_count=153841 60949 45419 26685 20179 18734 12825 6506 5909 15530 5248 3463 1785 92892 4799 3491 2503 1308 906 988 402 88093 2683 309 2374 85410 231 85179 10282 1558
is_linear=0
shrinkage=0.05


Tree=174
num_leaves=31
num_cat=0
split_feature=4 24 32 14 24 32 14 1 0 34 1 25 39 39 25 39 4 25 23 39 34 9 34 7 0 1 1 34 22 4
split_gain=628.836 151.595 66.6522 65.3115 49.451 35.3592 30.292 24.1182 5.3002 7.76689 6.49506 5.07442 5.87453 5.13876 3.78529 3.24061 2.41666 5.56929 3.6923 4.65301 4.23837 3.1495 3.14633 2.47568 2.92999 3.08275 2.72119 5.43764 3.41869 1.81364
threshold=1.0000000180025095e-35 2.5000000000000004 14.500000000000002 1.0000000180025095e-35 1.0000000180025095e-35 14.500000000000002 1.0000000180025095e-35 0.30820107460021978 -0.0044757784344255916 1.0000000180025095e-35 -0.043816860765218728 0.021932214498519901 -2.4082776308059688 -1.0000000180025095e-35 0.72491061687469494 3.4131835699081425 65.325000762939467 0.044103698804974563 1.0000000180025095e-35 2.2924182415008549 3.5000000000000004 0.031114255078136924 5.0000000000000009 0.2624726295471192 -1.1507896184921262 -0.016368578188121315 -1.7091773152351377 2.5000000000000004 0.81064429879188549 91.299999237060561
decision_type=2 2 2 2 2 2 2 2 2 2 2 2 2 2 2 2 2 2 2 2 2 2 2 2 2 2 2 2 2 2
left_child=1 2 3 4 -1 6 7 -3 10 -10 -4 13 -13 -7 -5 -8 23 21 20 -20 -19 22 -18 26 -25 -26 27 -2 -28 -23
right_child=16 5 8 14 -6 11 15 -9 9 -11 -12 12 -14 -15 -16 -17 17 18 19 -21 -22 29 -24 24 25 -27 28 -29 -30 -31
leaf_value=-1.1646551412566013e-07 -0.00024653785504963956 -1.1646551412566013e-07 0.0001223510715102679 -1.1646551412566013e-07 -1.1646551412566013e-07 -0.00042833624246413284 -1.2425957855839639e-05 -1.1646551412566013e-07 -0.0001644570213605567 -3.4894918026375426e-05 0.0014374741755740919 0.0012242323469616961 2.3108660975787629e-05 3.8621409587229586e-05 0.00098063515128176586 -5.5182874008225378e-06 -0.00014455960255192317 -0.00021351258689768053 -0.00092407693901953066 -5.2246025103905738e-05 0.00070427976336739223 0.00047902195694475569 0.0025869368700554059 0.0086265957547664342 -0.00060104018409468389 0.0036239212184387341 -5.1874583258866921e-06 0.001550397422474556 0.00013763836420980954 0.0012625067567897592
leaf_weight=1327 2372 29027 766 1475 19970 260 3113 1113 236 967 80 362 1642 452 53 106 244 383 362 236 214 103 35 37 119 42 82440 286 5955 64
leaf_count=1327 2372 29027 766 1475 19970 260 3113 1113 236 967 80 362 1642 452 53 106 244 383 362 236 214 103 35 37 119 42 82440 286 5955 64
internal_value=-0.0026529 -0.00659937 -0.0096024 -0.0103779 -0.0110943 -0.00452876 -0.00497542 -0.00546782 -0.000963885 -0.00309643 0.00206856 0.00095729 0.00224551 -0.00266854 -0.00039267 -0.00036502 -6.35146e-05 -0.00196527 -0.00374477 -0.00652174 -0.000963149 0.00280269 -0.000448029 -2.93147e-05 0.00555556 0.00263975 -4.14594e-05 -0.00161776 5.93925e-06 0.00823353
internal_weight=153841 60949 24874 22825 21297 36075 33359 30140 2049 1203 846 2716 2004 712 1528 3219 92892 1641 1195 598 597 446 279 91251 198 161 91053 2658 88395 167
internal_count=153841 60949 24874 22825 21297 36075 33359 30140 2049 1203 846 2716 2004 712 1528 3219 92892 1641 1195 598 597 446 279 91251 198 161 91053 2658 88395 167
is_linear=0
shrinkage=0.05


Tree=175
num_leaves=31
num_cat=0
split_feature=4 13 13 32 13 13 1 3 13 24 25 39 39 8 39 34 37 3 34 38 38 14 0 3 22 11 0 39 38 37
split_gain=633.561 248.07 384.158 141.539 152.768 33.224 13.9816 13.1524 12.5727 8.47584 6.11188 5.94405 4.16663 2.1646 7.84276 9.66109 5.70982 13.0845 11.4327 5.25152 4.93757 3.72022 9.11832 5.47372 3.59834 3.24402 3.64657 2.87412 2.0814 8.92201
threshold=1.0000000180025095e-35 -8.3072719573974592 3.6173341274261479 14.500000000000002 -0.064914468675851808 13.859466075897219 0.40330043435096746 -0.13065119087696073 -23.134503364562985 2.5000000000000004 1.0000000180025095e-35 2.5612684488296513 -2.4367283582687373 0.04175239987671376 -1.2835500836372373 3.5000000000000004 1.0000000180025095e-35 -0.055359397083520882 2.5000000000000004 -0.57218551635742176 -0.16173593699932096 1.0000000180025095e-35 -0.32230573892593378 -0.25888420641422266 0.37438043951988226 0.026472546160221103 -0.8829713463783263 -2.8775964975357051 -0.052842551842331879 1.0000000180025095e-35
decision_type=2 2 2 2 2 2 2 2 2 2 2 2 2 2 2 2 2 2 2 2 2 2 2 2 2 2 2 2 2 2
left_child=1 8 3 4 -3 7 -7 -4 28 10 -10 -11 -5 20 15 24 18 -18 -16 -17 25 23 -23 -22 -15 26 -2 -27 29 -1
right_child=13 2 5 12 -6 6 -8 -9 9 11 -12 -13 -14 14 16 19 17 -19 -20 -21 21 22 -24 -25 -26 27 -28 -29 -30 -31
leaf_value=0.00026794628110317641 0.0011587198015121183 -1.1064223841937714e-07 -1.1064223841937714e-07 0.00058235796562245042 -1.1064223841937714e-07 -1.1064223841937714e-07 -1.1064223841937714e-07 -1.1064223841937714e-07 -1.1064223841937714e-07 -1.1064223841937714e-07 -1.1064223841937714e-07 -1.1064223841937714e-07 -3.3229482303038161e-05 0.00021581907348855093 -0.00030867319872928474 0.0010095807334166804 0.00063740717754310759 -0.00014182466026863016 0.00010413168537620026 -0.00062074786068297373 4.6346421315674554e-05 -0.00024472461582688876 8.4007940427249065e-05 -3.1803257917758806e-05 -0.00024641213370623759 -1.2780959947879084e-05 -0.0001004397192449982 0.00027305206322645828 2.7184544734576771e-06 -6.2746103603457544e-05
leaf_weight=527 35 6008 1494 398 18105 12617 208 4415 118 2983 1667 480 2174 712 3029 74 3236 3029 4300 792 17118 1469 10062 42456 1480 963 1049 3088 8724 1031
leaf_count=527 35 6008 1494 398 18105 12617 208 4415 118 2983 1667 480 2174 712 3029 74 3236 3029 4300 792 17118 1469 10062 42456 1480 963 1049 3088 8724 1031
internal_value=-0.00265615 -0.00661742 -0.00848268 -0.0123356 -0.0135249 -0.00299456 -0.0015653 -0.00609663 -0.00116227 -0.00315358 -0.00595238 -0.00171094 -0.00118585 -5.70555e-05 -0.000573505 -0.00286135 -5.88495e-05 0.00104948 -0.00100628 -0.00733256 5.5745e-05 -5.23873e-05 0.000769664 -0.000211502 -0.00109489 0.00155307 -0.000876384 0.00220316 -0.000145886 -0.00182927
internal_weight=153841 60949 45419 26685 24113 18734 12825 5909 15530 5248 1785 3463 2572 92892 16652 3058 13594 6265 7329 866 76240 71105 11531 59574 2192 5135 1084 4051 10282 1558
internal_count=153841 60949 45419 26685 24113 18734 12825 5909 15530 5248 1785 3463 2572 92892 16652 3058 13594 6265 7329 866 76240 71105 11531 59574 2192 5135 1084 4051 10282 1558
is_linear=0
shrinkage=0.05


Tree=176
num_leaves=30
num_cat=0
split_feature=7 3 24 32 14 32 21 22 24 39 22 38 2 3 39 2 8 39 22 38 38 3 38 3 18 20 10 39 39
split_gain=632.556 154.563 117.318 65.4254 49.83 36.7803 38.1306 18.71 8.94346 15.1811 6.70756 6.16493 5.17629 2.28905 4.75312 2.24443 4.71849 3.41624 3.07365 2.4822 4.43468 6.92485 4.02209 2.38529 2.57639 2.33667 2.21089 1.77028 0.123626
threshold=1.0000000180025095e-35 -0.15598179399967191 2.5000000000000004 14.500000000000002 1.0000000180025095e-35 14.500000000000002 1.0000000180025095e-35 0.042753819376230247 2.5000000000000004 -1.6406424045562742 0.78105181455612194 0.15261784195899966 0.23160947859287265 -0.19978683441877362 0.70472827553749096 0.65442737936973583 0.12563631683588031 1.2486081719398501 0.3427699506282807 0.8683454990386964 0.6600414812564851 -0.34395432472228998 0.41058568656444555 -0.42172704637050623 -4482.9084472656241 -1.0000000180025095e-35 0.34918418526649481 1.0349489450454714 0.81853067874908458
decision_type=2 2 2 2 2 2 2 2 2 2 2 2 2 2 2 2 2 2 2 2 2 2 2 2 2 2 2 2 2
left_child=1 7 3 4 -3 6 -4 13 9 -9 -5 -7 -10 14 -1 19 17 18 -17 20 22 -22 -2 -18 -25 -19 27 -21 -15
right_child=15 2 5 10 -6 11 -8 8 12 -11 -12 -13 -14 28 -16 16 23 25 -20 26 21 -23 -24 24 -26 -27 -28 -29 -30
leaf_value=-2.3619894247026484e-05 -1.7864860602699596e-06 -1.0511012649840828e-07 -1.0511012649840828e-07 -2.9001931759574613e-05 -1.0511012649840828e-07 9.6094814213252774e-05 -1.0511012649840828e-07 -1.0511012649840828e-07 -1.3333276078083465e-07 -1.0511012649840828e-07 -0.00068443714812765812 -0.00021410633341706838 0.00065819430586225595 -1.0511012649840828e-07 2.0100872073304175e-05 -0.00065583663292728515 -0.00044033781254416152 0.00021921127523553236 -0.00012102576699424134 -6.7109412838358386e-05 -0.00088516075807350064 -9.0173201778249303e-06 0.00047136814028278555 0.0021438824634534555 0.0011193386966960846 -0.0001968976525404143 0.00073776158019635664 0.0013769654060765473 -8.7690316236452988e-06
leaf_weight=101 87947 17319 6255 1643 978 1840 17667 1888 9261 2810 45 216 809 39 33 181 55 247 3132 98 93 167 717 45 62 59 43 46 45
leaf_count=101 87947 17319 6255 1643 978 1840 17667 1888 9261 2810 45 216 809 39 33 181 55 247 3132 98 93 167 717 45 62 59 43 46 45
internal_value=-0.00265355 -0.00661168 -0.00804941 -0.0109294 -0.0117984 -0.00583378 -0.00638534 -0.00220206 -0.00198741 -0.00378885 -0.00151066 0.000583658 -0.00114697 -0.0167431 -0.0126866 -5.65172e-05 -0.00124967 -0.00162338 -0.00209025 -5.89153e-06 -1.79929e-05 -0.00653846 1.12785e-06 0.00709877 0.0114486 0.00343137 0.00574866 0.00277778 -0.0232143
internal_weight=153841 60949 45963 19985 18297 25978 23922 14986 14768 4698 1688 2056 10070 218 134 92892 3781 3619 3313 89111 88924 260 88664 162 107 306 187 144 84
internal_count=153841 60949 45963 19985 18297 25978 23922 14986 14768 4698 1688 2056 10070 218 134 92892 3781 3619 3313 89111 88924 260 88664 162 107 306 187 144 84
is_linear=0
shrinkage=0.05


Tree=177
num_leaves=29
num_cat=0
split_feature=4 13 13 13 32 13 1 13 32 25 32 2 1 4 2 38 2 21 0 34 38 7 37 2 7 38 37 37
split_gain=627.071 244.142 378.801 141.673 148.81 32.7863 13.9901 12.4915 11.4345 8.18474 7.61002 7.60918 2.76106 2.15737 3.41008 6.53002 9.04585 4.79415 3.4991 7.41127 4.36983 3.28587 3.40664 12.689 6.07939 1.97927 8.18969 3.94566
threshold=1.0000000180025095e-35 -8.3072719573974592 3.6173341274261479 -0.064914468675851808 14.500000000000002 13.859466075897219 0.40330043435096746 -23.134503364562985 2.5000000000000004 1.0000000180025095e-35 19.500000000000004 0.77363860607147228 -0.021136335097253319 3.7250000238418584 -0.2910610288381576 -0.0085445949807763082 -0.51978814601898182 0.17500000447034839 -0.020248523913323876 1.0000000180025095e-35 -0.24519689381122586 0.10909914970397951 1.0000000180025095e-35 0.26765100657939916 0.010542461648583414 -0.052842551842331879 1.0000000180025095e-35 1.0000000180025095e-35
decision_type=2 2 2 2 2 2 2 2 2 2 2 2 2 2 2 2 2 2 2 2 2 2 2 2 2 2 2 2
left_child=1 7 3 8 -5 10 -7 25 -3 12 -4 -11 -9 21 15 16 -15 -17 19 -16 -20 22 23 -2 -24 26 -1 -27
right_child=13 2 5 4 -6 6 -8 9 -10 11 -12 -13 -14 14 18 17 -18 -19 20 -21 -22 -23 24 -25 -26 27 -28 -29
leaf_value=0.00025455422255434246 -6.4028210584540302e-05 -9.9854620173487873e-08 -9.9854620173487873e-08 -9.9854620173487873e-08 -2.0187342869434086e-05 -9.9854620173487873e-08 -9.9854620173487873e-08 -9.9854620173487873e-08 1.044377071519775e-05 -9.9854620173487873e-08 1.909582846963895e-05 -9.9854620173487873e-08 -9.9854620173487873e-08 -6.5389698329274175e-05 0.00023336500484558918 -0.00014292832720054391 -0.0006259257405996807 0.00096272705173562265 0.00024904014239630695 3.6570452665755233e-06 -3.6436447990481999e-05 0.0073201609415494339 1.9920161617345904e-06 0.00058864584428523423 0.0002877529069974877 -2.3030584465975998e-05 -6.0117894240723687e-05 5.0069493058592894e-05
leaf_weight=527 7834 5810 5488 18105 2074 12617 208 149 696 4960 421 93 46 680 3330 1892 578 456 1621 26380 42213 48 3878 1231 2751 3927 1031 4797
leaf_count=527 7834 5810 5488 18105 2074 12617 208 149 696 4960 421 93 46 680 3330 1892 578 456 1621 26380 42213 48 3878 1231 2751 3927 1031 4797
internal_value=-0.00263958 -0.0065805 -0.00843094 -0.0122569 -0.0143255 -0.00298121 -0.0015614 -0.00116871 -0.00584076 -0.00315358 -0.00606279 -0.00276568 -0.0132051 -5.38259e-05 -0.00016267 -0.00166389 -0.00457075 -0.000106474 -8.90623e-05 0.000329855 -0.000372998 0.000479609 0.000439658 -0.000190292 0.0013011 -0.000155612 -0.00179718 0.000137552
internal_weight=153841 60949 45419 26685 20179 18734 12825 15530 6506 5248 5909 5053 195 92892 77150 3606 1258 2348 73544 29710 43834 15742 15694 9065 6629 10282 1558 8724
internal_count=153841 60949 45419 26685 20179 18734 12825 15530 6506 5248 5909 5053 195 92892 77150 3606 1258 2348 73544 29710 43834 15742 15694 9065 6629 10282 1558 8724
is_linear=0
shrinkage=0.05


Tree=178
num_leaves=31
num_cat=0
split_feature=7 3 32 14 25 2 2 25 0 0 38 38 2 39 34 8 39 34 10 37 3 34 38 38 14 0 22 25 32 25
split_gain=624.969 164.353 92.1364 74.4542 59.8183 10.2746 7.7397 7.9162 7.89175 15.8822 7.01993 5.88938 5.50031 4.01108 2.57128 2.1963 7.07769 8.92283 5.99886 5.4037 11.2541 10.8001 4.48646 4.19153 5.11799 8.54853 5.31442 4.66175 7.2849 3.76871
threshold=1.0000000180025095e-35 -0.15598179399967191 14.500000000000002 1.0000000180025095e-35 1.0000000180025095e-35 0.49753846228122717 0.19831135123968127 1.5198326110839846 -0.0034344129962846632 0.0085604395717382448 -0.061893768608570092 -0.2351633086800575 0.13099563121795657 1.0014124512672427 1.5000000000000002 0.04175239987671376 -1.2835500836372373 3.5000000000000004 0.3824488371610642 1.0000000180025095e-35 -0.055359397083520882 2.5000000000000004 -0.57218551635742176 -0.11674600094556807 1.0000000180025095e-35 -0.32230573892593378 0.69387668371200573 1.0000000180025095e-35 14.500000000000002 0.2751480787992478
decision_type=2 2 2 2 2 2 2 2 2 2 2 2 2 2 2 2 2 2 2 2 2 2 2 2 2 2 2 2 2 2
left_child=1 6 3 4 -3 12 8 11 10 -10 -1 -8 -4 -5 -7 23 17 18 -17 21 -21 -18 -19 27 26 -26 -25 28 -2 -29
right_child=15 2 5 13 -6 14 7 -9 9 -11 -12 -13 -14 -15 -16 16 19 22 -20 20 -22 -23 -24 24 25 -27 -28 29 -30 -31
leaf_value=-1.4886057630229086e-07 0.0005454164333514738 -9.4861889164813474e-08 -6.3063906978120567e-05 5.0353407789431207e-05 -9.4861889164813474e-08 -1.5015933986849791e-05 -0.00010635340260853497 -0.0001071188784151172 -1.4886057630229086e-07 -9.4861889164813474e-08 -9.4861889164813474e-08 0.00076550172823217414 0.00018337041136451445 -4.7941126480205555e-06 -0.00012122232485737867 -4.4009392072824617e-05 -0.0002938533647051135 0.00096073433737542792 -0.00078566451552277642 0.00060277024315869693 -0.00013282228055266112 9.8745467883283242e-05 -0.0005821880601344729 -2.7884966518592011e-05 -0.00022410323850206756 9.3633878478248048e-05 0.00013112060809894883 2.3037777074820868e-05 -0.00058505470748668122 0.00029882716266158433
leaf_weight=1919 295 2055 2164 1966 37404 113 67 60 836 1351 9698 1055 1341 794 126 2103 3029 74 89 3236 3029 4300 792 50616 1397 9619 6269 6537 70 1437
leaf_count=1919 295 2055 2164 1966 37404 113 67 60 836 1351 9698 1055 1341 794 126 2103 3029 74 89 3236 3029 4300 792 50616 1397 9619 6269 6537 70 1437
internal_value=-0.0026347 -0.00656902 -0.00805158 -0.00871823 -0.00927355 -0.000534188 -0.00202189 0.00186125 -0.00235439 -0.00510974 -0.00183567 0.00280749 0.000149786 -0.000778986 -0.0105649 -5.32877e-05 -0.000573505 -0.00274689 -0.00104927 -8.45961e-05 0.000993615 -0.00100628 -0.00704388 6.03358e-05 -6.95866e-05 0.000916848 -0.000260614 0.00111824 0.00664384 0.000865312
internal_weight=153841 60949 45963 42219 39459 3744 14986 1182 13804 2187 11617 1122 3505 2760 239 92892 16652 3058 2192 13594 6265 7329 866 76240 67901 11016 56885 8339 365 7974
internal_count=153841 60949 45963 42219 39459 3744 14986 1182 13804 2187 11617 1122 3505 2760 239 92892 16652 3058 2192 13594 6265 7329 866 76240 67901 11016 56885 8339 365 7974
is_linear=0
shrinkage=0.05


Tree=179
num_leaves=29
num_cat=0
split_feature=4 13 13 13 32 13 3 3 13 0 25 2 13 13 0 21 2 8 13 34 21 2 32 34 3 20 32 22
split_gain=620.811 245.805 382.629 171.536 142.621 57.7199 20.0215 15.416 14.0329 10.8907 8.24662 7.0289 2.50707 2.43506 3.80664 2.86123 2.28307 4.17485 3.4527 4.72173 4.30444 2.25309 24.0784 25.5974 11.1649 6.74156 9.07439 8.06586
threshold=1.0000000180025095e-35 -7.5125064849853507 0.00075226789808231222 -0.064914468675851808 14.500000000000002 13.859466075897219 -0.1333832964301109 -0.25888420641422266 -23.134503364562985 0.55615735054016124 1.0000000180025095e-35 0.48264084756374365 -12.921200275421141 -27.238594055175778 -0.063224941492080675 0.97499999403953563 0.65442737936973583 0.2010651230812073 -55.418172836303704 2.5000000000000004 0.57500001788139354 0.1552090868353844 2.5000000000000004 3.5000000000000004 -0.1709373742341995 -1.0000000180025095e-35 2.5000000000000004 0.10111366584897043
decision_type=2 2 2 2 2 2 2 2 2 2 2 2 2 2 2 2 2 2 2 2 2 2 2 2 2 2 2 2
left_child=1 8 3 7 -5 6 -4 -3 13 -7 12 -12 -10 15 -15 -1 21 18 20 -20 -18 25 24 -24 -23 27 -27 -2
right_child=16 2 5 4 -6 9 -8 -9 10 -11 11 -13 -14 14 -16 -17 17 -19 19 -21 -22 22 23 -25 -26 26 -28 -29
leaf_value=8.4454656319127926e-06 6.6108487612550135e-05 1.9694115305262353e-07 -8.7443605368802958e-08 -9.0118794706572804e-08 -2.0481351785255246e-05 -9.0118794706572804e-08 -9.0118794706572804e-08 -9.0118794706572804e-08 -9.0118794706572804e-08 -9.0118794706572804e-08 -9.0118794706572804e-08 -9.0118794706572804e-08 -9.0118794706572804e-08 -2.3529911407954323e-05 2.4316292141730355e-05 -5.7411843785772369e-05 0.00019893628800610934 0.0020753513384174985 -5.6318029239134339e-05 -0.0010062435695836838 -0.00014353748081406584 0.00028953106582513266 0.00021152253697110171 0.0036954658811495554 -4.9495092953460304e-05 3.9785432317950101e-05 -0.00015909875089650414 -9.4690576562397533e-05
leaf_weight=6235 3058 794 2192 14988 1771 12478 7137 5344 87 347 5088 323 118 322 655 3070 866 45 1581 581 708 6409 2515 810 22258 29937 3956 20168
leaf_count=6235 3058 794 2192 14988 1771 12478 7137 5344 87 347 5088 323 118 322 655 3070 866 45 1581 581 708 6409 2515 810 22258 29937 3956 20168
internal_value=-0.0026191 -0.0065403 -0.00842656 -0.0129591 -0.0155782 -0.00374199 -0.00673438 -0.00580808 -0.00119512 -0.0015653 -0.00320513 -0.00283219 -0.0130488 -9.72573e-05 0.00227738 -0.000346588 -4.62903e-05 -0.00124967 -0.00143201 -0.00272895 0.000349428 4.76933e-06 0.00034071 0.00436842 -0.000126452 -0.000183389 0.000266279 -0.000839576
internal_weight=153841 60949 45051 22897 16759 22154 9329 6138 15898 12825 5616 5411 205 10282 977 9305 92892 3781 3736 2162 1574 89111 31992 3325 28667 57119 33893 23226
internal_count=153841 60949 45051 22897 16759 22154 9329 6138 15898 12825 5616 5411 205 10282 977 9305 92892 3781 3736 2162 1574 89111 31992 3325 28667 57119 33893 23226
is_linear=0
shrinkage=0.05


Tree=180
num_leaves=31
num_cat=0
split_feature=4 13 13 13 32 13 3 3 1 13 24 1 25 4 2 1 38 7 0 34 3 0 7 37 3 34 20 1 3 2
split_gain=619.542 244.31 382.629 171.536 142.621 57.7199 20.0215 15.416 13.9816 13.7272 8.27732 6.58928 5.8903 2.20594 3.32595 5.56945 5.49285 3.97397 3.46398 6.9415 4.55031 2.78679 5.94003 4.39802 5.01353 3.7604 3.15608 1.93694 6.4236 5.56968
threshold=1.0000000180025095e-35 -7.5125064849853507 0.00075226789808231222 -0.064914468675851808 14.500000000000002 13.859466075897219 -0.1333832964301109 -0.25888420641422266 0.40330043435096746 -23.134503364562985 2.5000000000000004 0.18658515065908435 1.0000000180025095e-35 3.4250000715255742 -0.2910610288381576 -0.83055493235588063 -0.33495599031448359 0.14139872044324878 -0.020248523913323876 1.0000000180025095e-35 -0.14645934849977491 0.0061605265364050874 0.072768263518810286 1.0000000180025095e-35 -1.0404431819915769 1.5000000000000002 1.0000000180025095e-35 0.01248703431338072 0.44951760768890386 0.11006521806120874
decision_type=2 2 2 2 2 2 2 2 2 2 2 2 2 2 2 2 2 2 2 2 2 2 2 2 2 2 2 2 2 2
left_child=1 9 3 7 -5 6 -4 -3 -7 27 12 -12 -11 21 15 16 -15 -17 19 -16 -20 23 26 25 -25 -2 -23 28 -1 -29
right_child=13 2 5 4 -6 8 -8 -9 -10 10 11 -13 -14 14 18 17 -18 -19 20 -21 -22 22 -24 24 -26 -27 -28 29 -30 -31
leaf_value=8.4349487126790333e-06 -0.00014555005646413834 1.8709409539999235e-07 -8.3071425100362813e-08 -8.5612854971244162e-08 -1.9457284195992481e-05 -8.5612854971244162e-08 -8.5612854971244162e-08 -8.5612854971244162e-08 -8.5612854971244162e-08 -8.5612854971244162e-08 -8.5612854971244162e-08 -8.5612854971244162e-08 -8.5612854971244162e-08 -0.00056661362434406862 0.0002211137281780188 -0.00029876559229395145 1.0440490677516083e-05 -0.0022375243080134549 5.9052612013214477e-05 4.4821231733990083e-06 -4.4431041866878354e-05 0.00013969953846858343 0.0052084511518199986 0.00051902604883540752 3.598419996450957e-05 9.7842052566138836e-06 -9.0363285996585344e-05 7.1884991034026116e-05 -0.00074296828142170548 -3.7040487682538217e-05
leaf_weight=8352 2265 794 2192 14988 1771 12617 7137 5344 208 123 3508 199 1786 315 3414 676 2684 65 10165 26977 34321 3996 71 521 3188 3467 767 90 49 1791
leaf_count=8352 2265 794 2192 14988 1771 12617 7137 5344 208 123 3508 199 1786 315 3414 676 2684 65 10165 26977 34321 3996 71 521 3188 3467 767 90 49 1791
internal_value=-0.00262885 -0.00654605 -0.00842656 -0.0129591 -0.0155782 -0.00374199 -0.00673438 -0.00580808 -0.0015653 -0.00121713 -0.00320513 -0.00182762 -0.00588004 -5.86703e-05 -0.000162497 -0.00161765 -0.000658553 -0.00549933 -8.9814e-05 0.000321641 -0.000370903 0.000513135 0.00148945 1.32401e-05 0.00135481 -0.00085485 0.00127546 -0.000131297 0.000193429 -0.00158161
internal_weight=153841 60949 45051 22897 16759 22154 9329 6138 12825 15898 5616 3707 1909 92892 78617 3740 2999 741 74877 30391 44486 14275 4834 9441 3709 5732 4763 10282 8401 1881
internal_count=153841 60949 45051 22897 16759 22154 9329 6138 12825 15898 5616 3707 1909 92892 78617 3740 2999 741 74877 30391 44486 14275 4834 9441 3709 5732 4763 10282 8401 1881
is_linear=0
shrinkage=0.05


Tree=181
num_leaves=31
num_cat=0
split_feature=4 13 13 13 32 13 3 3 1 13 24 1 22 8 38 2 13 10 0 38 9 38 13 3 7 14 2 3 13 0
split_gain=619.415 244.712 381.542 170.908 145.86 57.7199 20.0215 15.416 13.9816 13.9015 8.27732 6.58928 4.64038 2.2895 6.27133 7.19371 7.01468 6.1754 8.73576 6.26455 4.93305 3.01429 6.6163 5.43791 5.29248 3.998 9.1563 4.83261 1.87217 3.29957
threshold=1.0000000180025095e-35 -7.5125064849853507 0.00075226789808231222 -0.064914468675851808 14.500000000000002 13.859466075897219 -0.1333832964301109 -0.25888420641422266 0.40330043435096746 -23.134503364562985 2.5000000000000004 0.18658515065908435 0.7075285315513612 0.046260435134172447 -0.15907365083694455 -0.23012874275445935 -724.15209960937489 0.17463675141334536 0.40819515287876135 0.4563125222921372 0.036657940596342094 -0.11674600094556807 -100.78845596313475 -0.36788189411163325 0.14139872044324878 1.0000000180025095e-35 0.4731090664863587 -0.25888420641422266 -27.238594055175778 -0.063224941492080675
decision_type=2 2 2 2 2 2 2 2 2 2 2 2 2 2 2 2 2 2 2 2 2 2 2 2 2 2 2 2 2 2
left_child=1 9 3 7 -5 6 -4 -3 -7 28 12 -12 -11 21 15 20 -17 19 -19 -16 -15 22 23 -2 -24 27 -27 -23 -1 -30
right_child=13 2 5 4 -6 8 -8 -9 -10 10 11 -13 -14 14 17 16 -18 18 -20 -21 -22 25 24 -25 -26 26 -28 -29 29 -31
leaf_value=-1.7551721615285283e-05 -3.0628195290337801e-05 1.7773939062999273e-07 -7.8917853845344667e-08 -8.1332212222681962e-08 -1.8484419986192858e-05 -8.1332212222681962e-08 -8.1332212222681962e-08 -8.1332212222681962e-08 -8.1332212222681962e-08 -8.1332212222681962e-08 -8.1332212222681962e-08 -8.1332212222681962e-08 -1.0917001996104319e-05 -0.0012734410725554414 -0.00012007473159819857 0.0014635534882810411 -0.00028863534208225058 0.00066783918795209067 -0.00058053159457048607 0.00076160816635087577 -0.00074711497066508184 4.2337796052077485e-05 4.0747291721160084e-06 0.00037459653920412578 -0.0026493717309166659 7.9496727112545953e-05 -0.00028153582388627693 -3.2314361269863284e-05 -2.2775163273190559e-05 2.3904217627507575e-05
leaf_weight=9305 892 794 2192 14988 1771 12617 7137 5344 208 1769 3508 199 140 169 9723 240 1114 2093 363 266 150 17105 5794 1968 32 10651 692 41640 322 655
leaf_count=9305 892 794 2192 14988 1771 12617 7137 5344 208 1769 3508 199 140 169 9723 240 1114 2093 363 266 150 17105 5794 1968 32 10651 692 41640 322 655
internal_value=-0.00262105 -0.00653784 -0.0084199 -0.012946 -0.0155603 -0.00374199 -0.00673438 -0.00580808 -0.0015653 -0.00120455 -0.00320513 -0.00182762 -0.00588004 -5.11347e-05 -0.000637484 -0.00351166 -0.00192024 -0.000251105 0.00199511 -0.000803384 -0.0102665 5.39518e-05 0.000932535 0.0029021 -3.43289e-05 -5.49309e-05 0.000804461 -0.00022087 -0.000111846 0.00197032
internal_weight=153841 60949 45051 22897 16759 22154 9329 6138 12825 15898 5616 3707 1909 92892 14118 1673 1354 12445 2456 9989 319 78774 8686 2860 5826 70088 11343 58745 10282 977
internal_count=153841 60949 45051 22897 16759 22154 9329 6138 12825 15898 5616 3707 1909 92892 14118 1673 1354 12445 2456 9989 319 78774 8686 2860 5826 70088 11343 58745 10282 977
is_linear=0
shrinkage=0.05


Tree=182
num_leaves=31
num_cat=0
split_feature=4 13 13 13 32 13 3 3 13 2 3 25 2 8 39 38 13 13 37 11 38 11 2 7 11 13 11 3 25 38
split_gain=614.421 250.722 381.542 170.908 145.86 57.7199 20.0215 15.416 11.0785 10.29 7.84462 7.00802 6.84557 2.3197 7.71434 6.64027 5.96795 8.31909 5.33782 5.19207 2.80885 4.34814 4.77995 3.26912 4.49198 3.12011 3.00938 2.5061 1.89246 1.74643
threshold=1.0000000180025095e-35 -7.5125064849853507 0.00075226789808231222 -0.064914468675851808 14.500000000000002 13.859466075897219 -0.1333832964301109 -0.25888420641422266 -23.134503364562985 0.67617648839950573 -0.11051172763109206 1.0000000180025095e-35 0.0060130511410534391 0.046260435134172447 -1.6657541394233701 0.23813173174858096 -217.27296447753903 14.913418769836428 1.0000000180025095e-35 0.2143717706203461 -0.1715494021773338 0.23356410861015323 0.33917412161827093 0.17281839996576312 0.32250703871250158 34245.873046875007 0.3305898010730744 -0.32882358133792872 2.3506062030792241 -0.07098848000168799
decision_type=2 2 2 2 2 2 2 2 2 2 2 2 2 2 2 2 2 2 2 2 2 2 2 2 2 2 2 2 2 2
left_child=1 8 3 7 -5 6 -4 -3 28 -7 12 -12 -10 20 15 19 18 -18 -16 -15 21 22 -2 25 -25 -22 -23 -17 29 -1
right_child=13 2 5 4 -6 9 -8 -9 10 -11 11 -13 -14 14 16 27 17 -19 -20 -21 23 26 -24 24 -26 -27 -28 -29 -30 -31
leaf_value=-3.5862416126469562e-05 -2.4485463084089613e-06 1.688524210984931e-07 -7.4971961153077444e-08 -7.7265601611547869e-08 -1.7560198986883216e-05 -7.7265601611547869e-08 -7.7265601611547869e-08 -7.7265601611547869e-08 -7.7265601611547869e-08 -7.7265601611547869e-08 -7.7265601611547869e-08 -7.7265601611547869e-08 0.00032402692059139862 -0.00015678482266652104 -3.1953814940212206e-05 -0.00027265394952913916 -0.00033413288737804269 1.1502147853637881e-05 0.00071759170106888183 -0.00053970674169254629 -3.9844955913732539e-06 0.00086060613238700303 -0.00070594026286552249 -0.0010049521272523093 0.0043439110351988497 0.0014105759228494438 0.00017606811210597544 0.00076628216667772031 -7.1440601239378712e-05 4.3251751068796461e-06
leaf_weight=1320 1473 794 2192 14988 1771 12498 7137 5344 1118 327 136 3450 912 972 2086 131 2426 5726 1794 774 73582 284 138 33 103 294 2867 209 74 8888
leaf_count=1320 1473 794 2192 14988 1771 12498 7137 5344 1118 327 136 3450 912 972 2086 131 2426 5726 1794 774 73582 284 138 33 103 294 2867 209 74 8888
internal_value=-0.0026139 -0.00651487 -0.0084199 -0.012946 -0.0155603 -0.00374199 -0.00673438 -0.00580808 -0.00111649 -0.0015653 -0.00290242 -0.00430842 -0.000418719 -5.43642e-05 -0.000644567 -0.00345158 -0.000157912 -0.000926153 0.00145619 -0.00469645 5.14129e-05 0.00122848 -0.000884544 -2.43204e-05 0.00772059 -3.85782e-05 0.00230879 0.00294118 -0.000141023 -8.3268e-05
internal_weight=153841 60949 45051 22897 16759 22154 9329 6138 15898 12825 5616 3586 2030 92892 14118 2086 12032 8152 3880 1746 78774 4762 1611 74012 136 73876 3151 340 10282 10208
internal_count=153841 60949 45051 22897 16759 22154 9329 6138 15898 12825 5616 3586 2030 92892 14118 2086 12032 8152 3880 1746 78774 4762 1611 74012 136 73876 3151 340 10282 10208
is_linear=0
shrinkage=0.05


Tree=183
num_leaves=31
num_cat=0
split_feature=4 13 13 13 32 13 3 3 1 13 3 1 3 4 13 34 9 18 11 7 13 0 0 10 21 32 21 22 3 22
split_gain=615.665 249.136 381.361 170.804 146.403 57.7199 20.0215 15.416 13.9816 11.4715 7.25986 6.14728 5.69197 2.21606 5.66447 4.75512 4.27368 3.72561 2.62049 2.60153 2.50877 4.67113 4.95401 2.17302 2.12933 6.66144 6.24978 1.93501 6.97277 2.65819
threshold=1.0000000180025095e-35 -7.5125064849853507 0.00075226789808231222 -0.064914468675851808 14.500000000000002 13.859466075897219 -0.1333832964301109 -0.25888420641422266 0.40330043435096746 -23.134503364562985 -0.11051172763109206 -0.1366249620914459 -1.3293060660362241 65.325000762939467 -105.83760833740233 5.0000000000000009 0.17809122800827029 44851.591796875007 0.052702799439430244 0.046447684988379485 34245.873046875007 -0.05569826811552047 0.1086518131196499 0.23207852989435199 0.72499999403953563 14.500000000000002 0.22500000149011615 0.045210551470518119 0.011267112568020822 0.066147454082965865
decision_type=2 2 2 2 2 2 2 2 2 2 2 2 2 2 2 2 2 2 2 2 2 2 2 2 2 2 2 2 2 2
left_child=1 9 3 7 -5 6 -4 -3 -7 27 12 -12 -11 20 17 19 -17 18 -15 -16 24 23 -23 -22 26 -26 -2 28 -1 -29
right_child=13 2 5 4 -6 8 -8 -9 -10 10 11 -13 -14 14 15 16 -18 -19 -20 -21 21 22 -24 -25 25 -27 -28 29 -30 -31
leaf_value=-7.8214347325322129e-05 -2.4311577196420818e-05 1.6040980004356844e-07 -7.1223363095423564e-08 -7.3402321530970462e-08 -1.6682189037539054e-05 -7.3402321530970462e-08 -7.3402321530970462e-08 -7.3402321530970462e-08 -7.3402321530970462e-08 -5.0369746679163518e-05 -7.3402321530970462e-08 -7.3402321530970462e-08 4.6838116766311146e-07 0.00189984533021898 1.652485584472966e-05 0.0022663884038201564 -0.0019273579488213997 0.002746230728888811 -7.338817610726638e-05 -0.00035301876462473151 0.0010146752203822166 -0.00071693475765145093 0.0014983938815571812 0.0047835948718380015 -3.1969496655952921e-05 0.00019397878002812616 7.5605325037172327e-05 1.8022276537327483e-05 1.9431391086373759e-05 -7.6204512602021164e-06
leaf_weight=184 22256 794 2192 14988 1771 12617 7137 5344 208 132 869 2717 1898 67 202 137 40 36 195 964 30 149 290 42 44685 4423 19376 345 67 9686
leaf_count=184 22256 794 2192 14988 1771 12617 7137 5344 208 132 869 2717 1898 67 202 137 40 36 195 964 30 149 290 42 44685 4423 19376 345 67 9686
internal_value=-0.00261488 -0.0065198 -0.00841879 -0.0129438 -0.0155573 -0.00374199 -0.00673438 -0.00580808 -0.0015653 -0.00113851 -0.00295584 -0.00430842 -0.000566502 -5.27494e-05 -0.00187386 -0.00325763 0.00437853 0.00436242 0.00229008 -0.00441681 -1.99998e-05 0.00347358 0.00153759 0.0152778 -3.96738e-05 -0.000262686 0.000223386 -0.000145886 -0.00448207 -3.73841e-05
internal_weight=153841 60949 45051 22897 16759 22154 9329 6138 12825 15898 5616 3586 2030 92892 1641 1343 177 298 262 1166 91251 511 439 72 90740 49108 41632 10282 251 10031
internal_count=153841 60949 45051 22897 16759 22154 9329 6138 12825 15898 5616 3586 2030 92892 1641 1343 177 298 262 1166 91251 511 439 72 90740 49108 41632 10282 251 10031
is_linear=0
shrinkage=0.05


Tree=184
num_leaves=31
num_cat=0
split_feature=4 13 13 13 3 13 3 3 1 13 3 25 2 4 25 13 3 38 10 13 0 0 10 39 13 38 25 1 1 38
split_gain=612 250.188 380.276 170.177 67.0017 57.7199 20.0215 15.416 13.9816 11.7511 7.25986 7.00802 6.09576 2.26957 5.17237 4.91839 2.94669 2.67297 2.41474 2.3817 4.74889 4.8029 2.17302 2.13138 6.85523 3.08571 1.90635 2.00552 1.63514 1.34108
threshold=1.0000000180025095e-35 -7.5125064849853507 0.00075226789808231222 -0.064914468675851808 -0.17448676377534864 13.859466075897219 -0.1333832964301109 -0.25888420641422266 0.40330043435096746 -23.134503364562985 -0.11051172763109206 1.0000000180025095e-35 0.0060130511410534391 65.325000762939467 0.044103698804974563 -2971.9387207031245 0.42583008110523229 -0.16526748985052106 0.024492664262652401 34245.873046875007 -0.05569826811552047 0.1086518131196499 0.23207852989435199 -0.68135905265808094 106.24657440185548 0.097845792770385756 2.3506062030792241 0.01248703431338072 -0.73218438029289235 0.41058568656444555
decision_type=2 2 2 2 2 2 2 2 2 2 2 2 2 2 2 2 2 2 2 2 2 2 2 2 2 2 2 2 2 2
left_child=1 9 3 7 -5 6 -4 -3 -7 26 12 -12 -11 19 17 -16 -17 18 -15 23 22 -22 -21 24 -2 -25 27 -1 -28 -19
right_child=13 2 5 4 -6 8 -8 -9 -10 10 11 -13 -14 14 15 16 -18 29 -20 20 21 -23 -24 25 -26 -27 28 -29 -30 -31
leaf_value=7.7005867962448437e-06 -6.1383376993504399e-05 1.5238931004139002e-07 -6.7662194940652392e-08 -6.9732205454421934e-08 -6.9732205454421934e-08 -6.9732205454421934e-08 -6.9732205454421934e-08 -6.9732205454421934e-08 -6.9732205454421934e-08 -9.6821379914126045e-08 -6.9732205454421934e-08 -6.9732205454421934e-08 0.00030780215550344549 0.00036237583085421828 0.0022893366380227135 -0.00024229806101557611 -0.0010618584236095931 -5.3336842756871503e-05 0.0036550304718246831 0.00096394145936310599 -0.00068108801976887842 0.0014234741874793223 0.0045444151282460999 1.8072582069400545e-05 6.7351875149877357e-05 -5.9584075958780529e-05 -6.7487548614399677e-05 -2.4629599355431751e-05 -0.00016529081772574157 0.00070166584085282842
leaf_weight=8327 18410 794 2192 1887 14872 12617 7137 5344 208 1118 136 3450 912 67 47 1091 57 284 45 30 149 290 42 58000 8382 5948 37 1881 37 50
leaf_count=8327 18410 794 2192 1887 14872 12617 7137 5344 208 1118 136 3450 912 67 47 1091 57 284 45 30 149 290 42 58000 8382 5948 37 1881 37 50
internal_value=-0.00261585 -0.00650913 -0.00841213 -0.0129307 -0.0155394 -0.00374199 -0.00673438 -0.00580808 -0.0015653 -0.00111649 -0.00295584 -0.00430842 -0.000566502 -6.13616e-05 -0.00190433 -0.00361925 -0.00426829 0.00269058 0.009375 -2.82189e-05 0.00337573 0.00142369 0.0152778 -4.73881e-05 -0.000421768 0.000109464 -0.000111846 -5.38793e-05 -0.00810811 0.000449102
internal_weight=153841 60949 45051 22897 16759 22154 9329 6138 12825 15898 5616 3586 2030 92892 1641 1195 1148 446 112 91251 511 439 72 90740 26792 63948 10282 10208 74 334
internal_count=153841 60949 45051 22897 16759 22154 9329 6138 12825 15898 5616 3586 2030 92892 1641 1195 1148 446 112 91251 511 439 72 90740 26792 63948 10282 10208 74 334
is_linear=0
shrinkage=0.05


Tree=185
num_leaves=31
num_cat=0
split_feature=4 13 13 13 32 13 3 3 1 13 3 25 2 8 39 34 13 1 13 10 38 34 1 13 13 38 25 1 25 2
split_gain=607.008 247.733 375.993 166.958 147.677 57.9161 20.3572 15.416 14.024 11.9461 7.1646 7.00802 5.97502 2.17639 6.6362 6.76133 4.58722 7.5069 7.2643 4.24751 3.66876 2.78311 11.7781 13.8919 13.3868 2.54653 6.10919 3.58784 1.91331 1.80487
threshold=1.0000000180025095e-35 -7.5125064849853507 0.00075226789808231222 -0.064914468675851808 14.500000000000002 13.859466075897219 -0.1333832964301109 -0.25888420641422266 0.40330043435096746 -23.134503364562985 -0.11051172763109206 1.0000000180025095e-35 0.0060130511410534391 0.045607540756464011 -1.6657541394233701 3.5000000000000004 -217.27296447753903 -1.4161473512649534 96.00717926025392 0.42873525619506841 -0.57218551635742176 5.0000000000000009 -0.50119248032569874 -437.85166931152338 -286.30595397949213 -0.16173593699932096 0.29224318265914923 -2.0014209747314449 2.3506062030792241 0.018542494624853138
decision_type=2 2 2 2 2 2 2 2 2 2 2 2 2 2 2 2 2 2 2 2 2 2 2 2 2 2 2 2 2 2
left_child=1 9 3 7 -5 6 -4 -3 -7 28 12 -12 -11 21 15 19 17 -16 -18 -15 -17 25 24 -24 -23 26 -2 -27 29 -1
right_child=13 2 5 4 -6 8 -8 -9 -10 10 11 -13 -14 14 16 20 18 -19 -20 -21 -22 22 23 -25 -26 27 -28 -29 -30 -31
leaf_value=2.129204338683579e-05 2.6924117067978275e-05 1.4476984453932052e-07 -6.4279085193619761e-08 -6.6245595181700846e-08 -1.5844592975389381e-05 -6.6245595181700846e-08 -6.6245595181700846e-08 -6.6245595181700846e-08 -6.6245595181700846e-08 -9.1980310918419739e-08 -6.6245595181700846e-08 -6.6245595181700846e-08 0.00029241204772827324 -7.9987112964217792e-05 0.0027429061691754313 0.00064567949471543498 -0.00025922569094805683 0.00010961156013128554 5.9276545467515726e-05 -0.00077385907747670876 -0.00061276385714089667 0.00038801664500645041 -0.00053042251418111903 0.0010597579354301237 -0.00080415589186070755 -0.00029160148566215497 0.00056780373690319794 -2.1805700012384604e-06 -6.4113171183679686e-05 -1.6305343088851332e-05
leaf_weight=3751 4229 794 2192 14988 1771 12617 7137 5344 208 1118 136 3450 912 1445 344 64 3356 3635 5004 49 583 328 279 1062 405 1151 763 70195 74 6457
leaf_count=3751 4229 794 2192 14988 1771 12617 7137 5344 208 1118 136 3450 912 1445 344 64 3356 3635 5004 49 583 328 279 1062 405 1151 763 70195 74 6457
internal_value=-0.00259895 -0.00647632 -0.00836996 -0.012863 -0.0154469 -0.00372619 -0.00672366 -0.00580808 -0.00154581 -0.0011102 -0.00296474 -0.00430842 -0.000591133 -5.49025e-05 -0.000618094 -0.00318776 -0.000172218 0.00122518 -0.000837321 -0.00133869 -0.0074575 4.90996e-05 0.00185632 0.00464206 -0.00324011 0 0.00109175 -7.63883e-05 -9.72573e-05 -3.9185e-05
internal_weight=153841 60949 45051 22897 16759 22154 9329 6138 12825 15898 5616 3586 2030 92892 14480 2141 12339 3979 8360 1494 647 78412 2074 1341 733 76338 4992 71346 10282 10208
internal_count=153841 60949 45051 22897 16759 22154 9329 6138 12825 15898 5616 3586 2030 92892 14480 2141 12339 3979 8360 1494 647 78412 2074 1341 733 76338 4992 71346 10282 10208
is_linear=0
shrinkage=0.05


Tree=186
num_leaves=31
num_cat=0
split_feature=4 13 13 13 32 13 3 3 1 13 3 25 3 4 38 34 38 14 10 22 34 38 21 21 15 38 3 25 22 22
split_gain=607.575 246.8 375.813 166.854 148.224 57.9161 20.3572 15.416 14.024 12.361 6.69774 7.00802 5.52564 2.10686 4.91534 7.19939 4.25663 9.11517 3.91037 3.6797 6.02547 6.39649 3.62625 7.01052 6.0586 3.4075 3.0643 1.91564 3.04964 1.85511
threshold=1.0000000180025095e-35 -7.5125064849853507 0.00075226789808231222 -0.064914468675851808 14.500000000000002 13.859466075897219 -0.1333832964301109 -0.25888420641422266 0.40330043435096746 -23.134503364562985 -0.11051172763109206 1.0000000180025095e-35 -1.3293060660362241 8.1250000000000018 -0.33495599031448359 1.0000000180025095e-35 0.36682778596878057 1.0000000180025095e-35 0.48653183877468115 1.6626445651054385 2.5000000000000004 -0.069789219647645936 0.57500001788139354 0.22500000149011615 -0.74650064110755909 0.079529050737619414 -1.8692067265510557 2.3506062030792241 1.2157527804374697 0.19166000187397006
decision_type=2 2 2 2 2 2 2 2 2 2 2 2 2 2 2 2 2 2 2 2 2 2 2 2 2 2 2 2 2 2
left_child=1 9 3 7 -5 6 -4 -3 -7 27 12 -12 -11 14 15 -2 25 -18 -17 22 26 -22 23 -15 -24 -16 -21 29 -29 -1
right_child=13 2 5 4 -6 8 -8 -9 -10 10 11 -13 -14 19 16 18 17 -19 -20 20 21 -23 24 -25 -26 -27 -28 28 -30 -31
leaf_value=-1.5541426120072929e-05 -0.00062435894280524901 1.3753135231235449e-07 -6.1065130933938785e-08 -6.2933315422615803e-08 -1.5052363326619913e-05 -6.2933315422615803e-08 -6.2933315422615803e-08 -6.2933315422615803e-08 -6.2933315422615803e-08 -7.4911603304047983e-05 -6.2933315422615803e-08 -6.2933315422615803e-08 -8.3343766346739945e-08 -2.877763107595015e-05 3.0108328485136014e-05 -0.00031717563450091302 0.0011006813604932581 -0.00093637704581578081 0.00054409984909829583 0.00030740998642365752 -0.0027712164260029477 0.003578952423784078 3.6684838739421865e-05 0.00014196610407856449 -7.3138097286693922e-05 -7.7276976885919281e-05 -0.00068587153712682534 0.0002605112113116438 -6.0907512624495707e-05 1.8614748568097592e-05
leaf_weight=4022 103 794 2192 14988 1771 12617 7137 5344 208 132 136 3450 1898 12167 34705 223 178 32 39 43 34 65 8865 8254 24422 3490 272 40 34 6186
leaf_count=4022 103 794 2192 14988 1771 12617 7137 5344 208 132 136 3450 1898 12167 34705 223 178 32 39 43 34 65 8865 8254 24422 3490 272 40 34 6186
internal_value=-0.0025996 -0.00647878 -0.00836885 -0.0128609 -0.0154439 -0.00372619 -0.00672366 -0.00580808 -0.00154581 -0.00112278 -0.00300926 -0.00430842 -0.000714286 -5.43642e-05 0.00022698 -0.00554795 0.000281864 0.00738095 -0.00114504 -0.000255903 -0.00495169 0.00580808 -0.000219707 0.000304833 -0.000541503 0.000242833 -0.00833333 -9.23945e-05 -0.00810811 -3.42868e-05
internal_weight=153841 60949 45051 22897 16759 22154 9329 6138 12825 15898 5616 3586 2030 92892 38770 365 38405 210 262 54122 414 99 53708 20421 33287 38195 315 10282 74 10208
internal_count=153841 60949 45051 22897 16759 22154 9329 6138 12825 15898 5616 3586 2030 92892 38770 365 38405 210 262 54122 414 99 53708 20421 33287 38195 315 10282 74 10208
is_linear=0
shrinkage=0.05


Tree=187
num_leaves=25
num_cat=0
split_feature=4 13 13 13 32 13 3 3 13 2 3 25 3 24 3 2 20 39 25 2 13 25 4 2
split_gain=602.267 244.462 376.455 165.795 153.548 56.9177 22.4305 15.3774 12.361 10.3819 6.69774 7.00802 5.52564 2.00986 1.96941 2.2115 4.7619 1.93766 1.91564 1.88956 1.69704 1.34847 1.14872 0.540896
threshold=1.0000000180025095e-35 -7.5125064849853507 0.00075226789808231222 -0.064914468675851808 14.500000000000002 13.859466075897219 -0.1333832964301109 -0.25888420641422266 -23.134503364562985 0.67617648839950573 -0.11051172763109206 1.0000000180025095e-35 -1.3293060660362241 1.0000000180025095e-35 0.50493973493576061 0.80164751410484325 -1.0000000180025095e-35 -0.35300403833389277 2.3506062030792241 0.78842890262603771 -27.238594055175778 0.22597272694110873 11.72499990463257 -0.018622671253979203
decision_type=2 2 2 2 2 2 2 2 2 2 2 2 2 2 2 2 2 2 2 2 2 2 2 2
left_child=1 8 3 7 -5 6 -4 -3 18 -7 12 -12 -10 22 15 17 -17 -15 20 21 -1 -16 -2 -20
right_child=13 2 5 4 -6 9 -8 -9 10 -11 11 -13 -14 14 19 16 -18 -19 23 -21 -22 -23 -24 -25
leaf_value=-1.3396309633090135e-05 -0.00012620266071408634 1.3065478469673676e-07 -5.8011874387241841e-08 -5.9786649651485004e-08 -1.4299745160288916e-05 -5.9786649651485004e-08 -5.9786649651485004e-08 -5.9786649651485004e-08 -7.1166023138845579e-05 -5.9786649651485004e-08 -5.9786649651485004e-08 -5.9786649651485004e-08 -7.9176578029402948e-08 -2.2901207302567774e-05 -0.00021053617342232613 2.4896230852490587e-05 -0.00071068147039529206 9.4446151851975947e-06 -3.0856434625138238e-05 6.0878269390698756e-05 1.3962989604707948e-05 -0.00084278767216079014 -0.00051048352498843613 -5.7862136993270924e-05
leaf_weight=9234 30 794 2192 14988 1771 12498 7137 5344 132 327 136 3450 1898 30753 68 228 133 61560 36 38 974 47 35 38
leaf_count=9234 30 794 2192 14988 1771 12498 7137 5344 132 327 136 3450 1898 30753 68 228 133 61560 36 38 974 47 35 38
internal_value=-0.00259115 -0.00645335 -0.00833444 -0.0128303 -0.0154052 -0.00368782 -0.00665934 -0.00579993 -0.00112278 -0.00152632 -0.00300926 -0.00430842 -0.000714286 -5.70555e-05 -5.09011e-05 -4.15435e-05 -0.00394737 -2.62693e-05 -9.23945e-05 -0.00571895 -3.42868e-05 -0.00891304 -0.00884615 -0.00810811
internal_weight=153841 60949 45051 22897 16759 22154 9329 6138 15898 12825 5616 3586 2030 92892 92827 92674 361 92313 10282 153 10208 115 65 74
internal_count=153841 60949 45051 22897 16759 22154 9329 6138 15898 12825 5616 3586 2030 92892 92827 92674 361 92313 10282 153 10208 115 65 74
is_linear=0
shrinkage=0.05


Tree=188
num_leaves=26
num_cat=0
split_feature=4 13 13 13 13 0 1 13 14 24 24 1 25 24 4 2 1 22 13 21 1 25 22 22 4
split_gain=603.17 243.873 375.556 165.28 56.9177 41.3446 14.0665 12.2036 12.0405 7.84123 6.53334 7.2674 5.05674 2.01356 1.99585 3.11931 5.37572 3.22395 2.90505 6.68313 3.33047 1.91099 3.04964 1.70446 1.14872
threshold=1.0000000180025095e-35 -7.5125064849853507 0.00075226789808231222 -0.064914468675851808 13.859466075897219 -0.57267144322395314 0.40330043435096746 -23.134503364562985 1.0000000180025095e-35 1.5000000000000002 1.5000000000000002 0.17574552446603778 1.0000000180025095e-35 1.0000000180025095e-35 3.4250000715255742 -0.2910610288381576 -0.83055493235588063 0.79644945263862621 -229.17455291748044 0.97499999403953563 -2.4581794738769527 2.3506062030792241 1.2157527804374697 0.19166000187397006 11.72499990463257
decision_type=2 2 2 2 2 2 2 2 2 2 2 2 2 2 2 2 2 2 2 2 2 2 2 2 2
left_child=1 7 3 9 8 -5 -6 21 -4 -3 12 -12 -9 24 18 16 -16 -17 19 -15 -20 23 -23 -1 -2
right_child=13 2 4 5 6 -7 -8 10 -10 -11 11 -13 -14 14 15 17 -18 -19 20 -21 -22 22 -24 -25 -26
leaf_value=-1.4795642381470218e-05 -0.00011989252767838202 -5.6797317168910758e-08 -5.6797317168910758e-08 6.4803428491235384e-06 -5.6797317168910758e-08 -5.6797317168910758e-08 -5.6797317168910758e-08 -5.6797317168910758e-08 -2.0315055668367131e-05 -5.6797317168910758e-08 -5.6797317168910758e-08 -5.6797317168910758e-08 -5.6797317168910758e-08 0.00034332552053931105 -7.0289590103176166e-05 -1.1085106873716909e-05 -0.00040518634780473025 0.00013511885310509738 -0.0004222150448126662 -5.9856554709684061e-05 1.642299265557541e-05 0.00024970361503652187 -5.4969030143607372e-05 1.8353826621347213e-05 -0.00048495934873901431
leaf_weight=4022 30 1054 8352 308 12617 16451 208 71 977 5084 4541 337 667 1761 2999 70026 741 4799 334 1312 10855 40 34 6186 35
leaf_count=4022 30 1054 8352 308 12617 16451 208 71 977 5084 4541 337 667 1761 2999 70026 741 4799 334 1312 10855 40 34 6186 35
internal_value=-0.00258497 -0.00645006 -0.00832889 -0.0128194 -0.00368782 -0.0153902 -0.00152632 -0.00112593 -0.00665934 -0.00579993 -0.00300036 -0.00233702 -0.00738482 -4.89816e-05 -4.28216e-05 -0.000141602 -0.0015508 -7.11661e-05 0.000501332 0.001863 0.000127357 -0.00010212 -0.00810811 -4.40831e-05 -0.00884615
internal_weight=153841 60949 45051 22897 22154 16759 12825 15898 9329 6138 5616 4878 738 92892 92827 78565 3740 74825 14262 3073 11189 10282 74 10208 65
internal_count=153841 60949 45051 22897 22154 16759 12825 15898 9329 6138 5616 4878 738 92892 92827 78565 3740 74825 14262 3073 11189 10282 74 10208 65
is_linear=0
shrinkage=0.05


Tree=189
num_leaves=26
num_cat=0
split_feature=4 13 13 13 3 13 3 3 1 13 3 25 2 24 2 8 13 2 3 8 3 25 22 2 4
split_gain=602.035 244.136 376.485 165.28 78.8322 56.3249 22.1596 15.3774 14.0665 12.3268 6.78985 7.00802 5.29676 2.0138 2.00621 4.29011 3.46049 2.25142 5.95017 3.00989 2.21447 1.91796 3.04964 1.60472 1.14872
threshold=1.0000000180025095e-35 -7.5125064849853507 0.00075226789808231222 -0.064914468675851808 -0.17448676377534864 13.859466075897219 -0.1333832964301109 -0.25888420641422266 0.40330043435096746 -23.134503364562985 -0.11051172763109206 1.0000000180025095e-35 0.0060130511410534391 1.0000000180025095e-35 0.65442737936973583 0.12563631683588031 14137.622558593752 0.55647179484367382 -0.037573305889964097 0.13912878930568698 -0.42172704637050623 2.3506062030792241 1.2157527804374697 0.018542494624853138 11.72499990463257
decision_type=2 2 2 2 2 2 2 2 2 2 2 2 2 2 2 2 2 2 2 2 2 2 2 2 2
left_child=1 9 3 7 -5 6 -4 -3 -7 21 12 -12 -11 24 17 16 -16 19 -19 -15 -17 23 -23 -1 -2
right_child=13 2 5 4 -6 8 -8 -9 -10 10 11 -13 -14 14 15 20 -18 18 -20 -21 -22 22 -24 -25 -26
leaf_value=1.9142947676543e-05 -0.00011389790129446294 1.2696191132034544e-07 -5.2271414809434212e-08 -5.3957451310465216e-08 -5.3957451310465216e-08 -5.3957451310465216e-08 -5.3957451310465216e-08 -5.3957451310465216e-08 -5.3957451310465216e-08 -7.6415412295246064e-08 -5.3957451310465216e-08 -5.3957451310465216e-08 0.00027780241122493681 -1.7717140808060084e-07 -7.4321206552484991e-05 -0.00037255698902578658 -0.0017093701093001861 0.0016680572515348686 -2.3991571432471252e-05 -0.00058109600654623363 0.0017641542674306692 0.00023721843428469575 -5.2220578636427006e-05 -1.507045629896869e-05 -0.00046071138130206364
leaf_weight=3751 30 794 2192 1887 14872 12617 7137 5344 208 1118 136 3450 912 86240 3542 55 77 685 1250 871 107 40 34 6457 35
leaf_count=3751 30 794 2192 1887 14872 12617 7137 5344 208 1118 136 3450 912 86240 3542 55 77 685 1250 871 107 40 34 6457 35
internal_value=-0.00258205 -0.0064435 -0.00832334 -0.0128194 -0.0153902 -0.00367654 -0.00663254 -0.00579993 -0.00152632 -0.00111649 -0.00300036 -0.00430842 -0.000689655 -4.84434e-05 -4.2283e-05 -0.00117033 -0.00152666 5.61508e-06 0.00169251 -3.18559e-05 0.00679012 -8.75316e-05 -0.00810811 -2.93887e-05 -0.00884615
internal_weight=153841 60949 45051 22897 16759 22154 9329 6138 12825 15898 5616 3586 2030 92892 92827 3781 3619 89046 1935 87111 162 10282 74 10208 65
internal_count=153841 60949 45051 22897 16759 22154 9329 6138 12825 15898 5616 3586 2030 92892 92827 3781 3619 89046 1935 87111 162 10282 74 10208 65
is_linear=0
shrinkage=0.05


Tree=190
num_leaves=31
num_cat=0
split_feature=4 13 13 13 32 13 3 3 13 0 24 3 25 3 0 21 4 25 13 7 38 10 32 13 10 0 0 32 3 21
split_gain=604.18 242.859 376.485 165.28 156.346 56.3249 22.1596 15.3774 12.1967 10.9881 6.7099 7.65242 5.00287 1.95272 4.20046 2.46165 1.88488 4.76898 3.55345 3.58489 2.67297 2.41474 2.25874 2.0941 4.45869 4.43848 3.72824 1.94066 12.8734 3.65134
threshold=1.0000000180025095e-35 -7.5125064849853507 0.00075226789808231222 -0.064914468675851808 14.500000000000002 13.859466075897219 -0.1333832964301109 -0.25888420641422266 -23.134503364562985 0.55615735054016124 1.5000000000000002 0.35972993075847631 1.0000000180025095e-35 -1.7320105433464048 -1.7402585148811338 0.32500000298023229 65.325000762939467 0.044103698804974563 -1262.2508544921873 0.061195068061351783 -0.16526748985052106 0.024492664262652401 2.5000000000000004 34245.873046875007 0.21280190348625186 -0.05569826811552047 0.23521710187196734 14.500000000000002 -0.082226250320672975 0.72499999403953563
decision_type=2 2 2 2 2 2 2 2 2 2 2 2 2 2 2 2 2 2 2 2 2 2 2 2 2 2 2 2 2 2
left_child=1 8 3 7 -5 6 -4 -3 13 -7 12 -12 -10 15 -15 -1 23 20 -19 -20 21 -18 -22 27 26 -26 -25 29 -29 -2
right_child=16 2 5 4 -6 9 -8 -9 10 -11 11 -13 -14 14 -16 -17 17 18 19 -21 22 -23 -24 24 25 -27 -28 28 -30 -31
leaf_value=-5.4673479946961524e-05 1.6745674383632921e-05 1.2061381575432817e-07 -4.9657844068962501e-08 -5.1259578744941954e-08 -1.3579220163850502e-05 -5.1259578744941954e-08 -5.1259578744941954e-08 -5.1259578744941954e-08 -5.1259578744941954e-08 -5.1259578744941954e-08 -5.1259578744941954e-08 -5.1259578744941954e-08 -5.1259578744941954e-08 0.0031496121508093572 5.08247670457103e-07 7.1791617765567126e-05 0.00029279890724862869 0.0010326317302872697 5.392254712361966e-06 -0.00045722836887860394 8.6729229506321651e-05 0.0034208208161705701 -0.00048652960661322935 -0.00075285252323819348 0.0040383371383143352 0.0011069783457519967 0.0019996420863832172 0.00044904891226490512 -0.00011443482093953674 -3.121587100582569e-05
leaf_weight=380 38172 794 2192 14988 1771 12478 7137 5344 71 347 4590 288 667 40 9493 369 67 84 324 787 300 45 34 129 46 224 112 4125 3758 44685
leaf_count=380 38172 794 2192 14988 1771 12478 7137 5344 71 347 4590 288 667 40 9493 369 67 84 324 787 300 45 34 129 46 224 112 4125 3758 44685
internal_value=-0.0025801 -0.00644842 -0.00832334 -0.0128194 -0.0153902 -0.00367654 -0.00663254 -0.00579993 -0.00113536 -0.00152632 -0.00300926 -0.00233702 -0.00745257 -0.000111846 8.12965e-05 -0.00257009 -4.19842e-05 -0.00172151 -0.0033682 -0.00411791 0.00269058 0.009375 0.000449102 -1.17807e-05 0.00318004 0.00759259 -0.00176349 -2.97553e-05 0.000719904 -0.000101078
internal_weight=153841 60949 45051 22897 16759 22154 9329 6138 15898 12825 5616 4878 738 10282 9533 749 92892 1641 1195 1111 446 112 334 91251 511 270 241 90740 7883 82857
internal_count=153841 60949 45051 22897 16759 22154 9329 6138 15898 12825 5616 4878 738 10282 9533 749 92892 1641 1195 1111 446 112 334 91251 511 270 241 90740 7883 82857
is_linear=0
shrinkage=0.05


Tree=191
num_leaves=31
num_cat=0
split_feature=4 13 13 13 32 13 3 3 1 13 3 25 2 14 34 2 34 13 37 2 1 2 2 38 39 32 13 3 25 22
split_gain=602.421 242.959 377.979 165.561 156.346 55.4683 23.589 15.3388 14.075 12.361 6.69774 7.00802 5.18425 1.91605 11.3886 16.3127 12.7539 11.0015 8.21661 9.52941 4.80336 6.87458 10.9823 7.29236 6.51852 6.16811 6.03276 4.14593 1.91564 3.04964
threshold=1.0000000180025095e-35 -7.5125064849853507 0.00075226789808231222 -0.064914468675851808 14.500000000000002 13.859466075897219 -0.1333832964301109 -0.25888420641422266 0.40330043435096746 -23.134503364562985 -0.11051172763109206 1.0000000180025095e-35 0.0060130511410534391 -1.0000000180025095e-35 2.5000000000000004 0.39564776420593267 3.5000000000000004 -20.573104858398434 1.0000000180025095e-35 0.17729916423559192 -0.036902070045471184 0.1552090868353844 0.22522113472223285 -0.0085445949807763082 -3.6917821168899532 31.500000000000004 96.00717926025392 0.31943830847740179 2.3506062030792241 1.2157527804374697
decision_type=2 2 2 2 2 2 2 2 2 2 2 2 2 2 2 2 2 2 2 2 2 2 2 2 2 2 2 2 2 2
left_child=1 9 3 7 -5 6 -4 -3 -7 28 12 -12 -11 14 18 17 -17 -16 27 -20 21 23 -23 -15 26 -26 -22 -2 -1 -30
right_child=13 2 5 4 -6 8 -8 -9 -10 10 11 -13 -14 20 15 16 -18 -19 19 -21 24 22 -24 -25 25 -27 -28 -29 29 -31
leaf_value=-6.324854912325373e-07 -0.00022363492797964555 1.1458312496661177e-07 -4.7174951865514377e-08 -4.8696599807694862e-08 -1.290025915565798e-05 -4.8696599807694862e-08 -4.8696599807694862e-08 -4.8696599807694862e-08 -4.8696599807694862e-08 -7.0031662743236663e-08 -4.8696599807694862e-08 -4.8696599807694862e-08 0.0002639148536426272 -7.3792187509205754e-05 -6.7962003258010151e-05 0.004460260804439212 -0.00014169274905521251 0.00042974739317782549 0.00024140989186460912 -0.00010379446747695656 -9.0068223876430919e-06 0.00031126972399397445 4.1228355956365874e-07 1.8460328526251955e-05 -4.6162468633590602e-05 -0.00065450473742125013 0.0051702826157513232 0.00040093903557992296 0.00022355001593456032 -5.319913059288401e-05
leaf_weight=10208 1882 794 2192 14988 1771 12617 7137 5344 208 1118 136 3450 912 13896 3110 623 273 1673 2036 2422 70 4749 8058 32519 20658 744 65 114 40 34
leaf_count=10208 1882 794 2192 14988 1771 12617 7137 5344 208 1118 136 3450 912 13896 3110 623 273 1673 2036 2422 70 4749 8058 32519 20658 744 65 114 40 34
internal_value=-0.00257425 -0.00643694 -0.00831225 -0.0128172 -0.0153902 -0.00365622 -0.00658967 -0.00579179 -0.00152242 -0.00112278 -0.00300926 -0.00430842 -0.000714286 -3.98312e-05 0.000546031 0.00217908 0.00837054 0.00101923 -0.00089092 0.000302826 -0.00012785 0.000104691 0.00113024 -0.000178283 -0.000767284 -0.00083637 0.0101852 -0.00355711 -9.23945e-05 -0.00810811
internal_weight=153841 60949 45051 22897 16759 22154 9329 6138 12825 15898 5616 3586 2030 92892 12133 5679 896 4783 6454 4458 80759 59222 12807 46415 21537 21402 135 1996 10282 74
internal_count=153841 60949 45051 22897 16759 22154 9329 6138 12825 15898 5616 3586 2030 92892 12133 5679 896 4783 6454 4458 80759 59222 12807 46415 21537 21402 135 1996 10282 74
is_linear=0
shrinkage=0.05


Tree=192
num_leaves=31
num_cat=0
split_feature=4 13 13 13 32 13 3 3 1 13 3 24 34 4 38 34 10 1 7 34 25 1 0 3 7 22 38 13 0 21
split_gain=600.082 243.81 377.979 165.561 156.346 55.4683 23.589 15.3388 14.075 12.6442 6.73556 6.45367 5.34663 1.77045 4.65495 6.75838 3.91037 3.72292 5.75617 6.87279 4.05946 8.82134 5.28557 3.62724 3.58637 5.28545 3.49519 1.70533 3.21858 2.88284
threshold=1.0000000180025095e-35 -7.5125064849853507 0.00075226789808231222 -0.064914468675851808 14.500000000000002 13.859466075897219 -0.1333832964301109 -0.25888420641422266 0.40330043435096746 -23.134503364562985 -0.13065119087696073 1.5000000000000002 5.0000000000000009 8.1250000000000018 -0.33495599031448359 1.0000000180025095e-35 0.48653183877468115 -1.7091773152351377 0.14139872044324878 3.5000000000000004 0.23840752243995669 -0.014612573664635418 -1.0383247733116148 -1.8692067265510557 0.14139872044324878 0.92974010109901439 0.36682778596878057 -27.238594055175778 -0.063224941492080675 0.97499999403953563
decision_type=2 2 2 2 2 2 2 2 2 2 2 2 2 2 2 2 2 2 2 2 2 2 2 2 2 2 2 2 2 2
left_child=1 9 3 7 -5 6 -4 -3 -7 27 12 -12 -11 14 15 -2 -17 18 23 -20 22 -22 -19 -15 26 -26 -16 29 -29 -1
right_child=13 2 5 4 -6 8 -8 -9 -10 10 11 -13 -14 17 24 16 -18 20 19 -21 21 -23 -24 -25 25 -27 -28 28 -30 -31
leaf_value=8.5698793749590783e-06 -0.00060254516947160592 1.0885396871828117e-07 -4.481620427223866e-08 -4.6261769817310115e-08 -1.2255246197875081e-05 -4.6261769817310115e-08 -4.6261769817310115e-08 -4.6261769817310115e-08 -4.6261769817310115e-08 -6.3830145249200951e-08 -4.6261769817310115e-08 -4.6261769817310115e-08 -9.5951912692200994e-05 0.00035893270742019015 1.4369856127745903e-05 -0.00030834944558049836 0.0005435584958949014 0.0011310584724952926 -0.0011122839255031569 0.018705823194008233 9.2904811501944462e-05 -0.00012937340628460677 -3.4147186585762185e-05 -0.00068843416591828251 -0.00079005773085766978 0.0092786834440240235 0.00067534370180091828 -2.2943558047945433e-05 2.5143053703959506e-05 -5.0539174063239813e-05
leaf_weight=6235 103 794 2192 14988 1771 12617 7137 5344 208 1800 549 3212 55 80 38062 223 39 236 60 55 12376 3115 37802 398 49 84 210 322 655 3070
leaf_count=6235 103 794 2192 14988 1771 12617 7137 5344 208 1800 549 3212 55 80 38062 223 39 236 60 55 12376 3115 37802 398 49 84 210 322 655 3070
internal_value=-0.00257847 -0.00643366 -0.00831225 -0.0128172 -0.0153902 -0.00365622 -0.00658967 -0.00579179 -0.00152242 -0.0011102 -0.00301816 -0.00423425 -0.000552561 -4.89816e-05 0.000208924 -0.00541096 -0.00114504 -0.000233731 -0.00417369 0.00586957 -0.000190084 0.000492221 -0.000467953 -0.00658996 0.000262336 0.00845865 0.000233852 -6.80801e-05 0.00191914 -0.000276733
internal_weight=153841 60949 45051 22897 16759 22154 9329 6138 12825 15898 5616 3761 1855 92892 38770 365 262 54122 593 115 53529 15491 38038 478 38405 133 38272 10282 977 9305
internal_count=153841 60949 45051 22897 16759 22154 9329 6138 12825 15898 5616 3761 1855 92892 38770 365 262 54122 593 115 53529 15491 38038 478 38405 133 38272 10282 977 9305
is_linear=0
shrinkage=0.05


Tree=193
num_leaves=31
num_cat=0
split_feature=4 13 13 13 32 13 3 3 13 0 3 24 34 8 39 34 10 3 38 37 14 0 34 22 0 38 4 7 13 22
split_gain=600.221 244.876 377.979 165.561 156.346 55.4683 23.589 15.3388 12.8535 10.9979 6.73556 6.45367 5.34663 1.84287 5.87652 5.8633 5.9226 4.594 4.51669 4.31041 2.69318 6.33785 5.8294 4.39757 4.38556 8.25174 6.92958 1.83674 1.6646 8.40854
threshold=1.0000000180025095e-35 -7.5125064849853507 0.00075226789808231222 -0.064914468675851808 14.500000000000002 13.859466075897219 -0.1333832964301109 -0.25888420641422266 -23.134503364562985 0.55615735054016124 -0.13065119087696073 1.5000000000000002 5.0000000000000009 0.046260435134172447 -1.6657541394233701 5.0000000000000009 0.32484975457191473 0.38632884621620184 -0.57218551635742176 1.0000000180025095e-35 1.0000000180025095e-35 -0.32230573892593378 5.0000000000000009 0.32362638413906103 -0.14989548176527021 1.0000000180025095e-35 16.625000000000004 0.064881198108196272 -37.97544860839843 0.073686014860868468
decision_type=2 2 2 2 2 2 2 2 2 2 2 2 2 2 2 2 2 2 2 2 2 2 2 2 2 2 2 2 2 2
left_child=1 8 3 7 -5 6 -4 -3 28 -7 12 -12 -10 20 15 16 -15 19 -17 -16 24 23 -23 -22 26 -26 -2 -19 -1 -30
right_child=13 2 5 4 -6 9 -8 -9 10 -11 11 -13 -14 14 17 18 -18 27 -20 -21 21 22 -24 -25 25 -27 -28 -29 29 -31
leaf_value=-1.8988995896635278e-05 3.0534042480918031e-05 1.0341127028236711e-07 -4.2575394058626719e-08 -4.3948681326444611e-08 -1.1642483887981328e-05 -4.3948681326444611e-08 -4.3948681326444611e-08 -4.3948681326444611e-08 -6.0638637986740892e-08 -4.3948681326444611e-08 -4.3948681326444611e-08 -4.3948681326444611e-08 -9.1154317057590931e-05 -0.00011977283013001016 -0.00011681864986695344 0.00040738088750267302 -0.00083494127639227112 4.7459651584563608e-05 -0.0013466745685817405 0.00019308970399188453 -0.00047738980538280693 6.1226818497543342e-05 0.0011701544106402007 -0.0001091879855925803 1.0915629486339674e-05 -5.8291355627793952e-05 0.00028883793665631768 -0.0005003278178598976 1.5772813485679769e-05 1.4056318559746804e-06
leaf_weight=7616 12100 794 2192 14988 1771 12478 7137 5344 1800 347 549 3212 55 1754 6206 57 114 85 161 5502 231 10829 173 1449 33886 18480 1626 239 237 2429
leaf_count=7616 12100 794 2192 14988 1771 12478 7137 5344 1800 347 549 3212 55 1754 6206 57 114 85 161 5502 231 10829 173 1449 33886 18480 1626 239 237 2429
internal_value=-0.00257392 -0.00642956 -0.00831225 -0.0128172 -0.0153902 -0.00365622 -0.00658967 -0.00579179 -0.00109448 -0.00152242 -0.00301816 -0.00423425 -0.000552561 -4.41373e-05 -0.000570194 -0.00302013 -0.00211456 -0.000145445 -0.0107798 1.70823e-05 5.01434e-05 0.000717552 0.00115434 -0.00214286 -7.79217e-05 -0.000286445 0.000717616 -0.00601852 -4.37658e-05 0.00103151
internal_weight=153841 60949 45051 22897 16759 22154 9329 6138 15898 12825 5616 3761 1855 92892 14118 2086 1868 12032 218 11708 78774 12682 11002 1680 66092 52366 13726 324 10282 2666
internal_count=153841 60949 45051 22897 16759 22154 9329 6138 15898 12825 5616 3761 1855 92892 14118 2086 1868 12032 218 11708 78774 12682 11002 1680 66092 52366 13726 324 10282 2666
is_linear=0
shrinkage=0.05


Tree=194
num_leaves=31
num_cat=0
split_feature=4 13 13 13 32 13 3 3 1 13 3 24 34 22 3 22 8 32 3 2 2 37 34 34 14 13 0 38 0 25
split_gain=598.965 244.236 377.979 165.561 156.346 55.4683 23.589 15.3388 14.075 12.7277 6.73556 6.45367 5.34663 2.01392 6.97277 3.29346 1.842 7.5202 10.0303 17.4022 7.11276 6.7985 13.242 9.53441 5.17084 7.01767 11.3424 6.3006 9.61125 5.67439
threshold=1.0000000180025095e-35 -7.5125064849853507 0.00075226789808231222 -0.064914468675851808 14.500000000000002 13.859466075897219 -0.1333832964301109 -0.25888420641422266 0.40330043435096746 -23.134503364562985 -0.13065119087696073 1.5000000000000002 5.0000000000000009 0.045210551470518119 0.011267112568020822 0.082122139632701888 0.021506456658244136 14.500000000000002 -0.096248183399438844 0.13487111777067187 0.1034887805581093 1.0000000180025095e-35 1.0000000180025095e-35 2.5000000000000004 1.0000000180025095e-35 1001.747528076172 -0.017390262335538861 1.0000000180025095e-35 -0.15371266752481458 0.21789932996034625
decision_type=2 2 2 2 2 2 2 2 2 2 2 2 2 2 2 2 2 2 2 2 2 2 2 2 2 2 2 2 2 2
left_child=1 9 3 7 -5 6 -4 -3 -7 13 12 -12 -11 14 -1 -15 24 21 19 -19 -20 22 -18 -23 27 29 -27 -2 -29 -26
right_child=16 2 5 4 -6 8 -8 -9 -10 10 11 -13 -14 15 -16 -17 17 18 20 -21 -22 23 -24 -25 25 26 -28 28 -30 -31
leaf_value=-7.3996572228182943e-05 2.8087038097424945e-05 9.824070676824875e-08 -4.044662435569539e-08 -4.1751247260122379e-08 -1.1060359693582261e-05 -4.1751247260122379e-08 -4.1751247260122379e-08 -4.1751247260122379e-08 -4.1751247260122379e-08 -5.7606706087403854e-08 -4.1751247260122379e-08 -4.1751247260122379e-08 -8.659660120471139e-05 1.8493145114657792e-05 2.3760840100387381e-05 -8.4086060473424409e-06 -0.00032518351052286074 0.00059735114391452112 -0.00046218555887700115 0.012183312918165233 0.00013709984501648448 0.00012711468259937617 -6.5852282783394891e-05 -0.00010442719611117105 -2.0183754491003968e-05 1.2381418887515498e-06 0.00066952213954929321 0.0001428531061532387 -6.7293720157438763e-05 0.0001632346532488071
leaf_weight=184 29149 794 2192 14988 1771 12617 7137 5344 208 1800 549 3212 55 683 67 9348 1850 1193 354 267 913 10062 13642 9785 4954 729 717 2756 14097 2424
leaf_count=184 29149 794 2192 14988 1771 12617 7137 5344 208 1800 549 3212 55 683 67 9348 1850 1193 354 267 913 10062 13642 9785 4954 729 717 2756 14097 2424
internal_value=-0.00258042 -0.00643202 -0.00831225 -0.0128172 -0.0153902 -0.00365622 -0.00658967 -0.00579179 -0.00152242 -0.00110391 -0.00301816 -0.00423425 -0.000552561 -5.83544e-05 -0.00448207 5.23378e-05 -5.32877e-05 -0.000320496 0.00220939 0.00503425 -0.00104578 -0.000515719 -0.00130067 9.6992e-05 0.000132237 0.00124093 0.004426 -8.04313e-05 -0.000849997 0.000616698
internal_weight=153841 60949 45051 22897 16759 22154 9329 6138 12825 15898 5616 3761 1855 10282 251 10031 92892 38066 2727 1460 1267 35339 15492 19847 54826 8824 1446 46002 16853 7378
internal_count=153841 60949 45051 22897 16759 22154 9329 6138 12825 15898 5616 3761 1855 10282 251 10031 92892 38066 2727 1460 1267 35339 15492 19847 54826 8824 1446 46002 16853 7378
is_linear=0
shrinkage=0.05


Tree=195
num_leaves=31
num_cat=0
split_feature=4 3 24 32 14 32 21 24 39 0 32 3 25 0 22 22 15 1 32 25 3 37 8 32 0 1 1 25 39 39
split_gain=599.215 170.363 106.663 69.0998 73.3052 36.1592 38.3686 11.1134 13.5322 12.5521 8.35891 7.05487 5.72024 4.65915 22.8686 5.94444 1.78395 4.55593 6.82821 5.30015 5.39013 4.62288 3.9291 6.15085 6.98978 4.73388 3.96102 9.92239 7.64376 3.71681
threshold=1.0000000180025095e-35 -0.15598179399967191 2.5000000000000004 14.500000000000002 1.0000000180025095e-35 14.500000000000002 1.0000000180025095e-35 2.5000000000000004 -1.6406424045562742 -0.66773089766502369 19.500000000000004 0.31092830002307897 0.13655345886945727 -0.3102975040674209 0.19166000187397006 0.092890832573175444 -0.88358688354492176 -0.57997438311576832 20.500000000000004 0.26722472906112676 0.35972993075847631 1.0000000180025095e-35 0.018528264947235588 2.5000000000000004 0.024124604649841789 -0.83055493235588063 -0.21460137516260144 0.76709699630737316 -2.9725823402404781 -4.5574824810028067
decision_type=2 2 2 2 2 2 2 2 2 2 2 2 2 2 2 2 2 2 2 2 2 2 2 2 2 2 2 2 2 2
left_child=1 7 3 4 -3 6 -4 8 9 -1 -10 -7 -5 14 -9 -15 17 18 -2 29 -21 -20 26 25 -25 -24 28 -28 -18 -19
right_child=16 2 5 12 -6 11 -8 13 10 -11 -12 -13 -14 15 -16 -17 22 19 21 20 -22 -23 23 24 -26 -27 27 -29 -30 -31
leaf_value=0.0044597957542003982 -0.00024173935549955144 -3.9663684897116261e-08 -3.9663684897116261e-08 9.6420002457676263e-06 1.2082117706055818e-06 0.00018558826101604359 -3.9663684897116261e-08 -7.7690046655841594e-08 -3.9663684897116261e-08 -3.9663684897116261e-08 0.0022221060660259913 -5.8943615829474588e-05 -6.40092906452411e-05 -3.763401845003525e-06 -8.7550800505283598e-08 2.9666653178360517e-08 -0.00013507222945061543 0.00081362563628320722 -8.7589730910534602e-05 0.00021630892106932356 -0.00020186212752731732 0.0040558786520119199 0.00011878029611434651 -6.2558545667417047e-05 0.00069273100075673867 -9.7298959568068236e-05 -3.8342819368876808e-06 -0.00037816713795182168 0.00010675438045221909 8.684281130957525e-06
leaf_weight=82 3140 17319 6255 1248 978 1782 17667 155 2741 1891 175 274 440 341 3221 6380 1877 136 95 3554 165 146 3630 1570 1303 24695 24362 488 11758 15973
leaf_count=82 3140 17319 6255 1248 978 1782 17667 155 2741 1891 175 274 440 341 3221 6380 1877 136 95 3554 165 146 3630 1570 1303 24695 24362 488 11758 15973
internal_value=-0.0025788 -0.0064312 -0.00794063 -0.0106868 -0.0115798 -0.00582801 -0.00637489 -0.00180168 -0.00375844 -0.00695641 -0.00159465 0.000535019 -0.00100711 -0.000854214 -0.00236967 -9.29921e-05 -5.11347e-05 0.000328536 -0.00136794 0.000617813 0.00231917 0.00674274 -0.00017759 -0.000594589 0.00160982 -0.000818182 0.000160452 -0.000215292 0.000845251 0.000225029
internal_weight=153841 60949 45963 19985 18297 25978 23922 14986 4889 1973 2916 2056 1688 10097 3376 6721 92892 23209 3381 19828 3719 241 69683 31198 2873 28325 38485 24850 13635 16109
internal_count=153841 60949 45963 19985 18297 25978 23922 14986 4889 1973 2916 2056 1688 10097 3376 6721 92892 23209 3381 19828 3719 241 69683 31198 2873 28325 38485 24850 13635 16109
is_linear=0
shrinkage=0.05


Tree=196
num_leaves=31
num_cat=0
split_feature=4 13 13 13 32 13 32 1 13 32 24 1 2 2 38 13 38 20 20 38 38 32 0 37 20 32 13 21 2 0
split_gain=597.949 244.374 375.97 164.561 160.304 55.853 15.4803 14.0665 12.8884 9.18616 6.65623 7.2254 4.21733 1.81097 9.38 5.61005 5.47905 8.24446 5.36135 4.94551 4.4758 12.6103 4.56307 13.4547 4.48132 4.03167 3.49512 3.46226 1.72095 4.91078
threshold=1.0000000180025095e-35 -7.5125064849853507 0.00075226789808231222 -0.064914468675851808 14.500000000000002 13.859466075897219 8.5000000000000018 0.40330043435096746 -23.134503364562985 2.5000000000000004 1.5000000000000002 0.17574552446603778 0.34433087706565862 0.02214506454765797 -0.0085445949807763082 -2600.619995117187 -0.053582279011607163 -1.0000000180025095e-35 1.0000000180025095e-35 -0.0042374131735414258 -0.24519689381122586 20.500000000000004 -0.020248523913323876 1.0000000180025095e-35 -1.0000000180025095e-35 31.500000000000004 160.78385925292972 0.62500000000000011 0.018542494624853138 -0.0007922004151623695
decision_type=2 2 2 2 2 2 2 2 2 2 2 2 2 2 2 2 2 2 2 2 2 2 2 2 2 2 2 2 2 2
left_child=1 8 3 9 -5 6 -4 -7 28 -3 12 -12 -10 14 16 25 17 -2 -18 -17 21 27 23 -22 -24 -16 -23 -15 -1 -30
right_child=13 2 5 4 -6 7 -8 -9 10 -11 11 -13 -14 20 15 19 18 -19 -20 -21 22 26 24 -25 -26 -27 -28 -29 29 -31
leaf_value=1.8939965628442247e-05 -0.00025913099550757128 -3.7680500652260445e-08 -3.7680500652260445e-08 -3.7680500652260445e-08 -1.4783996439271541e-05 -3.7680500652260445e-08 -3.7680500652260445e-08 -3.7680500652260445e-08 -3.7680500652260445e-08 -4.0941903043044327e-05 -3.7680500652260445e-08 -3.7680500652260445e-08 5.0410298854182147e-07 0.00078827407652128957 0.00034729597042000191 0.00034655688594969548 -0.0001181883025300369 -4.9595067933806082e-07 -0.00030629882999086389 -8.7196900038756957e-06 -6.837641401574169e-05 -0.00012833008383199632 2.6301740265979867e-05 0.00019444432032465539 -5.0387551841522135e-05 0.0063796720258484652 -0.0019384640866243316 0.00023286739934821185 -6.5867368212848475e-05 7.3163155643919517e-06
leaf_weight=3795 1476 5478 8356 14988 1771 12617 973 208 670 660 4541 337 68 731 1458 247 1612 4630 516 17316 6925 85 22737 8655 25043 47 82 1332 2180 4307
leaf_count=3795 1476 5478 8356 14988 1771 12617 973 208 670 660 4541 337 68 731 1458 247 1612 4630 516 17316 6925 85 22737 8655 25043 47 82 1332 2180 4307
internal_value=-0.00258205 -0.00643038 -0.00831114 -0.0128041 -0.0153694 -0.00366751 -0.00661111 -0.00152632 -0.00110077 -0.00579993 -0.00302707 -0.00235752 -0.00745257 -5.70555e-05 -0.000399238 0.000209776 -0.00180957 -0.00104815 -0.00399436 -4.128e-05 8.53789e-05 0.002287 7.89141e-06 0.000750963 -0.000234408 0.00313953 -0.0109281 0.00335676 -4.86287e-05 -0.000543394
internal_weight=153841 60949 45051 22897 16759 22154 9329 12825 15898 6138 5616 4878 738 92892 27302 19068 8234 6106 2128 17563 65590 2230 63360 15580 47780 1505 167 2063 10282 6487
internal_count=153841 60949 45051 22897 16759 22154 9329 12825 15898 6138 5616 4878 738 92892 27302 19068 8234 6106 2128 17563 65590 2230 63360 15580 47780 1505 167 2063 10282 6487
is_linear=0
shrinkage=0.05


Tree=197
num_leaves=31
num_cat=0
split_feature=4 13 13 13 32 13 3 3 1 13 3 1 34 8 39 38 38 10 38 38 34 3 32 25 3 0 2 21 1 3
split_gain=598.146 244.512 375.79 164.459 160.874 55.853 23.1028 15.3774 14.0665 12.9305 6.78429 5.88843 5.34663 1.82091 5.84259 5.21849 5.72024 4.65687 10.8977 3.89787 2.63966 8.4664 7.56996 5.7377 11.5003 5.91415 5.49067 1.95301 1.61715 6.46603
threshold=1.0000000180025095e-35 -7.5125064849853507 0.00075226789808231222 -0.064914468675851808 14.500000000000002 13.859466075897219 -0.1333832964301109 -0.25888420641422266 0.40330043435096746 -23.134503364562985 -0.13065119087696073 -0.1366249620914459 5.0000000000000009 0.046260435134172447 -1.6657541394233701 0.23813173174858096 0.16759372502565387 0.17463675141334536 0.11252592876553537 0.17362054437398913 1.5000000000000002 -2.5811635255813594 14.500000000000002 0.11772857233881952 -2.030936479568481 0.2281666770577431 0.093634162098169341 0.075000001117587103 0.01248703431338072 0.44951760768890386
decision_type=2 2 2 2 2 2 2 2 2 2 2 2 2 2 2 2 2 2 2 2 2 2 2 2 2 2 2 2 2 2
left_child=1 9 3 7 -5 6 -4 -3 -7 28 12 -12 -11 20 15 16 -15 19 -19 -16 21 26 -23 24 -22 -25 -2 -17 29 -1
right_child=13 2 5 4 -6 8 -8 -9 -10 10 11 -13 -14 14 17 27 -18 18 -20 -21 23 22 -24 25 -26 -27 -28 -29 -30 -31
leaf_value=8.2740400429296476e-06 -0.00028303292176700377 9.7195880707305155e-08 -3.7232273198211635e-08 -3.5796475619647423e-08 -1.4044796617307965e-05 -3.5796475619647423e-08 -3.5796475619647423e-08 -3.5796475619647423e-08 -3.5796475619647423e-08 -5.1254825288566812e-08 -3.5796475619647423e-08 -3.5796475619647423e-08 -9.5886711352112357e-05 -0.00023600442616790313 -3.7055934098693784e-05 0.0016886259199137945 -0.00079389468627462628 0.00013566472829802111 0.0020153634624502834 -0.00038800766735904997 0.0033408372431860804 -2.6931272949100686e-05 0.00027860987841161653 4.3197517255553873e-05 -2.4134709925827461e-05 0.00031309932046951589 -0.00099251686918860947 8.0377848897710691e-05 -2.2424177270571975e-05 -0.00069719032088784764
leaf_weight=8352 525 794 2192 14988 1771 12617 7137 5344 208 1800 984 2777 55 1610 8968 60 136 2101 324 639 270 23605 2603 22044 26275 3343 109 280 1881 49
leaf_count=8352 525 794 2192 14988 1771 12617 7137 5344 208 1800 984 2777 55 1610 8968 60 136 2101 324 639 270 23605 2603 22044 26275 3343 109 280 1881 49
internal_value=-0.00257977 -0.00642874 -0.00831003 -0.0128019 -0.0153664 -0.00366751 -0.00661111 -0.00579993 -0.00152632 -0.00109762 -0.00302707 -0.00424754 -0.000552561 -5.43642e-05 -0.000577277 -0.00302013 -0.00412371 -0.000153757 0.00180412 -0.000647965 3.93531e-05 -0.000363237 -0.000225122 0.000247439 -0.000266529 0.000784851 -0.00607256 0.00264706 -4.37658e-05 0.000252946
internal_weight=153841 60949 45051 22897 16759 22154 9329 6138 12825 15898 5616 3761 1855 92892 14118 2086 1746 12032 2425 9607 78774 26842 26208 51932 26545 25387 634 340 10282 8401
internal_count=153841 60949 45051 22897 16759 22154 9329 6138 12825 15898 5616 3761 1855 92892 14118 2086 1746 12032 2425 9607 78774 26842 26208 51932 26545 25387 634 340 10282 8401
is_linear=0
shrinkage=0.05


Tree=198
num_leaves=31
num_cat=0
split_feature=7 13 13 13 32 13 3 3 1 13 3 24 3 22 39 34 38 0 22 13 24 21 0 39 2 15 13 22 22 34
split_gain=597.473 244.274 374.713 163.844 164.312 55.853 23.1028 15.3774 14.0665 12.8535 6.88363 6.41946 5.35039 1.73049 4.62994 13.0617 3.53366 3.95354 2.58476 2.90963 2.71057 2.04885 6.69262 5.10864 1.91619 1.62969 1.60704 8.44366 5.56145 1.577
threshold=1.0000000180025095e-35 -7.5125064849853507 0.00075226789808231222 -0.064914468675851808 14.500000000000002 13.859466075897219 -0.1333832964301109 -0.25888420641422266 0.40330043435096746 -23.134503364562985 -0.13065119087696073 1.5000000000000002 -1.3293060660362241 0.061793224886059768 1.7898395061492922 2.5000000000000004 -0.28505955636501307 -0.00040005924529395992 0.069670796394348158 -33.95215988159179 2.5000000000000004 0.17500000447034839 -1.1507896184921262 -3.6917821168899532 0.090515475720167174 -0.37473098933696741 -37.97544860839843 0.073686014860868468 0.045210551470518119 1.5000000000000002
decision_type=2 2 2 2 2 2 2 2 2 2 2 2 2 2 2 2 2 2 2 2 2 2 2 2 2 2 2 2 2 2
left_child=1 9 3 7 -5 6 -4 -3 -7 26 12 -12 -11 14 16 24 -2 -18 19 29 -21 23 -23 -20 -16 -17 28 -28 -1 -15
right_child=13 2 5 4 -6 8 -8 -9 -10 10 11 -13 -14 18 15 25 17 -19 21 20 -22 22 -24 -25 -26 -27 27 -29 -30 -31
leaf_value=-0.00012413149586967627 0.0014512406643702139 9.233608667193989e-08 -3.5370659538301052e-08 -3.4006651838665049e-08 -1.3342556786442566e-05 -3.4006651838665049e-08 -3.4006651838665049e-08 -3.4006651838665049e-08 -3.4006651838665049e-08 -6.7959774020928099e-05 -3.4006651838665049e-08 -3.4006651838665049e-08 4.9078713459607153e-07 -0.00031274503882215525 0.00025716874227791931 -9.9873039661358342e-05 5.3030317842426422e-05 -0.00011360841995985511 -0.00022613933803906656 -0.0001136132259210742 9.5133812524779594e-05 0.0040910335820335013 2.8754534144231209e-06 -1.7698873343407767e-05 0.00020052167125281239 -0.00029689244589160011 1.4816891825216749e-05 1.6151774245095874e-06 -1.3865673078806637e-05 -0.00022457955309395012
leaf_weight=172 30 794 2192 14988 1771 12617 7137 5344 208 132 549 3212 1723 44 209 48 554 448 1267 235 269 142 70007 19305 148 65 237 2429 7444 121
leaf_count=172 30 794 2192 14988 1771 12617 7137 5344 208 132 549 3212 1723 44 209 48 554 448 1267 235 269 142 70007 19305 148 65 237 2429 7444 121
internal_value=-0.0025762 -0.00642299 -0.00830337 -0.0127888 -0.0153485 -0.00366751 -0.00661111 -0.00579993 -0.00152632 -0.00109448 -0.00301816 -0.00424754 -0.000525606 -5.22112e-05 0.00163116 0.00574468 -0.000242248 -0.000748503 -7.98774e-05 -0.00317638 -0.00128968 -5.7043e-05 7.16332e-05 -0.00049582 0.0104342 -0.0090708 -4.37658e-05 0.00101275 -0.000413603 -0.00893939
internal_weight=153841 60949 45051 22897 16759 22154 9329 6138 12825 15898 5616 3761 1855 92892 1502 470 1032 1002 91390 669 504 90721 70149 20572 357 113 10282 2666 7616 165
internal_count=153841 60949 45051 22897 16759 22154 9329 6138 12825 15898 5616 3761 1855 92892 1502 470 1032 1002 91390 669 504 90721 70149 20572 357 113 10282 2666 7616 165
is_linear=0
shrinkage=0.05


Tree=199
num_leaves=31
num_cat=0
split_feature=4 13 13 13 32 13 3 3 1 13 3 24 34 4 13 21 7 2 1 25 7 2 1 21 18 21 32 25 2 0
split_gain=598.743 243.635 374.713 163.844 164.312 55.853 23.1028 15.3774 14.0665 12.375 7.18599 6.41946 4.80323 1.81738 2.89447 5.7992 4.94165 3.71255 2.71408 2.72077 2.69469 2.66149 4.39496 5.77004 4.1128 3.09575 8.22505 5.72028 1.60737 4.52983
threshold=1.0000000180025095e-35 -7.5125064849853507 0.00075226789808231222 -0.064914468675851808 14.500000000000002 13.859466075897219 -0.1333832964301109 -0.25888420641422266 0.40330043435096746 -23.134503364562985 -0.13065119087696073 1.5000000000000002 5.0000000000000009 3.4250000715255742 -229.17455291748044 0.97499999403953563 0.061195068061351783 0.21943420171737674 -2.4581794738769527 0.3111968487501145 0.086489688605070128 -0.2910610288381576 -0.83055493235588063 0.37500000000000006 -10258.915527343748 0.67499998211860668 31.500000000000004 1.0000000180025095e-35 0.018542494624853138 -0.0007922004151623695
decision_type=2 2 2 2 2 2 2 2 2 2 2 2 2 2 2 2 2 2 2 2 2 2 2 2 2 2 2 2 2 2
left_child=1 9 3 7 -5 6 -4 -3 -7 28 12 -12 -11 14 15 16 -2 -17 19 -16 -20 22 23 -15 -24 26 -23 -27 -1 -30
right_child=13 2 5 4 -6 8 -8 -9 -10 10 11 -13 -14 21 18 17 -18 -19 20 -21 -22 25 24 -25 -26 27 -28 -29 29 -31
leaf_value=1.8379546852674547e-05 0.00026686440436868541 8.77192823383429e-08 -3.3602126561386001e-08 -3.2306319246731801e-08 -1.2675428947120436e-05 -3.2306319246731801e-08 -3.2306319246731801e-08 -3.2306319246731801e-08 -3.2306319246731801e-08 1.5396848374049288e-07 -3.2306319246731801e-08 -3.2306319246731801e-08 -9.1116915141236553e-05 -0.00015254166182962026 -0.00055158605117048046 -0.00013233829024228116 0.0049944350117003657 0.0006050119173057572 9.2259247759356358e-06 2.1325534397182139e-05 0.0036409245717224344 3.1634831917116706e-05 -0.0007181760116215188 0.0016574348657024307 -0.00021965115605161883 -0.00019106238683243458 -0.00047874584206399751 -1.7124848853295252e-05 -6.3068460675578007e-05 8.6081187615873034e-06
leaf_weight=3795 1661 794 2192 14988 1771 12617 7137 5344 208 1800 549 3212 55 2675 172 1133 100 179 10803 162 65 29650 178 324 563 1960 883 42384 2180 4307
leaf_count=3795 1661 794 2192 14988 1771 12617 7137 5344 208 1800 549 3212 55 2675 172 1133 100 179 10803 162 65 29650 178 324 563 1960 883 42384 2180 4307
internal_value=-0.00257457 -0.00642545 -0.00830337 -0.0127888 -0.0153485 -0.00366751 -0.00661111 -0.00579993 -0.00152632 -0.00110391 -0.00299145 -0.00424754 -0.000444744 -4.79051e-05 0.000471103 0.00183046 0.00370528 -0.000685976 9.81968e-05 -0.00434132 0.000234634 -0.000142145 -0.00144385 -0.000591864 -0.00489204 -7.71265e-05 0.00031032 -0.000343902 -7.2943e-05 -0.000551102
internal_weight=153841 60949 45051 22897 16759 22154 9329 6138 12825 15898 5616 3761 1855 92892 14275 3073 1761 1312 11202 334 10868 78617 3740 2999 741 74877 30533 44344 10282 6487
internal_count=153841 60949 45051 22897 16759 22154 9329 6138 12825 15898 5616 3761 1855 92892 14275 3073 1761 1312 11202 334 10868 78617 3740 2999 741 74877 30533 44344 10282 6487
is_linear=0
shrinkage=0.05


Tree=200
num_leaves=31
num_cat=0
split_feature=4 24 14 32 24 32 1 25 14 2 25 39 2 39 39 39 8 39 34 10 38 10 38 18 34 39 2 39 25 38
split_gain=597.574 142.549 72.179 75.4827 51.433 35.0813 30.7389 30.8119 17.8721 5.3762 5.33534 5.13876 5.10071 4.82728 4.3571 4.21239 1.91483 5.45448 5.29331 5.95135 4.37133 4.01463 9.04118 3.79026 2.41799 7.01671 15.3183 7.23234 4.6567 4.5303
threshold=1.0000000180025095e-35 2.5000000000000004 1.0000000180025095e-35 14.500000000000002 1.0000000180025095e-35 14.500000000000002 -0.024162963964045044 0.043215662240982063 1.0000000180025095e-35 0.023171500302851204 0.021932214498519901 -1.0000000180025095e-35 0.51574569940567028 -2.4082776308059688 3.0046374797821049 -1.6135762333869932 0.046260435134172447 -1.6657541394233701 5.0000000000000009 0.32484975457191473 -0.51251009106636036 0.17463675141334536 0.11252592876553537 -2924.8652343749995 1.5000000000000002 -3.3376760482788081 -0.013260115403681992 1.3120990395545962 0.11772857233881952 -0.12615383416414258
decision_type=2 2 2 2 2 2 2 2 2 2 2 2 2 2 2 2 2 2 2 2 2 2 2 2 2 2 2 2 2 2
left_child=1 2 3 4 -1 6 8 -8 -3 15 11 -7 -11 -12 -5 -4 24 18 19 -18 -20 23 -23 -19 25 26 -2 -27 29 -26
right_child=16 5 9 14 -6 10 7 -9 -10 12 13 -13 -14 -15 -16 -17 17 21 20 -21 -22 22 -24 -25 28 27 -28 -29 -30 -31
leaf_value=-3.0691003284395207e-08 -0.00020205390560020209 -3.0691003284395207e-08 -5.8042785750064831e-05 -3.1190252344906118e-05 -3.0691003284395207e-08 -0.00041170052654583301 -3.0691003284395207e-08 -3.0691003284395207e-08 3.2089772045340755e-06 0.00020101763274896569 0.0011089265052926041 3.9938483048323484e-05 -4.4155192296847838e-05 1.8454088705105801e-05 0.00012242149490863466 1.4187776188325692e-07 -0.00010392219609514294 9.2963065883685047e-05 -7.3093800608686754e-07 -0.00077970323019341693 -0.0012803483886018468 0.0001190406982774811 0.0018980034341716729 -0.00015296032546101464 0.00011769647471605964 -5.4762358329992281e-05 0.00055432737886621126 6.7303622805099813e-05 6.6418690527219809e-05 -3.2747407334799446e-05
leaf_weight=1327 812 20006 225 1696 19970 260 3359 7307 2687 706 362 452 51 1642 281 618 1754 3384 73 114 145 2101 324 6223 3453 21765 1471 2794 25387 23092
leaf_count=1327 812 20006 225 1696 19970 260 3359 7307 2687 706 362 452 51 1642 281 618 1754 3384 73 114 145 2101 324 6223 3453 21765 1471 2794 25387 23092
internal_value=-0.00257587 -0.00642299 -0.00933505 -0.0100412 -0.0109088 -0.00441511 -0.00486001 -0.00707388 -0.00381946 0.0009375 0.00104934 -0.00266854 0.00399604 0.00237026 -0.000695498 -0.00180902 -5.16729e-05 -0.000587902 -0.00294823 -0.00208779 -0.0103211 -0.00017869 0.00163918 -0.000637556 4.44309e-05 -0.000340884 0.00231056 -0.000587361 0.000243588 -0.000219439
internal_weight=153841 60949 24874 23274 21297 36075 33359 10666 22693 1600 2716 712 757 2004 1977 843 92892 14118 2086 1868 218 12032 2425 9607 78774 26842 2283 24559 51932 26545
internal_count=153841 60949 24874 23274 21297 36075 33359 10666 22693 1600 2716 712 757 2004 1977 843 92892 14118 2086 1868 218 12032 2425 9607 78774 26842 2283 24559 51932 26545
is_linear=0
shrinkage=0.05


Tree=201
num_leaves=31
num_cat=0
split_feature=4 13 13 13 3 13 3 3 1 13 3 24 39 8 39 38 38 3 37 2 39 3 22 1 20 1 9 22 22 39
split_gain=606.533 248.365 377.599 126.044 88.5348 32.5583 16.1193 15.5239 14.0665 12.693 7.28682 6.35133 5.1412 1.81499 5.19087 4.95699 5.49498 3.85647 3.55478 2.30913 10.1399 9.80502 5.54248 5.2124 5.10981 4.62397 2.09659 1.70893 5.65949 4.98404
threshold=1.0000000180025095e-35 -7.5125064849853507 3.6173341274261479 -0.064914468675851808 -0.17448676377534864 13.859466075897219 -0.25888420641422266 -0.13065119087696073 0.40330043435096746 -23.134503364562985 -0.13065119087696073 1.5000000000000002 2.6074306964874272 0.046260435134172447 -1.6657541394233701 0.23813173174858096 0.16759372502565387 0.38632884621620184 1.0000000180025095e-35 0.33334046602249151 -0.35300403833389277 -1.8692067265510557 0.66842818260192882 0.072712808847427382 1.0000000180025095e-35 -0.031756978482007973 0.034902179613709457 0.19166000187397006 0.19299696385860446 4.1640093326568612
decision_type=2 2 2 2 2 2 2 2 2 2 2 2 2 2 2 2 2 2 2 2 2 2 2 2 2 2 2 2 2 2
left_child=1 9 3 6 -5 7 -3 -4 -7 27 12 -12 -11 19 15 16 -15 18 -16 23 22 -22 -21 25 -25 -2 -17 29 -29 -1
right_child=13 2 5 4 -6 8 -8 -9 -10 10 11 -13 -14 14 17 26 -18 -19 -20 20 21 -23 -24 24 -26 -27 -28 28 -30 -31
leaf_value=-1.5001999518099788e-05 1.8702690365652752e-05 8.4867868385645512e-08 -2.9156453120175448e-08 -2.9156453120175448e-08 -2.9156453120175448e-08 -2.9156453120175448e-08 -2.9156453120175448e-08 -2.9156453120175448e-08 -2.9156453120175448e-08 -7.9790978559748928e-08 -2.9156453120175448e-08 -2.9156453120175448e-08 -6.0177549113144213e-05 -0.00022108476957979326 -0.00010311985485929131 -6.0638616421643605e-05 -0.00074829137238419379 -0.00032780509646809807 0.00017646901790516428 -0.00032175827364078593 0.0048323709915723458 6.5218873544549768e-06 -1.149276527327844e-05 0.00022699418545772687 -0.00066585200959301538 -5.4171129822616626e-05 0.0010203357169540875 0.00095279106646771873 8.89485814467389e-06 0.0011455828896878211
leaf_weight=3969 53730 794 1494 2437 17742 12617 5344 4415 208 1823 549 3212 32 1610 6206 208 136 324 5502 2228 142 8396 1416 2801 104 9957 132 31 6227 55
leaf_count=3969 53730 794 1494 2437 17742 12617 5344 4415 208 1823 549 3212 32 1610 6206 208 136 324 5502 2228 142 8396 1416 2801 104 9957 132 31 6227 55
internal_value=-0.00259472 -0.00647057 -0.00836663 -0.0122288 -0.0141372 -0.00294118 -0.00595471 -0.00601202 -0.00152632 -0.00109762 -0.00300926 -0.00427413 -0.000444744 -5.16729e-05 -0.000573736 -0.00287632 -0.00395189 -0.000174535 -2.56235e-05 4.1892e-05 -0.000591036 0.00035137 -0.00279912 0.000157677 0.00222892 6.31997e-05 0.00264706 -5.34915e-05 0.000463407 -0.000857356
internal_weight=153841 60949 45051 26317 20179 18734 6138 5909 12825 15898 5616 3761 1855 92892 14118 2086 1746 12032 11708 78774 12182 8538 3644 66592 2905 63687 340 10282 6258 4024
internal_count=153841 60949 45051 26317 20179 18734 6138 5909 12825 15898 5616 3761 1855 92892 14118 2086 1746 12032 11708 78774 12182 8538 3644 66592 2905 63687 340 10282 6258 4024
is_linear=0
shrinkage=0.05


Tree=202
num_leaves=31
num_cat=0
split_feature=4 13 13 32 13 13 3 1 13 3 2 25 34 13 21 21 8 39 34 10 38 22 37 38 14 2 2 3 22 38
split_gain=604.379 250.087 377.599 150.04 148.73 32.5583 15.5239 14.0665 12.4372 7.80875 6.95721 5.79599 4.8926 1.83323 2.61388 2.50107 1.68521 4.82899 5.20527 5.2058 4.77959 3.5726 9.20912 2.6679 2.27156 6.63492 10.1335 5.7147 4.09774 7.1783
threshold=1.0000000180025095e-35 -7.5125064849853507 3.6173341274261479 14.500000000000002 -0.064914468675851808 13.859466075897219 -0.13065119087696073 0.40330043435096746 -23.134503364562985 -0.13065119087696073 0.67617648839950573 1.0000000180025095e-35 5.0000000000000009 -27.238594055175778 0.97499999403953563 0.82500001788139354 0.046260435134172447 -1.6657541394233701 5.0000000000000009 0.32484975457191473 -0.51251009106636036 0.41868357360363012 1.0000000180025095e-35 0.4563125222921372 1.0000000180025095e-35 0.4731090664863587 0.046802124008536346 -0.11680322512984274 0.73668622970581066 0.36682778596878057
decision_type=2 2 2 2 2 2 2 2 2 2 2 2 2 2 2 2 2 2 2 2 2 2 2 2 2 2 2 2 2 2
left_child=1 8 3 4 -3 6 -4 -7 13 12 -5 -11 -10 14 -1 -15 24 18 19 -18 -20 23 -23 -19 28 26 -26 -27 -2 -30
right_child=16 2 5 10 -6 7 -8 -9 9 11 -12 -13 -14 15 -16 -17 17 21 20 -21 -22 22 -24 -25 25 27 -28 -29 29 -31
leaf_value=7.804629107507906e-06 -1.3252668247954598e-05 -2.769863046416668e-08 -2.769863046416668e-08 -1.2080819486076123e-05 -2.769863046416668e-08 -2.769863046416668e-08 -2.769863046416668e-08 -2.769863046416668e-08 4.6407345277145053e-07 -2.769863046416668e-08 0.0010346085607368231 -2.769863046416668e-08 -8.6555545285082523e-05 -2.2526056828696152e-06 -4.4149683083731655e-05 9.0670316900140553e-05 -8.7671847811396264e-05 -0.00012046901490331648 1.0359847373207776e-05 -0.00072966383020475636 -0.0012052767306927649 -0.00018260598250019746 0.00066224311468601922 0.00049505026211868735 -3.3607781764674756e-05 -0.0020494793879026066 0.00021509102430573304 -0.00013065992684165967 8.2334856794025364e-05 0.0017391157994002698
leaf_weight=6235 59598 5668 1494 2504 18105 12617 4415 208 1800 146 40 3615 55 556 3070 421 1754 6180 73 114 145 3215 2532 105 5980 85 5976 641 6326 168
leaf_count=6235 59598 5668 1494 2504 18105 12617 4415 208 1800 146 40 3615 55 556 3070 421 1754 6180 73 114 145 3215 2532 105 5980 85 5976 641 6326 168
internal_value=-0.00259505 -0.00646401 -0.00836663 -0.0122288 -0.0134638 -0.00294118 -0.00601202 -0.00152632 -0.00107246 -0.00296474 -0.000687893 -0.00427413 -0.000309973 -3.89029e-05 -0.000255239 0.00202149 -5.65172e-05 -0.000559569 -0.00278044 -0.00192719 -0.0100917 -0.000174535 0.000726466 -0.000998409 3.36405e-05 0.000646586 0.000928404 -0.00399449 -8.39739e-05 0.00110872
internal_weight=153841 60949 45051 26317 23773 18734 5909 12825 15898 5616 2544 3761 1855 10282 9305 977 92892 14118 2086 1868 218 12032 5747 6285 78774 12682 11956 726 66092 6494
internal_count=153841 60949 45051 26317 23773 18734 5909 12825 15898 5616 2544 3761 1855 10282 9305 977 92892 14118 2086 1868 218 12032 5747 6285 78774 12682 11956 726 66092 6494
is_linear=0
shrinkage=0.05


Tree=203
num_leaves=31
num_cat=0
split_feature=5 13 13 32 13 13 3 1 13 3 25 34 25 21 38 32 34 1 13 7 9 13 32 3 14 38 3 38 22 3
split_gain=608.909 248.846 379.455 144.552 148.73 32.5583 15.5239 14.0665 12.0272 7.80875 5.79599 4.8926 4.04927 1.65617 4.6324 11.6208 12.5076 8.23044 5.45038 6.4114 6.33619 3.85289 7.01787 9.424 5.661 5.07089 13.4293 13.3304 1.64341 6.57626
threshold=1.0000000180025095e-35 -7.5125064849853507 3.6173341274261479 14.500000000000002 -0.064914468675851808 13.859466075897219 -0.13065119087696073 0.40330043435096746 -23.134503364562985 -0.13065119087696073 1.0000000180025095e-35 5.0000000000000009 0.073427964001894011 0.97499999403953563 0.16305964440107348 14.500000000000002 1.0000000180025095e-35 -1.2686873674392698 1520.1753540039065 0.049967935308814056 0.67131209373474132 -30.527087211608883 27.500000000000004 0.031927280128002174 -1.0000000180025095e-35 -0.13909088820219037 -0.3951991200447082 -0.011514162644743918 0.045210551470518119 0.011267112568020822
decision_type=2 2 2 2 2 2 2 2 2 2 2 2 2 2 2 2 2 2 2 2 2 2 2 2 2 2 2 2 2 2
left_child=1 8 3 4 -3 6 -4 -7 28 11 -11 -10 -5 21 18 17 -17 -16 19 -15 -20 25 24 -24 -23 26 -2 -27 29 -1
right_child=13 2 5 12 -6 7 -8 -9 9 10 -12 -13 -14 14 15 16 -18 -19 20 -21 -22 22 23 -25 -26 27 -28 -29 -30 -31
leaf_value=-6.6006460194553639e-05 -0.00020078793453371936 -2.6313698940958343e-08 -2.6313698940958343e-08 -5.6646319428191403e-05 -2.6313698940958343e-08 -2.6313698940958343e-08 -2.6313698940958343e-08 -2.6313698940958343e-08 4.4086978013287803e-07 -2.6313698940958343e-08 -2.6313698940958343e-08 -8.2227768020828396e-05 2.5542889679132344e-05 -2.2316812887872904e-05 -0.0012842319452401622 0.15961697981553896 0.00062336228287201945 9.2722561418164857e-05 0.00020394216784933445 -0.00028651445012880839 -0.00066531162021464725 0.00018503274820328778 6.3792339252007578e-05 -0.00069051060543179809 -1.7030587074556399e-05 -0.00013560947171176434 0.00053795057136992255 7.9946356224847116e-05 1.3264091092849933e-07 2.1177456791228897e-05
leaf_weight=184 1041 5668 1494 1534 18105 12617 4415 208 1800 146 3615 55 1010 21114 75 107 144 1629 2889 4964 149 2825 840 786 31657 3978 1838 18856 10031 67
leaf_count=184 1041 5668 1494 1534 18105 12617 4415 208 1800 146 3615 55 1010 21114 75 107 144 1629 2889 4964 149 2825 840 786 31657 3978 1838 18856 10031 67
internal_value=-0.00259862 -0.00648206 -0.00837995 -0.0122516 -0.0134638 -0.00294118 -0.00601202 -0.00152632 -0.00110391 -0.00296474 -0.00427413 -0.000309973 -0.000923742 -5.05964e-05 -0.000348396 0.00200767 0.0120518 0.000528169 -0.000506594 -0.000740087 0.0014977 9.90764e-05 -0.00023402 -0.00344403 -8.26518e-05 0.000566834 0.00254429 0.000317509 -8.75316e-05 -0.00408367
internal_weight=153841 60949 45051 26317 23773 18734 5909 12825 15898 5616 3761 1855 2544 92892 31071 1955 251 1704 29116 26078 3038 61821 36108 1626 34482 25713 2879 22834 10282 251
internal_count=153841 60949 45051 26317 23773 18734 5909 12825 15898 5616 3761 1855 2544 92892 31071 1955 251 1704 29116 26078 3038 61821 36108 1626 34482 25713 2879 22834 10282 251
is_linear=0
shrinkage=0.05


Tree=204
num_leaves=31
num_cat=0
split_feature=4 3 32 14 25 22 25 2 1 3 1 25 34 0 25 2 21 0 1 2 20 0 38 18 3 34 32 0 2 0
split_gain=604.002 174.51 98.2086 72.574 61.7466 9.27476 11.3988 9.24338 7.87405 7.77019 7.31064 6.40008 5.86703 4.80751 3.36703 2.41292 1.7646 4.8447 12.0341 5.87078 5.6724 5.56609 4.37707 4.10424 3.05721 5.3518 6.62739 3.00706 2.86448 10.8853
threshold=1.0000000180025095e-35 -0.15598179399967191 14.500000000000002 1.0000000180025095e-35 1.0000000180025095e-35 0.095779631286859526 0.041765514761209495 0.51574569940567028 -0.077038504183292375 -0.16337496787309644 -0.75809195637702931 0.041765514761209495 5.0000000000000009 -0.47582302987575525 0.0055077213328331718 0.67617648839950573 0.97499999403953563 0.087825670838356032 -0.45843018591403956 0.33917412161827093 -1.0000000180025095e-35 -0.17606109380722043 0.41058568656444555 91424.945312500015 -3.5338979959487911 1.5000000000000002 14.500000000000002 -0.81152173876762379 0.01608435902744532 -0.020248523913323876
decision_type=2 2 2 2 2 2 2 2 2 2 2 2 2 2 2 2 2 2 2 2 2 2 2 2 2 2 2 2 2 2
left_child=1 5 3 4 -3 6 8 10 -1 12 -4 -11 -7 -8 -5 -9 24 19 23 22 -20 -21 -18 -19 25 27 -27 -2 -26 -30
right_child=16 2 7 14 -6 9 13 15 -10 11 -12 -13 -14 -15 -16 -17 17 18 20 21 -22 -23 -24 -25 28 26 -28 -29 29 -31
leaf_value=-2.4998013993910426e-08 0.00035707530574422328 -2.4998013993910426e-08 -0.002979588338829762 0.00022059928770886555 -2.4998013993910426e-08 -2.4998013993910426e-08 -2.4998013993910426e-08 -0.00011058853663400608 -1.546080516208827e-06 0.00099852718197709499 8.1139904025431347e-06 3.3774837819046071e-07 -2.6191930539753658e-05 5.0314689154785254e-06 -9.9048454364387644e-06 -3.4052565590370313e-05 -3.6965659428644071e-05 0.0042225318034398883 0.00043945824388827372 0.00061141576523747433 -5.9208038243032533e-05 -0.0003980178978246038 0.0011134006182885914 -0.0021935979069481588 -2.7443269459322823e-05 0.00096881440343452691 0.028805454309772983 -0.00064607228958426697 0.00023532120305778221 -3.0165721334428353e-06
leaf_weight=572 52 2055 32 186 37404 12673 38 118 403 132 3510 180 602 386 2574 84 25360 284 1279 60 2765 1160 129 34 23045 343 45 103 6006 32227
leaf_count=572 52 2055 32 186 37404 12673 38 118 403 132 3510 180 602 386 2574 84 25360 284 1279 60 2765 1160 129 34 23045 343 45 103 6006 32227
internal_value=-0.0026061 -0.00647386 -0.00800154 -0.00868981 -0.00923807 -0.00178834 -0.00566476 -0.000240385 -0.00864103 -0.0013892 0.000352908 0.00641026 -0.0015725 0.00117925 -0.000851449 -0.0106436 -6.8359e-05 -0.000375752 0.00116919 -0.000628065 0.00043274 -0.00401639 -0.000465887 0.0105346 8.61358e-05 0.00382136 0.00695876 -0.00403226 5.3037e-05 0.000318442
internal_weight=153841 60949 45963 42219 39459 14986 1399 3744 975 13587 3542 312 13275 424 2760 202 92892 31071 4362 26709 4044 1220 25489 318 61821 543 388 155 61278 38233
internal_count=153841 60949 45963 42219 39459 14986 1399 3744 975 13587 3542 312 13275 424 2760 202 92892 31071 4362 26709 4044 1220 25489 318 61821 543 388 155 61278 38233
is_linear=0
shrinkage=0.05


Tree=205
num_leaves=31
num_cat=0
split_feature=5 13 13 32 13 13 3 1 13 3 25 3 3 5 21 21 34 2 1 22 13 1 0 34 25 34 1 13 2 13
split_gain=596.45 245.403 384.141 149.185 144.708 31.1456 19.0527 14.2029 12.0341 7.9153 5.79599 4.40998 3.46829 1.88083 3.48908 7.29166 5.94562 4.56011 4.16101 3.71295 2.84233 5.04943 6.2975 5.00231 3.44462 15.0699 4.45772 1.55906 1.43897 1.38443
threshold=1.0000000180025095e-35 -7.5125064849853507 3.6173341274261479 14.500000000000002 -0.064914468675851808 13.859466075897219 -0.13065119087696073 0.40330043435096746 -23.134503364562985 -0.13065119087696073 1.0000000180025095e-35 -1.3293060660362241 -0.72040659189224232 13.625000000000002 0.57500001788139354 0.27500000596046453 1.0000000180025095e-35 0.78842890262603771 0.042569207027554519 0.048814715817570693 567.14498901367199 -1.5940177440643308 -0.22464623302221295 5.0000000000000009 0.76709699630737316 2.5000000000000004 -1.7091773152351377 -906.40237426757801 0.018542494624853138 291.52088928222662
decision_type=2 2 2 2 2 2 2 2 2 2 2 2 2 2 2 2 2 2 2 2 2 2 2 2 2 2 2 2 2 2
left_child=1 8 3 4 -3 6 -4 -7 27 11 -11 -10 -5 20 15 19 -17 18 -16 -15 24 22 -22 -23 26 -26 -2 -1 -29 -19
right_child=13 2 5 12 -6 7 -8 -9 9 10 -12 -13 -14 14 17 16 -18 29 -20 -21 21 23 -24 -25 25 -27 -28 28 -30 -31
leaf_value=0.0010635661022199646 -0.00029372397084796758 -2.3748113294214904e-08 -2.2674859669264516e-08 0.018342373071940039 -2.3748113294214904e-08 -2.3748113294214904e-08 -2.3748113294214904e-08 -2.3748113294214904e-08 -6.4607956905922027e-05 -2.3748113294214904e-08 -2.3748113294214904e-08 4.2007619182592964e-07 -9.1294722384714093e-06 0.00018362967736679269 -6.308140390467662e-05 -0.00015069407090857607 0.00024463865383632437 -0.0008454916525076038 0.00025877503468425979 -5.0681438136922676e-05 0.00014217741234894173 4.0442172473737979e-05 0.0028282943375418017 0.0010144686029793157 -0.00027837943235388944 0.0018849445086153483 9.0845313295983759e-06 1.6621747552749221e-05 -1.5131223435772484e-05 -0.00032965428310012936
leaf_weight=80 1439 5668 1494 43 18105 12617 4415 208 132 146 3615 1723 2501 201 18633 447 4220 59 1349 8160 287 8928 148 231 2388 417 45955 3761 6441 30
leaf_count=80 1439 5668 1494 43 18105 12617 4415 208 132 146 3615 1723 2501 201 18633 447 4220 59 1349 8160 287 8928 148 231 2388 417 45955 3761 6441 30
internal_value=-0.0025918 -0.0064353 -0.00832002 -0.0122155 -0.013447 -0.00284776 -0.00585124 -0.00146394 -0.00109448 -0.00295584 -0.00427413 -0.000283019 -0.000707547 -6.99737e-05 -0.000372368 0.000264814 0.00184808 -0.00078596 -0.000735662 -0.000618945 9.74194e-05 0.00088597 0.00614943 0.000635986 -5.32879e-05 -0.00175579 4.74744e-05 -7.78059e-05 -0.000132327 -0.0120787
internal_weight=153841 60949 45051 26317 23773 18734 5909 12825 15898 5616 3761 1855 2544 92892 33099 13028 4667 20071 19982 8361 59793 9594 435 9159 50199 2805 47394 10282 10202 89
internal_count=153841 60949 45051 26317 23773 18734 5909 12825 15898 5616 3761 1855 2544 92892 33099 13028 4667 20071 19982 8361 59793 9594 435 9159 50199 2805 47394 10282 10202 89
is_linear=0
shrinkage=0.05


Tree=206
num_leaves=31
num_cat=0
split_feature=4 13 13 13 3 13 3 3 13 0 3 24 3 4 39 0 21 39 0 3 39 34 23 39 22 38 3 0 18 3
split_gain=595.672 245.592 383.207 123.753 92.4363 31.1456 19.0527 13.3533 12.1564 11.1449 7.9153 6.35133 4.40998 1.72231 3.82745 1.74153 1.71694 5.48037 5.7652 5.07904 3.99188 5.38184 5.34574 1.59001 6.5376 3.34847 1.20067 0.963402 0.815238 0.346133
threshold=1.0000000180025095e-35 -7.5125064849853507 3.6173341274261479 -0.064914468675851808 -0.15598179399967191 13.859466075897219 -0.13065119087696073 -0.25888420641422266 -23.134503364562985 0.55615735054016124 -0.13065119087696073 1.5000000000000002 -1.3293060660362241 0.12500000372529033 -1.0000000180025095e-35 0.093006316572427764 0.97499999403953563 1.0000000180025095e-35 0.087825670838356032 0.044598495587706573 0.075535457581281676 1.0000000180025095e-35 1.0000000180025095e-35 2.0838214159011845 0.13970996439456942 0.097845792770385756 0.03949809446930886 -0.0011669183732010422 180.22222137451175 0.024913898669183258
decision_type=2 2 2 2 2 2 2 2 2 2 2 2 2 2 2 2 2 2 2 2 2 2 2 2 2 2 2 2 2 2
left_child=1 8 3 7 -5 6 -4 -3 23 -7 12 -12 -10 14 27 26 20 18 -18 -19 22 -22 -15 25 -25 -1 -16 28 -2 -29
right_child=13 2 5 4 -6 9 -8 -9 10 -11 11 -13 -14 16 15 -17 17 19 -20 -21 21 -23 -24 24 -26 -27 -28 29 -30 -31
leaf_value=-2.3769793793042891e-06 6.082628971609827e-05 1.336169188270869e-07 -2.1541116685801289e-08 -2.2560707629504161e-08 -2.2560707629504161e-08 -2.2560707629504161e-08 -2.2560707629504161e-08 -2.2560707629504161e-08 -6.1377559060625924e-05 -2.2560707629504161e-08 -2.2560707629504161e-08 -2.2560707629504161e-08 3.9907238223463315e-07 9.6350359853382766e-05 -3.1653368514332504e-05 -0.00055461391955748064 -8.4464766581317246e-05 9.7352454374730632e-07 0.00010057955306031165 0.00019626385696768354 -0.00010934171494561022 -1.5580098116162005e-05 -1.1437174914514897e-05 1.9701323941975434e-05 -8.7188284253185164e-05 0.00028645759584218587 0.00045848337540085155 0.00075610360052537232 0.00025780682453920576 0.00046642274238751971
leaf_weight=8807 54 794 1494 2656 17523 12478 4415 5344 132 347 549 3212 1723 19517 148 55 20879 4523 3670 1858 2117 13419 26514 419 467 589 31 37 37 33
leaf_count=8807 54 794 1494 2656 17523 12478 4415 5344 132 347 549 3212 1723 19517 148 55 20879 4523 3670 1858 2117 13419 26514 419 467 589 31 37 37 33
internal_value=-0.00258692 -0.00642792 -0.00831336 -0.0122041 -0.0140951 -0.00284776 -0.00585124 -0.00598729 -0.00108504 -0.00146394 -0.00295584 -0.00427413 -0.000283019 -6.67442e-05 0.00322785 -0.000854701 -8.08134e-05 -0.00038474 -0.000724062 0.000920702 7.18729e-05 -0.000621138 0.000305772 -6.32173e-05 -0.00208804 0.000127714 0.00153631 0.00916149 0.00576923 0.0135714
internal_weight=153841 60949 45051 26317 20179 18734 5909 6138 15898 12825 5616 3761 1855 92892 395 234 92497 30930 24549 6381 61567 15536 46031 10282 886 9396 179 161 91 70
internal_count=153841 60949 45051 26317 20179 18734 5909 6138 15898 12825 5616 3761 1855 92892 395 234 92497 30930 24549 6381 61567 15536 46031 10282 886 9396 179 161 91 70
is_linear=0
shrinkage=0.05


Tree=207
num_leaves=31
num_cat=0
split_feature=4 13 13 32 13 13 3 1 13 3 24 3 3 4 10 0 39 37 21 39 2 13 3 3 25 2 0 1 39 25
split_gain=596.69 244.738 383.207 151.96 144.708 31.1456 19.0527 14.2029 11.9935 7.9153 6.35133 4.40998 3.41043 1.65477 3.92744 3.07057 3.58644 3.16092 2.88939 10.7068 6.43251 5.91466 4.50403 4.42806 3.90339 2.54442 6.96519 2.66306 1.55961 3.83391
threshold=1.0000000180025095e-35 -7.5125064849853507 3.6173341274261479 14.500000000000002 -0.064914468675851808 13.859466075897219 -0.13065119087696073 0.40330043435096746 -23.134503364562985 -0.13065119087696073 1.5000000000000002 -1.3293060660362241 -0.72040659189224232 6.3250000476837167 0.16559475660324099 -0.060973891988396638 -3.9579927921295162 1.0000000180025095e-35 0.67499998211860668 -3.8356570005416866 0.50695881247520458 -241.99971008300778 0.16832125931978228 -1.8692067265510557 0.40422824025154119 0.40479560196399694 0.48001201450824743 -3.0804568529129024 2.0838214159011845 0.0055077213328331718
decision_type=2 2 2 2 2 2 2 2 2 2 2 2 2 2 2 2 2 2 2 2 2 2 2 2 2 2 2 2 2 2
left_child=1 8 3 4 -3 6 -4 -7 28 11 -11 -10 -5 14 15 17 -17 -2 19 23 21 -20 -21 -15 -22 27 -27 -16 -1 -30
right_child=13 2 5 12 -6 7 -8 -9 9 10 -12 -13 -14 18 25 16 -18 -19 20 22 24 -23 -24 -25 -26 26 -28 -29 29 -31
leaf_value=1.7478529750765273e-06 -0.00012918101599833197 -2.1432672248028951e-08 -2.0464060851511223e-08 0.017425255546378419 -2.1432672248028951e-08 -2.1432672248028951e-08 -2.1432672248028951e-08 -2.1432672248028951e-08 -5.8308681107594625e-05 -2.1432672248028951e-08 -2.1432672248028951e-08 3.791187631229015e-07 -8.6718705911663646e-06 0.0006134872856785351 0.0006458867820036241 0.0005741850699018758 1.2865321794312564e-05 1.5021243764532574e-05 -0.00012165591531975995 5.5598264561166965e-05 -0.00020621312403383259 2.4349291468918345e-06 -5.3534277981184369e-05 -0.00031783870931560259 -0.00086825191979638067 0.00095723288743423745 -0.00012726728569508193 5.5323734074322432e-05 -0.00019808271061473929 -1.1119186307395092e-05
leaf_weight=9396 4376 5668 1494 43 18105 12617 4415 208 132 549 3212 1723 2501 51 107 324 11257 4030 8506 20036 1696 25355 6374 905 210 533 384 8748 69 817
leaf_count=9396 4376 5668 1494 43 18105 12617 4415 208 132 549 3212 1723 2501 51 107 324 11257 4030 8506 20036 1696 25355 6374 905 210 533 384 8748 69 817
internal_value=-0.00258692 -0.0064312 -0.00831336 -0.0122041 -0.013447 -0.00284776 -0.00585124 -0.00146394 -0.00109762 -0.00295584 -0.00427413 -0.000283019 -0.000589623 -6.45911e-05 0.000242784 -0.000158853 0.000369139 -0.000886272 -0.000209478 0.000177227 -0.000505354 -0.000346269 0.000365392 -0.00502092 -0.00333158 0.00106427 0.00357143 0.00080463 -8.26687e-05 -0.00208804
internal_weight=153841 60949 45051 26317 23773 18734 5909 12825 15898 5616 3761 1855 2544 92892 29759 19987 11581 8406 63133 27366 35767 33861 26410 956 1906 9772 917 8855 10282 886
internal_count=153841 60949 45051 26317 23773 18734 5909 12825 15898 5616 3761 1855 2544 92892 29759 19987 11581 8406 63133 27366 35767 33861 26410 956 1906 9772 917 8855 10282 886
is_linear=0
shrinkage=0.05


Tree=208
num_leaves=28
num_cat=0
split_feature=7 13 13 32 13 13 3 1 13 3 24 3 25 3 21 21 2 1 1 7 2 10 11 3 0 3 25
split_gain=596.892 245.316 383.518 151.032 144.708 31.1456 19.0527 14.2029 12.0748 7.9153 6.35133 4.40998 3.13632 1.5854 3.59716 3.88917 2.68942 2.48618 3.40288 5.31528 3.90767 3.11857 2.10742 1.51235 4.19229 3.39392 0.984736
threshold=1.0000000180025095e-35 -7.5125064849853507 3.6173341274261479 14.500000000000002 -0.064914468675851808 13.859466075897219 -0.13065119087696073 0.40330043435096746 -23.134503364562985 -0.13065119087696073 1.5000000000000002 -1.3293060660362241 0.073427964001894011 -7.0460891723632804 0.42499999701976782 0.97499999403953563 0.14111636579036715 -3.0804568529129024 -1.7091773152351377 0.14995315670967105 -0.99266698956489552 0.0050125627312809238 0.4988344013690949 -1.7320105433464048 -1.7402585148811338 -5.5044207572937003 0.36039669811725622
decision_type=2 2 2 2 2 2 2 2 2 2 2 2 2 2 2 2 2 2 2 2 2 2 2 2 2 2 2
left_child=1 8 3 4 -3 6 -4 -7 23 11 -11 -10 -5 14 -2 -16 -17 21 19 -19 -20 26 -23 25 -25 -1 -15
right_child=13 2 5 12 -6 7 -8 -9 9 10 -12 -13 -14 17 15 16 -18 18 20 -21 -22 22 -24 24 -26 -27 -28
leaf_value=6.0577000211900484e-05 -0.00076237359560795597 -2.0361038635627505e-08 -1.9440857808935661e-08 -5.3328507800045612e-05 -2.0361038635627505e-08 -2.0361038635627505e-08 -2.0361038635627505e-08 -2.0361038635627505e-08 -5.5393247052214898e-05 -2.0361038635627505e-08 -2.0361038635627505e-08 3.6016282496675639e-07 2.4751240851911936e-05 0.00048424568947995941 0.0069382050174127104 -5.7003703814775824e-05 0.0044392489407087737 -0.00026251726205214418 0.0019498397649386939 0.0057110885700723353 -3.5014351188844813e-06 0.00025658300056549606 0.0015306640260401819 0.0029898840842249473 3.9347953875671501e-07 -8.3025876025341269e-05 -0.00081947844065742657
leaf_weight=157 57 5668 1494 1534 18105 12617 4415 208 132 549 3212 1723 1010 34 46 133 39 2231 79 122 89925 110 71 40 9493 592 45
leaf_count=157 57 5668 1494 1534 18105 12617 4415 208 132 549 3212 1723 1010 34 46 133 39 2231 79 122 89925 110 71 40 9493 592 45
internal_value=-0.00258627 -0.0064312 -0.00831558 -0.0122079 -0.013447 -0.00284776 -0.00585124 -0.00146394 -0.00109133 -0.00295584 -0.00427413 -0.000283019 -0.000628931 -6.35146e-05 0.00372727 0.00665138 0.00319767 -7.47703e-05 -8.85152e-05 -0.00196558 -3.94427e-05 0.00480769 0.00842541 -7.2943e-05 9.70314e-05 -0.00223632 -0.00348101
internal_weight=153841 60949 45051 26317 23773 18734 5909 12825 15898 5616 3761 1855 2544 92892 275 218 172 92617 92357 2353 90004 260 181 10282 9533 749 79
internal_count=153841 60949 45051 26317 23773 18734 5909 12825 15898 5616 3761 1855 2544 92892 275 218 172 92617 92357 2353 90004 260 181 10282 9533 749 79
is_linear=0
shrinkage=0.05


Tree=209
num_leaves=31
num_cat=0
split_feature=4 13 13 13 3 13 3 1 3 13 3 25 34 25 1 4 13 21 25 2 1 39 25 2 38 39 1 15 21 18
split_gain=596.32 244.788 382.429 123.375 91.3751 31.1456 19.0527 14.2029 13.3533 11.9598 8.02258 5.79599 4.33953 1.92262 1.63514 1.5505 2.57333 5.38267 4.99359 2.87803 2.49735 2.56903 2.5484 2.37301 3.97059 5.61376 4.57956 2.73058 4.95462 3.64292
threshold=1.0000000180025095e-35 -7.5125064849853507 3.6173341274261479 -0.064914468675851808 -0.15598179399967191 13.859466075897219 -0.13065119087696073 0.40330043435096746 -0.25888420641422266 -23.134503364562985 -0.13065119087696073 1.0000000180025095e-35 5.0000000000000009 2.3506062030792241 -0.73218438029289235 3.4250000715255742 -229.17455291748044 0.97499999403953563 0.18781586736440661 0.21943420171737674 -2.4581794738769527 -3.9579927921295162 0.3111968487501145 -0.2910610288381576 -0.33495599031448359 -2.9064571857452388 -3.0804568529129024 -0.75092959403991688 0.67499998211860668 -29878.369140624996
decision_type=2 2 2 2 2 2 2 2 2 2 2 2 2 2 2 2 2 2 2 2 2 2 2 2 2 2 2 2 2 2
left_child=1 9 3 8 -5 6 -4 -7 -3 13 12 -12 -11 -1 -15 16 17 18 -2 -19 22 -22 -18 24 25 -17 -26 29 -29 -25
right_child=15 2 5 4 -6 7 -8 -9 -10 10 11 -13 -14 14 -16 23 20 19 -20 -21 21 -23 -24 27 26 -27 -28 28 -30 -31
leaf_value=-1.0505706036380027e-06 0.00047840808020476806 1.2902575842991536e-07 -1.8468814918488877e-08 -1.9342986703846129e-08 -1.9342986703846129e-08 -1.9342986703846129e-08 -1.9342986703846129e-08 -1.9342986703846129e-08 -1.9342986703846129e-08 3.4215468371841859e-07 -1.9342986703846129e-08 -1.9342986703846129e-08 -7.6884704600906799e-05 -3.3215774036881444e-05 -0.00020286876471426151 -0.00063529940189184964 -0.00049498946178947183 -0.00011912802565403128 1.9630471870002443e-05 0.00057175050089407035 0.00032027272208500629 3.20081022145112e-06 3.5970213854568266e-05 0.00023648577930692334 0.0013911322784002028 0.00069049069902060484 -0.00013771272981663151 2.1354283525588762e-05 -5.4813223971230883e-05 1.2100444368164272e-05
leaf_weight=10208 1108 794 1494 2656 17523 12617 4415 208 5344 1800 146 3615 55 37 37 289 172 1133 653 179 411 10457 162 2627 101 87 3263 21730 32392 18128
leaf_count=10208 1108 794 1494 2656 17523 12617 4415 208 5344 1800 146 3615 55 37 37 289 172 1133 653 179 411 10457 162 2627 101 87 3263 21730 32392 18128
internal_value=-0.00258237 -0.00642545 -0.00830781 -0.0121946 -0.0140827 -0.00284776 -0.00585124 -0.00146394 -0.00598729 -0.00109133 -0.00294694 -0.00427413 -0.000256065 -7.78059e-05 -0.00810811 -6.08233e-05 0.000418564 0.00170029 0.00350653 -0.000724085 6.69523e-05 0.000197828 -0.00419162 -0.000147869 -0.00137701 -0.00625 -0.000832342 -8.64752e-05 -0.000273456 0.000401108
internal_weight=153841 60949 45051 26317 20179 18734 5909 12825 6138 15898 5616 3761 1855 10282 74 92892 14275 3073 1761 1312 11202 10868 334 78617 3740 376 3364 74877 54122 20755
internal_count=153841 60949 45051 26317 20179 18734 5909 12825 6138 15898 5616 3761 1855 10282 74 92892 14275 3073 1761 1312 11202 10868 334 78617 3740 376 3364 74877 54122 20755
is_linear=0
shrinkage=0.05


Tree=210
num_leaves=31
num_cat=0
split_feature=4 3 24 32 14 32 21 22 25 25 25 38 22 1 20 2 38 8 11 38 38 32 14 2 8 25 38 38 22 18
split_gain=596.219 180.145 113.416 73.0186 47.8139 38.3509 38.655 10.5934 10.9117 7.66111 8.77553 7.38376 7.17444 7.12826 5.24712 1.49565 5.21893 8.82764 9.71254 9.10055 4.15621 6.20459 3.97137 10.0246 6.64654 4.35161 3.84379 3.6546 10.9355 6.29547
threshold=1.0000000180025095e-35 -0.15598179399967191 2.5000000000000004 14.500000000000002 1.0000000180025095e-35 14.500000000000002 1.0000000180025095e-35 0.095779631286859526 0.43796317279338842 0.11511772498488428 0.2751480787992478 0.029578108340501789 0.78105181455612194 -0.077038504183292375 -1.0000000180025095e-35 0.036306036636233337 -0.0085445949807763082 0.079715393483638777 0.056779341772198684 -0.037120034918189042 0.094246551394462599 14.500000000000002 1.0000000180025095e-35 0.33334046602249151 0.031887050718069083 0.5147586762905122 0.048102216795086868 0.014184430707246067 0.68033379316329967 -22789.193359374996
decision_type=2 2 2 2 2 2 2 2 2 2 2 2 2 2 2 2 2 2 2 2 2 2 2 2 2 2 2 2 2 2
left_child=1 7 3 4 -3 6 -4 8 13 11 -11 -9 -5 -1 -7 16 17 19 -19 -2 26 -22 27 24 -24 -25 -18 29 -29 -17
right_child=15 2 5 12 -6 14 -8 9 -10 10 -12 -13 -14 -15 -16 22 20 18 -20 -21 21 -23 23 25 -26 -27 -28 28 -30 -31
leaf_value=-1.8375837368653822e-08 -1.5590357010002512e-05 -1.8375837368653822e-08 -1.8375837368653822e-08 -4.8983147379935541e-06 -8.3913179711313533e-06 0.00014132368112624289 -1.8375837368653822e-08 -1.8375837368653822e-08 0.00060521803826277178 -5.4500881039442894e-08 -1.5675903011779945e-08 0.00014602618121942494 -0.00049325073322813607 -5.12518143888264e-07 -6.0262284411720737e-05 0.0004003263585937826 8.9215870634828245e-06 2.2850774195641897e-05 -0.0015508041965213151 -0.00016300757032857566 -3.9387693650851446e-05 -0.00070567499245933292 0.00023867759045771415 -0.00014661377898927218 -5.6774722360963467e-05 -0.0016132455119730119 0.0001209013234024909 -7.1725787828042002e-05 0.00045940582572172978 -1.1711226957610011e-07
leaf_weight=684 7533 17319 6255 1643 978 831 17667 5953 111 3008 2784 1842 45 604 1225 2916 15082 180 234 1678 3669 367 5036 1653 1648 62 2713 13828 1424 34869
leaf_count=684 7533 17319 6255 1643 978 831 17667 5953 111 3008 2784 1842 45 604 1225 2916 15082 180 234 1678 3669 367 5036 1653 1648 62 2713 13828 1424 34869
internal_value=-0.0025827 -0.00642545 -0.00797761 -0.0108094 -0.0117273 -0.00579914 -0.00636234 -0.00166489 -0.00580772 -0.00123832 -0.00261568 -0.000214881 -0.000859005 -0.00710404 0.000753891 -6.13616e-05 -0.000341747 -0.00131169 -0.00845411 -0.000990663 8.5887e-05 -0.00136274 8.21994e-05 0.00109239 0.00196738 -0.00231778 0.000414442 -7.77759e-05 -0.000731052 0.00018592
internal_weight=153841 60949 45963 19985 18297 25978 23922 14986 1399 13587 5792 7795 1688 1288 2056 92892 31456 9625 414 9211 21831 4036 61436 8399 6684 1715 17795 53037 15252 37785
internal_count=153841 60949 45963 19985 18297 25978 23922 14986 1399 13587 5792 7795 1688 1288 2056 92892 31456 9625 414 9211 21831 4036 61436 8399 6684 1715 17795 53037 15252 37785
is_linear=0
shrinkage=0.05


Tree=211
num_leaves=31
num_cat=0
split_feature=5 13 13 13 32 13 32 1 13 32 24 1 25 25 22 22 21 39 38 7 0 1 22 32 39 23 25 38 0 1
split_gain=607.9 248.567 387.931 160.916 159.678 56.961 15.8885 14.1176 12.2926 9.92559 6.5599 7.28845 5.05674 1.92029 3.04964 1.73507 1.59672 5.0392 5.53307 6.72459 5.35893 4.6086 6.25145 4.19946 3.76045 4.87101 9.06432 9.0301 4.74342 10.0799
threshold=1.0000000180025095e-35 -7.5125064849853507 0.00075226789808231222 -0.064914468675851808 14.500000000000002 13.859466075897219 8.5000000000000018 0.40330043435096746 -23.134503364562985 2.5000000000000004 1.5000000000000002 0.17574552446603778 1.0000000180025095e-35 2.3506062030792241 1.2157527804374697 0.19166000187397006 0.97499999403953563 1.0000000180025095e-35 0.22453185915946963 0.068996753543615355 0.090164903551340117 -0.17635922878980634 0.3358083069324494 8.5000000000000018 0.075535457581281676 1.0000000180025095e-35 0.24826548248529437 -0.32030953466892237 0.12907829880714419 -0.1276118457317352
decision_type=2 2 2 2 2 2 2 2 2 2 2 2 2 2 2 2 2 2 2 2 2 2 2 2 2 2 2 2 2 2
left_child=1 8 3 9 -5 6 -4 -7 13 -3 12 -12 -10 15 -15 -1 24 18 20 -20 -18 22 -19 -23 25 27 -27 -2 -26 -30
right_child=16 2 5 4 -6 7 -8 -9 10 -11 11 -13 -14 14 -16 -17 17 21 19 -21 -22 23 -24 -25 28 26 -28 -29 29 -31
leaf_value=-1.2737932983089925e-05 0.0017139770021869843 -1.745704550022113e-08 -1.745704550022113e-08 -1.745704550022113e-08 -5.3259687853708955e-06 -1.745704550022113e-08 -1.745704550022113e-08 -1.745704550022113e-08 -4.4546219959925235e-08 -3.5248238807232187e-05 -1.745704550022113e-08 -1.745704550022113e-08 -1.745704550022113e-08 0.00022230106940657678 -3.1554201539886786e-05 1.7524052069103803e-05 -8.3900612149678217e-05 -0.00016564121103071418 0.00086647212196393751 -0.0011853839042323103 9.2493012843239408e-05 0.00015539265611937345 6.5099902576182259e-05 -0.00025657520407720017 -5.9909194503996539e-05 3.1883383615166284e-05 -0.00015252029723030391 7.3277309044705608e-05 0.0036238705365882668 1.5346575800750245e-05
leaf_weight=4022 419 5478 8356 14988 1771 12617 973 208 71 660 4541 337 667 40 34 6186 20558 907 704 150 3267 3553 1487 445 9688 20548 6112 19160 77 5817
leaf_count=4022 419 5478 8356 14988 1771 12617 973 208 71 660 4541 337 667 40 34 6186 20558 907 704 150 3267 3553 1487 445 9688 20548 6112 19160 77 5817
internal_value=-0.00260512 -0.00648534 -0.00838217 -0.012946 -0.0154827 -0.00366525 -0.0066379 -0.00150292 -0.0011102 -0.00601988 -0.00299145 -0.00232677 -0.00738482 -8.26687e-05 -0.00810811 -2.44906e-05 -5.92085e-05 -0.000351614 -0.000675676 0.00327869 -0.000817419 0.000899562 -0.000835422 0.00193847 8.77534e-05 0.000314129 -0.000125656 0.000912968 -0.000584007 0.000534442
internal_weight=153841 60949 45051 22897 16759 22154 9329 12825 15898 6138 5616 4878 738 10282 74 10208 92892 31071 24679 854 23825 6392 2394 3998 61821 46239 26660 19579 15582 5894
internal_count=153841 60949 45051 22897 16759 22154 9329 12825 15898 6138 5616 4878 738 10282 74 10208 92892 31071 24679 854 23825 6392 2394 3998 61821 46239 26660 19579 15582 5894
is_linear=0
shrinkage=0.05


Tree=212
num_leaves=31
num_cat=0
split_feature=7 13 13 13 32 13 3 3 13 0 3 24 34 15 13 23 7 38 38 18 8 32 2 38 18 21 34 14 38 39
split_gain=608.56 248.782 387.931 160.916 159.678 56.961 27.8233 12.9862 12.3338 11.0468 7.64957 6.31739 4.27216 1.66942 7.02017 4.79869 4.80698 4.30341 6.82448 4.07165 3.28549 6.1079 17.1915 4.46483 9.44151 4.39168 4.38354 3.01829 1.45169 1.80985
threshold=1.0000000180025095e-35 -7.5125064849853507 0.00075226789808231222 -0.064914468675851808 14.500000000000002 13.859466075897219 -0.1333832964301109 -0.2647589892148971 -23.134503364562985 0.55615735054016124 -0.13065119087696073 1.5000000000000002 5.0000000000000009 -0.96507242321968068 -365.29806518554682 1.0000000180025095e-35 0.073912482708692565 -0.033402103930711739 -0.016372984275221821 -159326.23437499997 0.018528264947235588 2.5000000000000004 0.13487111777067187 0.071105107665061965 -539.96170043945301 0.72499999403953563 1.5000000000000002 1.0000000180025095e-35 -0.2351633086800575 -4.2554445266723624
decision_type=2 2 2 2 2 2 2 2 2 2 2 2 2 2 2 2 2 2 2 2 2 2 2 2 2 2 2 2 2 2
left_child=1 8 3 7 -5 6 -4 -3 28 -7 12 -12 -10 14 17 16 -16 19 -19 -2 23 25 -23 26 -25 -22 -15 -17 -1 -30
right_child=13 2 5 4 -6 9 -8 -9 10 -11 11 -13 -14 20 15 27 -18 18 -20 -21 21 22 -24 24 -26 -27 -28 -29 29 -31
leaf_value=-6.2861296472047521e-05 0.0037598416747339249 -1.516046375218391e-07 -1.6251748419453116e-08 -1.6584193225210076e-08 -5.0596703461023502e-06 -1.6584193225210076e-08 -1.6584193225210076e-08 -1.6584193225210076e-08 2.2762336113094948e-07 -1.6584193225210076e-08 -1.6584193225210076e-08 -1.6584193225210076e-08 -7.3038677726718022e-05 -2.3055862268609591e-05 6.095591544419323e-05 -8.4147173385199298e-05 -0.00036319711328189065 -0.00057961153301960995 0.00019970890829903583 0.00039340352545759114 -1.0545886663768448e-05 -0.00023033080821284937 0.00089383375813370395 -0.00024847477645683762 1.114014741800326e-05 -0.0001294731812421665 5.908288352464309e-05 7.6019698295863236e-05 0.00056134928114493247 -1.1838273864406414e-06
leaf_weight=285 48 789 2192 14988 1771 12478 7137 5349 1800 347 549 3212 55 10451 10253 6278 771 54 1941 449 13855 1639 1397 2151 5415 15871 21208 1111 191 9806
leaf_count=285 48 789 2192 14988 1771 12478 7137 5349 1800 347 549 3212 55 10451 10253 6278 771 54 1941 449 13855 1639 1397 2151 5415 15871 21208 1111 191 9806
internal_value=-0.0026022 -0.00648452 -0.00838217 -0.012946 -0.0154827 -0.00366525 -0.0066379 -0.00601988 -0.00110706 -0.00150292 -0.00299145 -0.00428742 -0.000363881 -5.49025e-05 0.000338436 1.35774e-06 0.000662192 0.00282905 0.00179198 0.00699195 -0.000169128 -0.000538734 0.0015975 0.000139579 -0.000951626 -0.000756913 0.00040036 -0.000984572 -7.78059e-05 2.25068e-05
internal_weight=153841 60949 45051 22897 16759 22154 9329 6138 15898 12825 5616 3761 1855 92892 20905 18413 11024 2492 1995 497 71987 32762 3036 39225 7566 29726 31659 7389 10282 9997
internal_count=153841 60949 45051 22897 16759 22154 9329 6138 15898 12825 5616 3761 1855 92892 20905 18413 11024 2492 1995 497 71987 32762 3036 39225 7566 29726 31659 7389 10282 9997
is_linear=0
shrinkage=0.05


Tree=213
num_leaves=31
num_cat=0
split_feature=5 3 24 32 14 32 25 22 25 3 22 0 24 25 3 15 18 3 38 32 7 18 8 32 2 14 38 39 18 7
split_gain=607.885 170.794 112.286 73.0186 47.8139 35.2915 26.3935 9.86764 10.3183 7.85843 7.17444 6.73407 6.53301 6.40008 5.58437 1.58475 6.37202 5.89226 5.05713 4.2101 3.18716 3.45905 3.04039 4.93704 15.1166 4.46081 5.55972 4.1407 4.12276 2.30561
threshold=1.0000000180025095e-35 -0.15598179399967191 2.5000000000000004 14.500000000000002 1.0000000180025095e-35 14.500000000000002 0.042363081127405174 0.095779631286859526 0.43796317279338842 -0.16337496787309644 0.78105181455612194 -0.037176337093114846 2.5000000000000004 0.041765514761209495 -0.11051172763109206 -0.96507242321968068 -18134.754882812496 -0.30152188241481775 -0.050214776769280427 20.500000000000004 0.095773678272962584 -12415.630859374998 0.018744092434644703 2.5000000000000004 0.13487111777067187 1.0000000180025095e-35 0.079529050737619414 2.3654413223266606 1079.8569335937502 0.010306168347597124
decision_type=2 2 2 2 2 2 2 2 2 2 2 2 2 2 2 2 2 2 2 2 2 2 2 2 2 2 2 2 2 2
left_child=1 7 3 4 -3 6 -4 8 11 12 -5 -1 -9 -11 -7 16 17 19 -19 -2 29 -22 25 27 -25 26 -17 -24 -27 -18
right_child=15 2 5 10 -6 14 -8 9 -10 13 -12 -13 -14 -15 -16 22 20 18 -20 -21 21 -23 23 24 -26 28 -28 -29 -30 -31
leaf_value=-1.5754983563949572e-08 -0.00011475996361593535 -1.5754983563949572e-08 -1.5754983563949572e-08 -4.1341170445202141e-06 -7.9700500106385136e-06 0.00173363882864085 -1.5754983563949572e-08 -1.5754983563949572e-08 0.00057495883841156953 0.00094860868630163584 -0.00046858649450479296 -1.3118263779118661e-06 -5.0073775051199178e-08 2.1624219307440202e-07 -3.1105173013700756e-06 1.3612590470275972e-05 -3.3792545499533197e-05 0.0010716943301415202 0.00033452728960121534 0.0030223626831265699 0.0014073347286882498 -0.00053322399867065831 -7.5697408425776886e-05 -0.00022166405542239782 0.0008664393786494848 1.2745993325473036e-05 -9.5322026669363881e-05 0.00010363464844613205 0.00020176405527749225 3.3375184987541125e-05
leaf_weight=672 683 17319 9429 1643 978 158 14493 3822 111 132 45 616 9453 180 1898 27104 5014 272 709 68 55 599 28894 1617 1380 3949 5750 612 2681 13505
leaf_count=672 683 17319 9429 1643 978 158 14493 3822 111 132 45 616 9453 180 1898 27104 5014 272 709 68 55 599 28894 1617 1380 3949 5750 612 2681 13505
internal_value=-0.00260025 -0.00648042 -0.00799175 -0.0108094 -0.0117273 -0.00582416 -0.00636443 -0.00184506 -0.00584346 -0.00143336 -0.000859005 -0.00710404 -0.0016177 0.00641026 0.000462062 -5.43642e-05 0.000328869 0.00323326 0.00578491 -9.98668e-05 6.64998e-05 -0.00336391 -0.000165655 -0.000523798 0.00140974 0.000129166 -0.000109576 -0.000720193 0.00131222 0.000187645
internal_weight=153841 60949 45963 19985 18297 25978 23922 14986 1399 13587 1688 1288 13275 312 2056 92892 20905 1732 981 751 19173 654 71987 32503 2997 39484 32854 29506 6630 18519
internal_count=153841 60949 45963 19985 18297 25978 23922 14986 1399 13587 1688 1288 13275 312 2056 92892 20905 1732 981 751 19173 654 71987 32503 2997 39484 32854 29506 6630 18519
is_linear=0
shrinkage=0.05


Tree=214
num_leaves=31
num_cat=0
split_feature=4 3 32 14 25 22 25 3 0 25 3 22 0 39 4 25 3 2 3 0 18 39 22 3 22 34 12 0 39 38
split_gain=606.087 170.616 102.575 72.5521 61.7651 9.70835 9.6438 7.85843 7.03955 6.40008 5.53295 5.38555 6.29629 4.50533 1.51069 2.31607 2.81264 5.39798 4.19306 2.11098 3.16897 2.08417 4.62464 4.04289 2.34201 11.5458 2.86817 2.15465 1.85293 1.18697
threshold=1.0000000180025095e-35 -0.15598179399967191 14.500000000000002 1.0000000180025095e-35 1.0000000180025095e-35 0.095779631286859526 0.43796317279338842 -0.16337496787309644 -0.037176337093114846 0.041765514761209495 -0.2647589892148971 0.82902491092681896 -0.16164007782936093 1.0014124512672427 3.4250000715255742 0.0074472692795097837 -0.090492833405733095 0.39564776420593267 -0.043015411123633378 0.077620092779397978 692.51477050781261 -5.2819278240203849 0.81064429879188549 -1.7320105433464048 0.79644945263862621 5.0000000000000009 -0.76944845914840687 -0.081440076231956468 -1.4323694109916685 0.041520733386278159
decision_type=2 2 2 2 2 2 2 2 2 2 2 2 2 2 2 2 2 2 2 2 2 2 2 2 2 2 2 2 2 2
left_child=1 5 3 4 -3 6 8 10 -1 -9 -7 12 -4 -5 15 19 17 -17 -18 28 -21 22 27 -24 26 -26 -23 -16 -2 -8
right_child=14 2 11 13 -6 7 29 9 -10 -11 -12 -13 -14 -15 21 16 18 -19 -20 20 -22 24 23 -25 25 -27 -28 -29 -30 -31
leaf_value=-1.4967234385752095e-08 0.00028649159615591 -1.4967234385752095e-08 0.0015494886022057491 3.6933931280499745e-05 -1.4967234385752095e-08 -2.5481238705395803e-07 0.00054743282337006737 0.00090117825198655389 -1.2462350590162726e-06 2.0543008342068192e-07 -1.40426223773936e-08 -0.00062928044929762045 -4.0716244123460716e-06 -8.5844604276664992e-06 0.0028056062375114931 -4.2532522238926575e-05 0.00035661584536955383 0.0013969880399947454 4.2240548605228766e-05 0.00015420614057715874 -0.00040115984087796524 2.0961317072036234e-05 -7.9853912346254666e-05 -0.001224853988528514 0.00015511851801712861 -0.0012087968666443421 -2.8551935182795005e-05 -0.00085516158137256305 0.00013498621293763825 0.00043413469905855109
leaf_weight=672 238 2055 236 1966 37404 9354 76 132 616 180 3921 42 3466 794 65 8411 638 365 4075 93 49 19909 106 135 5826 149 52394 33 406 35
leaf_count=672 238 2055 236 1966 37404 9354 76 132 616 180 3921 42 3466 794 65 8411 638 365 4075 93 49 19909 106 135 5826 149 52394 33 406 35
internal_value=-0.00260025 -0.00647468 -0.00798523 -0.00868862 -0.0092368 -0.00184172 -0.00580772 -0.00143336 -0.0070264 0.00641026 -0.0016177 -5.34188e-05 0.000148568 -0.000851449 -5.8132e-05 0.000415061 0.000261324 -0.000267776 0.00124655 0.00305344 -0.00246479 -0.000144053 -0.00405605 -0.00778008 -0.000127111 0.000824268 -0.000205731 0.00510204 0.00427019 0.00833333
internal_weight=153841 60949 45963 42219 39459 14986 1399 13587 1288 312 13275 3744 3702 2760 92892 14275 13489 8776 4713 786 142 78617 339 241 78278 5975 72303 98 644 111
internal_count=153841 60949 45963 42219 39459 14986 1399 13587 1288 312 13275 3744 3702 2760 92892 14275 13489 8776 4713 786 142 78617 339 241 78278 5975 72303 98 644 111
is_linear=0
shrinkage=0.05


Tree=215
num_leaves=31
num_cat=0
split_feature=4 13 13 32 13 13 3 1 13 3 24 34 25 22 13 22 21 39 38 32 0 3 13 38 13 32 3 39 38 3
split_gain=597.733 243.059 381.123 151.364 142.207 30.5665 19.3785 14.1687 12.2926 7.64957 6.31739 4.27216 2.88412 1.48746 6.32678 3.15389 1.43711 4.33044 5.08989 6.33671 5.03452 4.28304 6.21414 3.88272 3.46757 7.30788 10.0537 5.33837 12.1441 6.01182
threshold=1.0000000180025095e-35 -7.5125064849853507 3.6173341274261479 14.500000000000002 -0.064914468675851808 13.859466075897219 -0.13065119087696073 0.40330043435096746 -23.134503364562985 -0.13065119087696073 1.5000000000000002 5.0000000000000009 0.073427964001894011 0.045210551470518119 -47.463386535644524 0.066147454082965865 0.97499999403953563 1.0000000180025095e-35 0.22453185915946963 14.500000000000002 0.087825670838356032 0.044598495587706573 5897.6616210937509 0.037382680922746665 -30.527087211608883 27.500000000000004 0.031927280128002174 -2.8463907241821285 -0.13909088820219037 -1.8692067265510557
decision_type=2 2 2 2 2 2 2 2 2 2 2 2 2 2 2 2 2 2 2 2 2 2 2 2 2 2 2 2 2 2
left_child=1 8 3 4 -3 6 -4 -7 13 11 -11 -10 -5 14 -1 -15 24 18 20 -20 -18 22 -19 -23 27 -26 -27 29 -29 -2
right_child=16 2 5 12 -6 7 -8 -9 9 10 -12 -13 -14 15 -16 -17 17 21 19 -21 -22 23 -24 -25 25 26 -28 28 -30 -31
leaf_value=-0.00014282876424949109 0.00077387120179299093 -1.4218872666464489e-08 -1.0177195627397589e-08 -5.0985930665878334e-05 -1.4218872666464489e-08 -1.4218872666464489e-08 -1.4218872666464489e-08 -1.4218872666464489e-08 1.9515857924964781e-07 -1.4218872666464489e-08 -1.4218872666464489e-08 -6.9371499532276868e-05 2.4689130724968184e-05 1.9702680926876671e-05 9.8043062300053798e-06 -3.07564057646897e-06 -8.027905810545607e-05 -1.5020365588162833e-05 0.00017140158971523848 0.070631845993495743 8.176640276257751e-05 0.00031998814023564693 0.0020136135679325548 -2.0110821975391663e-06 -5.3241940875204882e-06 5.2091868165004933e-05 -0.00066851411539191417 0.00048193058724954905 2.9143578767121087e-05 -0.00017644793046965357
leaf_weight=146 121 5668 1494 1534 18105 12617 4415 208 1800 549 3212 55 1010 345 105 9686 20477 4377 725 129 3348 1143 155 717 34482 840 786 2015 21659 1918
leaf_count=146 121 5668 1494 1534 18105 12617 4415 208 1800 549 3212 55 1010 345 105 9686 20477 4377 725 129 3348 1143 155 717 34482 840 786 2015 21659 1918
internal_value=-0.00257782 -0.00642545 -0.00830115 -0.0121813 -0.0134217 -0.00285043 -0.00582586 -0.00147953 -0.0011102 -0.00299145 -0.00428742 -0.000363881 -0.000589623 -8.26687e-05 -0.00388446 1.24614e-05 -5.32877e-05 -0.000330694 -0.000631103 0.00316159 -0.000767051 0.000829161 0 0.00284946 8.61358e-05 -0.000229866 -0.00350554 0.000529888 0.00074132 -0.00192496
internal_weight=153841 60949 45051 26317 23773 18734 5909 12825 15898 5616 3761 1855 2544 10282 251 10031 92892 31071 24679 854 23825 6392 4532 1860 61821 36108 1626 25713 23674 2039
internal_count=153841 60949 45051 26317 23773 18734 5909 12825 15898 5616 3761 1855 2544 10282 251 10031 92892 31071 24679 854 23825 6392 4532 1860 61821 36108 1626 25713 23674 2039
is_linear=0
shrinkage=0.05


Tree=216
num_leaves=31
num_cat=0
split_feature=4 13 13 32 13 13 3 1 13 3 24 2 39 4 39 22 13 32 32 3 3 25 13 10 3 21 32 22 22 39
split_gain=597.435 244.073 383.396 147.219 142.207 30.4383 19.7743 14.1858 12.2996 7.75503 6.31739 4.047 3.0899 1.50536 3.45176 6.03505 14.3072 8.32771 5.36843 11.4548 3.98646 3.12715 4.05952 3.29939 3.12846 4.48413 3.6446 1.47625 5.68924 4.0446
threshold=1.0000000180025095e-35 -7.5125064849853507 3.6173341274261479 14.500000000000002 -0.064914468675851808 13.859466075897219 -0.13065119087696073 0.40330043435096746 -23.134503364562985 -0.13065119087696073 1.5000000000000002 0.011144494637846948 -2.4367283582687373 13.625000000000002 -0.35300403833389277 0.96546417474746715 -1518.8475952148435 2.5000000000000004 14.500000000000002 -0.066322982311248765 -0.94240000844001759 1.0000000180025095e-35 4395.6821289062509 1.0000000180025095e-35 0.14591440558433535 0.57500001788139354 31.500000000000004 0.19166000187397006 0.19299696385860446 4.3999042510986337
decision_type=2 2 2 2 2 2 2 2 2 2 2 2 2 2 2 2 2 2 2 2 2 2 2 2 2 2 2 2 2 2
left_child=1 8 3 4 -3 6 -4 -7 27 11 -11 -10 -5 14 15 17 -17 -2 20 -20 -16 22 23 -15 25 -23 -26 29 -29 -1
right_child=13 2 5 12 -6 7 -8 -9 9 10 -12 -13 -14 21 18 16 -18 -19 19 -21 -22 24 -24 -25 26 -27 -28 28 -30 -31
leaf_value=-1.3557398059673784e-05 -1.5952655449414863e-05 -1.3507929033141264e-08 -9.6683358460277096e-09 0.00045740426771974472 -1.3507929033141264e-08 -1.3507929033141264e-08 -1.3507929033141264e-08 -1.3507929033141264e-08 -2.432306740252824e-06 -1.3507929033141264e-08 -1.3507929033141264e-08 0.00028998196170510317 -1.2155167077154916e-05 2.3506442625138044e-05 -0.00014875502535014029 -0.00054694351659738437 0.00056521600892857338 -0.00022494404332921072 0.00091601468814028362 -9.6542258718661239e-05 2.8838728994155102e-05 5.8409377119392554e-05 0.00079808634028349446 -0.00035580532685038465 -6.9328822305893622e-05 -2.9421520493174045e-05 -0.00088260496533457871 0.00090751371289637299 7.5691132499860643e-06 0.0014816621910341804
leaf_weight=3984 16037 5668 1494 392 18105 12617 4415 208 1088 549 3212 767 2152 352 4528 520 1758 2324 1990 1629 31007 8453 43 773 6555 16698 225 31 6227 40
leaf_count=3984 16037 5668 1494 392 18105 12617 4415 208 1088 549 3212 767 2152 352 4528 520 1758 2324 1990 1629 31007 8453 43 773 6555 16698 225 31 6227 40
internal_value=-0.00258042 -0.00642709 -0.0083067 -0.0121984 -0.0134217 -0.00283976 -0.00580894 -0.00147173 -0.00110077 -0.00298255 -0.00428742 -0.000336927 -0.000766509 -5.65172e-05 9.32383e-05 -0.000430011 0.00199737 -0.000731169 0.000369056 0.00220365 0.000182215 -0.000327049 -0.00286815 -0.00344444 -0.000234099 2.28619e-05 -0.00118732 -7.2943e-05 0.000407478 -0.00082008
internal_weight=153841 60949 45051 26317 23773 18734 5909 12825 15898 5616 3761 1855 2544 92892 59793 20639 2278 18361 39154 3619 35535 33099 1168 1125 31931 25151 6780 10282 6258 4024
internal_count=153841 60949 45051 26317 23773 18734 5909 12825 15898 5616 3761 1855 2544 92892 59793 20639 2278 18361 39154 3619 35535 33099 1168 1125 31931 25151 6780 10282 6258 4024
is_linear=0
shrinkage=0.05


Tree=217
num_leaves=31
num_cat=0
split_feature=4 24 32 24 14 21 1 32 25 1 39 39 25 39 0 21 39 22 22 38 0 38 10 1 22 2 12 38 22 25
split_gain=594.841 139.931 66.957 61.0943 52.5497 32.2121 38.7124 23.0821 23.1174 14.0793 7.11086 5.8332 4.85444 7.19229 4.08919 3.11584 1.59844 5.15412 6.89471 5.61293 3.49991 1.91233 1.74425 5.39615 4.23247 3.05037 2.12947 3.38198 3.1928 1.17965
threshold=1.0000000180025095e-35 2.5000000000000004 14.500000000000002 1.0000000180025095e-35 1.0000000180025095e-35 1.0000000180025095e-35 -0.66433361172676075 14.500000000000002 0.029168509878218177 0.40330043435096746 -4.5574824810028067 2.0471751689910893 0.13655345886945727 -0.71093252301216114 -0.3333765566349029 0.075000001117587103 -5.2819278240203849 2.2804714441299443 1.6626445651054385 -0.27273432910442347 -0.037176337093114846 0.057413363829255111 0.72776323556900036 -0.26512570679187769 1.3973827958106997 0.10685481876134874 0.42202162742614752 0.6600414812564851 0.11577921360731126 1.0245496630668642
decision_type=2 2 2 2 2 2 2 2 2 2 2 2 2 2 2 2 2 2 2 2 2 2 2 2 2 2 2 2 2 2
left_child=1 2 3 15 -5 6 10 8 -7 -8 -3 -9 13 -4 -14 -1 17 18 20 -19 -2 -21 26 24 -24 -25 27 -18 -28 -20
right_child=16 5 12 4 -6 7 9 11 -10 -11 -12 -13 14 -15 -16 -17 22 19 29 21 -22 -23 23 25 -26 -27 28 -29 -30 -31
leaf_value=-1.2832532581484202e-08 0.00068890263372327972 0.0032973974584628663 -0.00011031908225551137 -1.2832532581484202e-08 -7.1409381486382829e-06 -1.2832532581484202e-08 -1.2832532581484202e-08 0.00041769404253587665 -1.2832532581484202e-08 -1.2832532581484202e-08 -4.2319224487559141e-08 -0.00016806886350054955 0.0054930872842754719 0.0001359142952208743 -8.6261634945836326e-05 -1.2832532581484202e-08 1.0168130425892986e-05 -0.00068528687568792865 -0.0013625312681595253 0.002180090363193879 -0.0010377638975996779 0.00019378933926012603 0.00047005025209047075 0.00011043784503099079 -0.00051724032794128294 -9.1387389627884885e-05 3.0974831965591449e-05 -0.0002727464508229774 -4.7728293322136031e-05 -0.0012356943812826635
leaf_weight=310 143 38 448 19970 1516 7043 7550 1509 17322 393 1806 414 50 1046 505 1029 56319 33 83 82 42 55 1041 898 106 1425 3963 296 28355 51
leaf_count=310 143 38 448 19970 1516 7043 7550 1509 17322 393 1806 414 50 1046 505 1029 56319 33 83 82 42 55 1041 898 106 1425 3963 296 28355 51
internal_value=-0.0025814 -0.00641971 -0.0093049 -0.0100821 -0.00943638 -0.00443035 -0.00687902 -0.00351872 -0.00393495 -0.00839418 -0.000352495 0.00175507 -0.000646657 0.00083668 -0.00463964 -0.0204444 -6.29764e-05 -0.00291411 -0.00666144 0.00411765 -0.000405405 0.00857664 -4.78881e-05 0.00105187 0.00385789 -0.00033362 -9.07987e-05 9.40563e-05 -0.00041463 -0.0152985
internal_weight=153841 60949 24874 22825 21486 36075 9787 26288 24365 7943 1844 1923 2049 1494 555 1339 92892 489 319 170 185 137 92403 3470 1147 2323 88933 56615 32318 134
internal_count=153841 60949 24874 22825 21486 36075 9787 26288 24365 7943 1844 1923 2049 1494 555 1339 92892 489 319 170 185 137 92403 3470 1147 2323 88933 56615 32318 134
is_linear=0
shrinkage=0.05


Tree=218
num_leaves=30
num_cat=0
split_feature=4 13 13 13 3 13 3 1 3 13 3 25 3 39 25 1 0 25 3 38 39 39 34 4 25 1 13 39 0
split_gain=594.889 243.322 382.251 155.012 86.921 55.4685 30.7308 14.1687 13.0216 12.4163 7.64957 5.78022 3.96171 1.59965 4.29707 4.482 3.84976 3.47316 1.71084 1.65692 8.84021 9.96606 7.63627 1.72425 4.16308 1.6534 1.45649 3.46138 2.91769
threshold=1.0000000180025095e-35 -7.5125064849853507 0.00075226789808231222 -0.064914468675851808 -0.17448676377534864 13.859466075897219 -0.1333832964301109 0.40330043435096746 -0.2647589892148971 -23.134503364562985 -0.13065119087696073 1.0000000180025095e-35 -1.3293060660362241 -5.2819278240203849 1.141688406467438 -0.75809195637702931 -0.081440076231956468 0.15762609243392947 -1.8692067265510557 -0.51251009106636036 -0.052058435976505273 -3.6917821168899532 5.0000000000000009 69.375000000000014 0.044103698804974563 0.082000128924846663 -37.97544860839843 -2.9725823402404781 -0.063224941492080675
decision_type=2 2 2 2 2 2 2 2 2 2 2 2 2 2 2 2 2 2 2 2 2 2 2 2 2 2 2 2 2
left_child=1 9 3 8 -5 6 -4 -7 -3 26 12 -12 -11 14 15 17 -17 -2 -16 20 21 -15 -22 25 -25 -21 27 -1 -28
right_child=13 2 5 4 -6 7 -8 -9 -10 10 11 -13 -14 19 18 16 -18 -19 -20 23 22 -23 -24 24 -26 -27 28 -29 -30
leaf_value=-0.00010781593463341181 -3.9719940206911848e-05 -1.409336708528571e-08 -1.0784841385163377e-08 -1.2190905952409991e-08 -1.2190905952409991e-08 -1.2190905952409991e-08 -1.2190905952409991e-08 -1.2190905952409991e-08 -1.2190905952409991e-08 -5.2520161154231614e-05 -1.2190905952409991e-08 -1.2190905952409991e-08 4.2949257119611208e-07 -0.00016514681344842396 0.0026205333528130379 0.0026363658228796857 -0.00082186859101867358 -0.0010643458484130351 -0.0004505796758035242 -6.3507325119070968e-06 -0.00061039780090564014 0.0021263454183776489 0.005194881943819723 0.00015507913514420415 -0.00023485294020520947 4.5254636039439301e-05 -2.3763881590600925e-05 -2.9649865683341528e-06 1.5214454671479083e-05
leaf_weight=786 98 789 2192 1887 14872 12617 7137 208 5349 132 146 3615 1723 145 53 61 41 200 36 81016 147 209 65 373 945 9503 941 6830 1725
leaf_count=786 98 789 2192 1887 14872 12617 7137 208 5349 132 146 3615 1723 145 53 61 41 200 36 81016 147 209 65 373 945 9503 941 6830 1725
internal_value=-0.00258042 -0.00641889 -0.0082956 -0.0128259 -0.0153157 -0.00361334 -0.00654679 -0.00147953 -0.00602802 -0.00110077 -0.00299145 -0.00428742 -0.000363881 -6.18998e-05 -0.00291411 -0.005125 0.00392157 -0.00822148 0.00702247 -4.68058e-05 0.00265018 0.00748588 -0.00542453 -6.34276e-05 -0.00185888 -3.7285e-05 -6.80801e-05 -0.000420168 0.000937734
internal_weight=153841 60949 45051 22897 16759 22154 9329 12825 6138 15898 5616 3761 1855 92892 489 400 102 298 89 92403 566 354 212 91837 1318 90519 10282 7616 2666
internal_count=153841 60949 45051 22897 16759 22154 9329 12825 6138 15898 5616 3761 1855 92892 489 400 102 298 89 92403 566 354 212 91837 1318 90519 10282 7616 2666
is_linear=0
shrinkage=0.05


Tree=219
num_leaves=31
num_cat=0
split_feature=4 3 24 32 14 21 25 32 22 25 0 3 3 34 2 4 9 0 22 14 34 8 7 0 32 34 34 37 34 38
split_gain=589.021 192.191 112.486 72.6211 48.2695 35.4129 24.5408 19.4724 11.6061 9.6438 7.03955 6.76013 8.44184 6.28337 5.39257 1.53641 2.70121 9.28445 4.55291 2.85143 7.39513 2.73874 2.64491 1.81421 8.96964 21.6135 8.85273 5.00344 18.1095 9.79892
threshold=1.0000000180025095e-35 -0.15598179399967191 2.5000000000000004 14.500000000000002 1.0000000180025095e-35 1.0000000180025095e-35 0.18781586736440661 14.500000000000002 0.095779631286859526 0.43796317279338842 -0.037176337093114846 -0.16337496787309644 -0.2647589892148971 1.5000000000000002 -0.090535875409841524 15.325000286102297 0.6842927634716035 0.024124604649841789 0.25623680651187902 -1.0000000180025095e-35 2.5000000000000004 0.038666753098368652 0.045200429856777198 0.039969878271222122 2.5000000000000004 3.5000000000000004 3.5000000000000004 1.0000000180025095e-35 2.5000000000000004 -0.037120034918189042
decision_type=2 2 2 2 2 2 2 2 2 2 2 2 2 2 2 2 2 2 2 2 2 2 2 2 2 2 2 2 2 2
left_child=1 8 3 4 -3 7 -7 -4 9 10 -1 12 -10 -13 -5 23 19 22 -19 20 -17 -21 -18 27 26 -26 -25 29 -29 -2
right_child=15 2 5 14 -6 6 -8 -9 11 -11 -12 13 -14 -15 -16 16 17 18 -20 21 -22 -23 -24 24 25 -27 -28 28 -30 -31
leaf_value=-1.1581360654789491e-08 0.00016095559709369562 -1.1581360654789491e-08 -1.1581360654789491e-08 0.0030353276436675108 -6.7832816959087487e-06 -1.1581360654789491e-08 -1.1581360654789491e-08 -2.5780325745893431e-07 -2.3906168669001908e-07 0.00051953240596207294 -1.1811906709971404e-06 0.0010070658022268803 -1.0851523421051165e-08 0.00017642336214172445 -1.7421536930739319e-05 -6.3104581598222989e-05 -2.3453253392024394e-05 -0.00033000884291787305 -0.00073474356972216088 -2.0896850414351203e-06 0.00041026419548552808 -0.00011357006548812242 0.00085512297682517526 5.6572358290608865e-05 0.00012061756892034307 0.0048352562065068971 -0.00017127149625326262 0.0001425024814458721 -8.1926159049577207e-05 -8.7171287794037038e-05
leaf_weight=672 2262 17319 6255 72 978 16301 2818 604 9354 111 616 91 3921 221 1616 1561 233 304 244 15054 1789 9284 160 13017 1821 478 5192 12004 12857 16632
leaf_count=672 2262 17319 6255 72 978 16301 2818 604 9354 111 616 91 3921 221 1616 1561 233 304 244 15054 1789 9284 160 13017 1821 478 5192 12004 12857 16632
internal_value=-0.00256905 -0.00638854 -0.00799175 -0.0108119 -0.0117273 -0.00582223 -0.00471651 -0.00890436 -0.00147137 -0.00580772 -0.0070264 -0.00102488 -0.00119586 0.00625 -0.000888626 -6.29764e-05 -0.000367634 -0.00300213 -0.00720803 -0.000278099 0.00108955 -0.000466349 0.0028626 7.27479e-05 0.000460796 0.00340365 8.92416e-05 -0.00010913 0.000356985 -0.000722452
internal_weight=153841 60949 45963 19985 18297 25978 19119 6859 14986 1399 1288 13587 13275 312 1688 92892 28629 941 548 27688 3350 24338 393 64263 20508 2299 18209 43755 24861 18894
internal_count=153841 60949 45963 19985 18297 25978 19119 6859 14986 1399 1288 13587 13275 312 1688 92892 28629 941 548 27688 3350 24338 393 64263 20508 2299 18209 43755 24861 18894
is_linear=0
shrinkage=0.05


Tree=220
num_leaves=31
num_cat=0
split_feature=5 13 13 32 3 13 3 1 13 3 1 2 13 22 22 34 5 38 34 32 38 37 13 22 3 34 25 1 21 38
split_gain=584.784 239.087 383.982 150.143 148.252 28.1786 25.1349 14.2713 12.1156 6.98642 6.07837 4.172 3.1144 1.54536 5.68073 4.22513 1.50483 3.86509 5.8753 3.94054 3.59334 6.39337 3.47838 2.78146 8.68196 3.31953 2.32921 8.12838 3.81145 2.29946
threshold=1.0000000180025095e-35 -7.5125064849853507 3.6173341274261479 14.500000000000002 -0.15598179399967191 13.859466075897219 -0.13065119087696073 0.40330043435096746 -23.134503364562985 -0.13065119087696073 -0.1366249620914459 0.011144494637846948 2.5585784847129844e-13 0.19166000187397006 0.19299696385860446 1.0000000180025095e-35 6.3250000476837167 -0.33495599031448359 1.0000000180025095e-35 2.5000000000000004 0.36682778596878057 1.0000000180025095e-35 -343.36230468749994 1.6626445651054385 -1.8692067265510557 2.5000000000000004 0.25891709327697759 -0.033629542216658585 0.72499999403953563 -0.069789219647645936
decision_type=2 2 2 2 2 2 2 2 2 2 2 2 2 2 2 2 2 2 2 2 2 2 2 2 2 2 2 2 2 2
left_child=1 8 3 4 -3 6 -4 -7 13 11 -11 -10 -5 15 -15 -1 17 18 -2 -20 22 -22 -19 26 29 -26 28 -28 -18 -25
right_child=16 2 5 12 -6 7 -8 -9 9 10 -12 -13 -14 14 -16 -17 23 20 19 -21 21 -23 -24 24 25 -27 27 -29 -30 -31
leaf_value=3.1092524206877226e-05 -0.00062587168738963053 -1.1002292622050017e-08 3.4273962814490434e-09 -2.4846969924238594e-05 -1.1002292622050017e-08 -1.1002292622050017e-08 -1.1002292622050017e-08 -1.1002292622050017e-08 -2.6271478713167682e-06 -1.1002292622050017e-08 -1.1002292622050017e-08 0.0002754739837022518 0.00018519311576469167 0.00086137852521264214 7.5397034277414095e-06 -1.8092801490269334e-05 8.8840751614173427e-06 0.000133152424235259 0.00025330479525192132 -0.0010545868848141416 -0.00030660105576248023 0.0016413884210562365 -1.0510969445128659e-06 -8.6409374459400085e-05 -0.00060206670607412804 0.00084445561243671498 9.08179987442968e-05 -0.00010359443291425904 -5.6168624442094625e-05 0.0026428269950743836
leaf_weight=603 78 3776 1494 2055 19997 12617 4415 208 1088 984 2777 767 489 31 6227 3421 22967 5831 148 37 52 110 23503 55 397 52 12564 3809 23193 96
leaf_count=603 78 3776 1494 2055 19997 12617 4415 208 1088 984 2777 767 489 31 6227 3421 22967 5831 148 37 52 110 23503 55 397 52 12564 3809 23193 96
internal_value=-0.0025541 -0.00635983 -0.00822013 -0.0121148 -0.0133502 -0.00274901 -0.00560586 -0.00143275 -0.00108819 -0.00295584 -0.00419436 -0.000444744 -0.000569969 -6.80801e-05 0.000423458 -0.000832505 -5.70555e-05 0.000236063 -0.00579848 -0.000945946 0.00028987 0.00771605 0.000248858 -0.000195223 -0.00358333 -0.00707127 -0.000162714 0.000349661 -0.000344454 0.00678808
internal_weight=153841 60949 45051 26317 23773 18734 5909 12825 15898 5616 3761 1855 2544 10282 6258 4024 92892 29759 263 185 29496 162 29334 63133 600 449 62533 16373 46160 151
internal_count=153841 60949 45051 26317 23773 18734 5909 12825 15898 5616 3761 1855 2544 10282 6258 4024 92892 29759 263 185 29496 162 29334 63133 600 449 62533 16373 46160 151
is_linear=0
shrinkage=0.05


Tree=221
num_leaves=31
num_cat=0
split_feature=4 3 24 24 14 21 25 1 2 1 2 3 3 34 0 3 4 39 0 39 2 38 3 8 2 3 1 18 38 25
split_gain=582.522 203.17 111.611 41.1561 35.9332 35.2015 24.8032 14.2146 6.50829 11.852 11.301 9.03195 6.72 5.69944 5.55275 4.50159 1.44811 3.36748 1.74153 1.4382 5.0336 4.65985 1.42528 3.85671 2.77694 1.20067 1.11698 1.07488 0.86438 0.802222
threshold=1.0000000180025095e-35 -0.15598179399967191 2.5000000000000004 1.0000000180025095e-35 1.0000000180025095e-35 1.0000000180025095e-35 0.18781586736440661 0.40330043435096746 0.0068187911529093989 -0.64753788709640492 0.0052394943777471789 -0.17448676377534864 -0.17448676377534864 5.0000000000000009 -0.71135804057121266 0.02693387866020203 0.12500000372529033 -1.0000000180025095e-35 0.093006316572427764 -5.2819278240203849 0.11006521806120874 -0.33495599031448359 0.37682336568832403 0.067350316792726531 0.80164751410484325 0.03949809446930886 -0.11122643947601317 180.22222137451175 0.10936309769749643 0.12041494250297548
decision_type=2 2 2 2 2 2 2 2 2 2 2 2 2 2 2 2 2 2 2 2 2 2 2 2 2 2 2 2 2 2
left_child=1 8 3 15 -5 7 -7 -4 10 13 14 -11 -12 -10 -1 -3 17 26 25 20 21 -18 24 -24 -21 -19 27 -2 -22 -28
right_child=16 2 5 4 -6 6 -8 -9 9 11 12 -13 -14 -15 -16 -17 19 18 -20 22 28 -23 23 -25 -26 -27 29 -29 -30 -31
leaf_value=1.384822780783228e-06 7.3517194251235791e-05 -1.0452177990947516e-08 -1.0452177990947516e-08 -1.0452177990947516e-08 -6.4435674964822094e-06 -1.0452177990947516e-08 -1.0452177990947516e-08 -1.0452177990947516e-08 -2.6136911437978633e-05 1.2779099226380573e-08 -2.1951182488936097e-06 0.00056640153343905228 -3.5480034300920353e-06 -0.00018233831543211268 -1.0534900453052356e-08 -1.0452177990947516e-08 -0.00063135710439648747 -2.6558688442046781e-05 -0.00055580748760228002 1.3310010372677428e-07 -0.00084309836702338371 0.00035566993246122957 -3.048023870334299e-05 -0.00049039887894130457 -0.00071569695895765323 0.0004431321780624019 0.00077797469433972858 0.00019287036702317546 -0.0013510059312025658 0.00033616736327303861
leaf_weight=2203 55 1021 6466 17498 1007 16301 2818 393 992 5259 170 490 87 48 5737 459 106 148 55 89263 53 297 2366 206 174 31 45 31 32 30
leaf_count=2203 55 1021 6466 17498 1007 16301 2818 393 992 5259 170 490 87 48 5737 459 106 148 55 89263 53 297 2366 206 174 31 45 31 32 30
internal_value=-0.0025385 -0.00633686 -0.00798523 -0.0107943 -0.0101527 -0.00582416 -0.00472174 -0.00889707 -0.0012812 -0.00013625 -0.00222947 0.000752305 -0.0125486 -0.00504808 -0.00189547 -0.0188176 -4.62903e-05 0.00297468 -0.000854701 -5.91911e-05 -0.00276639 -0.000434243 -4.48326e-05 -0.00120529 -1.14606e-05 0.00153631 0.00854037 0.00465116 -0.0138235 0.013
internal_weight=153841 60949 45963 19985 18505 25978 19119 6859 14986 6789 8197 5749 257 1040 7940 1480 92892 395 234 92497 488 403 92009 2572 89437 179 161 86 85 75
internal_count=153841 60949 45963 19985 18505 25978 19119 6859 14986 6789 8197 5749 257 1040 7940 1480 92892 395 234 92497 488 403 92009 2572 89437 179 161 86 85 75
is_linear=0
shrinkage=0.05


Tree=222
num_leaves=31
num_cat=0
split_feature=5 3 24 32 14 32 14 0 2 0 1 1 34 0 0 20 3 7 18 39 2 1 32 1 34 10 10 10 18 0
split_gain=577.164 210.515 111.611 74.5451 48.2207 34.7475 23.6938 7.14534 6.24146 13.0426 10.7173 13.1624 6.01458 5.13844 4.11179 3.31614 1.32018 4.892 2.61897 3.1911 2.52774 2.25065 5.86485 3.87229 2.05703 1.98249 1.87378 1.95459 1.54205 1.31055
threshold=1.0000000180025095e-35 -0.15598179399967191 2.5000000000000004 14.500000000000002 1.0000000180025095e-35 14.500000000000002 1.0000000180025095e-35 0.42942768335342413 -0.018622671253979203 -0.067232239991426454 -0.54889738559722889 -0.52221390604972828 2.5000000000000004 -0.16164007782936093 -0.037176337093114846 -1.0000000180025095e-35 0.37682336568832403 0.069901917129755034 3780.6250000000005 1.9339771866798403 0.80164751410484325 0.082000128924846663 31.500000000000004 -0.031756978482007973 1.0000000180025095e-35 0.074179902672767653 0.084302458912134184 0.29733285307884222 -3422.9504394531245 0.73370802402496349
decision_type=2 2 2 2 2 2 2 2 2 2 2 2 2 2 2 2 2 2 2 2 2 2 2 2 2 2 2 2 2 2
left_child=1 8 3 4 -3 6 -4 -7 9 12 14 -12 -1 -5 -10 -11 20 18 24 -20 21 23 -23 -2 -18 -22 28 -28 -19 -27
right_child=16 2 5 13 -6 7 -8 -9 10 15 11 -13 -14 -15 -16 -17 17 26 19 -21 25 22 -24 -25 -26 29 27 -29 -30 -31
leaf_value=-9.9254329682948986e-09 4.8700335567100628e-06 -9.9295690914001392e-09 -9.9295690914001392e-09 0.0015257463470971615 -6.1213891216580991e-06 5.2595313103337257e-05 -1.3016331644781467e-05 -7.2854368670075565e-05 -1.4474848860232645e-05 -7.6904810947754804e-06 1.3647282531564511e-07 1.6781327523318562e-08 -1.1542961036464651e-08 -2.4078058823017948e-05 -4.8449471875244584e-05 -9.9254329682948986e-09 0.00013209720837754473 -0.0014851727460709974 0.00031990923738087993 -0.00038547041648874958 4.6287198536567807e-05 0.00010132168238461693 -0.00081449854142548602 -5.2724308578605118e-05 -9.4764083423126428e-05 -0.00065387036572849488 0.00019398884370937231 -0.0009831517021430872 -0.00048178354707375561 -0.0019002896260821745
leaf_weight=4669 67309 17319 22140 118 978 1920 1782 136 1111 93 144 6260 2388 1570 250 71 360 31 364 60 61 7795 312 14714 1497 63 69 36 171 50
leaf_count=4669 67309 17319 22140 118 978 1920 1782 136 1111 93 144 6260 2388 1570 250 71 360 31 364 60 61 7795 312 14714 1497 63 69 36 171 50
internal_value=-0.00252647 -0.00630732 -0.00798523 -0.0107943 -0.0117219 -0.00582416 -0.00636025 0.000413424 -0.00116108 -0.00221922 -0.000177077 0.000679263 -0.00189528 -0.000740521 -0.00420647 -0.0161585 -4.57521e-05 -0.0011592 -0.000361683 0.00318396 -1.38421e-05 -2.21902e-06 0.000792525 -8.077e-05 -0.00117124 -0.00603448 -0.00708469 -0.00166667 -0.00990099 -0.00995575
internal_weight=153841 60949 45963 19985 18297 25978 23922 2056 14986 7221 7765 6404 7057 1688 1361 164 92892 2588 2281 424 90304 90130 8107 82023 1857 174 307 105 202 113
internal_count=153841 60949 45963 19985 18297 25978 23922 2056 14986 7221 7765 6404 7057 1688 1361 164 92892 2588 2281 424 90304 90130 8107 82023 1857 174 307 105 202 113
is_linear=0
shrinkage=0.05


Tree=223
num_leaves=31
num_cat=0
split_feature=4 13 13 3 32 13 3 1 1 13 3 24 3 1 3 2 15 1 32 37 38 13 8 1 9 8 8 38 1 25
split_gain=570.862 230.472 370.096 165.336 165.9 28.7076 25.1349 17.9145 14.3571 11.7313 7.44502 6.52236 3.98733 1.64016 6.43631 5.42426 1.32712 5.65624 4.31999 6.47578 4.49082 3.69385 5.31039 4.57445 3.08343 3.74657 2.61504 5.07045 4.25549 1.54626
threshold=1.0000000180025095e-35 -7.5125064849853507 3.6173341274261479 -0.15598179399967191 14.500000000000002 13.859466075897219 -0.13065119087696073 -2.7169306278228755 0.40330043435096746 -23.134503364562985 -0.13065119087696073 1.5000000000000002 -1.3293060660362241 0.01248703431338072 0.44951760768890386 0.11006521806120874 -0.75092959403991688 -0.57997438311576832 27.500000000000004 1.0000000180025095e-35 -0.011514162644743918 -144.23081207275388 0.10234197229146959 0.11963000521063806 0.85427093505859386 0.0015088818618096413 0.018744092434644703 0.21970647573471072 -0.21460137516260144 0.17073982954025271
decision_type=2 2 2 2 2 2 2 2 2 2 2 2 2 2 2 2 2 2 2 2 2 2 2 2 2 2 2 2 2 2
left_child=1 9 3 7 -5 6 -4 -3 -7 13 12 -12 -11 14 -1 -15 17 18 20 -20 -2 22 -19 -23 26 -26 28 -28 -18 -27
right_child=16 2 5 4 -6 8 -8 -9 -10 10 11 -13 -14 15 -16 -17 24 21 19 -21 -22 23 -24 -25 25 29 27 -29 -30 -31
leaf_value=7.0930977040934439e-06 -0.00046244144326980483 6.54911641140039e-06 3.0689623358720377e-09 -9.4330906368301323e-09 -4.6372890137675045e-06 -9.4330906368301323e-09 -9.4330906368301323e-09 -9.4291613198801525e-09 -9.4330906368301323e-09 -4.981958748601044e-05 -9.4330906368301323e-09 -9.4330906368301323e-09 5.4097349158900169e-07 7.5422674223378812e-05 -0.00067457261641095973 -3.0544330423985805e-05 6.4898912659782778e-05 0.00010210087229554649 -0.00059149594208770466 0.003981159978907081 -0.00011557494869697746 3.0214556037263653e-05 0.0019511743765557512 -0.00012480743877993497 -0.00070659119472359945 0.00028615089744544103 -6.5973413028666376e-05 0.00026026932565664606 -1.5590804133478431e-05 -0.00058032860993945416
leaf_weight=8352 894 61 1494 19997 2203 12617 4415 4056 208 132 549 3212 1723 90 49 1791 13153 5137 74 128 3072 15943 197 1641 38 51 26608 1893 24021 42
leaf_count=8352 894 61 1494 19997 2203 12617 4415 4056 208 132 549 3212 1723 90 49 1791 13153 5137 74 128 3072 15943 197 1641 38 51 26608 1893 24021 42
internal_value=-0.00250697 -0.00626712 -0.00809361 -0.0119172 -0.0136239 -0.00272232 -0.00560586 -0.00271436 -0.00139376 -0.00109133 -0.00292913 -0.00420766 -0.000336927 -8.75316e-05 0.000211284 -0.00142212 -3.98312e-05 0.000254744 -0.00143954 0.00569307 -0.00180282 0.000562876 0.00171541 0.000213262 -0.00016108 -0.00782443 -0.000145794 -0.000506123 0.000130468 -0.00241935
internal_weight=153841 60949 45051 26317 22200 18734 5909 4117 12825 15898 5616 3761 1855 10282 8401 1881 92892 27086 4168 202 3966 22918 5334 17584 65806 131 65675 28501 37174 93
internal_count=153841 60949 45051 26317 22200 18734 5909 4117 12825 15898 5616 3761 1855 10282 8401 1881 92892 27086 4168 202 3966 22918 5334 17584 65806 131 65675 28501 37174 93
is_linear=0
shrinkage=0.05


Tree=224
num_leaves=31
num_cat=0
split_feature=4 13 13 13 13 13 1 13 1 24 24 1 25 25 22 22 13 34 1 1 14 34 1 13 8 22 21 0 25 21
split_gain=570.872 229.645 370.096 122.389 60.5666 28.7076 14.3571 12.1426 9.64492 8.69216 6.61318 7.33063 5.05674 1.92029 3.04964 1.57867 1.37548 10.2664 17.7751 13.3689 4.56069 10.2744 4.59901 4.43078 8.05539 6.21479 5.19982 5.16883 4.59342 2.62005
threshold=1.0000000180025095e-35 -7.5125064849853507 3.6173341274261479 -0.064914468675851808 0.00075226789808231222 13.859466075897219 0.40330043435096746 -23.134503364562985 -0.1276118457317352 1.5000000000000002 1.5000000000000002 0.17574552446603778 1.0000000180025095e-35 2.3506062030792241 1.2157527804374697 0.19166000187397006 38.24376296997071 5.0000000000000009 -0.29202529788017267 -0.09674296528100966 -1.0000000180025095e-35 2.5000000000000004 -0.047171475365757935 -8.9208893775939924 0.079715393483638777 0.08655212447047235 0.97499999403953563 -0.04626913554966449 1.828366279602051 0.17500000447034839
decision_type=2 2 2 2 2 2 2 2 2 2 2 2 2 2 2 2 2 2 2 2 2 2 2 2 2 2 2 2 2 2
left_child=1 7 3 9 -5 8 -7 13 -4 -3 12 -12 -9 15 -15 -1 23 20 29 -20 21 -18 -22 26 25 -25 28 -28 -2 -19
right_child=16 2 5 4 -6 6 -8 10 -10 -11 11 -13 -14 14 -16 -17 17 18 19 -21 22 -23 -24 24 -26 -27 27 -29 -30 -31
leaf_value=-9.9999005957121772e-06 3.7424366659364294e-05 -8.9614361049886254e-09 -8.9614361049886254e-09 -8.9614361049886254e-09 -8.9614361049886254e-09 -8.9614361049886254e-09 -8.9614361049886254e-09 -3.4696151841707532e-08 -8.9614361049886254e-09 -8.9614361049886254e-09 -8.9614361049886254e-09 -8.9614361049886254e-09 -8.9614361049886254e-09 0.00021046062908342754 -2.8668653361016267e-05 1.4557958519164532e-05 -5.5394575392008018e-05 -0.00079760884222419837 0.001907130039715813 0.00087389262671266552 2.7522611590208519e-05 0.0007559714482757926 -6.4055219299161901e-05 5.1568262785722441e-05 -0.00055375712753097839 -8.1769194562726481e-05 3.502234215237935e-05 -0.0001018288347051994 -0.00037521243009068923 0.00029113268456386847
leaf_weight=4022 28405 1054 2058 16759 3420 12617 208 71 3851 5084 4541 337 667 40 34 6186 1261 164 309 449 22195 1126 12558 1531 497 9716 5491 8861 265 64
leaf_count=4022 28405 1054 2058 16759 3420 12617 208 71 3851 5084 4541 337 667 40 34 6186 1261 164 309 449 22195 1126 12558 1531 497 9716 5491 8861 265 64
internal_value=-0.00251022 -0.00627041 -0.00809361 -0.0119172 -0.0137978 -0.00272232 -0.00139376 -0.00110391 -0.00560586 -0.00573477 -0.00297365 -0.00230627 -0.00738482 -8.26687e-05 -0.00810811 -2.44906e-05 -4.30608e-05 0.000187536 0.00522312 0.00890501 5.38503e-05 0.00216799 -9.1359e-05 -0.000203593 -0.00106437 -0.000789099 3.13793e-05 -0.000745541 0.0004203 -0.00701754
internal_weight=153841 60949 45051 26317 20179 18734 12825 15898 5909 6138 5616 4878 738 10282 74 10208 92892 38126 986 758 37140 2387 34753 54766 11744 11247 43022 14352 28670 228
internal_count=153841 60949 45051 26317 20179 18734 12825 15898 5909 6138 5616 4878 738 10282 74 10208 92892 38126 986 758 37140 2387 34753 54766 11744 11247 43022 14352 28670 228
is_linear=0
shrinkage=0.05


Tree=225
num_leaves=31
num_cat=0
split_feature=4 24 32 24 1 1 25 1 39 22 14 1 0 0 39 21 39 22 22 38 11 0 38 22 34 34 32 34 22 39
split_gain=569.618 124.942 64.366 64.6035 52.6541 29.9432 26.6541 24.3501 19.5807 16.0529 14.4723 8.49916 4.48767 5.03646 4.59032 3.16902 1.50804 4.1916 6.14404 5.76638 3.70448 3.02525 2.07595 1.78096 10.1135 11.4568 6.6432 2.9085 6.96796 3.17739
threshold=1.0000000180025095e-35 2.5000000000000004 14.500000000000002 1.0000000180025095e-35 -0.20241276174783704 -0.024162963964045044 0.043215662240982063 0.30820107460021978 2.6074306964874272 0.045210551470518119 1.0000000180025095e-35 -0.07373612746596335 0.38015936315059667 -0.0091199791058897955 3.7171112298965459 0.075000001117587103 -5.2819278240203849 2.2804714441299443 0.81064429879188549 -0.25294733047485346 0.022847821004688743 -0.081440076231956468 0.057413363829255111 0.76530429720878612 5.0000000000000009 2.5000000000000004 31.500000000000004 5.0000000000000009 0.3068272471427918 -4.5574824810028067
decision_type=2 2 2 2 2 2 2 2 2 2 2 2 2 2 2 2 2 2 2 2 2 2 2 2 2 2 2 2 2 2
left_child=1 2 3 15 -5 8 9 -8 10 -7 -3 -10 13 -4 -14 -1 17 18 21 -19 -20 -2 -21 27 25 -25 -26 29 -29 -18
right_child=16 5 12 4 -6 6 7 -9 11 -11 -12 -13 14 -15 -16 -17 23 19 20 22 -22 -23 -24 24 26 -27 -28 28 -30 -31
leaf_value=-8.5133642997391934e-09 0.0020514701201495554 -8.5133642997391934e-09 0.00021082201048903786 -8.5133642997391934e-09 -8.5133642997391934e-09 -8.5133642997391934e-09 -8.5133642997391934e-09 -8.5133642997391934e-09 -8.5133642997391934e-09 -8.5133642997391934e-09 4.9748948147061019e-05 -8.5133642997391934e-09 1.2247747553744801e-05 -6.7551235406176829e-05 0.0017662277467184653 -8.5133642997391934e-09 0.00039878770584561682 -0.00041121224871124885 0.00030034421172033085 0.0024078352635489514 -0.0011599975850368155 -0.00077167254218918509 0.00012547454507926895 -3.1039414604494209e-05 -0.0013760057174506636 0.00091164802400812636 0.00087191311230926875 0.00047258472771942521 -0.00027339093440514813 -1.3010947773166651e-05
leaf_weight=310 69 19830 824 5429 16057 287 6811 1057 1297 3406 2737 650 123 1067 35 1029 442 41 40 74 170 40 55 6685 165 2536 35 1871 744 79925
leaf_count=310 69 19830 824 5429 16057 287 6811 1057 1297 3406 2737 650 123 1067 35 1029 442 41 40 74 170 40 55 6685 165 2536 35 1871 744 79925
internal_value=-0.00250697 -0.00626302 -0.00898931 -0.00975137 -0.00908731 -0.00438323 -0.00648084 -0.00483604 -0.00339398 -0.00998511 -0.00297891 -0.00820493 -0.000500244 -0.00117663 0.00759494 -0.020407 -4.25225e-05 -0.00281186 -0.00619122 0.00352941 -0.0111905 0.00344037 0.00872093 -2.78671e-05 0.000623607 0.000864874 -0.0105 -0.000101829 0.0015392 -0.000155225
internal_weight=153841 60949 24874 22825 21486 36075 11561 7868 24514 3693 22567 1947 2049 1891 158 1339 92892 489 319 170 210 109 129 92403 9421 9221 200 82982 2615 80367
internal_count=153841 60949 24874 22825 21486 36075 11561 7868 24514 3693 22567 1947 2049 1891 158 1339 92892 489 319 170 210 109 129 92403 9421 9221 200 82982 2615 80367
is_linear=0
shrinkage=0.05


Tree=226
num_leaves=31
num_cat=0
split_feature=4 13 13 3 13 13 3 22 1 13 3 24 34 13 0 21 39 22 22 38 0 13 9 22 34 34 3 34 13 39
split_gain=569.928 231.667 372.704 166.896 105.273 28.9739 25.1349 21.9168 14.4001 12.4716 6.93561 6.52236 3.66263 1.66385 2.61789 2.09566 1.50453 3.81179 6.13092 5.56059 3.65058 2.97692 1.62529 1.50159 9.8972 12.1356 3.96241 2.29162 10.5514 3.2105
threshold=1.0000000180025095e-35 -7.5125064849853507 3.6173341274261479 -0.15598179399967191 -0.064914468675851808 13.859466075897219 -0.13065119087696073 0.44221135973930364 0.40330043435096746 -23.134503364562985 -0.13065119087696073 1.5000000000000002 5.0000000000000009 -27.238594055175778 -0.11053571477532385 0.97499999403953563 -5.2819278240203849 2.2804714441299443 1.6626445651054385 -0.25294733047485346 -0.037176337093114846 -388.63066101074213 0.15792023390531543 0.79644945263862621 5.0000000000000009 2.5000000000000004 -1.3293060660362241 5.0000000000000009 86.935379028320327 -4.5574824810028067
decision_type=2 2 2 2 2 2 2 2 2 2 2 2 2 2 2 2 2 2 2 2 2 2 2 2 2 2 2 2 2 2
left_child=1 9 3 7 -5 6 -4 -3 -7 13 12 -12 -11 15 -15 -1 17 18 20 -19 -2 -21 -20 27 25 -25 -26 29 -29 -18
right_child=16 2 5 4 -6 8 -8 -9 -10 10 11 -13 -14 14 -16 -17 23 19 22 21 -22 -23 -24 24 26 -27 -28 28 -30 -31
leaf_value=7.0800038572106934e-06 0.0005279945742628745 -9.4019056512214225e-09 3.7892542393148258e-09 -8.0876960847522341e-09 -8.0876960847522341e-09 -8.0876960847522341e-09 -8.0876960847522341e-09 5.5435618931782152e-08 -8.0876960847522341e-09 -8.0001531624268639e-09 -8.0876960847522341e-09 -8.0876960847522341e-09 -6.5832245330484012e-05 -5.0732001427404108e-05 2.1244825488006468e-05 -4.3663746572354216e-05 0.00038456205853414918 -0.00039065163627568654 -0.00067486657516189596 0.0019272887620409608 -0.00085504754670361147 0.00032281336957142861 -0.0012985719757873566 -3.6832154838150476e-05 0.00016431505368562013 0.0010337483888725547 -0.0013709079242950279 -0.00011268001268305815 0.00079568543980880068 -1.1730562522324109e-05
leaf_weight=6235 143 2668 1494 4677 17523 12617 4415 1449 208 1800 549 3212 55 247 730 3070 447 41 63 39 42 90 71 6225 32 2227 142 1791 850 80689
leaf_count=6235 143 2668 1494 4677 17523 12617 4415 1449 208 1800 549 3212 55 247 730 3070 447 41 63 39 42 90 71 6225 32 2227 142 1791 850 80689
internal_value=-0.00251087 -0.00626795 -0.00809915 -0.0119362 -0.0136509 -0.00270898 -0.00560586 -0.00269007 -0.00137427 -0.00107875 -0.00297365 -0.00420766 -0.000471698 -4.37658e-05 0.00191914 -0.000249866 -4.57521e-05 -0.00281186 -0.00603448 0.00323529 -0.000135135 0.00833333 -0.0141791 -3.11137e-05 0.000597032 0.000840038 -0.0112069 -9.579e-05 0.00135365 -0.00014297
internal_weight=153841 60949 45051 26317 22200 18734 5909 4117 12825 15898 5616 3761 1855 10282 977 9305 92892 489 319 170 185 129 134 92403 8626 8452 174 83777 2641 81136
internal_count=153841 60949 45051 26317 22200 18734 5909 4117 12825 15898 5616 3761 1855 10282 977 9305 92892 489 319 170 185 129 134 92403 8626 8452 174 83777 2641 81136
is_linear=0
shrinkage=0.05


Tree=227
num_leaves=31
num_cat=0
split_feature=4 24 32 24 1 1 25 1 25 22 14 32 34 0 25 2 2 38 34 25 34 0 0 37 34 18 20 2 24 32
split_gain=571.869 126.92 60.4738 64.4973 52.8846 30.4343 26.8691 24.3063 18.1205 15.9765 14.1326 12.8412 5.17017 12.7191 4.2319 2.95624 1.611 5.63958 15.1842 8.3444 7.36065 4.68168 4.57414 17.7337 8.75223 8.3502 5.05863 8.53953 6.55807 3.94269
threshold=1.0000000180025095e-35 2.5000000000000004 14.500000000000002 1.0000000180025095e-35 -0.20241276174783704 -0.024162963964045044 0.043215662240982063 0.30820107460021978 0.029599997214972976 0.045210551470518119 1.0000000180025095e-35 2.5000000000000004 1.0000000180025095e-35 -0.0065390306990593663 0.33226084709167486 0.085999540984630599 0.034960383549332626 -0.0085445949807763082 3.5000000000000004 0.43796317279338842 2.5000000000000004 -0.0011669183732010422 -0.020248523913323876 1.0000000180025095e-35 2.5000000000000004 -62475.490234374993 -1.0000000180025095e-35 0.15777235478162768 2.5000000000000004 36.000000000000007
decision_type=2 2 2 2 2 2 2 2 2 2 2 2 2 2 2 2 2 2 2 2 2 2 2 2 2 2 2 2 2 2
left_child=1 2 3 15 -5 8 9 -8 10 -7 -3 -10 13 -4 -14 -1 17 18 20 -20 -2 29 23 24 -18 -25 27 -24 -28 -19
right_child=16 5 12 4 -6 6 7 -9 11 -11 -12 -13 14 -15 -16 -17 22 21 19 -21 -22 -23 26 25 -26 -27 28 -29 -30 -31
leaf_value=-7.6833112805146225e-09 -6.3830547492294085e-05 -7.6833112805146225e-09 0.001874607581352529 -7.6833112805146225e-09 -7.6833112805146225e-09 -7.6833112805146225e-09 -7.6833112805146225e-09 -7.6833112805146225e-09 -7.6833112805146225e-09 -7.6833112805146225e-09 3.5276938627434226e-05 0.00021364155675923812 -1.0270103361607996e-06 -0.00015274463456164107 0.0014117308601505165 -7.6833112805146225e-09 -0.00019181188491868061 9.2926478190879378e-06 -0.00020069979136059591 -0.00099573076193132729 0.00020919382608804672 -0.00013473897772539264 -5.9132690189982548e-05 0.0019046135130050485 0.00017294612649166691 0.00019693006346115937 -0.00017084301308640805 0.00011608321630053025 -2.1543452204720108e-05 0.0013596966520518226
leaf_weight=808 4669 7160 100 5429 16057 287 6811 1057 14846 3406 839 1669 1608 237 104 531 3661 20623 2533 163 2140 680 7864 360 1920 7682 3643 15119 21545 290
leaf_count=808 4669 7160 100 5429 16057 287 6811 1057 14846 3406 839 1669 1608 237 104 531 3661 20623 2533 163 2140 680 7864 360 1920 7682 3643 15119 21545 290
internal_value=-0.00251022 -0.00627369 -0.00902147 -0.00976013 -0.00909662 -0.00437907 -0.00649382 -0.0048424 -0.00338174 -0.0100122 -0.00533504 -0.00243566 -0.00079307 -0.00645401 0.000321262 -0.020407 -4.09077e-05 -0.000334427 -0.00134929 -0.00452522 -9.17903e-05 0.000112305 0.000106806 0.000915731 -0.00124978 0.00241855 -0.000121961 0.000414437 -0.000611402 0.000245063
internal_weight=153841 60949 24874 22825 21486 36075 11561 7868 24514 3693 7999 16515 2049 337 1712 1339 92892 31098 9505 2696 6809 21593 61794 13623 5581 8042 48171 22983 25188 20913
internal_count=153841 60949 24874 22825 21486 36075 11561 7868 24514 3693 7999 16515 2049 337 1712 1339 92892 31098 9505 2696 6809 21593 61794 13623 5581 8042 48171 22983 25188 20913
is_linear=0
shrinkage=0.05


Tree=228
num_leaves=31
num_cat=0
split_feature=4 13 13 3 32 13 3 22 1 13 3 24 39 10 1 4 11 3 1 22 15 13 1 37 22 37 4 22 13 22
split_gain=572.293 231.374 372.854 165.256 158.178 28.7076 25.1349 21.5395 14.3571 11.9935 7.13721 6.52236 3.66284 1.53714 4.67828 4.24212 3.69982 3.00859 2.72797 2.69771 1.64997 6.35205 5.55705 4.59857 2.88387 3.46728 2.79707 1.48746 5.69944 2.68368
threshold=1.0000000180025095e-35 -7.5125064849853507 3.6173341274261479 -0.15598179399967191 14.500000000000002 13.859466075897219 -0.13065119087696073 0.44221135973930364 0.40330043435096746 -23.134503364562985 -0.13065119087696073 1.5000000000000002 2.6074306964874272 0.72776323556900036 -0.057422742247581475 25.82499980926514 0.97503739595413219 -1.4232066869735716 0.15814532339572909 0.38195927441120153 -0.96507242321968068 -206.63523101806638 -0.54889738559722889 1.0000000180025095e-35 0.10386388003826143 1.0000000180025095e-35 29.625000000000004 0.045210551470518119 -47.463386535644524 0.082122139632701888
decision_type=2 2 2 2 2 2 2 2 2 2 2 2 2 2 2 2 2 2 2 2 2 2 2 2 2 2 2 2 2 2
left_child=1 9 3 7 -5 6 -4 -3 -7 27 12 -12 -11 20 15 17 -17 -15 -16 -20 21 23 -23 -2 25 -22 -26 28 -1 -29
right_child=13 2 5 4 -6 8 -8 -9 -10 10 11 -13 -14 14 18 16 -18 -19 19 -21 24 22 -24 -25 26 -27 -28 29 -30 -31
leaf_value=-0.00013442230007440926 2.5336393519211425e-05 -8.5476448046346193e-09 3.9839570913748156e-09 -7.2991457164888916e-09 -6.4141511088054e-06 -7.2991457164888916e-09 -7.2991457164888916e-09 5.3048003549218781e-08 -7.2991457164888916e-09 -7.21597994027979e-09 -7.2991457164888916e-09 -7.2991457164888916e-09 -6.4417672210013595e-05 -0.00042844047031853909 -0.0001698193876851134 0.00079896979639901766 -0.00012012531056309808 0.00013436263475045536 5.1308891417603033e-05 0.0017605634876081682 8.6848251552914965e-05 -0.00027952748909778431 1.3343010761418355e-05 0.00036616429270938216 -1.3521290970943454e-05 -2.4316506031521294e-05 -0.00010369171650598496 2.10850628148071e-05 9.9302677299436563e-06 -6.8172383649374016e-06
leaf_weight=146 1799 2668 1494 19997 2203 12617 4415 1449 208 1823 549 3212 32 219 895 155 39 2024 129 32 2884 2164 15055 1887 56869 1763 6978 683 105 9348
leaf_count=146 1799 2668 1494 19997 2203 12617 4415 1449 208 1823 549 3212 32 219 895 155 39 2024 129 32 2884 2164 15055 1887 56869 1763 6978 683 105 9348
internal_value=-0.00251867 -0.00628353 -0.00811358 -0.0119514 -0.0136577 -0.00272232 -0.00560586 -0.00275079 -0.00139376 -0.00109762 -0.00295584 -0.00420766 -0.00041779 -4.84434e-05 0.000980532 0.00218506 0.00927835 0.00157156 -0.00179924 0.00419255 -8.86475e-05 0.000300167 -0.000103084 0.00218394 -0.000207317 0.000995266 -0.000294845 -8.26687e-05 -0.00388446 1.24614e-05
internal_weight=153841 60949 45051 26317 22200 18734 5909 4117 12825 15898 5616 3761 1855 92892 3493 2437 194 2243 1056 161 89399 20905 17219 3686 68494 4647 63847 10282 251 10031
internal_count=153841 60949 45051 26317 22200 18734 5909 4117 12825 15898 5616 3761 1855 92892 3493 2437 194 2243 1056 161 89399 20905 17219 3686 68494 4647 63847 10282 251 10031
is_linear=0
shrinkage=0.05


Tree=229
num_leaves=31
num_cat=0
split_feature=4 13 13 13 13 13 13 0 24 0 24 2 25 2 38 34 13 34 13 38 0 0 37 18 34 20 22 22 22 22
split_gain=571.244 232.412 372.854 124.071 60.6309 28.7076 12.1973 11.3225 8.72647 6.98848 6.66668 7.19137 5.05674 1.61867 5.27498 14.715 8.63122 6.30739 4.78477 4.58529 4.4588 4.02458 16.6957 7.89528 7.64197 4.4905 8.13744 6.57864 1.38795 5.68924
threshold=1.0000000180025095e-35 -7.5125064849853507 3.6173341274261479 -0.064914468675851808 0.00075226789808231222 13.859466075897219 -23.134503364562985 0.55615735054016124 1.5000000000000002 -0.010272690560668705 1.5000000000000002 0.48264084756374365 1.0000000180025095e-35 0.036306036636233337 -0.0085445949807763082 3.5000000000000004 411.50425720214849 2.5000000000000004 -2600.619995117187 -0.0042374131735414258 -0.26415723562240595 -0.020248523913323876 1.0000000180025095e-35 -62475.490234374993 2.5000000000000004 -1.0000000180025095e-35 0.78105181455612194 0.26687470078468328 0.19166000187397006 0.19299696385860446
decision_type=2 2 2 2 2 2 2 2 2 2 2 2 2 2 2 2 2 2 2 2 2 2 2 2 2 2 2 2 2 2
left_child=1 6 3 8 -5 9 28 -7 -3 -4 12 -12 -8 14 15 17 -17 -2 20 -20 -16 22 24 -24 -15 26 -23 -27 -1 -30
right_child=13 2 5 4 -6 7 10 -9 -10 -11 11 -13 -14 21 18 16 -18 -19 19 -21 -22 25 23 -25 -26 27 -28 -29 29 -31
leaf_value=-9.9648898980428502e-06 -5.7285636149016254e-05 -6.9341884306644472e-09 -6.9341884306644472e-09 -6.9341884306644472e-09 -6.9341884306644472e-09 -6.9341884306644472e-09 -3.1382168380547409e-08 -6.9341884306644472e-09 -6.9341884306644472e-09 -6.9341884306644472e-09 -6.9341884306644472e-09 -6.9341884306644472e-09 -6.9341884306644472e-09 -0.00018231771266846199 0.0011542479123595763 -0.00017276173313492333 -0.00082615037063454291 0.00019873859178888253 0.00031142167301851601 -1.1562440100799585e-05 -6.5609389520427531e-06 1.7221063209734745e-05 0.0017967489888345513 0.00019535867170464226 0.00016811804251282947 1.6064971904609277e-05 0.0010754521908190467 -0.00011905501414857419 0.00081975292430884494 7.7511516809387417e-06
leaf_weight=4024 4733 1054 2421 16759 3420 12478 71 347 5084 3488 4558 320 667 3577 882 2428 290 2174 282 19873 794 22210 357 7593 1879 11982 695 13143 31 6227
leaf_count=4024 4733 1054 2421 16759 3420 12478 71 347 5084 3488 4558 320 667 3577 882 2428 290 2174 282 19873 794 22210 357 7593 1879 11982 695 13143 31 6227
internal_value=-0.00251802 -0.00627943 -0.00811358 -0.0119514 -0.0138448 -0.00272232 -0.0010819 -0.00139376 -0.00572662 -0.00560586 -0.00295584 -0.00228577 -0.00738482 -5.00581e-05 -0.000341747 -0.00131688 -0.00443341 -9.04879e-05 8.81774e-05 -0.000125279 0.00265513 9.92903e-05 0.000865284 0.00232704 -0.00126466 -0.000114512 0.000391836 -0.000576119 -5.83544e-05 0.000407478
internal_weight=153841 60949 45051 26317 20179 18734 15898 12825 6138 5909 5616 4878 738 92892 31456 9625 2718 6907 21831 20155 1676 61436 13406 7950 5456 48030 22905 25125 10282 6258
internal_count=153841 60949 45051 26317 20179 18734 15898 12825 6138 5909 5616 4878 738 92892 31456 9625 2718 6907 21831 20155 1676 61436 13406 7950 5456 48030 22905 25125 10282 6258
is_linear=0
shrinkage=0.05


Tree=230
num_leaves=31
num_cat=0
split_feature=4 13 13 3 32 13 3 1 1 13 3 24 2 2 38 34 25 32 13 10 38 38 32 34 37 37 39 39 13 3
split_gain=570.891 231.35 372.671 166.732 158.178 28.814 25.1349 17.8984 14.3743 12.0748 7.13721 6.52236 3.79248 1.50329 4.89658 13.4479 8.76482 5.74736 4.05362 4.41877 4.06907 3.87732 10.6198 3.50988 30.4486 14.9425 3.39794 3.33569 1.37958 2.06158
threshold=1.0000000180025095e-35 -7.5125064849853507 3.6173341274261479 -0.15598179399967191 14.500000000000002 13.859466075897219 -0.13065119087696073 -2.7169306278228755 0.40330043435096746 -23.134503364562985 -0.13065119087696073 1.5000000000000002 0.14111636579036715 0.036306036636233337 -0.0085445949807763082 3.5000000000000004 0.43796317279338842 19.500000000000004 -2600.619995117187 0.30005447566509252 -0.0042374131735414258 -0.24519689381122586 27.500000000000004 2.5000000000000004 1.0000000180025095e-35 1.0000000180025095e-35 1.573778033256531 -2.5812519788742061 -27.238594055175778 0.26020193099975591
decision_type=2 2 2 2 2 2 2 2 2 2 2 2 2 2 2 2 2 2 2 2 2 2 2 2 2 2 2 2 2 2
left_child=1 9 3 7 -5 6 -4 -3 -7 28 12 -12 -11 14 15 17 -17 -2 19 -16 -20 22 27 24 -23 -25 -24 -15 -1 -30
right_child=13 2 5 4 -6 8 -8 -9 -10 10 11 -13 -14 21 18 16 -18 -19 20 -21 -22 23 26 25 -26 -27 -28 -29 29 -31
leaf_value=-1.0412636104718928e-05 -2.7303578706053252e-05 6.2178410247121164e-06 4.131468658339297e-09 -6.5874790091312255e-09 -6.0930968439435971e-06 -6.5874790091312255e-09 -6.5874790091312255e-09 -6.4574567839943525e-09 -6.5874790091312255e-09 -2.5572043668754445e-08 -6.5874790091312255e-09 -6.5874790091312255e-09 0.0014584136794086799 -7.1658064412644107e-05 5.0000905210135631e-05 -0.00017797642233276754 -0.00091765724916182756 0.00056833628921328582 0.00029585058936759028 0.00066573215937346423 -1.098431809575945e-05 -0.00014682376648307625 -0.0013677827804205068 0.00018886841623086718 5.7250316473600407e-05 -6.2594140865691701e-05 -7.0896140941844465e-05 0.00046941170707235361 7.2341685026641928e-06 2.2443505856375917e-05
leaf_weight=9305 6342 61 1494 19997 2203 12617 4415 4056 208 1681 549 3212 174 453 1038 2555 163 565 282 638 19873 10924 91 14465 19930 14001 54 1518 872 105
leaf_count=9305 6342 61 1494 19997 2203 12617 4415 4056 208 1681 549 3212 174 453 1038 2555 163 565 282 638 19873 10924 91 14465 19930 14001 54 1518 872 105
internal_value=-0.00251672 -0.00627697 -0.00810692 -0.0119438 -0.0136577 -0.00271699 -0.00560586 -0.00270221 -0.00138596 -0.00109133 -0.00295584 -0.00420766 -0.00041779 -4.95199e-05 -0.000330621 -0.00127013 -0.00424945 -9.77269e-05 8.35967e-05 0.0024463 -0.000112875 9.44072e-05 0.00219754 1.93864e-05 -0.000350036 0.000419799 -0.0108621 0.0031583 -7.2943e-05 0.00171443
internal_weight=153841 60949 45051 26317 22200 18734 5909 4117 12825 15898 5616 3761 1855 92892 31456 9625 2718 6907 21831 1676 20155 61436 2116 59320 30854 28466 145 1971 10282 977
internal_count=153841 60949 45051 26317 22200 18734 5909 4117 12825 15898 5616 3761 1855 92892 31456 9625 2718 6907 21831 1676 20155 61436 2116 59320 30854 28466 145 1971 10282 977
is_linear=0
shrinkage=0.05


Tree=231
num_leaves=31
num_cat=0
split_feature=4 13 13 13 13 13 1 13 1 24 24 1 25 1 20 0 4 38 34 38 1 38 25 1 38 37 2 0 13 38
split_gain=569.06 231.972 372.671 124.743 60.8739 28.814 14.3743 12.1973 9.64492 8.82978 6.66668 7.37293 5.05674 1.45602 5.36573 3.86168 1.45352 3.85864 5.23905 4.08485 4.44931 3.37627 2.46943 4.24218 5.86217 4.71096 3.13138 7.39229 3.20235 2.04106
threshold=1.0000000180025095e-35 -7.5125064849853507 3.6173341274261479 -0.064914468675851808 0.00075226789808231222 13.859466075897219 0.40330043435096746 -23.134503364562985 -0.1276118457317352 1.5000000000000002 1.5000000000000002 0.17574552446603778 1.0000000180025095e-35 0.01248703431338072 1.0000000180025095e-35 0.00028498480969574308 6.3250000476837167 -0.33495599031448359 1.0000000180025095e-35 -0.2055113688111305 -2.2224216461181636 0.36682778596878057 1.0000000180025095e-35 -0.024162963964045044 -0.12385898828506468 1.0000000180025095e-35 0.31642076373100286 0.049752300605177886 36.243595123291023 -0.37418840825557703
decision_type=2 2 2 2 2 2 2 2 2 2 2 2 2 2 2 2 2 2 2 2 2 2 2 2 2 2 2 2 2 2
left_child=1 7 3 9 -5 8 -7 13 -4 -3 12 -12 -9 15 -15 -1 17 18 -2 20 -19 -21 23 24 -18 -25 28 -28 -24 -20
right_child=16 2 5 4 -6 6 -8 10 -10 -11 11 -13 -14 14 -16 -17 22 19 29 21 -22 -23 26 25 -26 -27 27 -29 -30 -31
leaf_value=-1.4068191679357121e-05 -0.00055049393491140056 -6.2581050586746639e-09 -6.2581050586746639e-09 -6.2581050586746639e-09 -6.2581050586746639e-09 -6.2581050586746639e-09 -6.2581050586746639e-09 -2.9483686011063481e-08 -6.2581050586746639e-09 -6.2581050586746639e-09 -6.2581050586746639e-09 -6.2581050586746639e-09 -6.2581050586746639e-09 -1.1594268124397872e-05 -0.0001322610546235714 7.3733999943241348e-05 0.00014394939396121452 0.0041201878109071938 0.00021147491073379788 1.0638409278877076e-05 0.00016582043152524995 0.00057446488654647502 -1.7443731245818643e-05 0.004249930327293385 -0.00019859368636824387 8.9360386116192108e-06 -0.00046418581282037138 -4.4368501666852692e-05 4.6128570146602256e-05 -0.00040013306152315918
leaf_weight=5972 78 1054 2058 16759 3420 12617 208 71 3851 5084 4541 337 667 1786 95 2429 327 57 133 28857 420 162 28679 63 1870 368 897 11329 19600 52
leaf_count=5972 78 1054 2058 16759 3420 12617 208 71 3851 5084 4541 337 667 1786 95 2429 327 57 133 28857 420 162 28679 63 1870 368 897 11329 19600 52
internal_value=-0.0025203 -0.00627451 -0.00810692 -0.0119438 -0.0138424 -0.00271699 -0.00138596 -0.0010819 -0.00560586 -0.00570218 -0.00295584 -0.00228577 -0.00738482 -5.83544e-05 -0.00131579 0.000223188 -5.70555e-05 0.000231023 -0.00579848 0.000284784 0.00487421 0.000209346 -0.000192847 -0.0016933 -0.00258307 0.00284223 -0.000127675 -0.000842467 5.33358e-05 -0.00121622
internal_weight=153841 60949 45051 26317 20179 18734 12825 15898 5909 6138 5616 4878 738 10282 1881 8401 92892 29759 263 29496 477 29019 63133 2628 2197 431 60505 12226 48279 185
internal_count=153841 60949 45051 26317 20179 18734 12825 15898 5909 6138 5616 4878 738 10282 1881 8401 92892 29759 263 29496 477 29019 63133 2628 2197 431 60505 12226 48279 185
is_linear=0
shrinkage=0.05


Tree=232
num_leaves=31
num_cat=0
split_feature=4 13 13 3 32 13 3 22 13 0 3 25 39 22 25 7 39 39 8 22 13 34 13 0 22 3 22 11 4 39
split_gain=571.192 230.375 373.103 166.732 158.178 28.9206 25.1349 21.1151 11.9124 11.3622 7.13721 5.47305 3.66284 1.72496 4.91101 2.78984 2.91248 2.47975 2.32661 2.24182 1.72644 9.0579 4.38232 1.70775 1.65249 5.67614 2.37966 1.41981 1.27453 1.03942
threshold=1.0000000180025095e-35 -7.5125064849853507 3.6173341274261479 -0.15598179399967191 14.500000000000002 13.859466075897219 -0.13065119087696073 0.44221135973930364 -23.134503364562985 0.55615735054016124 -0.13065119087696073 1.0000000180025095e-35 2.6074306964874272 0.061793224886059768 0.013530829455703499 0.018044880591332916 0.028029168955981735 1.573778033256531 0.00084216438699513685 0.064333289861679091 47.452568054199226 5.0000000000000009 -8.9208893775939924 -0.03880715370178222 0.042753819376230247 -0.14645934849977491 0.08511782065033914 0.93107545375823986 9.9749999046325701 0.61313953995704662
decision_type=2 2 2 2 2 2 2 2 2 2 2 2 2 2 2 2 2 2 2 2 2 2 2 2 2 2 2 2 2 2
left_child=1 8 3 7 -5 6 -4 -3 24 -7 12 -12 -10 14 17 18 -17 29 -16 23 22 -22 -21 -15 25 -1 -26 -25 -19 -2
right_child=13 2 5 4 -6 9 -8 -9 10 -11 11 -13 -14 19 15 16 -18 28 -20 20 21 -23 -24 27 26 -27 -28 -29 -30 -31
leaf_value=-4.5879727001447364e-05 0.00028769472899679225 -7.1377750507362149e-09 4.2378004783560663e-09 -5.9451998057409309e-09 -5.7881290964934833e-06 -5.9451998057409309e-09 -5.9451998057409309e-09 5.1378090885424511e-08 -4.9169640853611229e-09 -5.9451998057409309e-09 -5.9451998057409309e-09 -5.9451998057409309e-09 -6.119485038265501e-05 0.00010895099387706613 0.00035868215973793298 -0.00021529323196089892 1.1106231354913585e-05 5.7172206442705244e-05 2.0620985612493587e-05 -2.7070212016986131e-07 4.5705515881554543e-06 0.00067452304797557816 -6.1378253324141822e-05 -0.00029256118148651987 1.3219353233629079e-05 1.7260471805755006e-06 -7.2061610413941398e-06 -7.3831278661868759e-05 0.00042652538683158459 -6.4692892096871496e-05
leaf_weight=44 103 2668 1494 19997 2203 12478 4415 1449 1823 347 146 3615 32 32 75 174 246 40 702 42495 35555 953 12213 80 852 148 9238 62 123 39
leaf_count=44 103 2668 1494 19997 2203 12478 4415 1449 1823 347 146 3615 32 32 75 174 246 40 702 42495 35555 953 12213 80 852 148 9238 62 123 39
internal_value=-0.00251737 -0.00627861 -0.0081047 -0.0119438 -0.0136577 -0.00271165 -0.00560586 -0.00270221 -0.00110391 -0.00137817 -0.00295584 -0.00420766 -0.00041779 -4.95199e-05 0.00163116 0.00018797 -0.00309524 0.00729508 0.00196268 -7.71419e-05 -6.63261e-05 0.000199956 -0.000244023 -0.00574713 -9.23945e-05 -0.0046875 -4.9554e-06 -0.00809859 0.0115031 0.00246479
internal_weight=153841 60949 45051 26317 22200 18734 5909 4117 15898 12825 5616 3761 1855 92892 1502 1197 420 305 777 91390 91216 36508 54708 174 10282 192 10090 142 163 142
internal_count=153841 60949 45051 26317 22200 18734 5909 4117 15898 12825 5616 3761 1855 92892 1502 1197 420 305 777 91390 91216 36508 54708 174 10282 192 10090 142 163 142
is_linear=0
shrinkage=0.05


Tree=233
num_leaves=31
num_cat=0
split_feature=4 13 13 3 13 13 3 22 13 0 3 25 39 22 3 22 8 38 39 34 13 9 7 11 14 38 38 0 39 4
split_gain=570.736 230.01 372.335 166.389 105.131 28.9206 25.1349 21.1151 11.5713 11.3622 7.44502 5.47305 3.91937 1.64201 5.67614 2.13321 1.33605 4.10216 5.39012 6.715 4.98111 4.67193 3.88013 3.69273 2.16536 5.82408 6.43659 3.48343 6.29843 6.24664
threshold=1.0000000180025095e-35 -7.5125064849853507 3.6173341274261479 -0.15598179399967191 -0.064914468675851808 13.859466075897219 -0.13065119087696073 0.44221135973930364 -23.134503364562985 0.55615735054016124 -0.13065119087696073 1.0000000180025095e-35 1.3725328445434573 0.042753819376230247 -0.14645934849977491 0.082122139632701888 0.046260435134172447 0.4563125222921372 -0.97540584206581105 1.5000000000000002 -217.27296447753903 0.025128951296210292 0.071782823652029051 0.79314020276069652 1.0000000180025095e-35 -0.4076367318630218 -0.069789219647645936 -0.14989548176527021 -3.9579927921295162 16.625000000000004
decision_type=2 2 2 2 2 2 2 2 2 2 2 2 2 2 2 2 2 2 2 2 2 2 2 2 2 2 2 2 2 2
left_child=1 8 3 7 -5 6 -4 -3 13 -7 12 -12 -10 14 -1 -15 24 18 19 -18 -20 22 -19 -23 27 -26 -27 29 -29 -2
right_child=16 2 5 4 -6 9 -8 -9 10 -11 11 -13 -14 15 -16 -17 17 21 20 -21 -22 23 -24 -25 25 26 -28 28 -30 -31
leaf_value=-4.3585740651374992e-05 2.5671553795435754e-05 -6.7808862981994046e-09 4.0259104544382636e-09 -5.6479398154538839e-09 -5.6479398154538839e-09 -5.6479398154538839e-09 -5.6479398154538839e-09 4.8809186341153283e-08 -2.5855496814138617e-07 -5.6479398154538839e-09 -5.6479398154538839e-09 -5.6479398154538839e-09 0.00034081113069008538 1.246149883361453e-05 1.6397448215467255e-06 -5.647016050406109e-06 3.6385139314182652e-05 0.000636314382597161 0.00027514310752008582 -0.00033368687200552272 -0.00010801396173289839 0.00059690814631883221 -0.00073466167218419216 0.0025223879168054298 0.001307090481637202 -0.00012783938137408274 6.2683304795282515e-05 0.00028933888966850926 -2.3042961745103638e-05 0.00026934777630940393
leaf_weight=44 12100 2668 1494 4677 17523 12478 4415 1449 1615 347 146 3615 240 742 148 9348 1007 41 3545 1655 7583 90 108 89 143 2111 10428 934 51432 1626
leaf_count=44 12100 2668 1494 4677 17523 12478 4415 1449 1615 347 146 3615 240 742 148 9348 1007 41 3545 1655 7583 90 108 89 143 2111 10428 934 51432 1626
internal_value=-0.00251477 -0.00627451 -0.00809915 -0.0119343 -0.0136464 -0.00271165 -0.00560586 -0.00270221 -0.00110391 -0.00137817 -0.00292913 -0.00420766 -0.000336927 -0.000106983 -0.0046875 -1.98216e-05 -4.79051e-05 -0.000495821 -0.000627266 -0.00264838 -0.000143781 0.00503049 -0.00151007 0.0104749 3.23711e-05 0.000630815 0.000516389 -8.24608e-05 -0.000268304 0.000626548
internal_weight=153841 60949 45051 26317 22200 18734 5909 4117 15898 12825 5616 3761 1855 10282 192 10090 92892 14118 13790 2662 11128 328 149 179 78774 12682 12539 66092 52366 13726
internal_count=153841 60949 45051 26317 22200 18734 5909 4117 15898 12825 5616 3761 1855 10282 192 10090 92892 14118 13790 2662 11128 328 149 179 78774 12682 12539 66092 52366 13726
is_linear=0
shrinkage=0.05


Tree=234
num_leaves=31
num_cat=0
split_feature=5 13 13 3 32 13 3 1 1 13 3 1 39 39 9 38 25 25 25 38 39 39 13 5 7 25 1 3 20 5
split_gain=568.562 230.423 372.335 166.389 160.732 28.9206 25.1349 17.8984 14.3915 11.6512 7.44502 6.0306 5.19716 1.38241 3.98215 3.7524 3.44821 1.80041 2.19032 1.44384 8.97024 8.38958 5.06971 1.51114 3.02439 2.80768 1.36732 5.70589 5.36573 1.14405
threshold=1.0000000180025095e-35 -7.5125064849853507 3.6173341274261479 -0.15598179399967191 14.500000000000002 13.859466075897219 -0.13065119087696073 -2.7169306278228755 0.40330043435096746 -23.134503364562985 -0.13065119087696073 -0.1366249620914459 2.6074306964874272 -5.2819278240203849 0.29609313607215887 -0.37418840825557703 0.16399107128381732 0.24826548248529437 0.94038414955139171 -0.51251009106636036 -0.052058435976505273 -3.6917821168899532 -64.348365783691392 8.1250000000000018 0.14139872044324878 1.0000000180025095e-35 0.01248703431338072 0.44951760768890386 1.0000000180025095e-35 8.7249999046325701
decision_type=2 2 2 2 2 2 2 2 2 2 2 2 2 2 2 2 2 2 2 2 2 2 2 2 2 2 2 2 2 2
left_child=1 9 3 7 -5 6 -4 -3 -7 26 12 -12 -11 14 15 29 -17 -16 -19 20 21 -15 -22 24 -21 -25 27 -1 -28 -2
right_child=13 2 5 4 -6 8 -8 -9 -10 10 11 -13 -14 19 17 16 -18 18 -20 23 22 -23 -24 25 -26 -27 28 -29 -30 -31
leaf_value=6.1093015475948423e-06 -0.00090204455388310167 5.9022525148681153e-06 3.8246149317163505e-09 -5.3655428246811898e-09 -5.4984402446780359e-06 -5.3655428246811898e-09 -5.3655428246811898e-09 -5.1257456244141206e-09 -5.3655428246811898e-09 8.2566325259762433e-09 -5.3655428246811898e-09 -5.3655428246811898e-09 -7.5175664398026529e-05 -0.00010950028049259084 -0.00011011638086081758 0.0012066395788177808 -0.00012193901093666276 -0.0013124281885834568 -0.00087740541535604247 1.0537104340852325e-05 -0.00084438307377931164 0.0019960295029228183 -0.00017176839826696204 -0.00011403879288634199 0.0035797174402318992 -9.5628111180210386e-06 -1.1682530561521313e-05 -0.00064083663929730226 -0.00012500534303780275 -0.00013622846248216789
leaf_weight=8352 40 61 1494 19997 2203 12617 4415 4056 208 1823 984 2777 32 145 31 69 239 43 37 38201 45 209 167 2217 133 51286 1786 49 95 30
leaf_count=8352 40 61 1494 19997 2203 12617 4415 4056 208 1823 984 2777 32 145 31 69 239 43 37 38201 45 209 167 2217 133 51286 1786 49 95 30
internal_value=-0.0025203 -0.00627287 -0.00809915 -0.0119343 -0.0136464 -0.00271165 -0.00560586 -0.00270221 -0.00137817 -0.00109762 -0.00292913 -0.00420766 -0.000336927 -5.8132e-05 -0.00270961 -0.00026455 0.00211039 -0.011036 -0.015 -4.41003e-05 0.0024735 0.00734463 -0.00566038 -5.96165e-05 0.000179997 -0.000231295 -9.72573e-05 0.000175574 -0.00131579 -0.0107143
internal_weight=153841 60949 45051 26317 22200 18734 5909 4117 12825 15898 5616 3761 1855 92892 489 378 308 111 80 92403 566 354 212 91837 38334 53503 10282 8401 1881 70
internal_count=153841 60949 45051 26317 22200 18734 5909 4117 12825 15898 5616 3761 1855 92892 489 378 308 111 80 92403 566 354 212 91837 38334 53503 10282 8401 1881 70
is_linear=0
shrinkage=0.05


Tree=235
num_leaves=31
num_cat=0
split_feature=5 13 13 3 32 13 3 22 1 13 3 24 39 22 3 22 2 32 34 34 34 32 34 20 0 37 7 13 20 22
split_gain=566.163 228.977 369.732 165.227 169.566 28.9206 25.1349 21.1151 14.3915 11.6112 7.44502 6.52236 5.19716 1.79877 4.72821 2.58632 1.67061 4.11831 10.4798 17.7753 17.327 7.11732 15.2828 5.09688 3.88963 15.7003 8.15568 7.82467 4.14707 7.5556
threshold=1.0000000180025095e-35 -7.5125064849853507 3.6173341274261479 -0.15598179399967191 14.500000000000002 13.859466075897219 -0.13065119087696073 0.44221135973930364 0.40330043435096746 -23.134503364562985 -0.13065119087696073 1.5000000000000002 2.6074306964874272 0.045210551470518119 0.011267112568020822 0.08511782065033914 0.036306036636233337 27.500000000000004 1.5000000000000002 3.5000000000000004 1.0000000180025095e-35 2.5000000000000004 5.0000000000000009 -1.0000000180025095e-35 -0.020248523913323876 1.0000000180025095e-35 0.041194636374711997 -21365.042968749996 -1.0000000180025095e-35 0.78105181455612194
decision_type=2 2 2 2 2 2 2 2 2 2 2 2 2 2 2 2 2 2 2 2 2 2 2 2 2 2 2 2 2 2
left_child=1 9 3 7 -5 6 -4 -3 -7 13 12 -12 -11 14 -1 -15 17 21 20 -20 -19 23 -23 -2 25 26 -18 -27 29 -26
right_child=16 2 5 4 -6 8 -8 -9 -10 10 11 -13 -14 15 -16 -17 24 18 19 -21 -22 22 -24 -25 28 27 -28 -29 -30 -31
leaf_value=-4.1495320658757307e-05 -6.1813050782442243e-05 -6.1855547020687277e-09 3.633384185130532e-09 -5.0972656834471303e-09 -5.2235182324441342e-06 -5.0972656834471303e-09 -5.0972656834471303e-09 4.6625014305316328e-08 -5.0972656834471303e-09 7.843800899677431e-09 -5.0972656834471303e-09 -5.0972656834471303e-09 -7.1416881178125213e-05 1.7788332005534155e-05 1.8289685368907288e-05 -6.115976264560778e-06 3.5598757152423644e-05 0.0026091035663322656 0.0014769156099279563 -0.00034600724173669187 -0.00073397079810266124 -0.0001496768707912006 -0.0015448845489719604 1.9109403253178733e-05 1.6401104079777177e-05 0.0068878407216713304 -0.00038303145036955311 0.00021012009731899621 -3.8925219692787817e-05 0.0010364316046741137
leaf_weight=184 10065 2668 1494 19997 2203 12617 4415 1449 208 1823 549 3212 32 793 67 9238 3196 227 687 417 285 2258 135 17382 22210 46 2260 7904 25125 695
leaf_count=184 10065 2668 1494 19997 2203 12617 4415 1449 208 1823 549 3212 32 793 67 9238 3196 227 687 417 285 2258 135 17382 22210 46 2260 7904 25125 695
internal_value=-0.0025151 -0.00625974 -0.00808029 -0.011902 -0.0136081 -0.00271165 -0.00560586 -0.00270221 -0.00137817 -0.00110077 -0.00292913 -0.00420766 -0.000336927 -0.00010212 -0.00428287 2.49227e-06 -5.8132e-05 -0.000354463 0.00210396 0.00484601 -0.00380859 -0.000487601 -0.0031028 -0.000259591 9.35933e-05 0.000846636 -0.00121884 0.00226415 -0.000116594 0.000370007
internal_weight=153841 60949 45051 26317 22200 18734 5909 4117 12825 15898 5616 3761 1855 10282 251 10031 92892 31456 1616 1104 512 29840 2393 27447 61436 13406 5456 7950 48030 22905
internal_count=153841 60949 45051 26317 22200 18734 5909 4117 12825 15898 5616 3761 1855 10282 251 10031 92892 31456 1616 1104 512 29840 2393 27447 61436 13406 5456 7950 48030 22905
is_linear=0
shrinkage=0.05


Tree=236
num_leaves=31
num_cat=0
split_feature=4 3 24 32 14 32 21 22 1 22 39 1 2 34 3 1 2 38 34 38 7 0 1 0 34 21 7 20 2 24
split_gain=559.555 219.94 107.662 74.4902 48.7621 36.3484 38.1473 12.2061 8.60878 13.7751 8.03664 8.35681 7.59271 6.11253 5.08446 5.01283 1.65738 4.96585 11.9994 7.85668 6.15779 3.91893 3.66522 3.53268 7.10893 11.1479 5.13965 3.6607 7.38341 6.18995
threshold=1.0000000180025095e-35 -0.15598179399967191 2.5000000000000004 14.500000000000002 1.0000000180025095e-35 14.500000000000002 1.0000000180025095e-35 0.095779631286859526 -0.56398889422416676 0.58520621061325084 1.4011647105216982 -0.0048372731544077388 0.097084917128086104 1.0000000180025095e-35 -0.11051172763109206 -0.080943223088979707 0.034960383549332626 -0.0085445949807763082 3.5000000000000004 -0.060671037063002579 0.11979893967509271 -0.0011669183732010422 -2.2224216461181636 -0.020248523913323876 3.5000000000000004 0.97499999403953563 0.048134511336684234 -1.0000000180025095e-35 0.17232543975114825 2.5000000000000004
decision_type=2 2 2 2 2 2 2 2 2 2 2 2 2 2 2 2 2 2 2 2 2 2 2 2 2 2 2 2 2 2
left_child=1 7 3 4 -3 6 -4 10 12 -10 11 -1 -9 -5 -7 -12 17 18 20 -20 -2 22 -19 24 26 -26 -18 28 -25 -29
right_child=16 2 5 13 -6 14 -8 8 9 -11 15 -13 -14 -15 -16 -17 23 21 19 -21 -22 -23 -24 27 25 -27 -28 29 -30 -31
leaf_value=-9.2128694258359242e-08 6.9748726839484991e-06 -4.842402399274774e-09 -4.842402399274774e-09 -8.0377604985442283e-05 -5.810728977337638e-06 0.0015706817715846245 -4.842402399274774e-09 -3.3674563448914869e-06 3.6705413316505189e-09 0.00029987135604895421 -4.5583345493936238e-09 3.7849122646730733e-07 -4.9612212072639464e-05 1.578574735607074e-06 -4.6044708979137625e-06 0.00049853384153350261 6.0268659770565742e-05 -0.00034392738867421586 -0.00014701330886423506 -0.00028919186074884368 -0.0012978762700211581 -0.00014495937692738853 2.0582962785965428e-05 -5.5295747167476501e-05 0.00078422271238663135 5.3642542031585515e-05 -0.0001955802378324656 -0.00015685251073692814 0.00010701358447542708 -1.6191435780832028e-05
leaf_weight=1057 6613 17319 6255 281 978 158 17667 4978 7727 389 136 60 493 1407 1898 146 7072 724 1971 725 196 680 20189 8557 1399 2054 3098 3643 14426 21545
leaf_count=1057 6613 17319 6255 281 978 158 17667 4978 7727 389 136 60 493 1407 1898 146 7072 724 1971 725 196 680 20189 8557 1399 2054 3098 3643 14426 21545
internal_value=-0.00250502 -0.00622775 -0.0079428 -0.0107018 -0.011629 -0.00582031 -0.00636861 -0.00096757 -0.000509678 0.000523657 -0.00541458 -0.00731871 -0.00204259 -0.000651659 0.000559339 0.00212766 -6.24381e-05 -0.000360152 -0.00131247 -0.00413576 -0.000194595 5.90469e-05 0.00018051 8.73871e-05 0.000798282 0.00275847 0.000132743 -0.000113658 0.000342645 -0.000530014
internal_weight=153841 60949 45963 19985 18297 25978 23922 14986 13587 8116 1399 1117 5471 1688 2056 282 92892 31098 9505 2696 6809 21593 20913 61794 13623 3453 10170 48171 22983 25188
internal_count=153841 60949 45963 19985 18297 25978 23922 14986 13587 8116 1399 1117 5471 1688 2056 282 92892 31098 9505 2696 6809 21593 20913 61794 13623 3453 10170 48171 22983 25188
is_linear=0
shrinkage=0.05


Tree=237
num_leaves=31
num_cat=0
split_feature=4 3 24 14 24 25 39 14 39 2 2 3 22 22 38 22 25 7 39 39 24 22 25 24 4 8 22 3 2 38
split_gain=536.748 257.001 106.874 39.5435 31.556 26.23 21.9863 17.8978 6.143 5.5524 8.70552 7.34219 4.24378 2.43151 2.42894 2.02824 3.63823 2.5537 2.79772 2.52978 2.88137 2.32822 2.82369 3.42508 3.03749 2.18572 1.63976 4.94329 2.42407 1.25147
threshold=1.0000000180025095e-35 -0.15598179399967191 2.5000000000000004 1.0000000180025095e-35 1.0000000180025095e-35 0.074423011392354979 -3.2689530849456783 1.0000000180025095e-35 2.6074306964874272 0.068241860717535033 0.1552090868353844 -0.377222329378128 0.16764742881059649 0.29417972266674047 0.083851836621761336 0.061793224886059768 0.013530829455703499 0.018044880591332916 0.028029168955981735 1.573778033256531 2.5000000000000004 0.069670796394348158 0.19011266529560092 1.5000000000000002 1.9750000238418581 0.00084216438699513685 0.08353451639413835 0.054127128794789321 0.036306036636233337 0.010057479143142702
decision_type=2 2 2 2 2 2 2 2 2 2 2 2 2 2 2 2 2 2 2 2 2 2 2 2 2 2 2 2 2 2
left_child=1 8 3 4 -3 7 -7 -4 9 11 -11 -1 -5 -10 -15 16 19 25 -19 20 -2 22 24 -24 -17 -18 27 -23 -28 -21
right_child=15 2 5 12 -6 6 -8 -9 13 10 -12 -13 -14 14 -16 21 17 18 -20 29 -22 26 23 -25 -26 -27 28 -29 -30 -31
leaf_value=-7.5211483768390785e-06 -3.9460416506042117e-05 -4.6002822793110355e-09 -4.6002822793110355e-09 -7.5719420169479589e-06 -4.6002822793110355e-09 -4.6002822793110355e-09 -4.6002822793110355e-09 -2.447884849788427e-05 0.00097238277775807923 -9.7465478251798454e-06 9.0494054906660264e-05 5.8831067562324119e-09 0.00024417829559837933 -5.2142776632592075e-06 -8.711470092194277e-06 0.00042209661080368162 0.00033903176344861455 -0.00020067750173446215 1.4524528959978929e-05 0.00026127457137829763 0.0011226903785988265 0.00015441921923709667 -9.2137812667271262e-05 -0.00024309326874094248 -5.5266417810372389e-05 2.292011742949154e-05 -2.7809316664354627e-05 -6.1351485536034666e-05 7.257782638218566e-06 0.00044111500219410574
leaf_weight=4989 91 1468 13430 670 17498 437 11017 1094 32 2034 1602 6215 349 79 35 51 75 174 246 81 51 972 88 60 470 702 29545 549 59655 82
leaf_count=4989 91 1468 13430 670 17498 437 11017 1094 32 2034 1602 6215 349 79 35 51 75 174 246 81 51 972 88 60 470 702 29545 549 59655 82
internal_value=-0.00245042 -0.00609649 -0.00795042 -0.0106993 -0.0112148 -0.00583571 -0.00404662 -0.00724663 -0.000410383 -0.000309973 -0.0020077 0.000240985 -0.00110402 -0.0106164 -0.0140351 -5.8132e-05 0.00176431 0.000522139 -0.00261905 0.00663934 0.00176056 -8.8084e-05 -0.00302691 -0.00912162 -0.00129559 0.00222008 -6.64124e-05 0.00156147 -9.41704e-05 0.0108896
internal_weight=153841 60949 45963 19985 18966 25978 11454 14524 14986 14840 3636 11204 1019 146 114 92892 1502 1197 420 305 142 91390 669 148 521 777 90721 1521 89200 163
internal_count=153841 60949 45963 19985 18966 25978 11454 14524 14986 14840 3636 11204 1019 146 114 92892 1502 1197 420 305 142 91390 669 148 521 777 90721 1521 89200 163
is_linear=0
shrinkage=0.05


Tree=238
num_leaves=29
num_cat=0
split_feature=4 3 32 14 22 1 22 22 3 1 1 2 2 39 0 22 39 34 3 39 3 22 4 0 15 18 8 11
split_gain=535.336 259.509 100.99 72.4774 59.6111 7.04346 6.67942 9.69814 6.86249 12.8831 10.8723 5.82138 5.52979 4.39016 3.46304 1.54064 2.9812 5.31556 5.06338 4.50457 2.7227 2.23706 1.98184 1.70775 1.56958 5.18885 2.19164 1.41981
threshold=1.0000000180025095e-35 -0.15598179399967191 14.500000000000002 1.0000000180025095e-35 0.051583386957645423 -0.75809195637702931 0.095779631286859526 0.08511782065033914 -0.377222329378128 -0.54889738559722889 -0.53540968894958485 0.49753846228122717 0.0060130511410534391 1.8960810303688052 0.034016303718090064 0.061793224886059768 -0.23789435625076291 3.5000000000000004 -0.066322982311248765 -0.49966107308864588 -0.34395432472228998 0.064333289861679091 10.125000000000002 -0.03880715370178222 -0.96507242321968068 -18134.754882812496 0.019367430359125141 0.93107545375823986
decision_type=2 2 2 2 2 2 2 2 2 2 2 2 2 2 2 2 2 2 2 2 2 2 2 2 2 2 2 2
left_child=1 6 3 4 -3 -4 7 14 10 -10 -8 -7 -9 -5 -1 16 19 20 -19 22 -18 23 -2 -17 25 -23 -26 -25
right_child=15 2 5 13 -6 11 8 12 9 -11 -12 -13 -14 -15 -16 21 17 18 -20 -21 -22 24 -24 27 26 -27 -28 -29
leaf_value=-1.6517877087879704e-10 3.1861779042128623e-05 -4.3702681653454832e-09 -0.0027638670313369371 1.2404175713338169e-05 -4.3702681653454832e-09 7.313169757361484e-06 -1.381060871443472e-05 -3.3515852844770432e-06 4.5538123191711795e-07 5.5889514184207918e-09 0.00017324389633483872 -6.1851596038696929e-05 -1.3692890256207089e-05 -6.1545083451832685e-06 -3.9558065645131031e-05 0.00010221334868475309 0.0009109923717453886 0.00070861304020583429 -0.00028126165040966167 -0.00026573307219820161 9.3070752909200224e-05 0.0003046169209896789 -0.00011884608269076886 -0.00026900767897142149 4.131681781380757e-06 5.046384010220048e-06 -4.4759663481879453e-05 -6.257794737084698e-05
leaf_weight=962 132 3622 32 2230 35837 3473 4652 218 954 5610 2371 239 187 530 32 32 35 45 176 33 963 1729 118 80 39512 18561 31414 62
leaf_count=962 132 3622 32 2230 35837 3473 4652 218 954 5610 2371 239 187 530 32 32 35 45 176 33 963 1729 118 80 39512 18561 31414 62
internal_value=-0.00244619 -0.00608747 -0.00795042 -0.00864836 -0.00919625 -8.01282e-05 -0.000373682 -0.00366333 -3.49599e-05 0.00112736 -0.00112132 0.000121228 -0.0101852 -0.000815217 -0.00100604 -5.70555e-05 0.00153129 0.00260459 -0.00441176 -0.00309187 0.00415832 -8.31601e-05 -0.0008 -0.00574713 -7.23557e-05 0.000315426 -0.00018329 -0.00809859
internal_weight=153841 60949 45963 42219 39459 3744 14986 1399 13587 6564 7023 3712 405 2760 994 92892 1502 1219 221 283 998 91390 250 174 91216 20290 70926 142
internal_count=153841 60949 45963 42219 39459 3744 14986 1399 13587 6564 7023 3712 405 2760 994 92892 1502 1219 221 283 998 91390 250 174 91216 20290 70926 142
is_linear=0
shrinkage=0.05


Tree=239
num_leaves=29
num_cat=0
split_feature=5 3 13 13 32 13 13 1 25 39 25 14 13 2 0 25 3 0 13 34 5 10 1 3 25 2 20 0
split_gain=533.821 263.864 229.886 331.613 169.566 37.1781 12.9655 6.72784 5.14281 5.56232 5.74226 5.47643 6.08174 3.24968 2.93613 2.45052 1.42883 2.7909 2.51903 2.18083 3.06557 1.37967 4.45724 6.27027 2.54191 2.08388 4.80935 2.8184
threshold=1.0000000180025095e-35 -0.15598179399967191 -7.5125064849853507 3.6173341274261479 14.500000000000002 96.00717926025392 -23.134503364562985 -1.2686873674392698 0.0037098607281222944 2.6074306964874272 0.87151888012886058 1.0000000180025095e-35 -1.0000000180025095e-35 -0.02132898103445768 -0.26415723562240595 0.012983291409909727 -7.0460891723632804 -0.43425576388835901 -52.745830535888665 2.5000000000000004 1.2749999761581423 0.72776323556900036 -0.29202529788017267 -1.4232066869735716 0.062328692525625236 0.034960383549332626 -1.0000000180025095e-35 -0.14989548176527021
decision_type=2 2 2 2 2 2 2 2 2 2 2 2 2 2 2 2 2 2 2 2 2 2 2 2 2 2 2 2
left_child=1 8 6 4 -4 -5 13 -8 11 10 -10 12 -1 -3 -13 -11 17 18 -2 20 -19 25 23 -23 -24 26 -18 -27
right_child=16 2 3 5 -6 -7 7 -9 9 15 -12 14 -14 -15 -16 -17 21 19 -20 -21 -22 22 24 -25 -26 27 -28 -29
leaf_value=-2.4621635551796716e-07 0.0015775441152976544 0.00025996747241459491 -4.1517547570782086e-09 -4.1517547570782086e-09 -5.0975472496803475e-06 0.00024945524938868087 5.3094096868910517e-07 -4.1517547570782086e-09 5.3095038474997514e-09 -6.7705535101329928e-06 -2.1995924544918422e-05 -5.665313171779249e-05 -3.1946799545941542e-06 -4.1939158585701602e-06 0.00040077480196575071 -6.7427825536080703e-06 -7.0682258491590327e-05 0.00094226225160282421 -0.00074026519070577923 0.014831086842040606 -0.00033693669704134774 -0.00046326444040432972 -0.00016180331160905415 0.00045488732591336244 3.2520926059864155e-05 0.00017751401604805159 1.8151993015467703e-06 -9.7510450441512515e-07
leaf_weight=336 30 612 19997 11212 2203 2269 30 3975 13148 57 825 50 433 5665 54 83 10943 103 46 49 47 187 661 868 1761 3315 18813 56069
leaf_count=336 30 612 19997 11212 2203 2269 30 3975 13148 57 825 50 433 5665 54 83 10943 103 46 49 47 187 661 868 1761 3315 18813 56069
internal_value=-0.00243904 -0.00607516 -0.00795368 -0.00985188 -0.0136081 -0.00366627 -0.00136647 -0.00358926 -0.000313626 -8.32566e-05 1.61025e-05 -0.0040378 -0.00549415 5.17763e-05 0.00673077 -0.01 -5.32877e-05 0.00354545 -0.00460526 0.00665829 0.00366667 -6.39731e-05 0.000913144 0.00362559 -0.000268373 -0.000102087 -0.000443608 6.90422e-05
internal_weight=153841 60949 45963 35681 22200 13481 10282 4005 14986 14113 13973 873 769 6277 104 140 92892 275 76 199 150 92617 3477 1055 2422 89140 29756 59384
internal_count=153841 60949 45963 35681 22200 13481 10282 4005 14986 14113 13973 873 769 6277 104 140 92892 275 76 199 150 92617 3477 1055 2422 89140 29756 59384
is_linear=0
shrinkage=0.05


Tree=240
num_leaves=29
num_cat=0
split_feature=5 3 13 13 32 13 13 3 0 0 13 38 3 22 32 38 39 2 25 22 2 2 8 34 2 32 8 13
split_gain=525.55 280.785 224.342 328.773 177.019 36.5522 13.5529 7.81425 11.0353 14.6305 7.3792 7.3636 7.42227 7.14203 5.36657 3.22216 1.39253 5.08324 3.92605 4.16819 1.37558 1.33403 4.05361 3.69245 2.90081 6.68588 3.26831 0.948745
threshold=1.0000000180025095e-35 -0.15598179399967191 -7.5125064849853507 3.6173341274261479 14.500000000000002 106.24657440185548 -23.134503364562985 -0.377222329378128 -0.34417968988418574 -0.3102975040674209 -4.518629550933837 0.0084061068482697027 -0.43222993612289423 0.75045233964920055 14.500000000000002 0.23002020269632342 -5.2819278240203849 0.11006521806120874 1.141688406467438 0.81064429879188549 0.057714371010661132 0.63436871767044078 0.2010651230812073 1.0000000180025095e-35 0.55647179484367382 2.5000000000000004 0.13912878930568698 -42.552946090698235
decision_type=2 2 2 2 2 2 2 2 2 2 2 2 2 2 2 2 2 2 2 2 2 2 2 2 2 2 2 2
left_child=1 7 6 4 -4 -5 15 11 10 -10 -9 12 -1 -13 -8 -3 17 18 19 -2 -20 24 23 -23 26 -26 -18 -19
right_child=16 2 3 5 -6 -7 14 8 9 -11 -12 13 -14 -15 -16 -17 21 27 20 -21 -22 22 -24 -25 25 -27 -28 -29
leaf_value=-1.3611413914044203e-05 0.0011561582043244604 2.5815124649552178e-06 -3.9441670192242977e-09 -3.9441670192242977e-09 -4.8426698871963303e-06 0.00027937726840444676 -3.9441670192242977e-09 1.0450871146281515e-07 -3.177694693741979e-06 3.34732066484251e-08 1.4109268780960132e-07 0.00077878721759489595 -7.8965141775615038e-06 -4.3083963514074204e-05 0.00034954718397531249 -7.9316072395531258e-05 1.2902227178139547e-08 -0.00120039287862142 0.0031769727365649051 -0.00047606716295254262 0.00023531809833182116 -0.0010052864907389798 0.0019674393163977609 -5.2904613353066403e-05 5.2734447207748379e-05 0.0025751667101378065 -0.00051932257611937184 -0.0007303924714271231
leaf_weight=5528 81 6163 19997 11440 2203 2041 3783 354 329 6551 553 808 642 221 222 114 85820 33 40 247 36 168 48 3982 1316 202 867 52
leaf_count=5528 81 6163 19997 11440 2203 2041 3783 354 329 6551 553 808 642 221 222 114 85820 33 40 247 36 168 48 3982 1316 202 867 52
internal_value=-0.00241564 -0.00602348 -0.00796129 -0.00983647 -0.0135766 -0.0036774 -0.001454 -8.00747e-05 0.00101772 0.000334302 0.00620176 -0.00126754 -0.00192058 0.0026482 -0.00372659 -3.98279e-06 -4.84434e-05 -0.00270961 -0.000371287 -0.0027439 0.00986842 -3.43604e-05 -0.000905193 -0.00107229 7.08577e-06 0.00217391 -3.08581e-05 -0.0138235
internal_weight=153841 60949 45963 35681 22200 13481 10282 14986 7787 6880 907 7199 6170 1029 4005 6277 92892 489 404 328 76 92403 4198 4150 88205 1518 86687 85
internal_count=153841 60949 45963 35681 22200 13481 10282 14986 7787 6880 907 7199 6170 1029 4005 6277 92892 489 404 328 76 92403 4198 4150 88205 1518 86687 85
is_linear=0
shrinkage=0.05


Tree=241
num_leaves=31
num_cat=0
split_feature=5 3 13 13 32 13 13 3 39 39 39 1 3 25 32 22 22 25 39 34 22 13 1 22 24 39 13 34 39 12
split_gain=523.954 286.588 224.196 327.543 177.019 35.3338 13.7353 7.8663 16.5253 18.8061 15.6397 7.69002 15.6071 13.8102 4.77915 2.64027 1.33155 3.18147 3.24056 5.35813 3.40576 2.27943 2.47281 2.0261 2.12296 1.72549 1.63528 8.66705 4.25525 1.5231
threshold=1.0000000180025095e-35 -0.15598179399967191 -7.5125064849853507 3.6173341274261479 14.500000000000002 96.00717926025392 -23.134503364562985 -0.377222329378128 -2.1721396446228023 0.35307581722736364 -2.6133313179016109 -0.53540968894958485 -0.42172704637050623 0.0055077213328331718 14.500000000000002 0.19166000187397006 0.061793224886059768 0.021932214498519901 2.3309744596481328 2.5000000000000004 0.042753819376230247 49.938922882080085 -0.071892634034156785 0.064333289861679091 2.5000000000000004 0.46533881127834326 47.452568054199226 5.0000000000000009 -1.3751175403594968 0.42202162742614752
decision_type=2 2 2 2 2 2 2 2 2 2 2 2 2 2 2 2 2 2 2 2 2 2 2 2 2 2 2 2 2 2
left_child=1 7 6 4 -4 -5 15 11 10 -10 -9 12 -1 -13 -8 -3 17 21 20 -20 -19 22 -2 24 29 -26 28 -28 -25 -18
right_child=16 2 3 5 -6 -7 14 8 9 -11 -12 13 -14 -15 -16 -17 23 18 19 -21 -22 -23 -24 26 25 -27 27 -29 -30 -31
leaf_value=-1.3241147000891248e-05 6.6033199708611115e-07 -1.1881438517316411e-05 -3.746958668263083e-09 -3.746958668263083e-09 -4.6005363928365138e-06 0.00022301362349902451 -3.746958668263083e-09 -2.0106057353553027e-09 2.3788821392063405e-06 5.7347716757696581e-08 -6.1081438446637644e-08 -4.2082679891190786e-05 -1.0565910540194267e-05 0.0003223460742634174 0.00033206982477654686 3.7537415988769422e-05 -0.00056184742083457962 -0.00013118509558878068 0.00021803526349471809 -0.00025466196635567066 1.1703542108871266e-05 -5.2344072508937574e-05 0.00030767499830438959 -6.0775132907059815e-05 -6.2600224462006697e-05 0.00089109772533046158 4.9367293835558129e-06 0.00062511629057300652 5.1687922916071605e-07 -8.8300804813544467e-05
leaf_weight=4222 104 3341 19997 11212 2203 2269 3783 3298 1862 2144 483 247 432 2298 222 2936 42 267 152 45 589 75 270 13028 54 34 35555 953 41680 44
leaf_count=4222 104 3341 19997 11212 2203 2269 3783 3298 1862 2144 483 247 432 2298 222 2936 42 267 152 45 589 75 270 13028 54 34 35555 953 41680 44
internal_value=-0.00240882 -0.00601117 -0.00796891 -0.00984347 -0.0135766 -0.00369594 -0.00146372 -6.67289e-06 0.00109477 0.0033325 -0.00127612 -0.00119808 -0.00240653 0.00101179 -0.00375156 -3.98279e-06 -4.52138e-05 0.00143142 -7.12251e-05 0.00571066 -0.00140187 0.00495546 0.0065508 -6.94824e-05 -0.00545977 0 -5.92001e-05 0.000199956 -0.000232142 -0.0110465
internal_weight=153841 60949 45963 35681 22200 13481 10282 14986 7787 4006 3781 7199 4654 2545 4005 6277 92892 1502 1053 197 856 449 374 91390 174 88 91216 36508 54708 86
internal_count=153841 60949 45963 35681 22200 13481 10282 14986 7787 4006 3781 7199 4654 2545 4005 6277 92892 1502 1053 197 856 449 374 91390 174 88 91216 36508 54708 86
is_linear=0
shrinkage=0.05


Tree=242
num_leaves=31
num_cat=0
split_feature=4 3 24 32 14 32 21 38 34 3 39 14 34 39 39 32 4 0 39 38 9 20 0 22 9 9 38 9 39 0
split_gain=535.878 269.47 107.934 77.2296 48.3113 34.4849 38.1782 6.15807 6.05848 5.22538 15.3146 4.99419 3.26425 2.57772 6.54377 4.63609 1.32748 2.16658 3.33774 2.95111 2.77613 2.71926 2.48838 2.23197 1.45799 1.72641 3.1323 1.99171 1.52335 0.583838
threshold=1.0000000180025095e-35 -0.15598179399967191 2.5000000000000004 14.500000000000002 1.0000000180025095e-35 14.500000000000002 1.0000000180025095e-35 0.19610068202018741 1.0000000180025095e-35 -0.28848266601562494 -2.0646871328353877 -1.0000000180025095e-35 5.0000000000000009 -3.6007611751556392 -2.6824642419815059 8.5000000000000018 3.4250000715255742 0.0061605265364050874 -3.5573898553848262 0.095728438347578063 0.1282308250665665 1.0000000180025095e-35 -0.0011669183732010422 0.069670796394348158 0.99891540408134472 0.87029969692230236 0.011059731245040895 0.85427093505859386 -1.0000000180025095e-35 0.035743171349167831
decision_type=2 2 2 2 2 2 2 2 2 2 2 2 2 2 2 2 2 2 2 2 2 2 2 2 2 2 2 2 2 2
left_child=1 7 3 4 -3 6 -4 9 -5 12 -11 -7 -1 15 -15 -9 17 19 20 22 -19 -20 -2 -21 25 27 -27 -18 -26 -30
right_child=16 2 5 8 -6 11 -8 13 -10 10 -12 -13 -14 14 -16 -17 24 18 21 23 -22 -23 -24 -25 28 26 -28 -29 29 -31
leaf_value=-1.0156502668202763e-06 2.6459900315412607e-05 -3.5596107348499295e-09 -3.5596107348499295e-09 -7.5997115533438608e-05 -4.9191579021186094e-06 0.0020056310037060198 -3.5596107348499295e-09 -7.0527078424163147e-06 2.4448019651189794e-06 -8.5703265007010867e-09 1.5544320915689111e-07 -4.3705095731946886e-06 -5.9799915518919615e-05 0.0017650211040192432 6.1913629393409851e-08 0.04989165618845285 -7.8563519358796671e-06 0.00045791551063903711 0.00010409370602179995 0.00040890489338181414 0.097665055421071081 -0.00010086302860776442 -0.00019014055173754049 -0.00021311436555064862 -0.00030802041174043655 0.00037534486347865018 -0.00018715436889535296 -0.00026922957376738013 0.00010553837164282293 -0.00043336425215385709
leaf_weight=8461 8255 17319 6255 281 978 109 17667 250 1407 2416 3050 1947 471 165 140 33 77644 154 3875 30 42 763 545 611 37 471 252 147 36 30
leaf_count=8461 8255 17319 6255 281 978 109 17667 250 1407 2416 3050 1947 471 165 140 33 77644 154 3875 30 42 763 545 611 37 471 252 147 36 30
internal_value=-0.00243287 -0.00607598 -0.00797435 -0.0107368 -0.0116809 -0.00584918 -0.00638325 -0.00025357 -0.000503555 -0.000458397 0.000759239 0.000364786 -0.00120354 0.0047619 0.00795082 0.00132509 -4.25225e-05 0.000401051 0.00126189 -3.97204e-05 0.00765306 0.000991807 0.000198864 -0.00331513 -0.000123065 -0.000115266 0.00231674 -0.000137869 -0.00606796 -0.00151515
internal_weight=153841 60949 45963 19985 18297 25978 23922 14986 1688 14398 5466 2056 8932 588 305 283 92892 14275 4834 9441 196 4638 8800 641 78617 78514 723 77791 103 66
internal_count=153841 60949 45963 19985 18297 25978 23922 14986 1688 14398 5466 2056 8932 588 305 283 92892 14275 4834 9441 196 4638 8800 641 78617 78514 723 77791 103 66
is_linear=0
shrinkage=0.05


Tree=243
num_leaves=30
num_cat=0
split_feature=4 3 13 13 32 13 13 3 2 39 39 39 32 22 22 24 39 2 1 22 18 10 2 4 34 12 2 7 13
split_gain=536.525 266.914 223.901 326.805 177.019 34.8963 13.6188 5.10203 10.5939 6.89185 6.53321 5.70748 4.77915 2.47327 1.74541 1.71565 1.28812 4.64841 3.72784 6.35245 2.31002 1.35961 4.51587 3.67259 3.23035 1.83505 3.16227 2.11219 0.702043
threshold=1.0000000180025095e-35 -0.15598179399967191 -7.5125064849853507 3.6173341274261479 14.500000000000002 38.24376296997071 -23.134503364562985 -0.20393944531679151 -0.15063450485467908 -3.1340349912643428 2.3309744596481328 1.5179046392440798 14.500000000000002 0.19166000187397006 0.32099767029285436 2.5000000000000004 -5.2819278240203849 0.11006521806120874 -0.99065953493118275 2.2804714441299443 -207.25798034667966 0.72776323556900036 0.058991258963942535 25.524999618530277 1.5000000000000002 0.42202162742614752 0.034960383549332626 0.010306168347597124 -42.552946090698235
decision_type=2 2 2 2 2 2 2 2 2 2 2 2 2 2 2 2 2 2 2 2 2 2 2 2 2 2 2 2 2
left_child=1 7 6 4 -4 -5 13 10 15 -10 11 -1 -8 -3 -12 -9 17 18 19 -2 -20 25 23 -23 -24 27 -27 -18 -19
right_child=16 2 3 5 -6 -7 12 8 9 -11 14 -13 -14 -15 -16 -17 21 28 20 -21 -22 22 24 -25 -26 26 -28 -29 -30
leaf_value=-2.7059411757306985e-08 -0.00078551812496059918 -1.1287188610913848e-05 -3.3816301981074328e-09 -3.3816301981074328e-09 -1.5205314556283929e-06 -3.3816301981074328e-09 -3.3816301981074328e-09 1.371466008546063e-07 -6.8239156201512372e-06 1.4748095586853953e-07 -5.1395386212270522e-06 1.5051437902545321e-05 0.00031568485901637935 3.4397291272837978e-05 -5.3511219417512422e-06 0.00076743236184761846 -3.3649053688806448e-05 -0.001136941660448202 0.004572771023072136 0.00030591571475728984 0.00031533710713354 0.00016345334303408132 0.00020295175893323666 0.0007490478195760305 -0.00014639908918557214 -6.2300233981822317e-05 -5.867435294267323e-06 1.5584870954196695e-05 -0.00069208407017088552
leaf_weight=11642 159 3341 19997 8389 2203 5092 3783 104 501 1845 59 667 222 2936 125 43 7016 33 34 163 48 1330 656 124 1360 9007 23311 49599 52
leaf_count=11642 159 3341 19997 8389 2203 5092 3783 104 501 1845 59 667 222 2936 125 43 7016 33 34 163 48 1330 656 124 1360 9007 23311 49599 52
internal_value=-0.00243969 -0.00608501 -0.00797435 -0.00984768 -0.0135766 -0.00370707 -0.00147345 -0.000290271 0.00177497 0.000959079 -0.000702393 -0.000562596 -0.00375156 -1.9914e-05 -0.0100543 0.0147959 -4.79051e-05 -0.00260736 -0.000371287 -0.00279503 0.00914634 -3.43604e-05 0.000936599 0.00306052 -0.000595238 -7.22454e-05 -0.000372857 9.93553e-05 -0.0132353
internal_weight=153841 60949 45963 35681 22200 13481 10282 14986 2493 2346 12493 12309 4005 6277 184 147 92892 489 404 322 82 92403 3470 1454 2016 88933 32318 56615 85
internal_count=153841 60949 45963 35681 22200 13481 10282 14986 2493 2346 12493 12309 4005 6277 184 147 92892 489 404 322 82 92403 3470 1454 2016 88933 32318 56615 85
is_linear=0
shrinkage=0.05


Tree=244
num_leaves=30
num_cat=0
split_feature=4 3 24 32 14 32 21 25 3 2 22 39 25 22 25 39 2 38 9 3 38 39 39 34 22 34 9 38 20
split_gain=538.901 263.909 108.129 76.8208 48.3113 34.1942 37.9101 9.40334 6.37845 7.8451 6.88212 5.32707 5.28532 4.84109 2.65975 1.29083 4.64841 3.36186 4.95394 3.36876 1.5322 9.16614 7.42338 4.8984 1.35589 7.96771 2.3222 1.0282 0.706113
threshold=1.0000000180025095e-35 -0.15598179399967191 2.5000000000000004 14.500000000000002 1.0000000180025095e-35 14.500000000000002 1.0000000180025095e-35 0.13655345886945727 -0.20393944531679151 -0.18567474931478498 0.088063146919012084 2.3309744596481328 0.1135881543159485 0.65592148900032055 0.016166321933269504 -5.2819278240203849 0.11006521806120874 -0.33495599031448359 0.3144765198230744 -1.7320105433464048 -0.51251009106636036 -0.052058435976505273 -3.6917821168899532 5.0000000000000009 0.79644945263862621 5.0000000000000009 0.05673975124955178 0.10936309769749643 1.0000000180025095e-35
decision_type=2 2 2 2 2 2 2 2 2 2 2 2 2 2 2 2 2 2 2 2 2 2 2 2 2 2 2 2 2
left_child=1 8 3 4 -3 6 -4 -5 11 28 -11 12 -1 -7 -13 16 17 19 -19 -2 21 22 -17 -23 26 -26 -22 -18 -10
right_child=15 2 5 7 -6 13 -8 -9 9 10 -12 14 -14 -15 -16 20 27 18 -20 -21 24 23 -24 -25 25 -27 -28 -29 -30
leaf_value=1.6847525660954424e-08 -0.0011595398833700609 -3.2125486882020611e-09 -3.2125486882020611e-09 1.217541829877059e-05 -4.6730309255027736e-06 9.1032658077800452e-06 -3.2125486882020611e-09 -7.3280187837572648e-05 1.1696267583725975e-07 -1.6192771852332787e-07 3.3287584248290953e-07 -5.0835658446636801e-06 -1.8300507844774877e-07 -0.00025574378838518554 -4.4772633141931566e-06 -6.5353552806229553e-05 -0.00068983297607025113 0.00067784573811608545 -0.00081269628862816077 -0.0002023400300299988 7.9104480488409457e-06 -0.00056869298792285299 0.0019127068529293434 0.0047755094560795238 7.8207447945701126e-05 -0.0010508921767746718 -2.9476644072743991e-05 -0.0010983482088691777 0.0011513446434465904
leaf_weight=6955 35 17319 6255 1248 978 1964 17667 440 35 355 2046 122 5354 92 62 145 53 228 70 71 43314 147 209 65 8431 144 39948 32 57
leaf_count=6955 35 17319 6255 1248 978 1964 17667 440 35 355 2046 122 5354 92 62 145 53 228 70 71 43314 147 209 65 8431 144 39948 32 57
internal_value=-0.00244229 -0.00609567 -0.00797435 -0.0107393 -0.0116809 -0.00584726 -0.00637907 -0.000533175 -0.000333645 0.00197553 0.00142649 -0.000794445 -0.00066821 0.000340467 -0.00923913 -4.52138e-05 -0.00260736 -0.000371287 0.00234899 -0.00801887 -3.16548e-05 0.00256184 0.00748588 -0.00566038 -4.76388e-05 0.00055102 -0.000109294 -0.0132353 0.0163043
internal_weight=153841 60949 45963 19985 18297 25978 23922 1688 14986 2493 2401 12493 12309 2056 184 92892 489 404 298 106 92403 566 354 212 91837 8575 83262 85 92
internal_count=153841 60949 45963 19985 18297 25978 23922 1688 14986 2493 2401 12493 12309 2056 184 92892 489 404 298 106 92403 566 354 212 91837 8575 83262 85 92
is_linear=0
shrinkage=0.05


Tree=245
num_leaves=29
num_cat=0
split_feature=4 3 13 13 13 13 13 3 2 25 25 39 38 1 38 1 34 7 38 39 10 3 2 0 38 2 1 8
split_gain=530.413 277.523 223.976 326.56 101.939 34.9757 13.9189 7.03253 14.0633 8.98065 7.18276 6.95319 6.7144 4.62737 3.22216 1.33047 5.69925 6.20691 6.46741 6.185 4.5538 4.54382 3.8895 1.97965 4.61614 4.49133 1.12675 0.927963
threshold=1.0000000180025095e-35 -0.15598179399967191 -7.5125064849853507 3.6173341274261479 -0.064914468675851808 38.24376296997071 -23.134503364562985 -0.34395432472228998 -0.15063450485467908 0.0011225953348912301 0.68973770737648021 1.7566767334938052 0.0084061068482697027 -0.1366249620914459 0.23002020269632342 -1.7091773152351377 2.5000000000000004 0.057283880189061172 0.36682778596878057 -2.4367283582687373 0.55640560388565075 -1.8692067265510557 -0.99266698956489552 -0.66773089766502369 0.014184430707246067 -0.34572002291679377 -0.34319578111171717 0.038177538663148887
decision_type=2 2 2 2 2 2 2 2 2 2 2 2 2 2 2 2 2 2 2 2 2 2 2 2 2 2 2 2
left_child=1 7 6 4 -4 -5 14 11 9 -9 -10 12 -1 -8 -3 16 17 18 -2 -18 -21 -19 27 24 -24 -25 -13 -17
right_child=15 2 3 5 -6 -7 13 8 10 -11 -12 26 -14 -15 -16 22 19 21 -20 20 -22 -23 23 25 -26 -27 -28 -29
leaf_value=-8.4101859063952627e-06 -6.0935280365142721e-05 2.0686050033752979e-06 -3.0519212537919584e-09 -3.0519212537919584e-09 -3.0519212537919584e-09 -3.0519212537919584e-09 -3.0519212537919584e-09 -4.1597252255269109e-06 -2.4844917555691718e-09 1.0750000827985323e-07 2.9356393927844613e-07 -3.5757301600078692e-07 0.00041829630852978399 -3.0519212537919584e-09 -7.4191498811372017e-05 0.0032430019383049152 -0.00066786606625336025 -5.3889046110866534e-05 0.0015676360661684699 0.004928696393595707 -0.0020422383746879595 -0.00088453899286031104 2.5323632698850615e-05 -0.00026586741113303911 0.00088675263760080558 -1.8182371054222339e-06 -5.707202080496862e-06 0.0006874495043027271
leaf_weight=6520 1627 6163 4677 8389 17523 5092 1156 89 6112 790 217 43 1183 2849 114 44 56 289 57 205 50 411 2540 901 557 86120 32 35
leaf_count=6520 1627 6163 4677 8389 17523 5092 1156 89 6112 790 217 43 1183 2849 114 44 56 289 57 205 50 411 2540 901 557 86120 32 35
internal_value=-0.00242442 -0.00604891 -0.00797544 -0.00984908 -0.0135766 -0.00371078 -0.00147345 -0.000140131 0.000985017 0.00691126 0.000161953 -0.00118282 -0.00103531 -0.00377653 -3.98279e-06 -4.62903e-05 -0.001141 -0.00197148 -0.000326603 0.00522508 0.00852941 -0.00592857 -1.35814e-05 -2.33028e-05 0.00121892 -6.75124e-05 -0.0163333 0.0110759
internal_weight=153841 60949 45963 35681 22200 13481 10282 14986 7208 879 6329 7778 7703 4005 6277 92892 2695 2384 1684 311 255 700 90197 90118 3097 87021 75 79
internal_count=153841 60949 45963 35681 22200 13481 10282 14986 7208 879 6329 7778 7703 4005 6277 92892 2695 2384 1684 311 255 700 90197 90118 3097 87021 75 79
is_linear=0
shrinkage=0.05


Tree=246
num_leaves=30
num_cat=0
split_feature=4 13 13 13 13 0 1 1 1 13 1 1 34 21 2 20 39 2 1 25 18 25 34 14 0 0 13 1 38
split_gain=536.319 216.772 357.388 150.809 50.6096 41.8295 35.2549 18.6759 15.0321 11.8744 7.18518 8.26758 3.39256 1.35721 6.86856 2.66156 1.29192 4.64841 3.72784 5.12398 2.31002 1.35897 7.25594 8.47593 7.42147 3.95803 8.50314 3.56735 1.0282
threshold=1.0000000180025095e-35 -6.7894721031188956 0.00075226789808231222 -1.2792892423564917e-13 13.859466075897219 -0.57267144322395314 0.30820107460021978 -0.12082739174365996 0.40330043435096746 -23.134503364562985 0.17574552446603778 0.14129775762557986 3.5000000000000004 0.97499999403953563 0.37988154590129858 -1.0000000180025095e-35 -5.2819278240203849 0.11006521806120874 -0.99065953493118275 1.141688406467438 -207.25798034667966 0.14307806640863421 2.5000000000000004 1.0000000180025095e-35 0.64177870750427257 -1.0383247733116148 -323.45938110351557 -2.0014209747314449 0.10936309769749643
decision_type=2 2 2 2 2 2 2 2 2 2 2 2 2 2 2 2 2 2 2 2 2 2 2 2 2 2 2 2 2
left_child=1 9 3 6 7 -5 -3 -4 -6 13 11 -11 -12 15 -15 -1 17 18 19 -2 -20 25 23 -23 -24 26 -18 -27 -19
right_child=16 2 4 5 8 -7 -8 -9 -10 10 12 -13 -14 14 -16 -17 21 28 20 -21 -22 22 24 -25 -26 27 -28 -29 -30
leaf_value=-1.2031210949763764e-05 -0.00043916354016591548 -2.8993251911023601e-09 -2.8993251911023601e-09 9.763988616381431e-06 -2.8993251911023601e-09 -2.8993251911023601e-09 -2.8993251911023601e-09 -2.8993251911023601e-09 -2.8993251911023601e-09 -2.8993251911023601e-09 -2.8993251911023601e-09 0.0011929869529542338 0.00041467577626302926 -8.853315730739523e-06 -0.00038262986349678097 5.5870934165553322e-05 0.0016053592081346733 -0.0006552504154114675 0.0043475946475366022 0.0010362767857802241 0.00026576887672632982 -5.2410229227485736e-05 0.00012172238107621614 8.7408417572681579e-05 -0.0016535935095995228 -0.00072464002773024922 -0.00022930199332951706 -1.5469115094279156e-05 -0.0010293352095183143
leaf_weight=3256 246 7217 3325 166 12617 14469 679 6004 208 5508 348 66 60 3271 153 3602 333 53 34 76 48 20828 17312 4576 175 101 468 48610 32
leaf_count=3256 246 7217 3325 166 12617 14469 679 6004 208 5508 348 66 60 3271 153 3602 333 53 34 76 48 20828 17312 4576 175 101 468 48610 32
internal_value=-0.00243547 -0.00608008 -0.00787904 -0.012313 -0.00336959 -0.0153177 -0.00674392 -0.00617162 -0.00133138 -0.00113748 -0.00290873 -0.0024399 -0.00931373 -0.000106983 -0.000919977 0.000298921 -4.41373e-05 -0.00260736 -0.000371287 -0.00279503 0.00914634 -3.05726e-05 0.000175445 -0.000364116 0.000959284 -0.00020904 0.00327715 -0.000266367 -0.0132353
internal_weight=153841 60949 44685 22531 22154 14635 7896 9329 12825 16264 5982 5574 408 10282 3424 6858 92892 489 404 322 82 92403 42891 25404 17487 49512 801 48711 85
internal_count=153841 60949 44685 22531 22154 14635 7896 9329 12825 16264 5982 5574 408 10282 3424 6858 92892 489 404 322 82 92403 42891 25404 17487 49512 801 48711 85
is_linear=0
shrinkage=0.05


Tree=247
num_leaves=30
num_cat=0
split_feature=5 3 13 13 32 13 13 3 0 0 13 38 3 25 2 38 39 2 9 38 38 22 39 39 3 22 24 7 38
split_gain=538.07 265.832 222.638 325.964 176.782 34.9757 14.1374 4.75046 9.5912 10.3729 8.80674 6.70038 8.80647 6.90961 4.74447 3.216 1.39704 4.55939 3.51542 3.63839 1.50181 1.30442 2.8538 4.50457 2.80378 1.82676 1.90537 1.38367 1.0282
threshold=1.0000000180025095e-35 -0.15598179399967191 -7.5125064849853507 3.6173341274261479 14.500000000000002 38.24376296997071 -23.134503364562985 -0.377222329378128 -0.35858547687530512 -0.3102975040674209 -3.4262548685073848 0.0084061068482697027 -0.43222993612289423 0.0021015137899667029 0.48264084756374365 0.23002020269632342 -5.2819278240203849 0.11006521806120874 0.29609313607215887 -0.37418840825557703 -0.16526748985052106 0.061793224886059768 -0.23789435625076291 -0.49966107308864588 -0.34395432472228998 0.064333289861679091 2.5000000000000004 0.012128555215895178 0.10936309769749643
decision_type=2 2 2 2 2 2 2 2 2 2 2 2 2 2 2 2 2 2 2 2 2 2 2 2 2 2 2 2 2
left_child=1 7 6 4 -4 -5 15 11 10 -10 -9 12 -1 -13 -8 -3 17 18 19 -2 -20 22 23 -18 -24 26 -23 -27 -19
right_child=16 2 3 5 -6 -7 14 8 9 -11 -12 13 -14 -15 -16 -17 21 28 20 -21 -22 25 24 -25 -26 27 -28 -29 -30
leaf_value=-1.2478877396951779e-05 -0.00068297428006681429 2.3089712277627948e-06 -2.7543589315472421e-09 -2.7543589315472421e-09 -2.052978235463258e-06 -2.7543589315472421e-09 -2.7543589315472421e-09 -4.1128697770220615e-08 -2.7502321729365387e-06 5.2185831376267074e-08 3.3120504871730688e-07 -8.2973068803475565e-05 -6.4863317573878013e-06 0.00055823458564719394 -2.7543589315472421e-09 -6.9880363323315242e-05 -2.9610589304282401e-05 -0.00062248789464089405 -3.7766597456980608e-05 0.00039897682740261018 -0.0010846664378398884 -0.00027540731787843053 0.00087278221506133398 -0.00025306127899286625 5.1290346913222255e-05 -2.2684107324000627e-05 1.4562133585870746e-06 2.5573489486382941e-06 -0.00097786844904239876
leaf_weight=5528 62 6163 19997 8389 2203 5092 3656 334 414 6551 488 38 642 991 349 114 250 53 36 253 53 86 35 33 1184 14903 88 75824 32
leaf_count=5528 62 6163 19997 8389 2203 5092 3656 334 414 6551 488 38 642 991 349 114 250 53 36 253 53 86 35 33 1184 14903 88 75824 32
internal_value=-0.00243937 -0.00608993 -0.00797544 -0.00984347 -0.0135676 -0.00371078 -0.0014929 -0.000306953 0.000548992 -5.38406e-05 0.00565693 -0.00123281 -0.00185575 0.00250243 -0.00381398 -1.19484e-05 -4.41373e-05 -0.00270961 -0.00049505 0.00198413 -0.00926966 -3.00315e-05 0.00143142 -0.00309187 0.00248154 -5.41798e-05 -0.00517241 -4.43639e-05 -0.0132353
internal_weight=153841 60949 45963 35681 22200 13481 10282 14986 7787 6965 822 7199 6170 1029 4005 6277 92892 489 404 315 89 92403 1502 283 1219 90901 174 90727 85
internal_count=153841 60949 45963 35681 22200 13481 10282 14986 7787 6965 822 7199 6170 1029 4005 6277 92892 489 404 315 89 92403 1502 283 1219 90901 174 90727 85
is_linear=0
shrinkage=0.05


Tree=248
num_leaves=29
num_cat=0
split_feature=4 3 13 13 32 13 13 1 2 39 25 22 25 2 38 39 2 9 38 2 3 8 2 32 21 1 11 38
split_gain=536.319 268.615 222.638 325.964 176.782 34.9757 14.1374 4.95167 7.66415 10.4895 7.28016 7.01311 6.6877 4.74447 3.216 1.39704 4.55939 3.07968 3.02014 1.63424 1.31186 3.64913 2.54104 2.21273 2.17799 1.92963 1.2071 1.0282
threshold=1.0000000180025095e-35 -0.15598179399967191 -7.5125064849853507 3.6173341274261479 14.500000000000002 38.24376296997071 -23.134503364562985 -0.42259255051612848 0.097084917128086104 -5.2819278240203849 0.029599997214972976 0.75045233964920055 1.141688406467438 0.48264084756374365 0.23002020269632342 -5.2819278240203849 0.11006521806120874 0.29609313607215887 -0.37418840825557703 0.021013707853853706 0.37682336568832403 0.067350316792726531 0.80164751410484325 27.500000000000004 0.42499999701976782 0.082000128924846663 0.91733908653259288 0.10936309769749643
decision_type=2 2 2 2 2 2 2 2 2 2 2 2 2 2 2 2 2 2 2 2 2 2 2 2 2 2 2 2
left_child=1 7 6 4 -4 -5 14 8 9 -1 -10 12 -9 -8 -3 16 17 18 -2 -19 22 23 25 -22 -24 -17 -23 -18
right_child=15 2 3 5 -6 -7 13 11 10 -11 -12 -13 -14 -15 -16 20 27 19 -20 -21 21 26 24 -25 -26 -27 -28 -29
leaf_value=3.4259380481605662e-06 -0.00064882556606347345 2.1935226663745771e-06 -2.6166409849698802e-09 -2.6166409849698802e-09 -1.9503293236900951e-06 -2.6166409849698802e-09 -2.6166409849698802e-09 8.8348294269784135e-08 0.00078918776826865421 -1.5521503127154443e-07 -4.8428473039353041e-05 0.0022090631979474282 -0.0001280765283824109 -2.6166409849698802e-09 -6.6386345157149468e-05 -3.7227105386743092e-06 -0.00059136349990884937 -0.00072208706823728263 0.00037902798603247967 -0.0006184040309492781 -3.9560342868789898e-06 -0.00065866694678927353 0.0004222778437956902 -0.00045311749201768523 -0.00094259455094246054 6.3057394696381186e-05 -0.00031852576821407401 -0.00092897502659027888
leaf_weight=121 62 6163 19997 8389 2203 5092 3656 7856 38 6247 552 37 135 349 114 81534 53 52 253 37 2215 94 37 167 137 8107 112 32
leaf_count=121 62 6163 19997 8389 2203 5092 3656 7856 38 6247 552 37 135 349 114 81534 53 52 253 37 2215 94 37 167 137 8107 112 32
internal_value=-0.00243547 -0.00608008 -0.00797544 -0.00984347 -0.0135676 -0.00371078 -0.0014929 -0.000266916 -0.00124317 -0.000738065 -0.00669492 0.000579223 0.000478663 -0.00381398 -1.19484e-05 -4.41373e-05 -0.00270961 -0.00049505 0.0018254 -0.00870787 -3.00315e-05 -0.00113988 1.94845e-06 -0.000587741 -0.00603448 1.36656e-05 -0.00752427 -0.0132353
internal_weight=153841 60949 45963 35681 22200 13481 10282 14986 6958 6368 590 8028 7991 4005 6277 92892 489 404 315 89 92403 2588 89815 2382 174 89641 206 85
internal_count=153841 60949 45963 35681 22200 13481 10282 14986 6958 6368 590 8028 7991 4005 6277 92892 489 404 315 89 92403 2588 89815 2382 174 89641 206 85
is_linear=0
shrinkage=0.05


Tree=249
num_leaves=31
num_cat=0
split_feature=4 13 13 13 32 13 1 1 1 13 1 1 22 38 22 22 11 13 1 32 25 37 18 0 21 0 1 22 34 22
split_gain=532.25 213.03 352.624 150.976 146.415 50.467 35.7073 18.9172 15.0409 11.4772 7.48189 6.88934 4.21635 1.39606 1.73538 1.72883 1.20994 5.02136 4.88047 5.38021 3.93182 3.26481 5.11965 4.068 2.18621 5.02626 4.05568 6.24002 4.36049 3.63777
threshold=1.0000000180025095e-35 -6.7894721031188956 0.00075226789808231222 -1.2792892423564917e-13 14.500000000000002 13.859466075897219 0.30820107460021978 -0.12082739174365996 0.40330043435096746 -23.134503364562985 0.17574552446603778 0.14129775762557986 0.066147454082965865 -0.2351633086800575 0.19166000187397006 0.17815802991390231 0.018890227191150192 -365.29806518554682 -0.54889738559722889 14.500000000000002 0.26722472906112676 1.0000000180025095e-35 -159326.23437499997 0.3220489770174027 0.72499999403953563 -0.81152173876762379 -1.7091773152351377 1.0050483942031863 3.5000000000000004 0.1512786000967026
decision_type=2 2 2 2 2 2 2 2 2 2 2 2 2 2 2 2 2 2 2 2 2 2 2 2 2 2 2 2 2 2
left_child=1 9 3 6 -5 7 -3 -4 -7 13 11 -11 -12 15 -15 -1 17 21 19 -19 -20 23 -23 -2 26 -26 28 -28 -18 -27
right_child=16 2 5 4 -6 8 -8 -9 -10 10 12 -13 -14 14 -16 -17 24 18 20 -21 -22 22 -24 -25 25 29 27 -29 -30 -31
leaf_value=3.6806955318800059e-05 -1.513721951244525e-05 -2.4858089357213863e-09 -2.4858089357213863e-09 -2.4858089357213863e-09 -2.9309975362113802e-05 -2.4858089357213863e-09 -2.4858089357213863e-09 -2.4858089357213863e-09 -2.4858089357213863e-09 -2.4858089357213863e-09 1.4281085563818146e-06 0.0011333378738565178 -2.4858089357213863e-09 -1.0247813231694341e-05 1.6200657265928038e-05 -9.5405263749697401e-05 -0.00030020888458418552 -0.00029622799004996869 -1.3363832926182197e-06 0.0013023606182426318 0.00014756737525716129 0.0033197797761210499 0.00029334413416499727 0.0017122625843850236 0.0013102840512771716 3.8152748705437908e-05 1.0475415272453645e-05 0.00075292906023427324 0.0022867836973001153 -4.8400228903244806e-05
leaf_weight=108 1128 7217 3325 13090 1545 12617 679 6004 208 5508 45 66 363 3912 6085 177 1277 2193 13368 217 2694 64 1188 138 114 5378 30597 818 109 33609
leaf_count=108 1128 7217 3325 13090 1545 12617 679 6004 208 5508 45 66 363 3912 6085 177 1277 2193 13368 217 2694 64 1188 138 114 5378 30597 818 109 33609
internal_value=-0.00242799 -0.00605875 -0.00784212 -0.0122465 -0.0152528 -0.00336282 -0.00667427 -0.0061609 -0.00132749 -0.001159 -0.00290037 -0.00242196 -0.00943627 -0.000145886 -4.75143e-05 -0.00359649 -4.57521e-05 0.000288232 2.7068e-06 -0.00209544 0.00031752 0.00238284 0.00419329 0.000592417 -0.000143251 -0.00039577 0.00015777 0.00027455 -0.00248918 -0.000426424
internal_weight=153841 60949 44685 22531 14635 22154 7896 9329 12825 16264 5982 5574 408 10282 9997 285 92892 20990 18472 2410 16062 2518 1252 1266 71902 39101 32801 31415 1386 38987
internal_count=153841 60949 44685 22531 14635 22154 7896 9329 12825 16264 5982 5574 408 10282 9997 285 92892 20990 18472 2410 16062 2518 1252 1266 71902 39101 32801 31415 1386 38987
is_linear=0
shrinkage=0.05


Tree=250
num_leaves=30
num_cat=0
split_feature=4 3 13 13 32 13 13 3 25 13 0 3 0 25 2 38 3 7 13 2 38 13 21 1 32 1 21 13 22
split_gain=531.823 274.148 222.897 325.964 176.782 34.9757 14.1967 5.06141 9.45792 10.3735 10.3567 6.12787 17.5399 6.01219 4.74447 3.22216 1.45315 4.43398 3.05432 2.52634 2.52056 2.31673 2.17799 1.73471 5.42172 2.88259 1.6358 1.31181 1.28084
threshold=1.0000000180025095e-35 -0.15598179399967191 -7.5125064849853507 3.6173341274261479 14.500000000000002 38.24376296997071 -23.134503364562985 -0.377222329378128 0.68973770737648021 -11.341619491577147 -0.0034344129962846632 -0.42172704637050623 -0.12027058377861975 1.0000000180025095e-35 0.48264084756374365 0.23002020269632342 0.37682336568832403 0.078217528760433211 19835.107421875004 0.80164751410484325 0.27809573709964758 606.86471557617199 0.42499999701976782 0.082000128924846663 31.500000000000004 -0.031756978482007973 0.92499998211860668 1987.2608032226565 0.19009596109390262
decision_type=2 2 2 2 2 2 2 2 2 2 2 2 2 2 2 2 2 2 2 2 2 2 2 2 2 2 2 2 2
left_child=1 7 6 4 -4 -5 15 11 10 -10 -9 13 -13 -1 -8 -3 19 18 20 23 -18 28 -21 25 -25 -2 -24 -23 -19
right_child=16 2 3 5 -6 -7 14 8 9 -11 -12 12 -14 -15 -16 -17 17 21 -20 22 -22 27 26 24 -26 -27 -28 -29 -30
leaf_value=-3.8886947781825211e-05 4.3957663901514348e-06 2.1367129495952093e-06 -2.3615184889353168e-09 -2.3615184889353168e-09 -1.8526885670588042e-06 -2.3615184889353168e-09 -2.3615184889353168e-09 1.3239362791280065e-07 -0.00015864470358060404 8.1350584305269164e-07 -1.211914196924939e-06 -2.4155010767115418e-05 0.00066055238085336242 -3.4013947386813769e-06 -2.3615184889353168e-09 -6.2554637237707288e-05 -1.7445900812843403e-05 -0.00050092706836453893 0.0022422793066810367 0.0003937855828430476 -0.00028169383547670438 -0.0022707578422023079 -0.0010445773121208182 8.2992400123758569e-05 -0.00077886324234438011 -4.254683735555496e-05 0.00012940669756999289 -0.00066115524988557888 -2.8603010733099096e-05
leaf_weight=179 67309 6163 19997 8389 2203 5092 3656 5639 60 206 1882 582 282 6156 349 114 2262 43 36 37 55 33 104 7795 312 14714 33 58 101
leaf_count=179 67309 6163 19997 8389 2203 5092 3656 5639 60 206 1882 582 282 6156 349 114 2262 43 36 37 55 33 104 7795 312 14714 33 58 101
internal_value=-0.00243027 -0.00605957 -0.00797435 -0.00984347 -0.0135676 -0.00371078 -0.00148804 -0.000186841 0.000696674 0.00996241 0.000368967 -0.00114252 -0.00509259 -0.000603788 -0.00381398 -3.98279e-06 -4.89816e-05 -0.00121716 -0.000563111 -1.55032e-05 -0.000787656 -0.00776596 -0.00603448 -3.88328e-06 0.000693845 -7.28454e-05 -0.00894161 -0.014011 -0.00381944
internal_weight=153841 60949 45963 35681 22200 13481 10282 14986 7787 266 7521 7199 864 6335 4005 6277 92892 2588 2353 90304 2317 235 174 90130 8107 82023 137 91 144
internal_count=153841 60949 45963 35681 22200 13481 10282 14986 7787 266 7521 7199 864 6335 4005 6277 92892 2588 2353 90304 2317 235 174 90130 8107 82023 137 91 144
is_linear=0
shrinkage=0.05


Tree=251
num_leaves=30
num_cat=0
split_feature=4 3 24 32 14 32 21 25 3 34 25 25 3 0 25 22 3 7 2 25 2 8 25 21 18 21 2 38 38
split_gain=521.62 290.675 107.849 76.7831 48.2868 33.701 37.9101 9.40334 7.88518 9.91515 10.6847 7.78769 6.28689 17.1329 6.01219 4.79917 1.4478 4.43398 2.52449 2.30635 5.80913 2.41574 2.2604 2.17799 1.90481 1.6358 1.45802 4.36197 4.20912
threshold=1.0000000180025095e-35 -0.15598179399967191 2.5000000000000004 14.500000000000002 1.0000000180025095e-35 14.500000000000002 1.0000000180025095e-35 0.13655345886945727 -0.377222329378128 2.5000000000000004 0.5147586762905122 0.24467556178569796 -0.42172704637050623 -0.12027058377861975 1.0000000180025095e-35 0.65592148900032055 0.37682336568832403 0.078217528760433211 0.80164751410484325 0.18339056521654132 0.52610191702842724 0.0030463692964985971 0.046694876626133926 0.42499999701976782 -7499.8205566406241 0.92499998211860668 0.034960383549332626 -0.2351633086800575 -0.2055113688111305
decision_type=2 2 2 2 2 2 2 2 2 2 2 2 2 2 2 2 2 2 2 2 2 2 2 2 2 2 2 2 2
left_child=1 8 3 4 -3 6 -4 -5 12 11 -11 -10 14 -14 -1 -7 18 19 26 21 -21 -18 -19 -20 -24 -25 27 -2 -28
right_child=16 2 5 7 -6 15 -8 -9 9 10 -12 -13 13 -15 -16 -17 17 22 23 20 -22 -23 24 25 -26 -27 28 -29 -30
leaf_value=-3.6942600392733956e-05 -0.00021558038725949248 -2.2434425644885509e-09 -2.2434425644885509e-09 1.1859869042911699e-05 -4.4385709005383302e-06 1.0406698654129585e-05 -2.2434425644885509e-09 -6.785758230895546e-05 1.2577394651716061e-07 -1.6516169939839788e-08 -1.4317832468521431e-05 2.300061550452798e-07 -2.2947260228759649e-05 0.00062752476181069435 -3.2313250017473082e-06 -0.00024482947321835118 0.0001924795481383978 0.00019072294308877387 0.00037409630370089519 0.00032820523359792576 -7.1336359528370951e-05 -0.00013860751042120149 -0.0014400560057878699 -0.00099234844651477751 -0.00050352870803604206 0.00012293636269149322 0.00019368139747637749 -7.4521509928252537e-06 4.2891205721045864e-06
leaf_weight=179 1722 17319 6255 1248 978 1964 17667 440 3829 2899 98 961 582 282 6156 92 198 46 37 403 536 1216 35 104 154 33 2739 29290 56379
leaf_count=179 1722 17319 6255 1248 978 1964 17667 440 3829 2899 98 961 582 282 6156 92 198 46 37 403 536 1216 35 104 154 33 2739 29290 56379
internal_value=-0.00240947 -0.00600379 -0.00797544 -0.0107368 -0.0116781 -0.0058511 -0.00637907 -0.000533175 4.33738e-05 0.00114614 -0.00110944 0.00255741 -0.00114947 -0.00515046 -0.000603788 0.000291829 -5.11347e-05 -0.00121716 -1.77179e-05 -0.000563111 0.00135783 -0.00183876 -0.00776596 -0.00603448 -0.0101852 -0.00894161 -6.1023e-06 -0.000283761 0.000139551
internal_weight=153841 60949 45963 19985 18297 25978 23922 1688 14986 7787 2997 4790 7199 864 6335 2056 92892 2588 90304 2353 939 1414 235 174 189 137 90130 31012 59118
internal_count=153841 60949 45963 19985 18297 25978 23922 1688 14986 7787 2997 4790 7199 864 6335 2056 92892 2588 90304 2353 939 1414 235 174 189 137 90130 31012 59118
is_linear=0
shrinkage=0.05


Tree=252
num_leaves=27
num_cat=0
split_feature=5 3 24 14 21 24 25 2 38 3 25 25 3 34 22 3 21 21 2 1 1 38 2 18 5 9
split_gain=523.707 289.708 107.849 39.0455 32.7898 30.9465 24.5367 12.9929 5.60699 7.69485 8.34855 7.80215 5.94511 5.07412 3.89365 1.28 3.09508 2.8062 2.68942 1.58531 2.55259 4.823 3.89479 2.34419 4.37101 1.35712
threshold=1.0000000180025095e-35 -0.15598179399967191 2.5000000000000004 1.0000000180025095e-35 1.0000000180025095e-35 1.0000000180025095e-35 0.18781586736440661 0.1529793590307236 -0.065713010728359209 -0.377222329378128 0.68973770737648021 0.0011225953348912301 -0.94240000844001759 5.0000000000000009 0.16764742881059649 -7.0460891723632804 0.52500000596046459 0.97499999403953563 0.14111636579036715 -3.0804568529129024 -1.7091773152351377 0.11906004324555398 -0.99266698956489552 -2729.496704101562 2.3249999284744267 0.11852356418967248
decision_type=2 2 2 2 2 2 2 2 2 2 2 2 2 2 2 2 2 2 2 2 2 2 2 2 2 2
left_child=1 8 3 5 7 -3 -6 -4 12 11 -11 -10 -1 -14 -5 16 -2 -18 -19 23 21 -21 -22 25 -25 -17
right_child=15 2 4 14 6 -7 -8 -9 9 10 -12 -13 13 -15 -16 19 17 18 -20 20 22 -23 -24 24 -26 -27
leaf_value=0.0048854430583298901 -0.00054084472072739992 -2.1312704362641233e-09 -2.1312704362641233e-09 -6.9846168845869776e-06 -2.1312704362641233e-09 -2.1312704362641233e-09 -2.1312704362641233e-09 -2.1312704362641233e-09 -5.0972998248637864e-05 1.1265973924860803e-07 7.5665376415961911e-07 -2.9915154910534525e-06 -3.1768924118935847e-06 1.6394961554659281e-06 0.00021182440013088914 -0.00051997730747501206 0.0066528756842925132 -2.4528470221802518e-05 0.0038385059934484423 -5.1313740013277098e-05 0.0018721484093726709 -0.00059671970096739763 -1.6342302886961092e-06 -0.00018421060633418921 0.0011722826227650758 0.0003755100998820201
leaf_weight=36 58 1468 2569 670 16301 17498 2818 4290 230 5804 238 6188 2376 114 349 37 45 133 39 2037 79 316 89925 54 120 49
leaf_count=36 58 1468 2569 670 16301 17498 2818 4290 230 5804 238 6188 2376 114 349 37 45 133 39 2037 79 316 89925 54 120 49
internal_value=-0.00240557 -0.00600707 -0.00797544 -0.0107368 -0.0058511 -0.0112491 -0.00478712 -0.00881688 3.0028e-05 0.00046549 0.00174611 -0.000740106 -0.00211797 -0.00240964 -0.00120216 -4.25225e-05 0.00336364 0.00610599 0.00319767 -5.26361e-05 -6.36119e-05 -0.00168933 -2.11102e-05 0.00384615 0.00718391 -0.00290698
internal_weight=153841 60949 45963 19985 25978 18966 19119 6859 14986 12460 6042 6418 2526 2490 1019 92892 275 217 172 92617 92357 2353 90004 260 174 86
internal_count=153841 60949 45963 19985 25978 18966 19119 6859 14986 12460 6042 6418 2526 2490 1019 92892 275 217 172 92617 92357 2353 90004 260 174 86
is_linear=0
shrinkage=0.05


Tree=253
num_leaves=29
num_cat=0
split_feature=5 3 13 13 32 13 13 3 2 2 3 0 25 1 2 38 3 25 38 34 2 38 38 3 38 5 18 25
split_gain=524.995 288.502 222.638 325.964 176.782 34.9757 14.1374 5.42244 7.87804 6.91452 5.58054 14.1057 6.2028 5.41943 4.74447 2.88592 1.22194 5.79635 4.1985 4.52671 2.98729 2.76698 4.91465 6.44033 4.20697 3.61159 2.30691 1.20839
threshold=1.0000000180025095e-35 -0.15598179399967191 -7.5125064849853507 3.6173341274261479 14.500000000000002 38.24376296997071 -23.134503364562985 -0.377222329378128 -0.15063450485467908 -0.10309716314077376 -0.42172704637050623 -0.12027058377861975 1.0000000180025095e-35 -0.35762675106525416 0.48264084756374365 0.23002020269632342 0.24190292507410052 0.59535166621208202 0.4563125222921372 2.5000000000000004 0.34433087706565862 0.8683454990386964 0.6600414812564851 -0.42172704637050623 0.41058568656444555 32.024999618530281 -179.82889556884763 0.14478228986263278
decision_type=2 2 2 2 2 2 2 2 2 2 2 2 2 2 2 2 2 2 2 2 2 2 2 2 2 2 2 2
left_child=1 7 6 4 -4 -5 15 10 13 -10 12 -12 -1 -9 -8 -3 21 18 19 -18 -20 22 24 -24 -2 26 -23 -27
right_child=16 2 3 5 -6 -7 14 8 9 -11 11 -13 -14 -15 -16 -17 17 -19 20 -21 -22 25 23 -25 -26 27 -28 -29
leaf_value=-3.254682046066536e-05 -5.1203365518366981e-07 1.9664129871112448e-06 -2.0247069144509172e-09 -2.0247069144509172e-09 -2.3529410273296358e-06 -2.0247069144509172e-09 -2.0247069144509172e-09 1.9575467619580994e-07 -5.3140874095578105e-08 1.1438322556306247e-07 -2.1650321442768993e-05 0.00059629809949471226 -2.9201829771072704e-06 1.3609489697480035e-07 -2.0247069144509172e-09 -5.9426686640171882e-05 2.5157993404908118e-05 -0.0009222618060338143 0.00057456919496819072 -0.00017649487833471499 -0.0008247215950934018 -0.00019423379413417358 -0.00084301469833293185 -0.00015669909530573802 0.00053431562762007348 0.00072975569071773584 0.00046695150439790073 0.0033111136760494812
leaf_weight=179 84008 6163 19997 8389 2203 5092 3656 769 662 6142 582 282 6156 214 349 114 5227 32 31 2401 98 32 73 170 653 30 91 46
leaf_count=179 84008 6163 19997 8389 2203 5092 3656 769 662 6142 582 282 6156 214 349 114 5227 32 31 2401 98 32 73 170 653 30 91 46
internal_value=-0.00240524 -0.00601117 -0.00797544 -0.00984347 -0.0135676 -0.00371078 -0.0014929 1.33458e-05 0.000927828 0.000323339 -0.00097583 -0.00474537 -0.000461721 0.0051119 -0.00381398 -1.19484e-05 -3.92929e-05 -0.000638721 -0.000551115 -0.000399843 -0.00949612 1.55694e-05 1.7667e-06 -0.00709877 2.21472e-05 0.00590452 0.000609756 0.0144737
internal_weight=153841 60949 45963 35681 22200 13481 10282 14986 7787 6804 7199 864 6335 983 4005 6277 92892 7789 7757 7628 129 85103 84904 243 84661 199 123 76
internal_count=153841 60949 45963 35681 22200 13481 10282 14986 7787 6804 7199 864 6335 983 4005 6277 92892 7789 7757 7628 129 85103 84904 243 84661 199 123 76
is_linear=0
shrinkage=0.05


Tree=254
num_leaves=31
num_cat=0
split_feature=4 3 13 13 32 13 13 1 2 2 1 2 22 0 2 38 4 0 3 38 9 32 38 4 38 9 1 32 1 3
split_gain=526.483 286.656 222.379 325.964 176.782 34.9757 14.0782 4.89982 7.91701 7.5989 7.2659 6.86792 7.06386 6.98704 4.74447 2.88009 1.21221 3.53429 5.32001 5.04021 4.68092 5.32205 4.26381 3.02225 2.25376 3.76436 2.04919 6.89474 3.35761 1.77408
threshold=1.0000000180025095e-35 -0.15598179399967191 -7.5125064849853507 3.6173341274261479 14.500000000000002 38.24376296997071 -23.134503364562985 -0.42259255051612848 0.097084917128086104 0.26765100657939916 -0.43018215894699091 -0.15063450485467908 0.75045233964920055 -0.35858547687530512 0.48264084756374365 0.23002020269632342 28.774999618530277 0.020675501786172393 -0.0052753435447812072 0.8683454990386964 0.6842927634716035 27.500000000000004 -0.002213730243965983 31.57499980926514 -0.57218551635742176 0.6429295837879182 0.072712808847427382 2.5000000000000004 -0.0088577717542648298 -0.025982483290135857
decision_type=2 2 2 2 2 2 2 2 2 2 2 2 2 2 2 2 2 2 2 2 2 2 2 2 2 2 2 2 2 2
left_child=1 7 6 4 -4 -5 15 8 10 -10 -1 13 -13 -9 -8 -3 24 18 19 -18 21 -19 -20 -22 25 29 28 -28 -26 -2
right_child=16 2 3 5 -6 -7 14 11 9 -11 -12 12 -14 -15 -16 -17 17 20 22 -21 23 -23 -24 -25 26 -27 27 -29 -30 -31
leaf_value=-1.0920835575227517e-08 0.0014038909036286499 1.8680923377556826e-06 -1.9234715687283715e-09 -1.9234715687283715e-09 -2.2352939759631538e-06 -1.9234715687283715e-09 -1.9234715687283715e-09 -3.8276339141174667e-08 -4.6195246357883265e-05 0.0012564256472570939 -2.2275096452769561e-05 1.0888588549505782e-07 0.0020992373832509335 1.6749646989603342e-07 -1.9234715687283715e-09 -5.6455352308163289e-05 -4.4966773928339163e-05 -5.2425591280511187e-05 0.00049488655261554148 0.003677056329711922 0.00033148650301155459 -0.00068005574543430222 1.9569433415502285e-05 -0.00089363031278735176 3.2171551154321077e-06 0.0040836728524829939 1.2232068517162646e-05 0.00052504998926889356 -6.6463080852960385e-05 -0.00080867930792265187
leaf_weight=6231 74 6163 19997 8389 2203 5092 3656 48 523 67 137 7613 37 330 349 114 3229 5638 593 42 32 211 649 149 65729 31 7155 1249 8081 30
leaf_count=6231 74 6163 19997 8389 2203 5092 3656 48 523 67 137 7613 37 330 349 114 3229 5638 593 42 32 211 649 149 65729 31 7155 1249 8081 30
internal_value=-0.00240752 -0.00601856 -0.00797652 -0.00984347 -0.0135676 -0.00371078 -0.00149776 -1.33458e-05 -0.000984478 -0.00652542 -0.000471106 0.000828351 0.000503268 0.00740741 -0.00381398 -1.9914e-05 -3.82164e-05 -0.000543014 0.000515178 -0.000542648 -0.00133499 -0.00108993 0.00330113 -0.00925414 2.6412e-05 0.00648148 1.58124e-05 0.000755593 -6.84189e-05 0.00192308
internal_weight=153841 60949 45963 35681 22200 13481 10282 14986 6958 590 6368 8028 7650 378 4005 6277 92892 10543 4513 3271 6030 5849 1242 181 82349 135 82214 8404 73810 104
internal_count=153841 60949 45963 35681 22200 13481 10282 14986 6958 590 6368 8028 7650 378 4005 6277 92892 10543 4513 3271 6030 5849 1242 181 82349 135 82214 8404 73810 104
is_linear=0
shrinkage=0.05


Tree=255
num_leaves=31
num_cat=0
split_feature=4 3 13 13 32 13 13 3 0 3 13 3 0 25 2 0 11 18 38 13 1 25 8 8 2 32 32 1 2 25
split_gain=526.154 286.415 222.379 325.964 176.782 34.9757 14.0782 5.09822 7.8256 8.09105 6.84855 5.24311 13.7522 6.18147 4.74447 2.69575 1.17816 4.77675 4.72621 3.7464 4.61883 3.28313 2.60585 2.22868 4.47687 11.9623 6.45673 3.87375 13.1532 8.55388
threshold=1.0000000180025095e-35 -0.15598179399967191 -7.5125064849853507 3.6173341274261479 14.500000000000002 38.24376296997071 -23.134503364562985 -0.377222329378128 -0.0034344129962846632 -0.30152188241481775 -3.4262548685073848 -0.42172704637050623 -0.12027058377861975 1.0000000180025095e-35 0.48264084756374365 -0.3002066165208816 0.022847821004688743 -198789.77343749997 0.090164035558700575 -159.90026855468747 -0.53540968894958485 1.3021721839904787 0.092900503426790251 0.019367430359125141 0.15777235478162768 2.5000000000000004 31.500000000000004 -0.21460137516260144 0.17729916423559192 0.87151888012886058
decision_type=2 2 2 2 2 2 2 2 2 2 2 2 2 2 2 2 2 2 2 2 2 2 2 2 2 2 2 2 2 2
left_child=1 7 6 4 -4 -5 15 11 10 -10 -9 13 -13 -1 -8 -3 17 18 22 21 -21 -19 -2 27 26 -26 -25 28 -18 -29
right_child=16 2 3 5 -6 -7 14 8 9 -11 -12 12 -14 -15 -16 -17 23 19 -20 20 -22 -23 -24 24 25 -27 -28 29 -30 -31
leaf_value=-3.092492373190684e-05 0.00088118048631431701 0.00089937294582136866 -1.8272979902919528e-09 -1.8272979902919528e-09 -2.123529277164996e-06 -1.8272979902919528e-09 -1.8272979902919528e-09 -2.9459729795661931e-08 -6.9561500442605575e-06 6.0381147569000424e-08 1.334661577398477e-07 -2.056725932885178e-05 0.00056647775022570189 -1.4779775699618403e-06 -1.8272979902919528e-09 -2.3501694191351849e-06 1.2811319379274143e-05 0.00013743092435590225 -0.0010080065790449484 -0.00024966170816678794 8.7615313787734597e-06 -0.00059810804189143604 0.0031643055137815625 -0.00010609694619750226 -2.4226405751478706e-05 0.00077903991252929186 0.001087603884231021 -9.4572336936004506e-06 0.00066184529920599005 -0.00046897594816382746
leaf_weight=179 68 161 19997 8389 2203 5092 3656 2419 569 1361 3438 582 282 6156 349 6116 12685 4194 31 2142 14568 133 67 16574 13191 1267 420 25681 1603 268
leaf_count=179 68 161 19997 8389 2203 5092 3656 2419 569 1361 3438 582 282 6156 349 6116 12685 4194 31 2142 14568 133 67 16574 13191 1267 420 25681 1603 268
internal_value=-0.00240947 -0.00601938 -0.00797652 -0.00984347 -0.0135676 -0.00371078 -0.00149776 -1.66822e-05 0.00087004 -0.00189119 0.00177992 -0.00097583 -0.00462963 -0.000477506 -0.00381398 -1.9914e-05 -4.09077e-05 0.000286516 0.00873494 0.000219851 -0.000119689 0.00153108 0.0127778 -0.000137748 -0.000453071 0.000193664 -0.0010033 0.000108731 0.000769877 -0.000255308
internal_weight=153841 60949 45963 35681 22200 13481 10282 14986 7787 1930 5857 7199 864 6335 4005 6277 92892 21203 166 21037 16710 4327 135 71689 31452 14458 16994 40237 14288 25949
internal_count=153841 60949 45963 35681 22200 13481 10282 14986 7787 1930 5857 7199 864 6335 4005 6277 92892 21203 166 21037 16710 4327 135 71689 31452 14458 16994 40237 14288 25949
is_linear=0
shrinkage=0.05


Tree=256
num_leaves=29
num_cat=0
split_feature=4 3 13 13 32 13 13 24 13 13 25 2 25 2 0 38 2 8 34 38 2 4 1 14 8 2 3 38
split_gain=521.099 296.021 222.638 325.964 176.782 34.9757 14.1374 7.27101 9.13134 9.6548 5.09495 8.85411 6.37575 4.74447 3.11046 2.57371 1.43996 4.07369 3.65578 3.043 2.31686 5.2141 5.57995 4.30565 2.94953 4.99413 2.26263 2.15541
threshold=1.0000000180025095e-35 -0.15598179399967191 -7.5125064849853507 3.6173341274261479 14.500000000000002 38.24376296997071 -23.134503364562985 1.5000000000000002 -5.7342214584350577 71.036128997802749 0.5737033784389497 0.068241860717535033 0.50130507349967968 0.48264084756374365 -0.15745390206575391 0.23002020269632342 0.63436871767044078 0.2010651230812073 1.0000000180025095e-35 0.50027814507484447 0.55647179484367382 5.3250000476837167 0.085885863751173033 1.0000000180025095e-35 0.1609185263514519 -0.85274317860603321 -1.1688111424446104 0.8683454990386964
decision_type=2 2 2 2 2 2 2 2 2 2 2 2 2 2 2 2 2 2 2 2 2 2 2 2 2 2 2 2
left_child=1 7 6 4 -4 -5 15 8 14 -10 12 -12 -9 -8 -1 -3 20 18 26 -20 24 23 -23 -22 27 -26 -18 -2
right_child=16 2 3 5 -6 -7 13 10 9 -11 11 -13 -14 -15 -16 -17 17 -19 19 -21 21 22 -24 -25 25 -27 -28 -29
leaf_value=3.1032197035674171e-05 -7.4693108379972339e-07 1.7598985465857681e-06 -1.7359330907773551e-09 -1.7359330907773551e-09 -2.0173528133067464e-06 -1.7359330907773551e-09 -1.7359330907773551e-09 -2.4448948477004307e-08 6.8565753893463964e-07 -0.00011967285538361201 -1.54136765667649e-08 -1.8185442714546205e-05 0.00071703274345349694 -1.7359330907773551e-09 -2.1873954888335597e-05 -5.6701004670420244e-05 0.00055334976662715105 0.0017622443467118299 -4.2243337306441427e-05 -0.00078635877277788012 0.0020864683402177699 -0.00041092797640179747 0.00052106987892238147 -0.0007852301408758979 0.006824917306841316 -0.00065644754631592403 -0.0010564041759292245 0.00046266935478812349
leaf_weight=329 86429 6163 19997 8389 2203 5092 3656 11779 1033 229 773 319 225 349 299 114 36 48 3921 61 261 553 672 32 37 542 132 168
leaf_count=329 86429 6163 19997 8389 2203 5092 3656 11779 1033 229 773 319 225 349 299 114 36 48 3921 61 261 553 672 32 37 542 132 168
internal_value=-0.00239322 -0.00598574 -0.00797544 -0.00984347 -0.0135676 -0.00371078 -0.0014929 0.000116776 0.00301587 0.00546751 -0.000301619 -0.00357143 -4.16528e-06 -0.00381398 -0.00191083 -1.19484e-05 -3.60634e-05 -0.000940924 -0.00110843 -0.000803616 6.76483e-06 0.00194335 0.000510204 0.00793515 -2.6957e-05 -0.00358377 -0.00833333 -3.17563e-06
internal_weight=153841 60949 45963 35681 22200 13481 10282 14986 1890 1262 13096 1092 12004 4005 628 6277 92892 4198 4150 3982 88694 1518 1225 293 87176 579 168 86597
internal_count=153841 60949 45963 35681 22200 13481 10282 14986 1890 1262 13096 1092 12004 4005 628 6277 92892 4198 4150 3982 88694 1518 1225 293 87176 579 168 86597
is_linear=0
shrinkage=0.05


Tree=257
num_leaves=27
num_cat=0
split_feature=4 3 13 13 13 13 13 3 34 25 13 3 0 37 2 25 3 25 39 4 34 2 10 0 34 2
split_gain=521.673 295.045 222.638 325.964 101.659 34.9757 14.1374 6.5384 7.79681 10.972 7.16636 5.39028 13.3921 6.259 4.74447 2.55559 1.39806 5.77535 3.74536 5.10671 4.35414 2.74524 2.46958 2.39296 6.91888 4.20974
threshold=1.0000000180025095e-35 -0.15598179399967191 -7.5125064849853507 3.6173341274261479 -0.064914468675851808 38.24376296997071 -23.134503364562985 -0.377222329378128 2.5000000000000004 0.5147586762905122 -7.5125064849853507 -0.42172704637050623 -0.12027058377861975 1.0000000180025095e-35 0.48264084756374365 1.0000000180025095e-35 0.24190292507410052 0.59535166621208202 -0.79354643821716297 9.2249999046325701 2.5000000000000004 0.80164751410484325 0.22002445161342624 0.35884007811546331 3.5000000000000004 0.70106673240661632
decision_type=2 2 2 2 2 2 2 2 2 2 2 2 2 2 2 2 2 2 2 2 2 2 2 2 2 2
left_child=1 7 6 4 -4 -5 15 11 10 -10 -9 13 -13 -1 -8 -3 21 18 19 -18 -20 23 -23 25 -25 -2
right_child=16 2 3 5 -6 -7 14 8 9 -11 -12 12 -14 -15 -16 -17 17 -19 20 -21 -22 22 -24 24 -26 -27
leaf_value=-2.1066564392979324e-05 -1.5402610040821108e-06 -0.00011368446493795881 -1.6491364362384874e-09 -1.6491364362384874e-09 -1.6491364362384874e-09 -1.6491364362384874e-09 -1.6491364362384874e-09 -2.0849988865294836e-06 -6.0755050409421096e-09 -1.2341279968123784e-05 1.7308195715453477e-07 -1.9537673914985339e-05 0.0005381550851618407 0.00013150538759804472 -1.6491364362384874e-09 2.0253058122303936e-06 -8.6185869704949458e-06 -0.0008747619550934588 3.1804254762320908e-05 -0.00038832058859725416 -0.00016772450861655264 0.00014142430636811392 -0.0020330173647972786 0.00026354084539471348 -0.00026651603881634039 -0.0015137612348429886
leaf_weight=3598 79993 160 4677 8389 17523 5092 3656 1489 2899 98 3301 582 282 2737 349 6117 285 32 4940 210 2322 47 59 3075 1889 40
leaf_count=3598 79993 160 4677 8389 17523 5092 3656 1489 2899 98 3301 582 282 2737 349 6117 285 32 4940 210 2322 47 59 3075 1889 40
internal_value=-0.00239452 -0.00598902 -0.00797544 -0.00984347 -0.0135676 -0.00371078 -0.0014929 0.00010343 0.00110762 -0.000892559 0.00235908 -0.000982775 -0.0046875 -0.000477506 -0.00381398 -1.19484e-05 -3.60634e-05 -0.000677237 -0.00058979 -0.00479798 -0.000302947 2.26196e-05 -0.00801887 3.26482e-05 0.0010979 -3.34237e-05
internal_weight=153841 60949 45963 35681 22200 13481 10282 14986 7787 2997 4790 7199 864 6335 4005 6277 92892 7789 7757 495 7262 85103 106 84997 4964 80033
internal_count=153841 60949 45963 35681 22200 13481 10282 14986 7787 2997 4790 7199 864 6335 4005 6277 92892 7789 7757 495 7262 85103 106 84997 4964 80033
is_linear=0
shrinkage=0.05


Tree=258
num_leaves=29
num_cat=0
split_feature=4 3 32 14 22 1 3 2 1 34 2 2 2 39 2 3 7 2 25 32 34 25 25 38 1 25 22 7
split_gain=522.577 292.703 101.493 71.8675 58.1722 7.04346 6.29689 7.2196 5.70821 5.56667 4.72366 8.41522 5.31054 4.27428 1.50987 1.3497 3.68295 2.3024 2.23448 2.11539 6.01475 1.99697 1.98228 1.77505 1.64182 3.22572 1.5273 1.0647
threshold=1.0000000180025095e-35 -0.15598179399967191 14.500000000000002 1.0000000180025095e-35 0.051583386957645423 -0.75809195637702931 -0.38584235310554499 0.39564776420593267 -0.4405550211668014 2.5000000000000004 0.28202185034751898 0.097084917128086104 0.67617648839950573 1.8960810303688052 0.4156948477029801 0.37682336568832403 0.078217528760433211 0.80164751410484325 0.088508497923612608 27.500000000000004 1.5000000000000002 0.035278188064694412 0.18339056521654132 0.056564133614301688 0.32907520234584814 0.26722472906112676 0.10247942805290224 0.057283880189061172
decision_type=2 2 2 2 2 2 2 2 2 2 2 2 2 2 2 2 2 2 2 2 2 2 2 2 2 2 2 2
left_child=1 6 3 4 -3 -4 10 9 -7 -8 11 -1 -12 -5 -9 17 19 24 -19 22 -21 -18 -17 -23 26 -26 -2 -20
right_child=15 2 5 13 -6 8 7 14 -10 -11 12 -13 -14 -15 -16 16 21 18 27 20 -22 23 -24 -25 25 -27 -28 -29
leaf_value=-6.5235962031268512e-07 2.300585009451614e-05 -1.5666796144265631e-09 -0.0026239993789743906 7.7451407051042887e-06 -1.5666796144265631e-09 0.0031993692701389473 1.5365529362661061e-07 -0.00020901485080985469 -4.3215892107375242e-06 -2.0826493442353172e-08 0.00088521168721189265 -4.5858874696226237e-05 -0.00052008715236916993 -4.7939863657653067e-06 -0.00016530859390754936 -7.661584883386806e-05 0.00019188875871237676 0.00029968689071165565 -8.8143997894280825e-05 0.0011514096557392998 -0.00071639386989641668 -0.00041221375753143057 7.7955184003101772e-05 -0.0010299891474790559 0.00043401341491338459 -0.0004826637499887942 -4.9578910741702316e-06 -0.0014234469473670035
leaf_weight=5269 6750 3622 32 2230 35837 115 4822 31 3597 3030 500 1265 33 530 36 1319 39 30 43 41 118 165 875 31 384 43 82953 101
leaf_count=5269 6750 3622 32 2230 35837 115 4822 31 3597 3030 500 1265 33 530 36 1319 39 30 43 41 118 165 875 31 384 43 82953 101
internal_value=-0.00239387 -0.00599148 -0.00797 -0.00866967 -0.00921526 -8.01282e-05 7.67383e-05 0.00104496 0.000121228 0.00118441 -0.00100821 -0.00137741 0.00351782 -0.000869565 -0.0152985 -3.33721e-05 -0.0011592 -1.10737e-06 -0.00574713 -0.000563111 -0.00613208 -0.00712766 -0.000159526 -0.00918367 9.98558e-06 0.00310304 -4.73786e-06 -0.00833333
internal_weight=153841 60949 45963 42219 39459 3744 14986 7919 3712 7852 7067 6534 533 2760 67 92892 2588 90304 174 2353 159 235 2194 196 90130 427 89703 144
internal_count=153841 60949 45963 42219 39459 3744 14986 7919 3712 7852 7067 6534 533 2760 67 92892 2588 90304 174 2353 159 235 2194 196 90130 427 89703 144
is_linear=0
shrinkage=0.05


Tree=259
num_leaves=31
num_cat=0
split_feature=4 3 13 13 32 13 13 3 34 37 13 3 34 13 32 22 21 0 9 21 23 0 13 7 34 22 21 37 11 13
split_gain=524.107 292.692 222.379 325.964 176.782 34.9757 14.2304 6.13832 6.33293 8.17148 6.05596 4.45898 4.10142 7.40513 5.16995 3.18461 1.29274 5.63936 4.84698 5.02857 3.61308 5.55159 6.55125 3.71301 7.3534 3.61235 3.47773 8.45613 3.2626 2.56573
threshold=1.0000000180025095e-35 -0.15598179399967191 -7.5125064849853507 3.6173341274261479 14.500000000000002 38.24376296997071 -23.134503364562985 -0.38584235310554499 2.5000000000000004 1.0000000180025095e-35 -7.5125064849853507 0.35972993075847631 5.0000000000000009 -117.09328842163085 14.500000000000002 0.76530429720878612 0.22500000149011615 -0.9501657485961913 0.22749005258083346 0.42499999701976782 1.0000000180025095e-35 -0.14989548176527021 -3.9830549955368038 0.17281839996576312 2.5000000000000004 0.051583386957645423 0.72499999403953563 1.0000000180025095e-35 1.0000000180025095e-35 106.24657440185548
decision_type=2 2 2 2 2 2 2 2 2 2 2 2 2 2 2 2 2 2 2 2 2 2 2 2 2 2 2 2 2 2
left_child=1 7 6 4 -4 -5 15 12 10 -10 -9 -8 14 -14 -1 -3 20 18 19 -18 21 29 -23 25 -25 -22 27 -19 -28 -2
right_child=16 2 3 5 -6 -7 11 8 9 -11 -12 -13 13 -15 -16 -17 17 26 -20 -21 23 22 -24 24 -26 -27 28 -29 -30 -31
leaf_value=-7.9154564785610981e-06 0.00027044770028470842 2.5872805949372368e-06 -1.4883456337052351e-09 -1.4883456337052351e-09 -1.7003232552827208e-06 -1.4883456337052351e-09 -1.4883456337052351e-09 -2.3367735029028533e-06 5.6991637398871907e-05 -5.1563852694947364e-08 1.5826847885882633e-07 -1.4883456337052351e-09 0.0031171221374874758 -0.00014486544582063005 0.0039310979995317982 -8.9578401991673173e-05 -0.00097517182729590826 -3.9990897936863917e-05 0.0029095426842556662 0.001723799208382739 0.0001246220736295634 0.00023749521510210738 -0.0001052350512174199 -0.00039198857623417747 0.0049807063696465179 -4.2712932391576843e-05 3.9015680757457063e-05 0.00014797237856636173 -2.7850375565811275e-05 0.0019631152270251063
leaf_weight=6248 181 6075 19997 8389 2203 5092 3675 1520 832 2246 3321 330 53 380 386 202 80 8708 102 140 267 815 822 92 168 20310 10241 11140 39634 192
leaf_count=6248 181 6075 19997 8389 2203 5092 3675 1520 832 2246 3321 330 53 380 386 202 80 8708 102 140 267 815 822 92 168 20310 10241 11140 39634 192
internal_value=-0.00239517 -0.00599805 -0.00797652 -0.00984347 -0.0135676 -0.00371078 -0.00149776 7.00654e-05 0.00102601 -0.000747238 0.00215348 -0.00382647 -0.00100113 -0.00571594 -0.000693398 -1.19484e-05 -3.12191e-05 7.53087e-05 0.00667702 0.0025 -0.000357815 0.00166667 0.00041234 -0.000553103 0.00538462 -0.000628128 4.48202e-05 0.000604595 -0.000177945 0.00717158
internal_weight=153841 60949 45963 35681 22200 13481 10282 14986 7919 3078 4841 4005 7067 433 6634 6277 92892 70045 322 220 22847 2010 1637 20837 260 20577 69723 19848 49875 373
internal_count=153841 60949 45963 35681 22200 13481 10282 14986 7919 3078 4841 4005 7067 433 6634 6277 92892 70045 322 220 22847 2010 1637 20837 260 20577 69723 19848 49875 373
is_linear=0
shrinkage=0.05


Tree=260
num_leaves=30
num_cat=0
split_feature=4 3 13 13 32 13 13 24 25 3 0 2 34 13 21 22 0 8 3 32 8 2 38 3 7 1 8 22 8
split_gain=527.4 284.977 222.379 325.964 176.782 34.9757 14.2304 7.7842 7.80218 14.2036 6.75711 4.72323 4.71812 11.2859 10.8486 3.18461 1.37158 6.12775 5.03767 4.29356 2.53404 3.02468 2.63842 2.26942 2.22598 2.07792 2.61389 1.63929 1.10388
threshold=1.0000000180025095e-35 -0.15598179399967191 -7.5125064849853507 3.6173341274261479 14.500000000000002 38.24376296997071 -23.134503364562985 1.5000000000000002 0.14307806640863421 -0.38584235310554499 -0.9501657485961913 0.48264084756374365 2.5000000000000004 188.65530395507815 0.17500000447034839 0.76530429720878612 0.49761769175529486 0.11566411703824998 -2.030936479568481 31.500000000000004 0.13912878930568698 -0.99266698956489552 0.064532347023487105 0.50493973493576061 0.17281839996576312 0.38379745185375219 0.2010651230812073 0.51037761569023143 0.016609490849077705
decision_type=2 2 2 2 2 2 2 2 2 2 2 2 2 2 2 2 2 2 2 2 2 2 2 2 2 2 2 2 2
left_child=1 7 6 4 -4 -5 15 8 10 -10 -1 -8 13 -9 -14 -3 20 18 27 -20 23 -22 -23 24 -2 26 -19 -18 -25
right_child=16 2 3 5 -6 -7 11 12 9 -11 -12 -13 14 -15 -16 -17 17 25 19 -21 21 22 -24 28 -26 -27 -28 -29 -30
leaf_value=0.0027178400208602532 8.8516580126637126e-07 2.457916565190375e-06 -1.4139283520199732e-09 -1.4139283520199732e-09 -1.615307092518585e-06 -1.4139283520199732e-09 -1.4139283520199732e-09 9.6782937173690786e-08 -1.2346524661576754e-05 2.0966779876161623e-06 -2.3625094576022427e-07 -1.4139283520199732e-09 -1.1845056632240235e-07 -0.00016855013025185458 -7.4068787334978354e-07 -8.5099481892089512e-05 0.007786482517915444 0.0011777942262168586 -9.7461815904073545e-05 -0.0011439353532263312 0.0060054148884505897 -0.00065997198037929877 0.00026389558224771249 -0.00046676725799687401 0.00059318701835799699 -0.0002158584694518042 0.0019309773710060457 0.0010081576550525662 -7.7178977880340571e-05
leaf_weight=104 86878 6075 19997 8389 2203 5092 3656 7571 310 442 1034 349 1596 433 3496 202 35 166 3961 147 32 770 120 47 525 51 41 85 34
leaf_count=104 86878 6075 19997 8389 2203 5092 3656 7571 310 442 1034 349 1596 433 3496 202 35 166 3961 147 32 770 120 47 525 51 41 85 34
internal_value=-0.00241012 -0.0060243 -0.00797652 -0.00984347 -0.0135676 -0.00371078 -0.00149776 -3.67009e-05 0.00296296 0.00691489 0.000351494 -0.00382647 -0.000469609 0.000287356 -0.00165947 -1.19484e-05 -3.87547e-05 -0.000891663 -0.00134816 -0.00164314 4.52458e-06 -0.00260304 -0.00314607 3.20059e-05 3.97584e-05 0.00658915 0.00881643 0.00875 -0.00833333
internal_weight=153841 60949 45963 35681 22200 13481 10282 14986 1890 752 1138 4005 13096 8004 5092 6277 92892 4486 4228 4108 88406 922 890 87484 87403 258 207 120 81
internal_count=153841 60949 45963 35681 22200 13481 10282 14986 1890 752 1138 4005 13096 8004 5092 6277 92892 4486 4228 4108 88406 922 890 87484 87403 258 207 120 81
is_linear=0
shrinkage=0.05


Tree=261
num_leaves=31
num_cat=0
split_feature=4 13 13 13 32 13 1 1 13 39 1 1 22 39 13 2 2 34 32 34 32 2 25 13 2 22 20 32 20 39
split_gain=528.602 211.871 349.478 148.913 164.786 50.1826 20.3683 14.5208 11.0233 9.17086 7.59715 6.84323 4.21635 1.88663 3.67833 2.30706 1.25614 6.35001 22.3545 20.5463 26.6975 7.64424 6.20346 6.19296 2.96955 16.518 11.5608 10.5755 6.1826 7.80723
threshold=1.0000000180025095e-35 -6.7894721031188956 0.00075226789808231222 -0.064914468675851808 14.500000000000002 13.859466075897219 -0.12082739174365996 0.40330043435096746 -23.134503364562985 -2.8142793178558345 0.17574552446603778 0.14129775762557986 0.066147454082965865 -3.0315108299255367 -45.048856735229485 0.018542494624853138 0.33334046602249151 3.5000000000000004 2.5000000000000004 2.5000000000000004 27.500000000000004 0.40479560196399694 0.37481059134006506 1390.925964355469 0.18217654526233676 0.57745811343193065 -1.0000000180025095e-35 14.500000000000002 -1.0000000180025095e-35 -0.027744126506149765
decision_type=2 2 2 2 2 2 2 2 2 2 2 2 2 2 2 2 2 2 2 2 2 2 2 2 2 2 2 2 2 2
left_child=1 8 3 9 -5 6 -4 -7 13 -3 11 -10 -12 14 -1 -15 24 19 22 23 -21 -20 -19 -18 28 26 -26 -27 29 -2
right_child=16 2 5 4 -6 7 -8 -9 10 -11 12 -13 -14 15 -16 -17 17 18 21 20 -22 -23 -24 -25 25 27 -28 -29 -30 -31
leaf_value=-0.00015946841163533838 -0.00013855350632208463 -1.3432319344189746e-09 -1.3432319344189746e-09 -1.3432319344189746e-09 -1.5345417378926556e-06 -1.3432319344189746e-09 -1.3432319344189746e-09 -1.3432319344189746e-09 -1.3432319344189746e-09 -1.3432319344189746e-09 1.35772141511724e-06 0.0010766719984502463 -1.3432319344189746e-09 3.2777660992108129e-05 1.6907670063570851e-05 -1.0754852355881497e-05 -9.8642334669019245e-05 -0.00031320552916585392 0.0064030293716560733 0.0012094644601355145 -0.0020382799900199879 0.00153156140621065 -0.001256397242116865 0.00020320471821685707 0.00019279559999011171 0.00094700039652664499 -8.4492292301372251e-05 0.033898399696785417 1.7863911854347883e-05 -1.2241003464775547e-05
leaf_weight=649 5991 1059 3325 14988 1771 12617 6004 208 5508 4713 45 66 363 3260 433 5940 7554 3499 125 2455 140 205 563 1576 6004 1598 7745 135 36508 18794
leaf_count=649 5991 1059 3325 14988 1771 12617 6004 208 5508 4713 45 66 363 3260 433 5940 7554 3499 125 2455 140 205 563 1576 6004 1598 7745 135 36508 18794
internal_value=-0.00241174 -0.00603004 -0.00780855 -0.0121932 -0.0145787 -0.00334928 -0.00613946 -0.00131969 -0.00114363 -0.00526681 -0.00285022 -0.00236814 -0.00943627 -0.000150749 -0.00212569 8.15217e-05 -3.76782e-05 -0.000438977 -0.00206056 0.000168443 0.00409441 0.0104545 -0.0030773 -0.000947426 4.65646e-05 0.000665289 8.54608e-05 0.00526544 -0.000109719 -0.000719185
internal_weight=153841 60949 44685 22531 16759 22154 9329 12825 16264 5772 5982 5574 408 10282 1082 9200 92892 16117 4392 11725 2595 330 4062 9130 76775 15482 13749 1733 61293 24785
internal_count=153841 60949 44685 22531 16759 22154 9329 12825 16264 5772 5982 5574 408 10282 1082 9200 92892 16117 4392 11725 2595 330 4062 9130 76775 15482 13749 1733 61293 24785
is_linear=0
shrinkage=0.05


Tree=262
num_leaves=30
num_cat=0
split_feature=4 13 13 13 32 13 1 1 13 25 1 1 22 22 13 22 8 38 13 2 38 18 2 37 32 0 7 1 4
split_gain=526.7 212.262 349.478 148.913 164.786 50.1826 20.3683 14.5208 11.1029 8.45199 7.59715 6.84323 4.21635 1.45512 6.94572 2.33644 1.34248 3.40954 6.39699 5.34756 4.17982 3.03358 2.30882 7.27959 12.0564 5.88532 3.42363 3.02121 2.98755
threshold=1.0000000180025095e-35 -6.7894721031188956 0.00075226789808231222 -0.064914468675851808 14.500000000000002 13.859466075897219 -0.12082739174365996 0.40330043435096746 -23.134503364562985 0.079235587269067778 0.17574552446603778 0.14129775762557986 0.066147454082965865 0.08511782065033914 -47.463386535644524 0.19166000187397006 0.046260435134172447 -0.15907365083694455 -21365.042968749996 -0.01018175622448325 -0.15609659999608991 -2184.9138183593745 0.33334046602249151 1.0000000180025095e-35 2.5000000000000004 0.60882842540740978 0.17281839996576312 0.072712808847427382 38.875000000000007
decision_type=2 2 2 2 2 2 2 2 2 2 2 2 2 2 2 2 2 2 2 2 2 2 2 2 2 2 2 2 2
left_child=1 8 3 9 -5 6 -4 -7 13 -3 11 -10 -12 14 -1 -15 22 18 -18 -20 -19 -22 26 24 -24 -25 27 -2 -28
right_child=16 2 5 4 -6 7 -8 -9 10 -11 12 -13 -14 15 -16 -17 17 20 19 -21 21 -23 23 25 -26 -27 28 -29 -30
leaf_value=-2.7293567554739515e-05 4.4188397968172435e-06 -1.2760703376980258e-09 -1.2760703376980258e-09 -1.2760703376980258e-09 -1.4578146509980227e-06 -1.2760703376980258e-09 -1.2760703376980258e-09 -1.2760703376980258e-09 -1.2760703376980258e-09 -1.2760703376980258e-09 1.2898353443613779e-06 0.0010228383985277339 -1.2760703376980258e-09 -2.9239787637631985e-05 1.6127325140848951e-05 5.8598774744829399e-06 0.0052320030768035807 0.00081158244297664911 -0.00067103251500169137 -8.3719496272862542e-05 0.00012843320064842117 -9.6573167596081434e-05 1.1469675719404851e-05 -0.00017044799024384314 0.0039009295008714377 3.9750775418545722e-05 0.0082775137779820956 0.00014770866324976541 -0.00012483399264612562
leaf_weight=590 63590 3603 3325 14988 1771 12617 6004 208 5508 2169 45 66 363 2980 454 6258 50 45 540 1083 4752 7648 4248 5885 473 1576 62 2905 35
leaf_count=590 63590 3603 3325 14988 1771 12617 6004 208 5508 2169 45 66 363 2980 454 6258 50 45 540 1083 4752 7648 4248 5885 473 1576 62 2905 35
internal_value=-0.00241662 -0.0060284 -0.00780855 -0.0121932 -0.0145787 -0.00334928 -0.00613946 -0.00131969 -0.00113748 -0.00526681 -0.00285022 -0.00236814 -0.00943627 -0.000141023 0.00162835 -0.000340983 -4.68286e-05 -0.000495821 -0.00261506 -0.00315773 -0.000210928 -0.000266129 3.36405e-05 -0.000599245 0.000937301 -0.00157151 0.000149417 0.000135724 0.00953608
internal_weight=153841 60949 44685 22531 16759 22154 9329 12825 16264 5772 5982 5574 408 10282 1044 9238 92892 14118 1673 1623 12445 12400 78774 12182 4721 7461 66592 66495 97
internal_count=153841 60949 44685 22531 16759 22154 9329 12825 16264 5772 5982 5574 408 10282 1044 9238 92892 14118 1673 1623 12445 12400 78774 12182 4721 7461 66592 66495 97
is_linear=0
shrinkage=0.05


Tree=263
num_leaves=30
num_cat=0
split_feature=4 3 13 13 32 13 13 39 3 34 2 0 22 22 38 4 0 3 32 18 32 39 21 38 39 18 13 34 39
split_gain=526.52 283.142 222.119 325.964 176.782 34.9757 15.0993 7.001 5.04922 6.99931 5.16424 4.62625 3.22581 2.57018 2.52724 1.35938 3.98068 5.08431 5.05293 5.11197 4.57112 4.21804 3.71014 2.26013 4.5268 3.18966 2.11513 5.39613 4.55604
threshold=1.0000000180025095e-35 -0.15598179399967191 -7.5125064849853507 3.6173341274261479 14.500000000000002 38.24376296997071 -23.134503364562985 2.6074306964874272 -0.377222329378128 2.5000000000000004 0.28202185034751898 0.3409316092729569 0.76530429720878612 0.29417972266674047 0.0523944590240717 28.774999618530277 0.020675501786172393 -0.0052753435447812072 27.500000000000004 269.80349731445318 31.500000000000004 -0.85855489969253529 0.77500000596046459 -0.57218551635742176 -1.1009289622306822 -2184.9138183593745 19.188370704650882 5.0000000000000009 -0.21211908012628553
decision_type=2 2 2 2 2 2 2 2 2 2 2 2 2 2 2 2 2 2 2 2 2 2 2 2 2 2 2 2 2
left_child=1 7 6 4 -4 -5 12 8 10 -10 -1 -8 -3 -9 -15 23 17 20 22 -20 -17 -19 -18 24 25 -2 28 -28 -25
right_child=15 2 3 5 -6 -7 11 13 9 -11 -12 -13 -14 14 -16 16 18 21 19 -21 -22 -23 -24 26 -26 -27 27 -29 -30
leaf_value=-1.0558934523201919e-05 0.0037380274761833533 1.9014226536453909e-06 -1.2122668208131244e-09 -1.2122668208131244e-09 -1.3849239184481217e-06 -1.2122668208131244e-09 -1.2122668208131244e-09 0.00091870336584774889 1.4936695902302204e-07 -3.133476945196275e-08 0.00069978124276194066 -1.2122668208131244e-09 -8.0599759053415112e-05 -2.7969510273639243e-06 -1.0848400448793396e-05 -4.3767746433884953e-05 -1.3343258312857677e-05 -0.00018960645138245698 0.00038435851163672497 -0.00090236132366851231 0.0022189319343958722 0.0003056040611058939 -0.00019156063464705541 -5.1810818817488517e-05 -0.00047239370726648685 0.00033497664421176278 1.3740409840834293e-05 0.00053318226262039678 9.5206905445843763e-06
leaf_weight=6659 58 6075 19997 8389 2203 5092 3560 32 4718 2923 540 445 202 70 44 3201 3805 205 70 145 70 1037 2010 16609 42 35 35601 797 29207
leaf_count=6659 58 6075 19997 8389 2203 5092 3560 32 4718 2923 540 445 202 70 44 3201 3805 205 70 145 70 1037 2010 16609 42 35 35601 797 29207
internal_value=-0.00242052 -0.00603168 -0.00797761 -0.00984347 -0.0135676 -0.00371078 -0.00150263 -6.33925e-05 4.38005e-05 0.000939013 -0.000906376 -0.00390137 2.78796e-05 -0.0109589 -0.0144737 -5.11347e-05 -0.000585697 0.000537337 -0.0014262 -0.00895349 -0.00049679 0.00326087 -0.00114789 1.73044e-05 0.00648148 0.0126344 6.68986e-06 0.000291225 -0.000219356
internal_weight=153841 60949 45963 35681 22200 13481 10282 14986 14840 7641 7199 4005 6277 146 114 92892 10543 4513 6030 215 3271 1242 5815 82349 135 93 82214 36398 45816
internal_count=153841 60949 45963 35681 22200 13481 10282 14986 14840 7641 7199 4005 6277 146 114 92892 10543 4513 6030 215 3271 1242 5815 82349 135 93 82214 36398 45816
is_linear=0
shrinkage=0.05


Tree=264
num_leaves=31
num_cat=0
split_feature=4 3 13 13 32 13 13 24 25 3 2 25 2 25 0 22 4 0 32 9 18 3 9 32 0 0 18 3 2 34
split_gain=522.411 292.529 222.119 325.964 176.782 34.9757 15.0993 4.95642 7.09186 16.008 6.4593 5.16659 8.85411 5.00192 4.62625 2.97402 1.33097 3.50241 4.53172 4.77269 4.6924 4.27412 4.88132 4.7149 1.90397 4.45966 5.18234 3.71361 3.55254 3.43121
threshold=1.0000000180025095e-35 -0.15598179399967191 -7.5125064849853507 3.6173341274261479 14.500000000000002 38.24376296997071 -23.134503364562985 1.5000000000000002 0.25891709327697759 -0.38584235310554499 -0.15063450485467908 0.5737033784389497 0.068241860717535033 0.53111356496810924 0.3409316092729569 0.76530429720878612 28.774999618530277 0.020675501786172393 27.500000000000004 0.6842927634716035 269.80349731445318 -0.0052753435447812072 0.4667485654354096 2.5000000000000004 0.49761769175529486 0.30509483814239508 61667.308593750007 -2.030936479568481 0.70106673240661632 3.5000000000000004
decision_type=2 2 2 2 2 2 2 2 2 2 2 2 2 2 2 2 2 2 2 2 2 2 2 2 2 2 2 2 2 2
left_child=1 7 6 4 -4 -5 15 8 10 -10 -1 13 -13 -9 -8 -3 24 21 19 -19 -20 22 -18 -23 25 28 -27 -26 -2 -29
right_child=16 2 3 5 -6 -7 14 11 9 -11 -12 12 -14 -15 -16 -17 17 18 20 -21 -22 23 -24 -25 27 26 -28 29 -30 -31
leaf_value=0.00016682464149901985 -7.1888292663153253e-07 1.8063515209631219e-06 -1.1516534797724683e-09 -1.1516534797724683e-09 -1.3156777225257155e-06 -1.1516534797724683e-09 -1.1516534797724683e-09 -1.8017934977158127e-08 -1.6127082884607716e-05 1.9845067053978089e-06 -2.1451284911089212e-07 -5.1069808916655031e-08 -2.2890989537852293e-05 0.00091081709060671914 -1.1516534797724683e-09 -7.6569771100744351e-05 -6.2644623149884428e-05 -4.6478749841155223e-05 0.00036514058605488877 -0.00069915584671427717 -0.00085724325748508668 0.00026578496193177054 0.00084409141057833592 -0.00044127777055671827 0.0019531428937542817 0.00011282712170004365 0.001499821100477701 -3.1413105934138298e-05 -0.0014326999126210581 -0.00074717470251112184
leaf_weight=465 73503 6075 19997 8389 2203 5092 3560 11893 226 242 957 773 319 111 445 202 3016 5638 70 177 145 1138 255 104 132 4638 237 2873 34 932
leaf_count=465 73503 6075 19997 8389 2203 5092 3560 11893 226 242 957 773 319 111 445 202 3016 5638 70 177 145 1138 255 104 132 4638 237 2873 34 932
internal_value=-0.00240264 -0.00599969 -0.00797761 -0.00984347 -0.0135676 -0.00371078 -0.00150263 6.67289e-05 0.00246032 0.00779915 0.000703235 -0.000278711 -0.00357143 2.08264e-05 -0.00390137 2.78796e-05 -4.25225e-05 -0.000571469 -0.00135987 -0.0010963 -0.00848837 0.000481941 -0.000466218 0.00297907 2.51976e-05 7.90695e-05 0.00154359 -0.00104775 -1.80181e-05 -0.00133377
internal_weight=153841 60949 45963 35681 22200 13481 10282 14986 1890 468 1422 13096 1092 12004 4005 6277 92892 10543 6030 5815 215 4513 3271 1242 82349 78412 4875 3937 73537 3805
internal_count=153841 60949 45963 35681 22200 13481 10282 14986 1890 468 1422 13096 1092 12004 4005 6277 92892 10543 6030 5815 215 4513 3271 1242 82349 78412 4875 3937 73537 3805
is_linear=0
shrinkage=0.05


Tree=265
num_leaves=29
num_cat=0
split_feature=4 3 13 13 32 13 13 2 13 1 37 22 1 13 3 22 38 18 18 22 1 2 4 1 10 8 38 2
split_gain=526.817 286.415 222.379 325.964 176.782 34.9757 15.1606 4.59676 4.59362 6.01157 6.68706 6.18263 3.79389 6.96821 4.04009 2.74007 1.45024 4.24346 3.45556 1.67653 5.79261 1.49923 1.27676 1.6107 1.73911 1.20603 3.59015 2.1493
threshold=1.0000000180025095e-35 -0.15598179399967191 -7.5125064849853507 3.6173341274261479 14.500000000000002 38.24376296997071 -23.134503364562985 0.48264084756374365 96.00717926025392 -0.37124831974506373 1.0000000180025095e-35 0.10713599249720575 -3.0804568529129024 -217.27296447753903 -0.59172877669334401 0.76530429720878612 -0.57218551635742176 -8188.1499023437491 -29878.369140624996 0.35283140838146215 -1.1429778337478635 0.37329521775245672 0.12500000372529033 0.065001200884580626 0.49970760941505438 0.046260435134172447 -0.15907365083694455 0.33334046602249151
decision_type=2 2 2 2 2 2 2 2 2 2 2 2 2 2 2 2 2 2 2 2 2 2 2 2 2 2 2 2
left_child=1 8 6 4 -4 -5 15 -8 12 10 -10 -11 13 -1 -14 -3 17 18 -2 21 -21 -19 23 24 -18 27 -27 -24
right_child=16 2 3 5 -6 -7 7 -9 9 11 -12 -13 14 -15 -16 -17 22 19 -20 20 -22 -23 25 -25 -26 26 -28 -29
leaf_value=-3.0660369754046521e-05 0.00048636640083285363 1.7160339449149676e-06 -1.0940708057838447e-09 -1.0940708057838447e-09 -1.2498938363994298e-06 -1.0940708057838447e-09 -1.0940708057838447e-09 -1.0940708057838447e-09 -0.00014008558574433633 -0.00033274222373270133 0.00021432059232503548 0.00025472542737182372 -1.0677616395268321e-05 1.2617565671408481e-05 6.6211988895574877e-08 -7.2741282545707127e-05 0.000156851383055281 0.00060115325432460803 0.002581274114346391 0.00070207470109807241 -0.0016596615157714358 -0.0010765602861842031 6.5420616610127607e-06 -0.00031352479424413327 0.00044881542211223837 -0.0002690462998943942 -2.1262170838178691e-05 -5.0962982561983203e-05
leaf_weight=36 51 6075 19997 8389 2203 5092 3656 349 588 46 241 512 3815 209 9539 202 312 89 43 38 42 34 66101 45 37 1534 12445 12121
leaf_count=36 51 6075 19997 8389 2203 5092 3656 349 588 46 241 512 3815 209 9539 202 312 89 43 38 42 34 66101 45 37 1534 12445 12121
internal_value=-0.00240719 -0.00601938 -0.00797652 -0.00984347 -0.0135676 -0.00371078 -0.00149776 -0.00390137 -1.66822e-05 -0.00275775 -0.00545838 0.00125448 0.000262887 0.00642857 0.000149768 3.58451e-05 -3.71399e-05 0.00345118 0.012234 -0.000615764 -0.00625 0.00304878 -4.83287e-05 0.00279188 0.00393983 -6.04657e-05 -0.000488232 1.59802e-05
internal_weight=153841 60949 45963 35681 22200 13481 10282 4005 14986 1387 829 558 13599 245 13354 6277 92892 297 94 203 80 123 92595 394 349 92201 13979 78222
internal_count=153841 60949 45963 35681 22200 13481 10282 4005 14986 1387 829 558 13599 245 13354 6277 92892 297 94 203 80 123 92595 394 349 92201 13979 78222
is_linear=0
shrinkage=0.05


Tree=266
num_leaves=30
num_cat=0
split_feature=4 3 13 13 32 13 13 39 0 13 22 34 22 22 39 10 18 4 4 0 3 13 4 3 24 32 25 34 3
split_gain=528.539 285.612 221.861 325.964 176.782 34.9757 15.0381 7.04394 4.62625 4.55148 5.33696 5.28457 2.72485 2.57018 2.12133 1.32565 2.77025 4.5361 3.42325 3.59733 2.82194 2.3003 1.18236 2.56321 4.05461 2.70189 1.7673 5.75099 4.28611
threshold=1.0000000180025095e-35 -0.15598179399967191 -7.5125064849853507 3.6173341274261479 14.500000000000002 38.24376296997071 -23.134503364562985 2.6074306964874272 0.3409316092729569 96.00717926025392 0.47061069309711462 2.5000000000000004 0.76530429720878612 0.29417972266674047 3.1904519796371464 0.72776323556900036 585.17175292968761 1.5749999880790713 24.97500038146973 1.0000000180025095e-35 -1.0404431819915769 221.5036544799805 24.97500038146973 -0.2138758301734924 2.5000000000000004 27.500000000000004 0.14307806640863421 2.5000000000000004 -4.3354971408843985
decision_type=2 2 2 2 2 2 2 2 2 2 2 2 2 2 2 2 2 2 2 2 2 2 2 2 2 2 2 2 2
left_child=1 7 6 4 -4 -5 12 9 -8 11 -11 -1 -3 -9 -15 22 17 -17 20 -20 -18 -19 26 24 -24 -25 28 -28 -2
right_child=15 2 3 5 -6 -7 8 13 -10 10 -12 -13 -14 14 -16 16 18 21 19 -21 -22 -23 23 25 -26 -27 27 -29 -30
leaf_value=1.1907541573942682e-07 0.0017887987875128846 1.6302322476692209e-06 -1.0393672654946526e-09 -1.0393672654946526e-09 -1.1873991445794583e-06 -1.0393672654946526e-09 -1.0393672654946526e-09 0.00087276578785266566 -1.0393672654946526e-09 3.337803943031757e-05 -0.00012240085482195234 -6.3545528269244113e-08 -6.9104218418421771e-05 -1.0308390129049647e-05 -2.2303944821757483e-06 0.00050553197607150176 -0.00034346085709084374 -0.00028439956516782282 0.00079853463021263733 2.5679978997204812e-05 8.9540958395864176e-05 0.00043163172920406646 5.0398069734633108e-05 9.0358002077165852e-07 -0.00024146582914463647 -0.00042925622632911629 -1.7400161624198975e-05 0.00011858606813568707 -1.6294209747823656e-05
leaf_weight=8461 210 6075 19997 8389 2203 5092 3560 32 445 629 758 4992 202 81 33 48 296 326 139 147 2507 30 1139 10000 1760 357 21446 14219 40268
leaf_count=8461 210 6075 19997 8389 2203 5092 3560 32 445 629 758 4992 202 81 33 48 296 326 139 147 2507 30 1139 10000 1760 357 21446 14219 40268
internal_value=-0.00240622 -0.0060243 -0.0079787 -0.00984347 -0.0135676 -0.00371078 -0.00150749 -3.0028e-05 -0.00390137 7.74933e-05 -0.0026496 0.000358656 1.9914e-05 -0.0109589 -0.0144737 -3.22956e-05 0.000923275 -0.0029703 0.0014325 0.00664336 0.000900821 -0.00491573 -6.96317e-05 -0.000505432 -0.00181959 -0.000137588 6.23826e-06 0.000262863 -0.000219873
internal_weight=153841 60949 45963 35681 22200 13481 10282 14986 4005 14840 1387 13453 6277 146 114 92892 3493 404 3089 286 2803 356 89399 13256 2899 10357 76143 35665 40478
internal_count=153841 60949 45963 35681 22200 13481 10282 14986 4005 14840 1387 13453 6277 146 114 92892 3493 404 3089 286 2803 356 89399 13256 2899 10357 76143 35665 40478
is_linear=0
shrinkage=0.05


Tree=267
num_leaves=31
num_cat=0
split_feature=4 3 13 13 32 13 13 0 13 1 37 34 25 1 22 0 10 2 21 4 34 37 11 37 14 34 2 37 1 32
split_gain=528.394 285.534 222.119 325.964 176.782 34.9757 15.0993 4.62625 4.3117 5.53677 6.34652 5.51467 9.14463 5.18268 4.87344 2.40171 1.17155 3.95974 3.49408 3.47461 2.99344 4.32327 2.80986 2.42056 1.24021 9.44825 11.9034 7.97995 2.71189 6.00847
threshold=1.0000000180025095e-35 -0.15598179399967191 -7.5125064849853507 3.6173341274261479 14.500000000000002 38.24376296997071 -23.134503364562985 0.3409316092729569 96.00717926025392 -0.37124831974506373 1.0000000180025095e-35 2.5000000000000004 0.5147586762905122 -0.16112720221281049 0.72094690799713146 -0.3002066165208816 0.72776323556900036 0.058991258963942535 0.17500000447034839 25.524999618530277 1.5000000000000002 1.0000000180025095e-35 0.91347378492355358 1.0000000180025095e-35 -1.0000000180025095e-35 2.5000000000000004 0.5375255048274995 1.0000000180025095e-35 -0.036902070045471184 31.500000000000004
decision_type=2 2 2 2 2 2 2 2 2 2 2 2 2 2 2 2 2 2 2 2 2 2 2 2 2 2 2 2 2 2
left_child=1 8 6 4 -4 -5 15 -8 11 10 -10 14 -13 -11 -1 -3 24 18 22 -20 21 -19 -18 -22 25 27 -27 -2 -26 -30
right_child=16 2 3 5 -6 -7 7 -9 9 13 -12 12 -14 -15 -16 -17 17 20 19 -21 23 -23 -24 -25 28 26 -28 -29 29 -31
leaf_value=1.4577695560697078e-07 -0.00016828213544032059 0.00083676946852553999 -9.873989022199199e-10 -9.873989022199199e-10 -1.1280291873504852e-06 -9.873989022199199e-10 -9.873989022199199e-10 -9.873989022199199e-10 -0.00012699308401878352 0.00068226686476174534 0.00020972460544988131 -2.9502284468480496e-08 -1.0551835546788797e-05 -0.00030726944439367338 -4.2520462380347312e-06 -1.4794945203881882e-06 -0.0002914367269615108 -0.0002531268588962626 0.00021484805035382646 0.00074596332964215611 3.8157406482924828e-05 0.00049828203754666669 0.00021387920325820662 -0.00024084885502087964 2.3084768963559102e-06 0.00014948572291954203 0.0042546193305284001 1.3235514383379657e-05 -2.9400049490023797e-05 -0.00060205080891347919
leaf_weight=6269 1927 161 19997 8389 2203 5092 3560 445 588 264 241 4855 211 294 2264 6116 184 227 970 110 520 437 205 840 56881 5088 384 4290 20103 726
leaf_count=6269 1927 161 19997 8389 2203 5092 3560 445 588 264 241 4855 211 294 2264 6116 184 227 970 110 520 437 205 840 56881 5088 384 4290 20103 726
internal_value=-0.00240589 -0.00602348 -0.00797761 -0.00984347 -0.0135676 -0.00371078 -0.00150263 -0.00390137 -3.0028e-05 -0.00268565 -0.00527744 0.000240827 -0.00106593 0.00116487 0.00101664 2.78796e-05 -3.22956e-05 0.000866018 0.00284207 0.00430556 -0.000568182 0.00218373 -0.00122108 -0.00191176 -6.73945e-05 0.000412781 0.001928 -0.000920862 -0.000139622 -0.000627731
internal_weight=153841 60949 45963 35681 22200 13481 10282 4005 14986 1387 829 13599 5066 558 8533 6277 92892 3493 1469 1080 2024 664 389 1360 89399 11689 5472 6217 77710 20829
internal_count=153841 60949 45963 35681 22200 13481 10282 4005 14986 1387 829 13599 5066 558 8533 6277 92892 3493 1469 1080 2024 664 389 1360 89399 11689 5472 6217 77710 20829
is_linear=0
shrinkage=0.05


Tree=268
num_leaves=30
num_cat=0
split_feature=4 3 13 13 13 13 13 39 0 3 2 2 22 38 0 38 39 18 0 11 0 3 4 39 39 2 38 0 1
split_gain=527.178 288.02 222.638 325.964 101.659 34.9757 15.222 7.09133 4.62625 4.46947 9.01722 8.8096 2.57018 2.52724 2.38903 1.30683 4.5565 7.21511 5.46173 3.35317 1.5713 1.49015 1.26852 2.86297 1.30818 7.64502 3.82672 1.24574 1.09842
threshold=1.0000000180025095e-35 -0.15598179399967191 -7.5125064849853507 3.6173341274261479 -0.064914468675851808 38.24376296997071 -23.134503364562985 2.6074306964874272 0.3409316092729569 -0.59172877669334401 0.097084917128086104 0.39564776420593267 0.29417972266674047 0.0523944590240717 -0.3002066165208816 -0.57218551635742176 -1.3751175403594968 -2184.9138183593745 0.09896313771605493 0.81462776660919201 -0.9501657485961913 -0.42172704637050623 0.12500000372529033 -1.0000000180025095e-35 -0.35300403833389277 0.29218007624149328 0.097845792770385756 0.093006316572427764 -0.12082739174365996
decision_type=2 2 2 2 2 2 2 2 2 2 2 2 2 2 2 2 2 2 2 2 2 2 2 2 2 2 2 2 2
left_child=1 7 6 4 -4 -5 14 9 -8 10 -1 -11 -9 -14 -3 16 17 21 -18 -20 -19 -2 23 28 25 -24 -26 -25 -17
right_child=15 2 3 5 -6 -7 8 12 -10 11 -12 -13 13 -15 -16 22 18 20 19 -21 -22 -23 24 27 26 -27 -28 -29 -30
leaf_value=2.9417347752942226e-06 0.0010547810164821378 0.00079493099509926309 -9.3802895710892397e-10 -9.3802895710892397e-10 -9.3802895710892397e-10 -9.3802895710892397e-10 -9.3802895710892397e-10 0.00082912020961225196 -9.3802895710892397e-10 5.8452838580075289e-08 -5.8685477268538165e-05 -0.00019968248745661123 -2.5552823023632097e-06 -9.791495508373741e-06 -1.4055197943687788e-06 0.00010342408604752134 -0.0010310776837640942 0.00068951592894342525 -0.00089049290810707532 0.0028215045050372935 -0.0006161566961026964 0.0035510241497763635 2.5028518543089835e-06 0.00019132136887174187 1.3864528105006491e-05 -0.00014329615933583606 -5.6261250735487103e-05 -0.00054530067830916695 0.00066078345329045689
leaf_weight=3723 42 161 4677 8389 17523 5092 3560 32 445 9820 1205 92 70 44 6116 83 44 31 35 45 55 45 25146 179 55908 5285 5862 54 78
leaf_count=3723 42 161 4677 8389 17523 5092 3560 32 445 9820 1205 92 70 44 6116 83 44 31 35 45 55 45 25146 179 55908 5285 5862 54 78
internal_value=-0.00239939 -0.00601281 -0.00797544 -0.00984347 -0.0135676 -0.00371078 -0.0014929 6.67289e-06 -0.00390137 0.000114555 -0.00111607 0.000726392 -0.0109589 -0.0144737 4.38107e-05 -2.85278e-05 0.00328283 0.00852601 -0.00403226 0.00375 -0.00174419 0.0186782 -3.9149e-05 0.00279188 -5.12467e-05 -0.000319575 8.09454e-05 -0.000751073 0.00791925
internal_weight=153841 60949 45963 35681 22200 13481 10282 14986 4005 14840 4928 9912 146 114 6277 92892 297 173 124 80 86 87 92595 394 92201 30431 61770 233 161
internal_count=153841 60949 45963 35681 22200 13481 10282 14986 4005 14840 4928 9912 146 114 6277 92892 297 173 124 80 86 87 92595 394 92201 30431 61770 233 161
is_linear=0
shrinkage=0.05


Tree=269
num_leaves=31
num_cat=0
split_feature=4 3 24 24 21 25 25 2 3 3 2 2 2 34 34 25 9 3 7 34 7 2 3 25 34 18 1 4 10 0
split_gain=527.553 287.863 108.019 36.3501 33.6869 24.5302 22.0278 12.4814 5.23567 3.24868 7.9953 12.371 7.97364 7.39507 5.7946 1.88375 1.09525 3.76731 3.14225 2.69443 2.31078 2.33379 2.65879 2.30439 7.09479 2.80323 2.18456 1.6304 1.3155 0.670707
threshold=1.0000000180025095e-35 -0.15598179399967191 2.5000000000000004 1.0000000180025095e-35 1.0000000180025095e-35 0.18781586736440661 0.0011225953348912301 0.1529793590307236 0.02693387866020203 -0.59172877669334401 0.097084917128086104 0.18493328988552096 0.39564776420593267 3.5000000000000004 1.5000000000000002 0.11209454387426378 0.05673975124955178 -7.0460891723632804 0.0091192340478301066 2.5000000000000004 0.1596316993236542 0.45849128067493444 0.024913898669183258 0.23840752243995669 5.0000000000000009 5131.4438476562509 0.049733152613043792 2.3249999284744267 0.01450231345370412 -0.20431675016880033
decision_type=2 2 2 2 2 2 2 2 2 2 2 2 2 2 2 2 2 2 2 2 2 2 2 2 2 2 2 2 2 2
left_child=1 9 3 8 7 -6 -5 -4 -3 10 14 -12 13 -11 -1 -14 20 28 27 -20 23 22 -22 25 -25 -2 -23 -19 -18 -30
right_child=16 2 4 6 5 -7 -8 -9 -10 12 11 -13 15 -15 -16 -17 17 18 19 -21 21 26 -24 24 -26 -27 -28 -29 29 -31
leaf_value=-1.709676630442384e-05 -8.2899316285438815e-06 -8.9112750925347774e-10 -8.9112750925347774e-10 -8.9112750925347774e-10 -8.9112750925347774e-10 -8.9112750925347774e-10 -8.9112750925347774e-10 -8.9112750925347774e-10 -8.9112750925347774e-10 1.1546604885033528e-07 -6.7237653482371684e-05 0.00015453587264442278 -9.9406745497017976e-05 -9.5268342152008757e-08 0.00011591658679564138 -0.00021653516936582371 0.00012736420466503487 -0.00018263824560240568 -4.1927485168436961e-05 2.6315369611643308e-05 -0.00040921157359416764 -0.00073123333008555326 -0.00093593341222313975 6.7236385135636224e-05 -0.0015663280909340262 9.4964769942869343e-05 0.0012711034274371065 -5.3166670107586674e-05 0.0022271116937227224 0.0010879470981626975
leaf_weight=2176 31304 1021 2569 1390 16301 2818 17115 4290 459 7575 578 627 35 2391 1547 57 46 656 21528 21840 477 76 92 11180 73 4059 99 1391 31 40
leaf_count=2176 31304 1021 2569 1390 16301 2818 17115 4290 459 7575 578 627 35 2391 1547 57 46 656 21528 21840 477 76 92 11180 73 4059 99 1391 31 40
internal_value=-0.00239647 -0.00601117 -0.00797326 -0.0107368 -0.00584726 -0.00476882 -0.0101337 -0.00885333 -0.018277 6.67289e-06 -0.00104505 -0.00458506 0.000521973 0.000657235 0.000100725 -0.0141304 -2.47599e-05 -0.000199859 -0.000222944 -0.000132586 0.000143581 -0.00262097 -0.00417399 0.000187704 0.000810895 -1.06043e-05 0.00242857 -0.00213727 0.00876068 0.0130282
internal_weight=153841 60949 45963 19985 25978 19119 18505 6859 1480 14986 4928 1205 10058 9966 3723 92 92892 45532 45415 43368 47360 744 569 46616 11253 35363 175 2047 117 71
internal_count=153841 60949 45963 19985 25978 19119 18505 6859 1480 14986 4928 1205 10058 9966 3723 92 92892 45532 45415 43368 47360 744 569 46616 11253 35363 175 2047 117 71
is_linear=0
shrinkage=0.05


Tree=270
num_leaves=28
num_cat=0
split_feature=5 3 24 32 24 32 25 25 39 22 22 3 39 22 39 39 2 3 1 8 9 34 5 2 3 3 10
split_gain=531.129 281.639 108.019 74.5703 45.7209 33.3927 25.2404 8.96538 6.97958 4.77828 4.22288 4.84443 2.76209 2.57018 2.12133 1.31043 4.14808 2.94595 3.93771 1.14205 2.77311 4.74103 2.69457 1.93663 7.98146 3.63136 0.479807
threshold=1.0000000180025095e-35 -0.15598179399967191 2.5000000000000004 14.500000000000002 1.0000000180025095e-35 14.500000000000002 0.042363081127405174 0.13655345886945727 2.6074306964874272 0.65592148900032055 0.042753819376230247 -0.59172877669334401 0.87852913141250621 0.29417972266674047 3.1904519796371464 -5.2819278240203849 0.11006521806120874 -2.030936479568481 -0.99065953493118275 0.046260435134172447 0.42310740053653723 2.5000000000000004 19.774999618530277 0.33334046602249151 -2.030936479568481 0.18489767611026767 0.17685000598430636
decision_type=2 2 2 2 2 2 2 2 2 2 2 2 2 2 2 2 2 2 2 2 2 2 2 2 2 2 2
left_child=1 8 3 4 -3 6 -4 -5 10 -7 12 -12 -1 -10 -15 16 17 -2 -19 23 22 -22 -21 25 -25 -17 -18
right_child=15 2 5 7 -6 9 -8 -9 13 -11 11 -13 -14 14 -16 19 26 18 -20 20 21 -23 -24 24 -26 -27 -28
leaf_value=-8.3062972155686117e-06 0.0035856680861612333 -8.465711337908039e-10 -8.465711337908039e-10 1.0543718051630466e-05 -8.465711337908039e-10 1.116787504211491e-05 -8.465711337908039e-10 -6.3183191872815889e-05 0.00078765842582919688 -0.0002131551963101085 -1.558281231475796e-05 5.1565409825392242e-08 3.2230572282399309e-07 -9.3076940353975705e-06 -2.0041727931716657e-06 3.7328060877014037e-06 -0.00074661230395941874 -0.00034216735890430644 0.0010618574408233217 2.0735937816447787e-05 -0.00049900781513975982 0.0018939369722492069 -0.00011917345450056689 0.0040817767082605956 -5.7447368915197403e-05 8.8758137066084075e-05 -0.00079646878961387813
leaf_weight=169 32 1334 9429 1248 16963 1964 14493 440 32 92 4928 9694 49 81 33 61880 53 290 82 7258 105 298 6371 142 12040 4309 32
leaf_count=169 32 1334 9429 1248 16963 1964 14493 440 32 92 4928 9694 49 81 33 61880 53 290 82 7258 105 298 6371 142 12040 4309 32
internal_value=-0.00240557 -0.0060325 -0.00797326 -0.0107368 -0.0116645 -0.00584726 -0.00637279 -0.00068128 -8.00747e-05 0.00026751 2.69542e-05 0.000129941 -0.00688073 -0.0109589 -0.0144737 -2.58365e-05 -0.00260736 -0.00049505 -0.00174731 -1.21749e-05 -0.000427594 0.00366005 -0.000548463 6.22041e-05 -0.000517156 0.000168835 -0.0126471
internal_weight=153841 60949 45963 19985 18297 25978 23922 1688 14986 2056 14840 14622 218 146 114 92892 489 404 372 92403 14032 403 13629 78371 12182 66189 85
internal_count=153841 60949 45963 19985 18297 25978 23922 1688 14986 2056 14840 14622 218 146 114 92892 489 404 372 92403 14032 403 13629 78371 12182 66189 85
is_linear=0
shrinkage=0.05


Tree=271
num_leaves=30
num_cat=0
split_feature=4 3 13 13 32 13 13 39 0 3 34 32 22 38 0 39 2 1 22 1 13 38 39 15 1 25 1 38 13
split_gain=530.15 284.82 222.897 325.964 176.782 34.9757 15.2835 7.03534 4.62625 4.37294 8.23284 6.8972 2.57018 2.52724 2.3827 1.21288 3.41595 3.49049 5.28651 2.48498 1.6547 1.13458 5.5241 6.64646 4.36707 1.10522 7.49004 3.06116 1.01523
threshold=1.0000000180025095e-35 -0.15598179399967191 -7.5125064849853507 3.6173341274261479 14.500000000000002 38.24376296997071 -23.134503364562985 2.6074306964874272 0.3409316092729569 -0.59172877669334401 3.5000000000000004 19.500000000000004 0.29417972266674047 0.0523944590240717 -0.3002066165208816 -5.2819278240203849 0.095260594040155425 -0.99065953493118275 2.2804714441299443 -0.50997334718704213 -42.552946090698235 -0.57218551635742176 -1.3751175403594968 0.6003132462501527 0.027129234746098522 0.27067685127258306 -0.011611769907176493 -0.010515488684177397 49.938922882080085
decision_type=2 2 2 2 2 2 2 2 2 2 2 2 2 2 2 2 2 2 2 2 2 2 2 2 2 2 2 2 2
left_child=1 7 6 4 -4 -5 14 9 -8 11 -11 -1 -9 -14 -3 16 17 18 -2 -19 -18 22 23 -17 -24 27 -27 -23 -22
right_child=15 2 3 5 -6 -7 8 12 -10 10 -12 -13 13 -15 -16 21 20 19 -20 -21 28 25 24 -25 -26 26 -28 -29 -30
leaf_value=-1.6510865147250985e-05 -0.00062969251645198507 0.00075518453222923204 -8.0424257710126375e-10 -8.0424257710126375e-10 -1.5987221727411665e-06 -8.0424257710126375e-10 -8.0424257710126375e-10 0.00074827550453773696 -8.0424257710126375e-10 1.411187069631353e-07 -1.9807204905192346e-07 0.0059664101215347711 -2.3330828500289829e-06 -8.842309333627692e-06 -1.3351569197181876e-06 0.0018832015087162841 -0.001015216561903427 0.0039730404410456511 0.0002376611151247217 7.7436856511059826e-05 0.00029433345645675898 -3.9544583273163573e-05 -0.0006100576732674251 -0.00094933248394540046 0.0020436611497406791 5.7622932067753936e-05 -0.00012565662213002578 5.2713783954428522e-06 -0.00083488417798167837
leaf_weight=4643 146 161 19997 8389 2203 5092 3560 32 445 7492 2420 285 70 44 6116 119 42 32 159 33 30 19804 56 45 68 19920 3551 48840 47
leaf_count=4643 146 161 19997 8389 2203 5092 3560 32 445 7492 2420 285 70 44 6116 119 42 32 159 33 30 19804 56 45 68 19920 3551 48840 47
internal_value=-0.00239907 -0.00602266 -0.00797435 -0.00984347 -0.0135676 -0.00371078 -0.00148804 -3.67009e-05 -0.00390137 7.07547e-05 0.000675948 -0.00114651 -0.0109589 -0.0144737 5.17763e-05 -2.15304e-05 -0.00250511 -0.000135135 -0.00237705 0.0103846 -0.00987395 -8.38717e-06 0.003125 0.00914634 -0.00483871 -1.81838e-05 0.000278003 -0.000119457 -0.00551948
internal_weight=153841 60949 45963 35681 22200 13481 10282 14986 4005 14840 9912 4928 146 114 6277 92892 489 370 305 65 119 92403 288 164 124 92115 23471 68644 77
internal_count=153841 60949 45963 35681 22200 13481 10282 14986 4005 14840 9912 4928 146 114 6277 92892 489 370 305 65 119 92403 288 164 124 92115 23471 68644 77
is_linear=0
shrinkage=0.05


Tree=272
num_leaves=31
num_cat=0
split_feature=4 3 13 13 32 13 13 39 0 13 1 34 13 3 39 22 39 2 11 1 7 13 10 1 3 34 12 22 4 18
split_gain=525.774 291.159 222.638 325.964 176.782 34.9757 15.222 5.097 4.62625 4.40536 6.16999 6.04333 2.5135 3.21824 2.30443 2.20633 1.41629 3.61883 2.85305 2.78536 1.77289 1.4851 1.18118 4.0271 4.60115 1.71682 1.53408 3.17117 2.1824 1.08402
threshold=1.0000000180025095e-35 -0.15598179399967191 -7.5125064849853507 3.6173341274261479 14.500000000000002 38.24376296997071 -23.134503364562985 2.6074306964874272 0.3409316092729569 96.00717926025392 -0.37124831974506373 2.5000000000000004 -0.064914468675851808 -0.25377415120601649 2.9499136209487919 0.066147454082965865 -5.2819278240203849 0.095260594040155425 0.84598481655120861 -0.99065953493118275 0.0341574214398861 -42.552946090698235 0.72776323556900036 -0.29202529788017267 -1.2384648919105528 1.0000000180025095e-35 0.42202162742614752 0.11577921360731126 73.799999237060561 269.80349731445318
decision_type=2 2 2 2 2 2 2 2 2 2 2 2 2 2 2 2 2 2 2 2 2 2 2 2 2 2 2 2 2 2
left_child=1 7 6 4 -4 -5 15 9 -8 11 -11 -1 14 -14 -9 -3 17 18 19 -2 -20 -19 26 24 -24 -25 28 -28 -18 -23
right_child=16 2 3 5 -6 -7 8 12 -10 10 -12 -13 13 -15 -16 -17 22 21 20 -21 -22 29 23 25 -26 -27 27 -29 -30 -31
leaf_value=1.2015795761567531e-07 -0.00032559800838435888 8.0323173940240764e-06 -7.6403044824620054e-10 -7.6403044824620054e-10 -1.518786064104108e-06 -7.6403044824620054e-10 -7.6403044824620054e-10 -2.884638293557142e-05 -7.6403044824620054e-10 -0.00011491063115844575 0.00012080173926975857 -6.6629888416293995e-08 -2.2417098600005034e-06 0.0013012551733598617 -8.4646581066950912e-06 -4.1977069317502936e-06 9.1796266868143804e-06 -0.00096445573380825572 -3.5919731349710535e-05 0.0028154536166847396 0.00086218994072170558 -4.7010699027190406e-05 -0.00032052112730765437 -0.00023137276502198189 0.00043989452338243166 1.2042075084652862e-05 3.6030373672404751e-05 -3.9322655947313448e-05 -0.00016583825577033516 -0.00079725676754006892
leaf_weight=8461 240 490 19997 8389 2203 5092 3560 49 445 829 558 4992 33 32 32 5787 55927 42 39 39 52 41 218 297 830 2125 3963 28355 688 36
leaf_count=8461 240 490 19997 8389 2203 5092 3560 49 445 829 558 4992 33 32 32 5787 55927 42 39 39 52 41 218 297 830 2125 3963 28355 688 36
internal_value=-0.00239354 -0.00600215 -0.00797544 -0.00984347 -0.0135676 -0.00371078 -0.0014929 5.00467e-05 -0.00390137 0.000141509 -0.00254146 0.000418122 -0.00924658 -0.00192308 -0.0151235 4.38107e-05 -2.58365e-05 -0.00270961 -0.00027027 -0.00277778 0.00741758 -0.0102941 -1.16338e-05 0.000893372 0.00348282 -0.000227085 -4.69455e-05 -0.000321802 0.000109953 -0.00616883
internal_weight=153841 60949 45963 35681 22200 13481 10282 14986 4005 14840 1387 13453 146 65 81 6277 92892 489 370 279 91 119 92403 3470 1048 2422 88933 32318 56615 77
internal_count=153841 60949 45963 35681 22200 13481 10282 14986 4005 14840 1387 13453 146 65 81 6277 92892 489 370 279 91 119 92403 3470 1048 2422 88933 32318 56615 77
is_linear=0
shrinkage=0.05


Tree=273
num_leaves=30
num_cat=0
split_feature=4 3 13 13 13 13 13 39 0 13 34 1 0 22 39 39 22 22 13 18 4 39 8 0 9 21 39 14 8
split_gain=526.117 290.911 221.861 325.964 101.659 34.9757 15.0381 5.47186 4.62625 4.51333 6.04333 5.74303 2.16664 2.03858 1.48195 1.41402 2.991 3.50945 3.50006 1.68926 1.13575 2.51917 1.12131 1.09739 1.07344 1.07165 4.78761 2.97068 0.921096
threshold=1.0000000180025095e-35 -0.15598179399967191 -7.5125064849853507 3.6173341274261479 -0.064914468675851808 38.24376296997071 -23.134503364562985 2.6074306964874272 0.3409316092729569 96.00717926025392 2.5000000000000004 -0.37124831974506373 -0.3002066165208816 0.29417972266674047 3.1904519796371464 -5.2819278240203849 2.2804714441299443 2.0120359659194951 -388.63066101074213 -1889.5714111328123 0.12500000372529033 -1.0000000180025095e-35 0.00039402081165462738 0.093006316572427764 0.16955231875181201 0.97499999403953563 1.0000000180025095e-35 -1.0000000180025095e-35 0.017937988974153999
decision_type=2 2 2 2 2 2 2 2 2 2 2 2 2 2 2 2 2 2 2 2 2 2 2 2 2 2 2 2 2
left_child=1 7 6 4 -4 -5 12 9 -8 10 -1 -11 -3 -9 -15 16 17 18 -2 -18 21 22 -17 -23 -19 27 -27 -22 -21
right_child=15 2 3 5 -6 -7 8 13 -10 11 -12 -13 -14 14 -16 20 19 24 -20 28 25 23 -24 -25 -26 26 -28 -29 -30
leaf_value=1.1415005973489156e-07 -0.00080776503805635971 0.00071763519096435793 -7.2582892583389053e-10 -7.2582892583389053e-10 -7.2582892583389053e-10 -7.2582892583389053e-10 -7.2582892583389053e-10 0.00071128496221618473 -7.2582892583389053e-10 -0.00010916509960052347 -6.3298393995479294e-08 0.00011476165230627064 -1.670014943433482e-06 -1.9177117453546105e-05 -1.6752245180116084e-06 0.00025317652091934008 -0.0002758973767737198 -0.00071931862474432359 7.1899754146857129e-05 8.379249095040453e-05 8.6814165368000122e-05 0.0001792501379855953 7.396032694557292e-06 -0.00053367930988988904 -0.00084168436465799313 -4.7964913535355541e-05 5.5431320345483706e-05 -1.8852129881147262e-06 0.0011611503099431587
leaf_weight=8461 65 161 4677 8389 17523 5092 3560 32 445 829 4992 558 6116 81 33 122 56 34 182 58 7637 179 38 55 38 24274 6381 53717 56
leaf_count=8461 65 161 4677 8389 17523 5092 3560 32 445 829 4992 558 6116 81 33 122 56 34 182 58 7637 179 38 55 38 24274 6381 53717 56
internal_value=-0.00239647 -0.00600625 -0.0079787 -0.00984347 -0.0135676 -0.00371078 -0.00150749 4.33738e-05 -0.00390137 0.00013814 0.000418122 -0.00257751 1.9914e-05 -0.00958904 -0.0127193 -2.79895e-05 -0.00270961 -0.00556426 -0.00273279 0.00264706 -1.37983e-05 0.00266497 0.0075 -0.000641026 -0.0152778 -2.52693e-05 -0.000266678 9.53483e-05 0.00614035
internal_weight=153841 60949 45963 35681 22200 13481 10282 14986 4005 14840 13453 1387 6277 146 114 92892 489 319 247 170 92403 394 160 234 72 92009 30655 61354 114
internal_count=153841 60949 45963 35681 22200 13481 10282 14986 4005 14840 13453 1387 6277 146 114 92892 489 319 247 170 92403 394 160 234 72 92009 30655 61354 114
is_linear=0
shrinkage=0.05


Tree=274
num_leaves=31
num_cat=0
split_feature=4 13 13 13 32 13 0 0 13 25 2 2 25 38 22 34 39 2 38 8 38 13 4 15 23 13 38 38 7 22
split_gain=525.265 209.283 347.582 144.705 162.951 50.4163 16.2761 11.955 11.8217 9.13768 7.77213 5.98419 2.72286 1.56237 1.85265 1.46833 1.20187 3.03751 3.41985 3.4068 2.93652 1.83346 1.05945 0.97808 2.88194 4.08608 3.25 2.62648 10.2302 3.11113
threshold=1.0000000180025095e-35 -6.7894721031188956 0.00075226789808231222 -0.064914468675851808 14.500000000000002 13.859466075897219 0.0074012062977999457 0.55615735054016124 -23.134503364562985 0.079235587269067778 0.3874464631080628 0.17232543975114825 0.076992645859718337 -0.2351633086800575 0.17815802991390231 5.0000000000000009 -5.2819278240203849 0.095260594040155425 -0.33495599031448359 0.032666776329278953 -0.22641336172819135 -42.552946090698235 4.8250000476837167 -0.75092959403991688 1.0000000180025095e-35 -35.92979431152343 0.41058568656444555 -0.1715494021773338 0.12917864322662356 0.69387668371200573
decision_type=2 2 2 2 2 2 2 2 2 2 2 2 2 2 2 2 2 2 2 2 2 2 2 2 2 2 2 2 2 2
left_child=1 8 3 9 -5 6 -4 -7 13 -3 11 -10 -12 14 -1 -15 17 18 19 -2 -20 -19 -23 24 26 -26 -18 28 -25 -29
right_child=16 2 5 4 -6 7 -8 -9 10 -11 12 -13 -14 15 -16 -17 23 21 20 -21 -22 22 -24 27 25 -27 -28 29 -30 -31
leaf_value=3.9511240193736579e-05 -0.00064807030328220972 -6.8953747954219598e-10 -6.8953747954219598e-10 -6.8953747954219598e-10 -1.4428104694526109e-06 -6.8953747954219598e-10 -6.8953747954219598e-10 -6.8953747954219598e-10 -6.8953747954219598e-10 -6.8953747954219598e-10 -2.2753839384311572e-08 0.00010087355935458932 -6.8953747954219598e-10 7.0721018720001813e-07 -0.00010455597687505312 -6.5447099863086617e-05 4.1934067094467903e-05 -0.00087499671204998425 0.0038652314595468973 -3.9013425040401035e-05 1.1424397691173032e-05 3.1654211308169197e-05 -0.00071119291247269129 0.00015961169497241465 5.7936556503321739e-05 -7.1714305698333602e-05 0.00051474157005886034 -2.3019259951912417e-05 -0.00090005069363953069 7.8745673170289767e-05
leaf_weight=108 45 3603 4612 14988 1771 12478 4717 347 4456 2169 203 975 348 9593 177 404 16172 42 49 58 218 36 41 3901 4374 6261 145 53186 336 8028
leaf_count=108 45 3603 4612 14988 1771 12478 4717 347 4456 2169 203 975 348 9593 177 404 16172 42 49 58 218 36 41 3901 4374 6261 145 53186 336 8028
internal_value=-0.00239939 -0.00600625 -0.00777386 -0.0121466 -0.0144982 -0.00332671 -0.00612338 -0.0012924 -0.00114978 -0.00531878 -0.00291708 -0.00234303 -0.00857532 -0.000121572 -0.00377193 -1.75053e-05 -3.28338e-05 -0.00250511 -0.00027027 -0.00800971 0.00271536 -0.00945378 -0.00487013 -1.97504e-05 0.000233749 -0.000406676 0.000651161 -0.000124139 0.00107977 -0.000207469
internal_weight=153841 60949 44685 22531 16759 22154 9329 12825 16264 5772 5982 5431 551 10282 285 9997 92892 489 370 103 267 119 77 92403 26952 10635 16317 65451 4237 61214
internal_count=153841 60949 44685 22531 16759 22154 9329 12825 16264 5772 5982 5431 551 10282 285 9997 92892 489 370 103 267 119 77 92403 26952 10635 16317 65451 4237 61214
is_linear=0
shrinkage=0.05


Tree=275
num_leaves=31
num_cat=0
split_feature=4 3 13 13 13 13 13 24 13 34 25 34 13 25 0 25 13 34 3 3 14 34 4 13 8 21 7 37 25 21
split_gain=521.368 288.471 229.278 330.535 95.6298 34.9757 13.8429 6.05665 4.55335 6.13037 9.16236 5.11524 4.79172 4.61993 3.164 2.77641 1.09065 6.42131 15.6968 11.4092 4.05403 7.66764 4.23898 3.29952 6.44856 4.90865 5.28159 4.32916 3.89001 2.93403
threshold=1.0000000180025095e-35 -0.15598179399967191 -6.7894721031188956 3.6173341274261479 -0.064914468675851808 38.24376296997071 -23.134503364562985 1.5000000000000002 96.00717926025392 2.5000000000000004 0.5147586762905122 1.5000000000000002 -111.41680526733397 0.23840752243995669 -0.00040005924529395992 0.55047348141670238 38.24376296997071 5.0000000000000009 -0.2951731532812118 0.02693387866020203 -1.0000000180025095e-35 2.5000000000000004 32.024999618530281 -8.9208893775939924 0.079715393483638777 0.97499999403953563 0.049967935308814056 1.0000000180025095e-35 1.5198326110839846 0.17500000447034839
decision_type=2 2 2 2 2 2 2 2 2 2 2 2 2 2 2 2 2 2 2 2 2 2 2 2 2 2 2 2 2 2
left_child=1 8 6 4 -4 -5 15 -8 9 12 -11 14 -1 -13 -10 -3 23 20 29 -20 21 -18 -22 25 27 28 -27 -25 -2 -19
right_child=16 2 3 5 -6 -7 7 -9 11 10 -12 13 -14 -15 -16 -17 17 18 19 -21 22 -23 -24 24 -26 26 -28 -29 -30 -31
leaf_value=-5.2552929972863915e-05 3.501070612471277e-05 6.1083335779326427e-07 -6.5506060556508618e-10 -6.5506060556508618e-10 -6.5506060556508618e-10 -6.5506060556508618e-10 -6.5506060556508618e-10 -6.5506060556508618e-10 -9.309640604735636e-05 -3.595071123550589e-08 -1.000854677131487e-05 0.00044955625163138179 1.6302627367052026e-07 -0.00010034486504014212 -0.00031215327104440764 -0.0002699832498678211 -3.1653852310376163e-05 -0.00084419199526323922 0.0014487813332391129 0.00019265682795251669 6.8474907678859822e-06 0.00065683460447324589 -0.00015747392737305941 1.238359179753742e-05 -0.00046367041090510992 -9.8366790984507846e-06 -0.00031276611352792829 -7.4915379985273549e-05 -0.00035648055532212981 0.00021798092137686743
leaf_weight=830 28255 6220 4411 8389 17523 5092 623 3648 541 4855 211 460 7703 212 174 57 1261 164 428 337 31449 1126 3304 5152 497 11224 3128 6095 415 57
leaf_count=830 28255 6220 4411 8389 17523 5092 623 3648 541 4855 211 460 7703 212 174 57 1261 164 428 337 31449 1126 3304 5152 497 11224 3128 6095 415 57
internal_value=-0.00238737 -0.00598082 -0.00794498 -0.00987223 -0.0136592 -0.00371078 -0.00147421 -0.0036701 4.33738e-05 0.000321715 -0.00105606 -0.00268565 0.00113969 0.000446429 -0.00562937 1.9914e-05 -2.96043e-05 0.000175733 0.00415822 0.00754902 7.00054e-05 0.00206326 -6.69007e-05 -0.000172552 -0.000915361 3.02171e-05 -0.000724638 -0.000669067 0.000408092 -0.00757919
internal_weight=153841 60949 45963 35415 21934 13481 10548 4271 14986 13599 5066 1387 8533 672 715 6277 92892 38126 986 765 37140 2387 34753 54766 11744 43022 14352 11247 28670 221
internal_count=153841 60949 45963 35415 21934 13481 10548 4271 14986 13599 5066 1387 8533 672 715 6277 92892 38126 986 765 37140 2387 34753 54766 11744 43022 14352 11247 28670 221
is_linear=0
shrinkage=0.05


Tree=276
num_leaves=28
num_cat=0
split_feature=4 3 13 13 32 13 13 39 13 1 34 39 25 22 38 39 3 2 0 13 38 39 39 1 3 21 1
split_gain=521.121 289.677 229.278 330.535 178.519 34.9757 13.8429 5.49083 4.93837 5.79746 5.19516 4.9345 2.35069 2.03858 3.04686 1.20763 3.08376 2.24208 2.67783 1.40069 1.13851 5.5241 5.99282 4.36707 1.13361 2.49732 1.35068
threshold=1.0000000180025095e-35 -0.15598179399967191 -6.7894721031188956 3.6173341274261479 14.500000000000002 38.24376296997071 -23.134503364562985 2.6074306964874272 96.00717926025392 -0.37124831974506373 2.5000000000000004 -1.0085170865058897 0.55047348141670238 0.29417972266674047 0.083851836621761336 -5.2819278240203849 -2.030936479568481 0.11006521806120874 -1.4874465465545652 -42.552946090698235 -0.57218551635742176 -1.3751175403594968 -3.5202841758728023 0.027129234746098522 -7.0460891723632804 0.52500000596046459 -3.0804568529129024
decision_type=2 2 2 2 2 2 2 2 2 2 2 2 2 2 2 2 2 2 2 2 2 2 2 2 2 2 2
left_child=1 7 6 4 -4 -5 12 8 10 -10 -1 -8 -3 -9 -15 16 -2 18 -18 -19 21 22 -17 -23 25 -22 -26
right_child=15 2 3 5 -6 -7 11 13 9 -11 -12 -13 -14 14 -16 20 17 19 -20 -21 24 23 -24 -25 26 -27 -28
leaf_value=1.0032571993859808e-07 0.0032322646032205181 5.8029168990360109e-07 -6.2230757528683185e-10 -6.2230757528683185e-10 -1.3706371929497021e-06 -6.2230757528683185e-10 -6.2230757528683185e-10 0.00067567720228233191 -0.00010174340831859051 0.0001084540341506258 -5.8301461859952925e-08 -6.2230757528683185e-10 -0.00025648408737443003 -2.9958857173263844e-06 -2.6438699424691612e-05 0.00018951200182129835 -0.00039361223416295443 -0.00069561772745594633 8.6662882599062782e-05 -0.00025284674706786909 -0.00052091930963021719 -0.000540193524221835 0.0021590972569213791 0.0019240412338136774 0.00037374167241391938 0.00087448497832605734 -2.6735894912813947e-06
leaf_weight=8461 32 6220 19741 8389 2193 5092 975 32 829 558 4992 3296 57 79 35 100 139 33 233 52 58 56 64 68 181 217 91659
leaf_count=8461 32 6220 19741 8389 2193 5092 975 32 829 558 4992 3296 57 79 35 100 139 33 233 52 58 56 64 68 181 217 91659
internal_value=-0.00238412 -0.00597672 -0.00794498 -0.00987223 -0.0136592 -0.00371078 -0.00147421 6.00561e-05 0.000154987 -0.00268565 0.000447855 -0.0036701 1.9914e-05 -0.00958904 -0.0127193 -2.6913e-05 -0.00250511 -0.0035558 -0.00188172 -0.0108824 -1.37983e-05 0.003125 0.00914634 -0.00483871 -2.36118e-05 0.00318182 -3.32099e-05
internal_weight=153841 60949 45963 35415 21934 13481 10548 14986 14840 1387 13453 4271 6277 146 114 92892 489 457 372 85 92403 288 164 124 92115 275 91840
internal_count=153841 60949 45963 35415 21934 13481 10548 14986 14840 1387 13453 4271 6277 146 114 92892 489 457 372 85 92403 288 164 124 92115 275 91840
is_linear=0
shrinkage=0.05


Tree=277
num_leaves=30
num_cat=0
split_feature=4 3 13 13 32 13 13 24 39 13 1 24 22 22 38 39 2 38 3 3 13 4 1 13 13 39 3 11 13
split_gain=524.53 283.038 229.796 330.535 178.519 34.9757 13.9627 6.05665 5.00958 4.86134 5.48654 4.40657 2.07578 1.91529 3.00552 1.41402 2.86135 3.61264 3.94981 3.00827 1.83346 1.05945 1.04317 2.71627 4.0278 2.21084 1.16929 1.56186 1.14714
threshold=1.0000000180025095e-35 -0.15598179399967191 -6.7894721031188956 3.6173341274261479 14.500000000000002 38.24376296997071 -23.134503364562985 1.5000000000000002 2.6074306964874272 96.00717926025392 -0.37124831974506373 2.5000000000000004 0.76530429720878612 0.29417972266674047 0.088583610951900496 -5.2819278240203849 0.095260594040155425 -0.33495599031448359 -1.7320105433464048 -1.8692067265510557 -42.552946090698235 4.8250000476837167 0.47194734215736395 34.479795455932624 -206.63523101806638 1.4607275724411013 0.50493973493576061 0.98568010330200206 38.24376296997071
decision_type=2 2 2 2 2 2 2 2 2 2 2 2 2 2 2 2 2 2 2 2 2 2 2 2 2 2 2 2 2
left_child=1 8 6 4 -4 -5 12 -8 9 11 -11 -1 -3 -10 -15 16 17 18 -2 -19 -18 -22 26 24 -24 -25 28 -28 -17
right_child=15 2 3 5 -6 -7 7 -9 13 10 -12 -13 -14 14 -16 22 20 19 -20 -21 21 -23 23 25 -26 -27 27 -29 -30
leaf_value=6.1336180869581234e-08 -0.00090606111612265218 3.0299197635961818e-06 -5.9119219652249029e-10 -5.9119219652249029e-10 -1.3021053333022171e-06 -5.9119219652249029e-10 -5.9119219652249029e-10 -5.9119219652249029e-10 0.00064189334216821535 -9.6656237902660981e-05 0.00010303133244309449 -1.2935129790469633e-08 -6.4492027057462694e-05 -2.8460914314600652e-06 -2.5116764453457033e-05 -9.0057088359898342e-06 -0.00080795793551040351 0.0020469040967337157 -0.00020393024027701644 -7.5228939735537317e-05 4.537806890354537e-05 -0.0006633333040340577 -0.00048479696763027307 -0.0010869290387367659 0.00041539391239335093 5.9130282198984441e-05 -0.00036626142982187622 5.3357493674756779e-05 1.4426844413638861e-05
leaf_weight=4501 35 6075 19741 8389 2193 5092 623 3648 32 829 558 8952 202 81 33 54236 42 85 68 182 36 41 38 91 54 46 69 44 37825
leaf_count=4501 35 6075 19741 8389 2193 5092 623 3648 32 829 558 8952 202 81 33 54236 42 85 68 182 36 41 38 91 54 46 69 44 37825
internal_value=-0.00239289 -0.00599723 -0.0079428 -0.00987223 -0.0136592 -0.00371078 -0.00146473 -0.0036701 -3.0028e-05 6.06469e-05 -0.00275775 0.000351223 3.58451e-05 -0.00924658 -0.0122807 -2.79895e-05 -0.00270961 -0.000540541 -0.00849515 0.00252809 -0.00945378 -0.00487013 -1.37983e-05 -0.00338428 0.00326087 -0.00784672 -5.42452e-06 -0.0050885 8.14677e-07
internal_weight=153841 60949 45963 35415 21934 13481 10548 4271 14986 14840 1387 13453 6277 146 114 92892 489 370 103 267 119 77 92403 229 92 137 92174 113 92061
internal_count=153841 60949 45963 35415 21934 13481 10548 4271 14986 14840 1387 13453 6277 146 114 92892 489 370 103 267 119 77 92403 229 92 137 92174 113 92061
is_linear=0
shrinkage=0.05


Tree=278
num_leaves=31
num_cat=0
split_feature=5 3 13 13 32 13 13 24 13 1 2 34 25 3 2 2 5 20 3 3 3 7 11 18 21 18 5 13 3 8
split_gain=527.228 277.971 230.055 330.535 178.519 34.9757 14.0228 6.05665 4.20195 5.38382 5.10639 3.94265 9.37637 4.58057 3.81138 1.97422 1.09254 1.53064 2.70563 2.51353 1.86116 1.25381 2.30131 4.84232 2.3234 2.187 2.02597 1.93026 0.934444 0.509431
threshold=1.0000000180025095e-35 -0.15598179399967191 -6.7894721031188956 3.6173341274261479 14.500000000000002 38.24376296997071 -23.134503364562985 1.5000000000000002 96.00717926025392 -0.37124831974506373 0.017285724170506004 2.5000000000000004 0.5147586762905122 -5.5044207572937003 0.12298071384429933 0.019728306680917743 0.12500000372529033 -1.0000000180025095e-35 -0.32147389650344843 -0.53761661052703846 -0.045633608475327485 0.0084083620458841341 0.022847821004688743 -198789.77343749997 0.72499999403953563 -584.82000732421864 2.9250000715255742 -837.81671142578114 0.18489767611026767 0.00084216438699513685
decision_type=2 2 2 2 2 2 2 2 2 2 2 2 2 2 2 2 2 2 2 2 2 2 2 2 2 2 2 2 2 2
left_child=1 8 6 4 -4 -5 15 -8 11 14 -11 13 -13 -1 -10 -3 17 18 -2 29 -20 25 23 -23 -24 26 -18 -27 -21 -19
right_child=16 2 3 5 -6 -7 7 -9 9 10 -12 12 -14 -15 -16 -17 21 19 20 28 -22 22 24 -25 -26 27 -28 -29 -30 -31
leaf_value=7.8309019563220044e-06 0.00043027107995730171 4.4843364453589206e-05 -5.6163258669636576e-10 -5.6163258669636576e-10 -1.2370000666371062e-06 -5.6163258669636576e-10 -5.6163258669636576e-10 -5.6163258669636576e-10 -8.6568862372617356e-05 0.00079783164801040254 -8.7047788314170189e-05 -3.4304911624212013e-08 -9.5045576031666047e-06 5.8269371826102174e-08 -0.00013947798290466843 -7.7218724369022977e-06 -3.5033988787897421e-05 -0.00049449082587427445 -0.00024795798238240214 0.00037307423502665524 6.0972781874362372e-05 0.0013797171451237792 1.6338179207633225e-05 2.7643105944941126e-05 -3.0381828314934857e-05 0.00036108091917592689 -0.00018584523580690085 -9.3101409612886966e-06 -2.0960886413410357e-05 0.0011985479297969412
leaf_weight=263 42 1356 19741 8389 2193 5092 623 3648 720 94 464 4855 211 8270 109 4921 1050 30 54 150 58 166 29929 16985 35923 73 770 7601 30 31
leaf_count=263 42 1356 19741 8389 2193 5092 623 3648 720 94 464 4855 211 8270 109 4921 1050 30 54 150 58 166 29929 16985 35923 73 770 7601 30 31
internal_value=-0.00240004 -0.00601363 -0.00794171 -0.00987223 -0.0136592 -0.00371078 -0.00145999 -0.0036701 -0.000100093 -0.0027217 0.00107527 0.000167292 -0.000937623 0.000823274 -0.00527744 4.38107e-05 -2.9066e-05 0.00259494 -0.0012987 0.00508299 -0.00535714 -4.02716e-05 2.19872e-05 0.00053787 -0.000112373 -0.00058458 -0.00214286 -0.000215012 0.00805556 -0.00368852
internal_weight=153841 60949 45963 35415 21934 13481 10548 4271 14986 1387 558 13599 5066 8533 829 6277 92892 395 154 241 112 92497 83003 17151 65852 9494 1820 7674 180 61
internal_count=153841 60949 45963 35415 21934 13481 10548 4271 14986 1387 558 13599 5066 8533 829 6277 92892 395 154 241 112 92497 83003 17151 65852 9494 1820 7674 180 61
is_linear=0
shrinkage=0.05


Tree=279
num_leaves=30
num_cat=0
split_feature=4 3 13 13 32 13 13 13 1 1 34 34 25 3 0 25 4 37 0 38 38 2 13 34 22 38 13 22 32
split_gain=529.05 277.333 229.019 330.535 178.519 34.9757 13.7832 4.3924 5.03964 4.14478 4.04632 3.68328 9.43026 4.62198 3.19828 2.32459 1.0894 1.46799 2.94844 1.71859 1.96768 1.25963 1.04927 6.062 15.7307 5.06832 3.30463 6.85602 5.43738
threshold=1.0000000180025095e-35 -0.15598179399967191 -6.7894721031188956 3.6173341274261479 14.500000000000002 38.24376296997071 -23.134503364562985 96.00717926025392 -1.3460178971290586 -0.077038504183292375 1.5000000000000002 2.5000000000000004 0.5147586762905122 -5.5044207572937003 -0.3102975040674209 1.0000000180025095e-35 0.12500000372529033 1.0000000180025095e-35 0.10590963065624238 0.034352418035268791 -0.025413316674530503 0.11377282440662385 36.243595123291023 5.0000000000000009 0.37806601822376257 -0.33495599031448359 -8.9208893775939924 0.45551881194114691 27.500000000000004
decision_type=2 2 2 2 2 2 2 2 2 2 2 2 2 2 2 2 2 2 2 2 2 2 2 2 2 2 2 2 2
left_child=1 7 6 4 -4 -5 15 11 14 -8 -10 13 -13 -1 -9 -3 17 18 21 20 -19 -2 26 25 -25 -24 28 -28 -18
right_child=16 2 3 5 -6 -7 9 8 10 -11 -12 12 -14 -15 -16 -17 22 19 -20 -21 -22 -23 23 24 -26 -27 27 -29 -30
leaf_value=7.4393568585059034e-06 3.7646024378368802e-06 -0.0001073521567404871 -5.335509573615475e-10 -5.335509573615475e-10 -1.175150063305251e-06 -5.335509573615475e-10 -5.335509573615475e-10 -7.8992869345383826e-05 -0.00026720204138886561 -5.335509573615475e-10 0.00022483677054904781 -3.2589666043001416e-08 -9.0293297230082751e-06 5.5355903234797058e-08 -7.0448468474987319e-05 1.4843686415033559e-06 -6.7403111002616558e-06 0.00034475562096079345 -0.00052907084821915125 0.00056418858714011569 -1.7162998734495729e-05 0.0006703991564942323 -0.00043991748713703845 0.00091705684467100835 -0.00076798567938283981 8.044954905368773e-06 -1.9304816874700373e-05 -0.00034159880712791233 0.00036480597107710415
leaf_weight=263 138 160 19741 8389 2193 5092 2024 257 461 2247 569 4855 211 8270 100 6117 41005 43 35 43 106 30 545 825 160 36773 9623 1714 1852
leaf_count=263 138 160 19741 8389 2193 5092 2024 257 461 2247 569 4855 211 8270 100 6117 41005 43 35 43 106 30 545 825 160 36773 9623 1714 1852
internal_value=-0.00240037 -0.0060202 -0.00794607 -0.00987223 -0.0136592 -0.00371078 -0.00147895 -0.000113439 -0.0027938 -0.0036701 -0.00101942 0.000159938 -0.000908014 0.000793976 -0.00791317 1.19484e-05 -2.52982e-05 0.00259494 -0.000369458 0.00572917 0.00318792 0.00238095 -3.64877e-05 0.000163825 0.00403553 6.16325e-05 -0.000178064 -0.000937197 2.27501e-05
internal_weight=153841 60949 45963 35415 21934 13481 10548 14986 1387 4271 1030 13599 5066 8533 357 6277 92892 395 203 192 149 168 92497 38303 985 37318 54194 11337 42857
internal_count=153841 60949 45963 35415 21934 13481 10548 14986 1387 4271 1030 13599 5066 8533 357 6277 92892 395 203 192 149 168 92497 38303 985 37318 54194 11337 42857
is_linear=0
shrinkage=0.05


Tree=280
num_leaves=28
num_cat=0
split_feature=4 3 24 32 14 32 21 25 39 34 38 2 3 38 38 1 7 7 38 34 2 34 4 25 34 0 8
split_gain=535.381 268.195 113.138 75.5696 48.5558 32.5571 36.3401 9.05214 4.78014 4.39139 3.71025 4.81176 2.82412 1.85816 3.23769 1.12839 4.61812 5.27826 5.52407 5.12902 3.44355 2.95508 4.87937 1.74488 12.3959 2.73798 1.18691
threshold=1.0000000180025095e-35 -0.15598179399967191 2.5000000000000004 14.500000000000002 1.0000000180025095e-35 14.500000000000002 1.0000000180025095e-35 0.13655345886945727 2.6074306964874272 1.0000000180025095e-35 0.36682778596878057 -0.25003533065319056 -0.59172877669334401 0.088583610951900496 -0.07237124070525168 -1.7091773152351377 0.14995315670967105 0.057283880189061172 0.36682778596878057 1.5000000000000002 -0.99266698956489552 3.5000000000000004 8.7249999046325701 0.94038414955139171 2.5000000000000004 -0.66773089766502369 0.038177538663148887
decision_type=2 2 2 2 2 2 2 2 2 2 2 2 2 2 2 2 2 2 2 2 2 2 2 2 2 2 2
left_child=1 8 3 4 -3 6 -4 -5 10 -7 12 -12 -1 14 -10 16 17 18 -2 -19 26 22 -18 25 -25 -22 -17
right_child=15 2 5 7 -6 9 -8 -9 13 -11 11 -13 -14 -15 -16 20 21 19 -20 -21 23 -23 -24 24 -26 -27 -28
leaf_value=-1.396289345663529e-05 -3.911260483626337e-05 -5.0687340949347008e-10 -5.0687340949347008e-10 1.0498861761650121e-05 -3.6262726934695632e-06 0.00051468962720315956 -5.0687340949347008e-10 -5.9541702666573918e-05 -1.200373207476655e-05 -3.0839731512934469e-05 -7.6579410609344336e-05 0.0025635880278425081 6.7441503036934506e-09 -4.41218958273311e-06 3.3226497935256105e-07 0.002921503191469374 0.012863187629835172 -0.00071486734698848276 0.0015758563468053371 -1.6053181785617711e-05 0.00017814574726882689 0.017113041872329694 -0.0013646392532976699 -0.00023764675938097108 0.00088889720286398812 -7.9400634661131245e-07 0.00058034999286986778
leaf_weight=4878 1678 17319 6255 1248 978 327 17667 440 36 1729 46 155 9761 39 71 44 30 471 57 347 2852 55 57 1885 603 84778 35
leaf_count=4878 1678 17319 6255 1248 978 327 17667 440 36 1729 46 155 9761 39 71 44 30 471 57 347 2852 55 57 1885 603 84778 35
internal_value=-0.00241077 -0.00605219 -0.00794607 -0.0107743 -0.0117082 -0.00577027 -0.00628919 -0.000651659 -0.000243561 0.00026751 -0.000154987 0.00659204 -0.000247626 -0.00924658 -0.00584112 -2.15304e-05 -0.00102968 -0.00151782 4.32277e-05 -0.00482885 8.5923e-06 0.00774648 0.00201149 -5.54828e-07 -0.00130627 3.65172e-05 0.010443
internal_weight=153841 60949 45963 19985 18297 25978 23922 1688 14986 2056 14840 201 14639 146 107 92892 2695 2553 1735 818 90197 142 87 90118 2488 87630 79
internal_count=153841 60949 45963 19985 18297 25978 23922 1688 14986 2056 14840 201 14639 146 107 92892 2695 2553 1735 818 90197 142 87 90118 2488 87630 79
is_linear=0
shrinkage=0.05


Tree=281
num_leaves=30
num_cat=0
split_feature=4 3 13 13 32 13 13 24 39 13 1 13 38 22 38 39 9 38 38 38 4 1 13 13 39 38 39 38 4
split_gain=535.376 270.823 229.223 331.843 174.75 34.8963 13.7236 6.05665 4.81208 4.1277 5.64093 4.96583 2.01263 1.91529 3.00552 1.11658 3.04565 3.493 2.89709 2.56422 2.37679 1.0472 2.71627 4.0278 2.21084 1.14359 4.47298 1.0828 0.802778
threshold=1.0000000180025095e-35 -0.15598179399967191 -6.7894721031188956 3.6173341274261479 14.500000000000002 38.24376296997071 -23.134503364562985 1.5000000000000002 2.6074306964874272 96.00717926025392 -0.37124831974506373 8.7722692066090357e-13 0.23002020269632342 0.29417972266674047 0.088583610951900496 -5.2819278240203849 0.29609313607215887 -0.33495599031448359 -0.22641336172819135 -0.16526748985052106 9.6250000000000018 0.47194734215736395 34.479795455932624 -206.63523101806638 1.4607275724411013 -0.57218551635742176 -1.3751175403594968 0.6600414812564851 4.3250000476837167
decision_type=2 2 2 2 2 2 2 2 2 2 2 2 2 2 2 2 2 2 2 2 2 2 2 2 2 2 2 2 2
left_child=1 8 6 4 -4 -5 12 -8 9 11 -11 -1 -3 -10 -15 16 17 20 -19 -18 -2 25 23 -23 -24 26 -17 -27 -21
right_child=15 2 3 5 -6 -7 7 -9 13 10 -12 -13 -14 14 -16 21 19 18 -20 28 -22 22 24 -25 -26 27 -28 -29 -30
leaf_value=-7.4076926829409811e-09 -0.0005576912928070744 1.4101755530986626e-06 -4.8152973901879667e-10 -4.8152973901879667e-10 -2.7610811673643191e-06 -4.8152973901879667e-10 -4.8152973901879667e-10 -4.8152973901879667e-10 0.00060989499191113584 -8.2847194748796111e-05 7.4471917074545521e-05 2.7031736563059705e-07 -5.2002401946289533e-05 -2.2776690047822396e-06 -2.3636972022764164e-05 0.0011016990490410124 9.8609830758616783e-05 0.0036036503508130946 1.3360357601569126e-05 -0.00040376314108309509 0.00012295043715643411 -0.00046127993550523002 -0.0010337620431882472 0.00039418402368564541 5.4994311700715812e-05 1.8536289449200272e-07 -0.00026893395423550827 -0.00014813387590224686 -0.00085053699088331967
leaf_weight=8882 64 6163 19741 8389 2193 5092 623 3648 32 829 558 4571 114 81 33 164 39 43 236 32 35 38 91 54 46 91381 120 509 40
leaf_count=8882 64 6163 19741 8389 2193 5092 623 3648 32 829 558 4571 114 81 33 164 39 43 236 32 35 38 91 54 46 91381 120 509 40
internal_value=-0.00240914 -0.00605055 -0.00795368 -0.0098807 -0.0136751 -0.00370707 -0.00148369 -0.0036701 -0.000213533 -0.000124663 -0.0027217 0.000143091 3.98279e-06 -0.00924658 -0.0122807 -1.99156e-05 -0.00240286 -0.00026455 0.00259857 -0.00968468 -0.00833333 -7.30496e-06 -0.00338428 0.00326087 -0.00784672 1.0849e-06 0.00316901 -8.70606e-06 -0.0152778
internal_weight=153841 60949 45963 35415 21934 13481 10548 4271 14986 14840 1387 13453 6277 146 114 92892 489 378 279 111 99 92403 229 92 137 92174 284 91890 72
internal_count=153841 60949 45963 35415 21934 13481 10548 4271 14986 14840 1387 13453 6277 146 114 92892 489 378 279 111 99 92403 229 92 137 92174 284 91890 72
is_linear=0
shrinkage=0.05


Tree=282
num_leaves=31
num_cat=0
split_feature=4 3 13 13 32 13 13 24 22 21 1 22 22 1 1 38 2 38 32 32 39 38 18 38 32 15 38 38 15 2
split_gain=541.456 262.099 228.964 331.843 174.75 34.8963 13.6642 6.05665 3.63918 5.17564 4.62922 4.06009 8.29811 4.10679 2.0606 2.00776 1.05433 4.98521 8.95616 10.7795 9.32614 5.19599 3.98358 3.36164 6.9697 5.75114 4.47776 3.76468 3.29751 3.11295
threshold=1.0000000180025095e-35 -0.15598179399967191 -6.7894721031188956 3.6173341274261479 14.500000000000002 38.24376296997071 -23.134503364562985 1.5000000000000002 0.059496946632862098 0.47499999403953558 -0.093417849391698823 0.082122139632701888 0.08655212447047235 -0.16112720221281049 -0.014612573664635418 0.23002020269632342 0.017285724170506004 -0.2351633086800575 27.500000000000004 8.5000000000000018 -1.8868365883827207 -0.22641336172819135 312583.93750000006 -0.2055113688111305 27.500000000000004 -0.53327128291130055 -0.2351633086800575 -0.19103112071752545 -0.75092959403991688 -0.20038617402315137
decision_type=2 2 2 2 2 2 2 2 2 2 2 2 2 2 2 2 2 2 2 2 2 2 2 2 2 2 2 2 2 2
left_child=1 8 6 4 -4 -5 15 -8 9 10 -1 13 -13 -10 -11 -3 17 18 19 -2 -20 29 -23 24 25 -18 -26 -25 -29 -19
right_child=16 2 3 5 -6 -7 7 -9 11 14 -12 12 -14 -15 -16 -17 23 21 20 -21 -22 22 -24 27 26 -27 -28 28 -30 -31
leaf_value=-1.4232252940482193e-06 -0.0002264424689256351 1.3396667754437296e-06 -4.5745325206785678e-10 -4.5745325206785678e-10 -2.623027108996116e-06 -4.5745325206785678e-10 -4.5745325206785678e-10 -4.5745325206785678e-10 5.3939227609591242e-08 -5.3373965694758526e-06 3.7250496188011607e-07 -5.970202839778313e-06 -7.037308048793932e-09 1.2335430877761199e-05 -0.00014163706927265991 -4.9402281848975053e-05 -0.00012128452227556202 0.0029055566704218605 -9.9037098740627918e-05 -0.0016140506922169028 0.0059818546266450527 -1.1180832995232949e-05 0.0039428499245984057 -0.00033598179446856402 -0.00081314531530841255 0.0004165182097705018 0.0010062395667383699 4.289583055757263e-05 -1.3443403900511262e-05 0.0007759654615495451
leaf_weight=146 1316 6163 19741 8389 2193 5092 623 3648 125 167 150 145 13885 317 51 114 912 30 98 78 84 24158 58 377 179 2030 33 17011 46467 61
leaf_count=146 1316 6163 19741 8389 2193 5092 623 3648 125 167 150 145 13885 317 51 114 912 30 98 78 84 24158 58 377 179 2030 33 17011 46467 61
internal_value=-0.00242052 -0.00608254 -0.00795477 -0.0098807 -0.0136751 -0.00370707 -0.00148843 -0.0036701 -0.000340318 -0.00447471 -0.000168919 -0.000193477 -0.000342124 0.00452489 -0.0103211 -3.98279e-06 -1.77626e-05 -0.0002888 -0.00301396 -0.0043759 0.00741758 -0.000112108 -0.000156921 8.69286e-05 0.00168041 0.00231135 -0.00707547 8.22175e-06 3.78084e-05 0.0118132
internal_weight=153841 60949 45963 35415 21934 13481 10548 4271 14986 514 296 14472 14030 442 218 6277 92892 25883 1576 1394 182 24307 24216 67009 3154 2942 212 63855 63478 91
internal_count=153841 60949 45963 35415 21934 13481 10548 4271 14986 514 296 14472 14030 442 218 6277 92892 25883 1576 1394 182 24307 24216 67009 3154 2942 212 63855 63478 91
is_linear=0
shrinkage=0.05


Tree=283
num_leaves=27
num_cat=0
split_feature=5 3 13 13 32 13 13 24 13 1 39 22 1 13 25 38 3 2 39 2 1 38 5 1 25 2
split_gain=537.627 266.325 228.706 331.843 174.75 34.8963 13.6049 6.05665 3.64424 5.38382 5.1391 4.77716 4.01927 7.4828 3.75971 2.0029 1.00976 2.50696 2.79685 2.22258 1.13817 3.94239 3.22921 1.98398 4.75607 2.66728
threshold=1.0000000180025095e-35 -0.15598179399967191 -6.7894721031188956 3.6173341274261479 14.500000000000002 38.24376296997071 -23.134503364562985 1.5000000000000002 96.00717926025392 -0.37124831974506373 -3.5573898553848262 0.091555610299110426 -2.7169306278228755 -70.99575042724608 0.94038414955139171 0.23002020269632342 -7.0460891723632804 0.14111636579036715 -2.4668667316436763 0.065149497240781798 -3.0804568529129024 -0.32030953466892237 2.1250000000000004 -1.7091773152351377 1.0245496630668642 -0.99266698956489552
decision_type=2 2 2 2 2 2 2 2 2 2 2 2 2 2 2 2 2 2 2 2 2 2 2 2 2 2
left_child=1 8 6 4 -4 -5 15 -8 12 10 -10 -11 13 -1 -14 -3 17 18 -2 -20 21 -18 -23 24 -22 -25
right_child=16 2 3 5 -6 -7 7 -9 9 11 -12 -13 14 -15 -16 -17 20 -19 19 -21 23 22 -24 25 -26 -27
leaf_value=-3.0315694228556081e-05 0.0010212059995768899 1.2726834366715431e-06 -4.3458058946446394e-10 -4.3458058946446394e-10 -2.4918757535463255e-06 -4.3458058946446394e-10 -4.3458058946446394e-10 -4.3458058946446394e-10 0.0023760777344584176 -0.00029525734893327707 -8.8277264013699624e-05 0.00014344177126147722 -5.9199467258729746e-10 1.3672333342249664e-05 -2.1934626793771691e-05 -4.6932167756526299e-05 -0.00044992227336750697 0.0036133388859289906 0.0002720171758287527 -0.00088205218077285939 -0.00027126453071296946 -0.00032803675577849911 0.0010097934320360677 0.001757598656440696 0.00024254127625219954 -6.9488282405470039e-07
leaf_weight=138 36 6163 19741 8389 2193 5092 623 3648 57 30 772 528 12680 278 503 114 33 39 135 65 1856 53 174 79 497 89925
leaf_count=138 36 6163 19741 8389 2193 5092 623 3648 57 30 772 528 12680 278 503 114 33 39 135 65 1856 53 174 79 497 89925
internal_value=-0.00241954 -0.0060686 -0.00795586 -0.0098807 -0.0136751 -0.00370707 -0.00149317 -0.0036701 -0.000280262 -0.0027217 -0.00527744 0.00107527 -3.12523e-05 0.00480769 -0.000183949 -1.19484e-05 -2.52982e-05 0.003 0.00105932 -0.00125 -3.4281e-05 0.00326923 0.00561674 -4.35809e-05 -0.00147684 -6.11084e-06
internal_weight=153841 60949 45963 35415 21934 13481 10548 4271 14986 1387 829 558 13599 416 13183 6277 92892 275 236 200 92617 260 227 92357 2353 90004
internal_count=153841 60949 45963 35415 21934 13481 10548 4271 14986 1387 829 558 13599 416 13183 6277 92892 275 236 200 92617 260 227 92357 2353 90004
is_linear=0
shrinkage=0.05


Tree=284
num_leaves=27
num_cat=0
split_feature=4 3 24 14 21 24 25 2 22 39 39 3 22 39 2 3 2 39 2 1 18 4 1 25 2 9
split_gain=539.718 263.323 111.559 39.2713 32.7345 30.9915 24.115 13.3544 3.89365 3.36444 3.19683 6.65561 3.24368 1.9444 1.72866 1.13401 2.81493 2.61846 2.35344 1.13779 2.76857 4.16095 1.92707 4.28143 2.31229 1.42885
threshold=1.0000000180025095e-35 -0.15598179399967191 2.5000000000000004 1.0000000180025095e-35 1.0000000180025095e-35 1.0000000180025095e-35 0.18781586736440661 0.1529793590307236 0.16764742881059649 2.6074306964874272 -4.5574824810028067 -0.72040659189224232 0.34642966091632849 3.1904519796371464 -0.041166832670569413 -7.0460891723632804 0.13487111777067187 -2.4668667316436763 0.065149497240781798 -3.0804568529129024 -2729.496704101562 2.3249999284744267 -1.7091773152351377 1.0245496630668642 -0.99266698956489552 0.11852356418967248
decision_type=2 2 2 2 2 2 2 2 2 2 2 2 2 2 2 2 2 2 2 2 2 2 2 2 2 2
left_child=1 9 3 5 7 -3 -6 -4 -5 10 11 -1 -12 14 -11 16 17 -2 -19 20 25 -22 23 -21 -24 -17
right_child=15 2 4 8 6 -7 -8 -9 -10 13 12 -13 -14 -15 -16 19 -18 18 -20 22 21 -23 24 -25 -26 -27
leaf_value=0.0022815124343020278 0.0009867799165002827 -4.1285155999124072e-10 -4.1285155999124072e-10 -5.982219635188676e-06 -4.1285155999124072e-10 -4.1285155999124072e-10 -4.1285155999124072e-10 -4.1285155999124072e-10 0.00020102874490146623 -1.7225509304878563e-05 5.1271865962741047e-08 1.5273303515624861e-07 -2.4510235627071609e-07 1.1000271848750056e-06 -2.2454741956489888e-05 -0.00059999951117529972 0.0026507054913105306 0.00025841631703731499 -0.0010345395973785237 -0.00025770130417732096 -0.00010456425524001009 0.0010481389739519025 0.0016697187236186615 0.00023041421243958951 -6.6013868285190462e-07 0.0003198430369205828
leaf_weight=134 35 1468 2569 670 16301 17498 2818 4290 349 38 6754 578 7374 37 71 37 44 135 61 1856 54 120 79 497 89925 49
leaf_count=134 35 1468 2569 670 16301 17498 2818 4290 349 38 6754 578 7374 37 71 37 44 135 61 1856 54 120 79 497 89925 49
internal_value=-0.00242312 -0.00607926 -0.00795586 -0.0107643 -0.00579529 -0.0112781 -0.0047322 -0.00875857 -0.00120216 -0.000323635 -0.000249326 0.00301966 -0.000414071 -0.00787671 -0.0112385 -2.42217e-05 0.00318182 0.000974026 -0.00127551 -3.37411e-05 0.00326923 0.00689655 -4.30395e-05 -0.00145559 -6.11084e-06 -0.00406977
internal_weight=153841 60949 45963 19985 25978 18966 19119 6859 1019 14986 14840 712 14128 146 109 92892 275 231 196 92617 260 174 92357 2353 90004 86
internal_count=153841 60949 45963 19985 25978 18966 19119 6859 1019 14986 14840 712 14128 146 109 92892 275 231 196 92617 260 174 92357 2353 90004 86
is_linear=0
shrinkage=0.05


Tree=285
num_leaves=31
num_cat=0
split_feature=4 24 1 32 24 24 1 25 1 22 25 14 0 32 0 32 9 22 20 37 25 14 38 38 22 34 32 0 32 7
split_gain=531.8 102.449 67.7383 63.8351 38.9681 31.756 28.4626 25.3656 20.0983 16.5933 15.9772 13.357 10.5863 9.29621 7.02127 6.41019 0.987849 3.50222 7.49745 5.46702 4.70063 5.75406 3.69562 2.76617 2.16423 7.11657 3.52193 3.39089 2.99525 2.38366
threshold=1.0000000180025095e-35 2.5000000000000004 -0.20241276174783704 14.500000000000002 1.0000000180025095e-35 1.0000000180025095e-35 -0.024162963964045044 0.043215662240982063 0.30820107460021978 0.045210551470518119 0.029168509878218177 1.0000000180025095e-35 0.28860896825790411 2.5000000000000004 0.41921372711658483 14.500000000000002 0.05673975124955178 0.69387668371200573 1.0000000180025095e-35 1.0000000180025095e-35 0.5737033784389497 1.0000000180025095e-35 -0.16526748985052106 -0.025413316674530503 0.4869313389062882 5.0000000000000009 27.500000000000004 -1.0383247733116148 27.500000000000004 0.2142710015177727
decision_type=2 2 2 2 2 2 2 2 2 2 2 2 2 2 2 2 2 2 2 2 2 2 2 2 2 2 2 2 2 2
left_child=1 2 5 4 -4 15 10 9 -9 -8 11 -3 -7 -12 -5 -1 24 20 19 -19 21 -18 -22 -20 27 26 -26 -2 -27 -29
right_child=16 6 3 14 -6 12 7 8 -10 -11 13 -13 -14 -15 -16 -17 17 18 23 -21 22 -23 -24 -25 25 28 -28 29 -30 -31
leaf_value=-3.9220898199167869e-10 0.0026503900622700479 -3.9220898199167869e-10 -3.9220898199167869e-10 -2.6177262999345409e-05 -3.9220898199167869e-10 -3.9220898199167869e-10 -3.9220898199167869e-10 -3.9220898199167869e-10 -3.9220898199167869e-10 -3.9220898199167869e-10 -3.9220898199167869e-10 3.6271255954193867e-05 -3.9220898199167869e-10 0.00016404026685166249 5.5113146635073013e-05 2.2956692874825936e-06 -3.9156738601337124e-05 -8.3928680208514995e-06 -0.00040302002370274509 0.00034514195839746771 0.00049361141019759304 9.6594696886343802e-05 -0.00019547563140786089 -0.00010102542770277328 -4.9723631573094128e-05 -0.00098071153600393307 0.0015987582876795068 1.4125538981897023e-05 0.00010807874141150771 -0.00085116419555592612
leaf_weight=296 90 7076 1043 1427 16057 5755 287 6811 1057 3406 14932 830 159 1676 103 34 30494 2932 328 3134 98 5325 2602 619 8982 200 357 37554 36 141
leaf_count=296 90 7076 1043 1427 16057 5755 287 6811 1057 3406 14932 830 159 1676 103 34 30494 2932 328 3134 98 5325 2602 619 8982 200 357 37554 36 141
internal_value=-0.00240492 -0.00603414 -0.00850285 -0.0100134 -0.0108889 -0.00399584 -0.00433195 -0.00637704 -0.0047725 -0.00979556 -0.00336746 -0.00521756 -0.00315353 -0.00248675 -0.000228758 -0.0190909 -2.36834e-05 -0.000189976 0.00083773 0.00148368 -0.000377087 -0.000225439 -0.00238889 -0.00329989 0.000136191 -0.000535248 -0.000318557 0.000306338 -0.00911017 0.000283194
internal_weight=153841 60949 24874 18630 17100 6244 36075 11561 7868 3693 24514 7906 5914 16608 1530 330 92892 45532 7013 6066 38519 35819 2700 947 47360 9575 9339 37785 236 37695
internal_count=153841 60949 24874 18630 17100 6244 36075 11561 7868 3693 24514 7906 5914 16608 1530 330 92892 45532 7013 6066 38519 35819 2700 947 47360 9575 9339 37785 236 37695
is_linear=0
shrinkage=0.05


Tree=286
num_leaves=30
num_cat=0
split_feature=4 13 13 13 32 13 1 1 13 25 24 39 22 39 25 2 38 13 20 9 22 38 39 9 11 38 32 38 8
split_gain=532.045 219.981 353.326 150.942 163.404 49.4244 21.2845 14.9882 9.49305 8.57117 6.26886 6.30164 3.34731 1.65708 3.50222 1.69243 0.973903 5.10892 4.74905 4.72223 2.29007 1.85083 8.86289 6.27345 5.78377 1.77428 5.476 3.13346 0.985061
threshold=1.0000000180025095e-35 -6.7894721031188956 0.00075226789808231222 -0.064914468675851808 14.500000000000002 13.859466075897219 -0.12082739174365996 0.40330043435096746 -23.134503364562985 0.079235587269067778 2.5000000000000004 2.5612684488296513 1.0404728055000307 -3.0315108299255367 0.33797958493232733 0.018542494624853138 0.6600414812564851 -1518.8475952148435 -1.0000000180025095e-35 0.43378239870071417 0.32362638413906103 0.41058568656444555 -3.1726644039154048 0.12050882354378702 0.89065662026405346 0.30095177888870245 20.500000000000004 0.2878114134073258 0.02313381060957909
decision_type=2 2 2 2 2 2 2 2 2 2 2 2 2 2 2 2 2 2 2 2 2 2 2 2 2 2 2 2 2
left_child=1 8 3 9 -5 6 -4 -7 13 -3 12 -12 -10 14 -1 -15 21 28 20 -20 -19 25 24 -24 -23 27 -27 -2 -18
right_child=16 2 5 4 -6 7 -8 -9 10 -11 11 -13 -14 15 -16 -17 17 18 19 -21 -22 22 23 -25 -26 26 -28 -29 -30
leaf_value=-6.1076815773926718e-05 -1.3334086978041353e-06 -3.7259853289209474e-10 -3.7259853289209474e-10 -3.7259853289209474e-10 -1.6370258214179268e-06 -3.7259853289209474e-10 -3.7259853289209474e-10 -3.7259853289209474e-10 -3.7259853289209474e-10 -3.7259853289209474e-10 -3.7259853289209474e-10 -3.7259853289209474e-10 5.1465625448888099e-07 2.6547550215944233e-05 0.0014388248310751649 -8.3765538963855796e-06 -0.00059399408277532515 0.0011655717555453104 -6.8384704872764745e-05 -0.00067076200038141971 0.00012644164627050194 0.0041608145143945275 0.00039444319515287988 -0.00072762357795404904 1.9367606162576032e-05 -0.00022641992795047259 0.0086498144825973549 0.00051220083395436984 -0.00079710016241439023
leaf_weight=1047 90235 3603 3325 14988 1771 12617 6004 208 2000 2169 3384 559 39 3260 35 5940 30 80 216 57 89 124 323 218 68 1063 80 270 39
leaf_count=1047 90235 3603 3325 14988 1771 12617 6004 208 2000 2169 3384 559 39 3260 35 5940 30 80 216 57 89 124 323 218 68 1063 80 270 39
internal_value=-0.00240654 -0.0060366 -0.00784883 -0.0122576 -0.0146593 -0.00336508 -0.0061341 -0.00135088 -0.00105755 -0.00528413 -0.00264126 -0.0014773 -0.0048921 -0.00013616 -0.00198706 8.15217e-05 -2.47599e-05 -0.00220157 -0.000226244 -0.00430403 0.00636095 -1.27191e-05 0.00248977 -0.000785582 0.0117188 -3.27339e-05 -0.00199038 -8.01061e-06 -0.0148551
internal_weight=153841 60949 44685 22531 16759 22154 9329 12825 16264 5772 5982 3943 2039 10282 1082 9200 92892 511 442 273 169 92381 733 541 192 91648 1143 90505 69
internal_count=153841 60949 44685 22531 16759 22154 9329 12825 16264 5772 5982 3943 2039 10282 1082 9200 92892 511 442 273 169 92381 733 541 192 91648 1143 90505 69
is_linear=0
shrinkage=0.05


Tree=287
num_leaves=31
num_cat=0
split_feature=4 3 13 13 32 13 13 39 13 38 34 13 1 3 38 13 4 0 32 18 9 3 32 21 1 32 32 8 1 25
split_gain=531.419 274.265 230.596 331.995 174.214 34.8963 14.0228 4.9345 4.59606 4.9477 4.00534 3.29371 9.98725 5.78558 2.03705 1.73126 1.02866 2.72088 3.89051 4.09674 3.98987 3.80598 6.01722 5.52327 2.21258 6.24041 13.643 3.91175 2.79759 6.81232
threshold=1.0000000180025095e-35 -0.15598179399967191 -6.7894721031188956 3.6173341274261479 14.500000000000002 38.24376296997071 -23.134503364562985 -1.0085170865058897 96.00717926025392 0.09275927767157556 2.5000000000000004 8.7722692066090357e-13 -0.033629542216658585 -0.25888420641422266 0.23002020269632342 137.46549987792972 28.774999618530277 0.020675501786172393 27.500000000000004 269.80349731445318 0.6842927634716035 0.0049818765837699184 2.5000000000000004 0.57500001788139354 0.072712808847427382 2.5000000000000004 31.500000000000004 0.1609185263514519 -0.031756978482007973 0.055788680911064155
decision_type=2 2 2 2 2 2 2 2 2 2 2 2 2 2 2 2 2 2 2 2 2 2 2 2 2 2 2 2 2 2
left_child=1 8 6 4 -4 -5 14 -8 11 10 -10 13 -13 -1 -3 -11 24 21 20 -20 -19 23 -23 -18 28 27 -27 -26 -2 -30
right_child=16 2 3 5 -6 -7 7 -9 9 15 -12 12 -14 -15 -16 -17 17 18 19 -21 -22 22 -24 -25 25 26 -28 -29 29 -31
leaf_value=4.8746513040348189e-08 4.02648620066279e-06 1.430165241884246e-06 -3.5396860624749001e-10 -3.5396860624749001e-10 -1.9817190732053505e-06 -3.5396860624749001e-10 -3.5396860624749001e-10 -3.5396860624749001e-10 -7.7610455244538583e-05 0.0031673645385312046 7.1495290132809425e-05 3.9649693512730247e-07 -1.3615844265502748e-05 -1.1539342829875787e-07 -4.4166691420853606e-05 0.00024172910171611902 0.00021465435034079841 -4.25030768860043e-05 0.00040120534610812758 -0.00077006303835453697 -0.00065627451182566777 0.00025753100128781824 -0.00041739992924507856 -9.6604918483646004e-05 1.4313279287586114e-05 0.00097581901740642976 -0.00068444226181588067 0.0092526719762856882 6.8303658579975954e-05 -9.1658271633857967e-05
leaf_weight=6084 61719 6163 19741 8389 2193 5092 975 3296 913 31 397 4269 315 2931 114 46 1073 5638 70 145 177 1066 97 2277 7132 910 339 39 3258 8952
leaf_count=6084 61719 6163 19741 8389 2193 5092 975 3296 913 31 397 4269 315 2931 114 46 1073 5638 70 145 177 1066 97 2277 7132 910 339 39 3258 8952
internal_value=-0.00240622 -0.00603414 -0.00794933 -0.00988211 -0.0136774 -0.00370707 -0.00145999 -0.0036701 -0.000160149 -0.00290195 -0.00362595 0.000119494 0.00121073 -0.000435385 4.38107e-05 0.00941558 -2.58365e-05 -0.000490847 -0.00118574 -0.0077907 -0.000941531 0.000437625 0.00290198 -0.00041791 3.3698e-05 0.000801663 0.00406325 0.00023358 -5.37678e-05 -0.000745291
internal_weight=153841 60949 45963 35415 21934 13481 10548 4271 14986 1387 1310 13599 4584 9015 6277 77 92892 10543 6030 215 5815 4513 1163 3350 82349 8420 1249 7171 73929 12210
internal_count=153841 60949 45963 35415 21934 13481 10548 4271 14986 1387 1310 13599 4584 9015 6277 77 92892 10543 6030 215 5815 4513 1163 3350 82349 8420 1249 7171 73929 12210
is_linear=0
shrinkage=0.05


Tree=288
num_leaves=28
num_cat=0
split_feature=4 3 24 32 14 21 25 32 25 39 38 38 0 3 32 2 3 0 12 25 25 34 37 3 34 37 0
split_gain=533.539 271.921 111.283 77.9427 48.5068 32.8196 24.4579 18.4479 9.58144 2.95363 6.92413 7.65971 6.9656 3.50502 8.71151 8.57211 1.0119 2.90221 1.27718 1.28099 0.965559 5.55312 22.4744 15.1931 3.44296 7.2185 5.4705
threshold=1.0000000180025095e-35 -0.15598179399967191 2.5000000000000004 14.500000000000002 1.0000000180025095e-35 1.0000000180025095e-35 0.18781586736440661 14.500000000000002 0.13655345886945727 -4.5574824810028067 0.043741106986999519 -0.32030953466892237 -0.5168200135231017 -0.80236250162124623 19.500000000000004 0.39564776420593267 0.50493973493576061 0.69536349177360546 -0.34422416985034937 0.22597272694110873 0.14307806640863421 2.5000000000000004 1.0000000180025095e-35 0.11689739674329759 2.5000000000000004 1.0000000180025095e-35 0.20854931324720385
decision_type=2 2 2 2 2 2 2 2 2 2 2 2 2 2 2 2 2 2 2 2 2 2 2 2 2 2 2
left_child=1 9 3 4 -3 7 -7 -4 -5 10 11 -1 -12 14 -11 -15 20 18 -18 -20 24 22 -22 -23 26 -26 -2
right_child=16 2 5 8 -6 6 -8 -9 -10 13 12 -13 -14 15 -16 -17 17 -19 19 -21 21 23 -24 -25 25 -27 -28
leaf_value=-3.074267121965976e-05 3.6105244412751662e-05 -3.362701759351155e-10 -3.362701759351155e-10 1.1237975702737759e-05 -3.145723460051568e-06 -3.362701759351155e-10 -3.362701759351155e-10 -1.436023629681813e-06 -5.5989840833991615e-05 -1.5937309950621589e-05 0.0030129666512486858 1.4732583449635275e-06 -7.4360625540161556e-06 1.5217502834018638e-08 0.0060051555476634804 -0.00018026856544645062 -0.00058838843315321828 0.00015510108894014799 0.00013915514136585147 -0.00044459077229457022 -0.00010496192398526802 0.00018215100318596592 8.6299366839966317e-05 -0.00021659884351999618 2.8440404720919791e-05 -9.9009247926184262e-05 -8.5436889845826825e-05
leaf_weight=77 19319 17319 6255 1248 978 16301 2818 604 440 3627 37 361 237 10332 207 108 34 38 44 37 13302 14816 12331 2685 11464 14670 4152
leaf_count=77 19319 17319 6255 1248 978 16301 2818 604 440 3627 37 361 237 10332 207 108 34 38 44 37 13302 14816 12331 2685 11464 14670 4152
internal_value=-0.00240719 -0.00604235 -0.00794933 -0.0107543 -0.0117027 -0.00579144 -0.00472697 -0.00875857 -0.000473934 -0.000193514 0.00294944 0.00684932 -0.00328467 -0.000350287 -0.00164319 0.000124521 -2.20686e-05 -0.00408497 -0.00804348 -0.00462963 -1.53657e-05 0.000157648 -0.000311122 0.000844237 -0.00016581 -0.000560572 0.000273742
internal_weight=153841 60949 45963 19985 18297 25978 19119 6859 1688 14986 712 438 274 14274 3834 10440 92892 153 115 81 92739 43134 25633 17501 49605 26134 23471
internal_count=153841 60949 45963 19985 18297 25978 19119 6859 1688 14986 712 438 274 14274 3834 10440 92892 153 115 81 92739 43134 25633 17501 49605 26134 23471
is_linear=0
shrinkage=0.05


Tree=289
num_leaves=30
num_cat=0
split_feature=4 3 24 32 14 21 25 32 25 39 3 38 3 32 2 38 39 9 38 25 38 4 3 2 25 34 3 8 11
split_gain=530.748 274.735 111.283 77.9427 48.5068 32.8196 24.4579 18.4479 7.03226 3.28305 6.4707 6.93046 2.98937 8.48525 8.0094 1.82642 1.20658 2.96072 2.96299 4.3491 2.56422 2.15314 1.18512 1.89292 1.15803 4.60137 3.32593 1.04458 0.51932
threshold=1.0000000180025095e-35 -0.15598179399967191 2.5000000000000004 14.500000000000002 1.0000000180025095e-35 1.0000000180025095e-35 0.18781586736440661 14.500000000000002 0.13655345886945727 -4.5574824810028067 -0.72040659189224232 0.043741106986999519 -0.80236250162124623 19.500000000000004 0.39564776420593267 -0.19103112071752545 -5.2819278240203849 0.29609313607215887 -0.33495599031448359 0.16399107128381732 -0.16526748985052106 9.6250000000000018 0.50493973493576061 0.78842890262603771 0.14307806640863421 2.5000000000000004 -4.3354971408843985 0.016609490849077705 0.47651654481887823
decision_type=2 2 2 2 2 2 2 2 2 2 2 2 2 2 2 2 2 2 2 2 2 2 2 2 2 2 2 2 2
left_child=1 9 3 4 -3 7 -7 -4 -5 10 15 -12 13 -11 -14 -1 17 18 21 -20 -19 -2 24 27 26 -26 -18 -24 -22
right_child=16 2 5 8 -6 6 -8 -9 -10 12 11 -13 14 -15 -16 -17 22 20 19 -21 28 -23 23 -25 25 -27 -28 -29 -30
leaf_value=0.00080561472382023299 -0.00051778137346839893 -3.1945666713835973e-10 -3.1945666713835973e-10 1.0676076917600872e-05 -2.9884372870489893e-06 -3.1945666713835973e-10 -3.1945666713835973e-10 -1.3642224481977224e-06 -5.3190348792292029e-05 -1.5140444453090509e-05 6.243544713473623e-07 -2.4789907034264506e-05 1.4456627692317706e-08 0.0057048977702803061 -0.00017125513717412808 0.0023013843210070097 0.00158559141147843 0.00013638805158295802 0.0010834060425649232 -5.1452608043265838e-05 -0.00049910130935727022 0.0001526098898509222 -0.00039434221493180846 0.00010549771788047316 -1.666745866443337e-05 9.2665316023229403e-05 -1.1805192954296266e-05 -0.00013018765641489104 -0.0008734989899820061
leaf_weight=31 64 17319 6255 1248 978 16301 2818 604 440 3627 348 230 10332 207 108 103 216 39 60 219 41 35 56 38 25305 17472 49257 59 31
leaf_count=31 64 17319 6255 1248 978 16301 2818 604 440 3627 348 230 10332 207 108 103 216 39 60 219 41 35 56 38 25305 17472 49257 59 31
internal_value=-0.00240687 -0.0060325 -0.00794933 -0.0107543 -0.0117027 -0.00579144 -0.00472697 -0.00875857 -0.000473934 -0.000153477 0.00316011 0.000865052 -0.000318761 -0.00151278 0.000119732 0.0130597 -2.79895e-05 -0.00250511 -0.000396825 0.00224014 -0.00968468 -0.00782828 -1.48805e-05 -0.00441176 -7.58808e-06 0.000182925 -0.000172316 -0.0076087 -0.0152778
internal_weight=153841 60949 45963 19985 18297 25978 19119 6859 1688 14986 712 578 14274 3834 10440 134 92892 489 378 279 111 99 92403 153 92250 42777 49473 115 72
internal_count=153841 60949 45963 19985 18297 25978 19119 6859 1688 14986 712 578 14274 3834 10440 134 92892 489 378 279 111 99 92403 153 92250 42777 49473 115 72
is_linear=0
shrinkage=0.05


Tree=290
num_leaves=31
num_cat=0
split_feature=4 3 13 13 32 13 13 24 13 1 39 2 34 25 3 22 8 20 38 18 1 1 9 9 7 34 3 0 34 3
split_gain=527.354 281.836 229.923 331.691 175.286 34.8963 13.9028 6.05665 4.59143 5.08435 4.53563 4.29163 4.08194 9.44826 5.60554 2.06915 1.03209 2.75118 4.93449 3.78596 3.69085 2.3601 8.82585 4.64745 2.18292 6.00692 4.57092 1.36113 3.41087 2.25267
threshold=1.0000000180025095e-35 -0.15598179399967191 -6.7894721031188956 3.6173341274261479 14.500000000000002 38.24376296997071 -23.134503364562985 1.5000000000000002 96.00717926025392 -0.37124831974506373 -3.5573898553848262 0.017285724170506004 2.5000000000000004 0.5147586762905122 -5.5044207572937003 0.76530429720878612 0.068927716463804259 1.0000000180025095e-35 -0.097321037203073488 -132477.64843749997 -0.53540968894958485 -1.3460178971290586 0.06090557016432286 0.11451447755098344 0.17281839996576312 3.5000000000000004 -0.2951731532812118 0.49761769175529486 3.5000000000000004 0.50493973493576061
decision_type=2 2 2 2 2 2 2 2 2 2 2 2 2 2 2 2 2 2 2 2 2 2 2 2 2 2 2 2 2 2
left_child=1 8 6 4 -4 -5 15 -8 12 10 -10 -11 14 -14 -1 -3 24 21 20 -20 -19 22 -18 -23 27 -26 -27 29 -29 -2
right_child=16 2 3 5 -6 -7 7 -9 9 11 -12 -13 13 -15 -16 -17 17 18 19 -21 -22 23 -24 -25 25 26 -28 28 -30 -31
leaf_value=8.6151092500393178e-06 3.6496421242825356e-06 1.8745219743550431e-06 -3.0348383378144177e-10 -3.0348383378144177e-10 -1.2960113257878362e-06 -3.0348383378144177e-10 -3.0348383378144177e-10 -3.0348383378144177e-10 0.0020630055329363644 0.00073569905795754049 -7.8416696972412824e-05 -8.6609457109513473e-05 -2.8947081212520875e-08 -8.5690762685918843e-06 6.9252399323664202e-08 -5.5732856770913758e-05 -0.00047434188616150147 -0.0011378175350188196 0.0024399727808527057 -0.00025139567940209373 6.1111669413286784e-05 5.1794886703032673e-05 0.0064110700282492307 -0.00051080053962792996 -0.00063088353131200085 0.0073965485355874418 7.5876884576934003e-05 -1.1362277505884532e-05 -0.00075056302497716529 -0.00035278173654346281
leaf_weight=263 82312 6075 19741 8389 2193 5092 623 3648 57 94 772 464 4855 211 8270 202 215 138 45 929 54 3660 158 1313 102 98 62 2982 748 76
leaf_count=263 82312 6075 19741 8389 2193 5092 623 3648 57 94 772 464 4855 211 8270 202 215 138 45 929 54 3660 158 1313 102 98 62 2982 748 76
internal_value=-0.00239387 -0.00600789 -0.00794933 -0.00987929 -0.0136728 -0.00370707 -0.00146947 -0.0036701 -5.33832e-05 -0.0027938 -0.00527744 0.000896057 0.00022612 -0.000898144 0.00089359 2.78796e-05 -2.26069e-05 -0.000629607 -0.00283019 -0.00138604 -0.0101563 -0.000149645 0.00368633 -0.000437362 2.31535e-05 0.00458015 0.010625 9.28958e-06 -0.000924933 5.15852e-05
internal_weight=153841 60949 45963 35415 21934 13481 10548 4271 14986 1387 829 558 13599 5066 8533 6277 92892 6512 1166 974 192 5346 373 4973 86380 262 160 86118 3730 82388
internal_count=153841 60949 45963 35415 21934 13481 10548 4271 14986 1387 829 558 13599 5066 8533 6277 92892 6512 1166 974 192 5346 373 4973 86380 262 160 86118 3730 82388
is_linear=0
shrinkage=0.05


Tree=291
num_leaves=31
num_cat=0
split_feature=4 3 13 13 32 13 13 24 13 1 22 34 25 3 0 38 9 3 7 4 13 38 0 38 22 34 2 34 12 13
split_gain=527.129 281.277 229.405 331.691 175.286 34.8963 13.7832 6.05665 4.32042 5.13271 4.73315 3.80981 9.4843 4.53935 3.63148 1.75792 1.00197 3.07956 3.0051 2.65509 2.23905 3.75169 7.64869 4.11376 2.98238 5.87914 3.29983 1.75508 1.03005 1.06667
threshold=1.0000000180025095e-35 -0.15598179399967191 -6.7894721031188956 3.6173341274261479 14.500000000000002 38.24376296997071 -23.134503364562985 1.5000000000000002 96.00717926025392 -0.37124831974506373 0.091555610299110426 2.5000000000000004 0.5147586762905122 -5.5044207572937003 -0.18647680431604383 0.23002020269632342 0.05673975124955178 -7.0460891723632804 0.0091192340478301066 8.2249999046325701 531.17214965820324 -0.053582279011607163 -0.05569826811552047 -0.050214776769280427 0.4869313389062882 5.0000000000000009 -0.85274317860603321 2.5000000000000004 -0.28475698828697199 15.890574455261232
decision_type=2 2 2 2 2 2 2 2 2 2 2 2 2 2 2 2 2 2 2 2 2 2 2 2 2 2 2 2 2 2
left_child=1 8 6 4 -4 -5 15 -8 11 14 -11 13 -13 -1 -10 -3 20 28 27 -20 24 22 -22 -23 26 -26 -2 -19 29 -18
right_child=16 2 3 5 -6 -7 7 -9 9 10 -12 12 -14 -15 -16 -17 17 18 19 -21 21 23 -24 -25 25 -27 -28 -29 -30 -31
leaf_value=8.1843537875373519e-06 0.0024141149565503556 1.780795875637291e-06 -2.8830964209236971e-10 -2.8830964209236971e-10 -1.2312107594984443e-06 -2.8830964209236971e-10 -2.8830964209236971e-10 -2.8830964209236971e-10 -5.6420967712533172e-05 -0.00027228749492835933 0.00012744327134279346 -2.7499727151894832e-08 -8.1406224551622901e-06 6.5789779357480992e-08 -0.00013869695506630084 -4.2052050162186521e-05 -0.00010339375446745039 -3.9400380778091203e-05 3.1673962225307882e-05 -3.3241669536979897e-05 -0.00056149570971506457 0.0027721336497177952 0.00012710303739635678 0.00013548773172630604 -6.7765695116367907e-05 -0.00074861445634277074 8.5740574734690343e-06 -0.00017819727835979602 0.0012484443683648868 0.0015031297006299219
leaf_weight=263 94 6163 19741 8389 2193 5092 623 3648 645 30 528 4855 211 8270 184 114 30 1281 15186 28182 288 47 685 4079 7956 218 33993 766 57 30
leaf_count=263 94 6163 19741 8389 2193 5092 623 3648 645 30 528 4855 211 8270 184 114 30 1281 15186 28182 288 47 685 4079 7956 218 33993 766 57 30
internal_value=-0.00239874 -0.00601199 -0.0079515 -0.00987929 -0.0136728 -0.00370707 -0.00147895 -0.0036701 -6.33925e-05 -0.0027217 0.000985663 0.000207736 -0.000878405 0.000852572 -0.00521713 1.19484e-05 -2.79895e-05 -0.000195467 -0.000216338 -0.000127975 0.000133024 0.00112277 -0.00167009 0.00178139 1.36059e-05 -0.00084414 0.000219292 -0.00208842 0.00790598 0.00333333
internal_weight=153841 60949 45963 35415 21934 13481 10548 4271 14986 1387 558 13599 5066 8533 829 6277 92892 45532 45415 43368 47360 5099 973 4126 42261 8174 34087 2047 117 60
internal_count=153841 60949 45963 35415 21934 13481 10548 4271 14986 1387 558 13599 5066 8533 829 6277 92892 45532 45415 43368 47360 5099 973 4126 42261 8174 34087 2047 117 60
is_linear=0
shrinkage=0.05


Tree=292
num_leaves=29
num_cat=0
split_feature=4 13 13 13 32 13 1 1 13 25 25 2 25 13 13 37 8 9 2 21 2 7 34 11 0 25 2 4
split_gain=528.95 219.473 347.685 150.416 163.332 49.6259 19.6086 14.9619 9.54033 8.27479 3.6453 4.76257 3.77269 1.30929 1.29714 1.15409 1.05281 2.46557 3.06886 2.68822 2.61379 1.83358 4.95304 2.50401 1.24647 3.26674 2.06784 0.998812
threshold=1.0000000180025095e-35 -6.7894721031188956 0.00075226789808231222 -0.064914468675851808 14.500000000000002 13.859466075897219 -0.12082739174365996 0.40330043435096746 -23.134503364562985 0.079235587269067778 0.55047348141670238 -0.17243832349777219 1.0000000180025095e-35 -906.40237426757801 -27.238594055175778 1.0000000180025095e-35 0.068927716463804259 0.55574390292167675 0.78842890262603771 0.72499999403953563 0.42572966217994695 0.17281839996576312 3.5000000000000004 0.34791304171085363 0.49761769175529486 0.36725123226642614 0.4156948477029801 46.475000381469734
decision_type=2 2 2 2 2 2 2 2 2 2 2 2 2 2 2 2 2 2 2 2 2 2 2 2 2 2 2 2
left_child=1 8 3 9 -5 6 -4 -7 13 -3 12 -12 -10 15 -15 -1 21 18 20 -20 -18 24 27 -24 26 -26 -2 -23
right_child=16 2 5 4 -6 7 -8 -9 10 -11 11 -13 -14 14 -16 -17 17 -19 19 -21 -22 22 23 -25 25 -27 -28 -29
leaf_value=8.2723681404466706e-05 -9.2170076574590634e-07 -2.7389415998775121e-10 -2.7389415998775121e-10 -2.7389415998775121e-10 -1.169650221523522e-06 -2.7389415998775121e-10 -2.7389415998775121e-10 -2.7389415998775121e-10 -2.1234980969518658e-08 -2.7389415998775121e-10 0.00095972925209311839 -2.5097543333571044e-05 -2.7389415998775121e-10 -1.0292972508332937e-05 5.990850236279476e-06 0.0018768769853795199 -0.00013559602868521426 0.0075760736645211326 -9.8591357933734632e-05 -0.0011292604206207164 0.00015581949834073963 -4.7794264528675667e-05 -0.00032147966037102338 0.0056449750150562401 -3.3603223895800618e-05 -0.00025592701324680614 8.021886480960393e-05 -0.00090697970548815968
leaf_weight=46 76520 3603 3325 14988 1771 12617 6004 208 225 2169 43 115 5599 9225 977 34 4891 41 52 55 1473 66 30 130 3316 414 5868 36
leaf_count=46 76520 3603 3325 14988 1771 12617 6004 208 225 2169 43 115 5599 9225 977 34 4891 41 52 55 1473 66 30 130 3316 414 5868 36
internal_value=-0.00239907 -0.00601856 -0.00782869 -0.0122021 -0.0145996 -0.00338088 -0.00615554 -0.00136257 -0.00104525 -0.00524082 -0.0026329 -0.0101266 -0.0024296 -0.000121572 -0.000171535 0.00625 -2.42217e-05 -0.000637285 -0.000714727 -0.00911215 -0.000573539 2.19958e-05 0.00419847 0.0096875 9.28958e-06 -0.000884718 4.97645e-05 -0.00441176
internal_weight=153841 60949 44685 22531 16759 22154 9329 12825 16264 5772 5982 158 5824 10282 10202 80 92892 6512 6471 107 6364 86380 262 160 86118 3730 82388 102
internal_count=153841 60949 44685 22531 16759 22154 9329 12825 16264 5772 5982 158 5824 10282 10202 80 92892 6512 6471 107 6364 86380 262 160 86118 3730 82388 102
is_linear=0
shrinkage=0.05


Tree=293
num_leaves=31
num_cat=0
split_feature=4 3 13 13 32 13 13 24 13 34 1 34 25 39 0 1 39 9 2 25 13 7 8 32 3 37 14 13 2 8
split_gain=520.483 275.227 245.202 331.691 175.286 34.8963 9.63183 7.40991 4.85693 4.61921 4.1845 3.78406 9.4843 4.82716 3.40294 1.71118 1.11507 2.6805 2.5551 2.33654 1.95401 1.10601 1.01472 4.66933 8.7465 6.79297 3.54761 7.10135 3.47464 0.508669
threshold=1.0000000180025095e-35 -0.15598179399967191 -6.7894721031188956 3.6173341274261479 14.500000000000002 38.24376296997071 -23.134503364562985 1.5000000000000002 96.00717926025392 1.5000000000000002 -2.0014209747314449 2.5000000000000004 0.5147586762905122 2.2924182415008549 -0.00040005924529395992 0.42490811645984655 -5.2819278240203849 0.29609313607215887 0.11188825592398645 0.24826548248529437 -1061.817687988281 0.048134511336684234 0.021740046329796318 14.500000000000002 -0.021706339903175827 1.0000000180025095e-35 1.0000000180025095e-35 1001.747528076172 -0.10309716314077376 0.028813026845455173
decision_type=2 2 2 2 2 2 2 2 2 2 2 2 2 2 2 2 2 2 2 2 2 2 2 2 2 2 2 2 2 2
left_child=1 8 6 4 -4 -5 15 -8 11 14 -11 13 -13 -1 -10 -3 17 18 20 -19 -2 -21 26 25 -25 -24 28 -28 -18 -20
right_child=16 2 3 5 -6 -7 7 -9 9 10 -12 12 -14 -15 -16 -17 22 19 29 21 -22 -23 23 24 -26 -27 27 -29 -30 -31
leaf_value=1.6316131073857811e-07 -0.00080045637400499338 1.0776290668493282e-06 -2.601994519883637e-10 -2.601994519883637e-10 -1.1111677104473459e-06 -2.601994519883637e-10 -2.601994519883637e-10 -2.601994519883637e-10 -5.0382567382730764e-05 -5.3669673516260345e-05 0.00018977658382679681 -2.6111046086300702e-08 -7.7335776376961764e-06 -3.2223612502809194e-06 -0.00024298835765990245 -7.6836988870587013e-05 9.9715813969377282e-05 3.3361167242256659e-05 -0.00034801327010582566 -0.00055337863929495604 0.00023394517691276899 -0.00086271440117582367 -9.6400294267477815e-05 0.0010173647029823516 -0.00017312202399401879 2.1751549746533082e-05 2.4407655767284647e-05 0.00029297429284864327 -1.116876132510273e-05 -0.0005953673306598198
leaf_weight=8321 38 6239 19741 8389 2193 5092 623 3648 541 85 587 4855 211 212 174 38 4278 31 30 46 278 34 15322 1633 1044 19427 7399 1459 41841 32
leaf_count=8321 38 6239 19741 8389 2193 5092 623 3648 541 85 587 4855 211 212 174 38 4278 31 30 46 278 34 15322 1633 1044 19427 7399 1459 41841 32
internal_value=-0.00237729 -0.00596769 -0.00788623 -0.00987929 -0.0136728 -0.00370707 -0.00119454 -0.00302622 -8.34112e-05 -0.00290195 7.44048e-05 0.000204059 -0.000878405 0.000846713 -0.0056993 5.17763e-05 -2.15304e-05 -0.00240286 -0.000396825 -0.00923423 0.00142405 -0.01375 -8.92828e-06 -0.000209747 0.00180239 -0.000364759 0.000127781 0.00104425 -4.82448e-05 -0.00967742
internal_weight=153841 60949 45963 35415 21934 13481 10548 4271 14986 1387 672 13599 5066 8533 715 6277 92892 489 378 111 316 80 92403 37426 2677 34749 54977 8858 46119 62
internal_count=153841 60949 45963 35415 21934 13481 10548 4271 14986 1387 672 13599 5066 8533 715 6277 92892 489 378 111 316 80 92403 37426 2677 34749 54977 8858 46119 62
is_linear=0
shrinkage=0.05


Tree=294
num_leaves=31
num_cat=0
split_feature=4 13 13 13 32 13 1 1 39 39 1 2 1 24 13 39 39 9 2 13 18 21 39 32 39 34 21 39 22 13
split_gain=522.761 233.995 351.714 152.823 165.033 50.2332 19.1188 14.9794 7.68164 7.12088 7.03723 5.25277 4.87166 3.98308 8.80977 4.31192 1.20396 2.60086 2.27488 2.17811 1.49259 1.03959 5.02741 13.6156 4.78933 18.1337 4.07098 3.05598 0.74837 0.518472
threshold=1.0000000180025095e-35 -6.7894721031188956 0.00075226789808231222 -0.064914468675851808 14.500000000000002 13.859466075897219 -0.12082739174365996 0.40330043435096746 -2.8142793178558345 2.5612684488296513 -0.094931427389383302 0.097084917128086104 0.0025164757389575247 2.5000000000000004 -17.055952072143551 -4.1913771629333487 -5.2819278240203849 0.29609313607215887 0.095260594040155425 -837.81671142578114 164.40261840820315 0.72499999403953563 -2.7474482059478755 2.5000000000000004 -3.4379010200500484 3.5000000000000004 0.37500000000000006 -1.0000000180025095e-35 2.0120359659194951 3.6173341274261479
decision_type=2 2 2 2 2 2 2 2 2 2 2 2 2 2 2 2 2 2 2 2 2 2 2 2 2 2 2 2 2 2
left_child=1 9 3 8 -5 6 -4 -7 -3 13 11 -11 -12 14 -1 -15 17 18 19 -2 28 22 23 -18 25 -23 -24 -26 -19 -20
right_child=16 2 5 4 -6 7 -8 -9 -10 10 12 -13 -14 15 -16 -17 21 20 29 -21 -22 24 26 -25 27 -27 -28 -29 -30 -31
leaf_value=-2.8623357240002415e-06 -0.00060513034008496394 -2.4718947938894551e-10 -2.4718947938894551e-10 -2.4718947938894551e-10 -1.0556093249249785e-06 -2.4718947938894551e-10 -2.4718947938894551e-10 -2.4718947938894551e-10 -2.4718947938894551e-10 -2.4718947938894551e-10 1.9466600919162229e-05 -1.6701900091144659e-05 -2.4718947938894551e-10 0.00070918347363093314 -2.4718947938894551e-10 -2.4718947938894551e-10 -2.9256947594308602e-05 -5.3086719508114133e-05 -0.00058745129338969287 0.00027016723933263442 -0.00078840841560330719 0.00045717812706334572 -2.1187861569256246e-06 -0.00057923175871295296 -4.9208464802321612e-05 -0.00030642007591412737 8.2988001126367214e-05 2.0064198936287344e-06 -0.00038992604761752642 -0.00014036391775174226
leaf_weight=3398 43 1059 3325 14988 1771 12617 6004 208 4713 336 477 80 468 326 1312 9867 3468 34 41 244 31 1847 25081 411 17443 566 13783 29804 46 50
leaf_count=3398 43 1059 3325 14988 1771 12617 6004 208 4713 336 477 80 468 326 1312 9867 3468 34 41 244 31 1847 25081 411 17443 566 13783 29804 46 50
internal_value=-0.00239159 -0.00598984 -0.0078589 -0.0122576 -0.0146742 -0.00338539 -0.00617698 -0.00135478 -0.00524082 -0.000854648 -0.00431668 -0.00973558 -0.00193122 -0.000538482 -0.00174098 1.71686e-05 -3.06808e-05 -0.00250511 -0.000529101 0.00165505 -0.00923423 -1.7586e-05 0.000163185 -0.00155324 -0.000173178 0.00199959 0.0003345 -0.000284145 -0.005625 -0.00741758
internal_weight=153841 60949 44685 22531 16759 22154 9329 12825 5772 16264 1361 416 945 14903 4710 10193 92892 489 378 287 111 92403 42743 3879 49660 2413 38864 47247 80 91
internal_count=153841 60949 44685 22531 16759 22154 9329 12825 5772 16264 1361 416 945 14903 4710 10193 92892 489 378 287 111 92403 42743 3879 49660 2413 38864 47247 80 91
is_linear=0
shrinkage=0.05


Tree=295
num_leaves=31
num_cat=0
split_feature=5 3 13 13 32 13 13 24 13 1 1 38 0 1 0 38 22 25 3 9 32 5 0 37 34 32 34 32 39 2
split_gain=521.929 266.386 250.043 331.691 175.286 34.8963 8.35816 8.04253 4.26005 4.69888 3.96056 3.86834 4.54595 3.56555 3.31745 1.78076 1.01199 4.23752 6.20419 2.72165 2.62836 2.16626 2.16325 1.6129 31.93 27.9768 19.4998 17.8037 9.7314 9.31288
threshold=1.0000000180025095e-35 -0.15598179399967191 -6.7894721031188956 3.6173341274261479 14.500000000000002 38.24376296997071 -23.134503364562985 1.5000000000000002 96.00717926025392 -1.3460178971290586 -1.0923696160316465 -0.28505955636501307 0.01380800222977996 -2.2224216461181636 -0.3102975040674209 0.23002020269632342 0.10247942805290224 0.50130507349967968 -0.14038556814193723 0.67827251553535473 14.500000000000002 6.9249999523162851 0.061417696997523315 1.0000000180025095e-35 2.5000000000000004 2.5000000000000004 2.5000000000000004 8.5000000000000018 -1.3469454646110532 0.05508862808346749
decision_type=2 2 2 2 2 2 2 2 2 2 2 2 2 2 2 2 2 2 2 2 2 2 2 2 2 2 2 2 2 2
left_child=1 8 6 4 -4 -5 15 -8 11 14 -11 12 -1 -13 -10 -3 17 19 20 21 -19 -2 -21 24 29 -26 28 -28 -25 -18
right_child=16 2 3 5 -6 -7 7 -9 9 10 -12 13 -14 -15 -16 -17 23 18 -20 22 -22 -23 -24 26 25 -27 27 -29 -30 -31
leaf_value=-7.6778257896052752e-06 6.2644767333969008e-05 1.4814489028989983e-06 -2.3483000541949821e-10 -2.3483000541949821e-10 -1.0028288586787296e-06 -2.3483000541949821e-10 -2.3483000541949821e-10 -2.3483000541949821e-10 -5.0916409596911535e-05 0.0015188126435244167 -0.00021307109051301612 7.3059284495707858e-06 -9.0263350662180174e-05 -8.82658997810107e-11 -3.664498042950744e-05 -3.9488668122529048e-05 -3.7879121749395675e-05 0.00042248200421224347 -0.00023902983140977236 -0.00022057562405520989 -0.00090968687557052607 -9.4588042206062914e-06 0.00019013748528180549 -1.5916329313251169e-05 5.9012473626184059e-05 0.0022744131895263103 -3.6776636087281285e-05 -0.00053169661124319908 0.00015074283861899794 -0.00020030290874676208
leaf_weight=256 1959 6163 19741 8389 2193 5092 623 3648 257 76 954 813 40 12490 100 114 11038 359 55 192 32 4327 83 9085 15831 1757 20861 2219 16478 8616
leaf_count=256 1959 6163 19741 8389 2193 5092 623 3648 257 76 954 813 40 12490 100 114 11038 359 55 192 32 4327 83 9085 15831 1757 20861 2219 16478 8616
internal_value=-0.00238379 -0.00597918 -0.00786665 -0.00987929 -0.0136728 -0.00370707 -0.00110922 -0.0028155 -0.000190177 -0.00282985 -0.0011165 7.90499e-05 -0.00557432 0.000204841 -0.00777311 5.17763e-05 -2.47599e-05 0.000553018 0.00526906 0.000232434 0.00748082 0.000445434 -0.00463636 -7.18985e-05 -0.000319532 0.00122811 0.000117694 -0.000935875 0.00106893 -0.00170449
internal_weight=153841 60949 45963 35415 21934 13481 10548 4271 14986 1387 1030 13599 296 13303 357 6277 92892 7007 446 6561 391 6286 275 85885 37242 17588 48643 23080 25563 19654
internal_count=153841 60949 45963 35415 21934 13481 10548 4271 14986 1387 1030 13599 296 13303 357 6277 92892 7007 446 6561 391 6286 275 85885 37242 17588 48643 23080 25563 19654
is_linear=0
shrinkage=0.05


Tree=296
num_leaves=31
num_cat=0
split_feature=5 13 13 13 32 13 1 1 25 13 24 39 22 39 25 34 22 25 39 38 9 9 5 2 7 11 1 21 2 0
split_gain=522.145 237.576 355.968 154.568 166.263 50.1419 19.4855 15.0058 8.27479 5.60037 7.84344 4.47765 3.19077 1.62672 3.48145 1.67725 1.04238 3.46997 3.46382 3.48634 2.01949 2.15778 2.00556 1.71985 1.52474 2.96596 4.30667 2.57396 1.71778 4.82376
threshold=1.0000000180025095e-35 -6.7894721031188956 0.00075226789808231222 -0.064914468675851808 14.500000000000002 13.859466075897219 -0.12082739174365996 0.40330043435096746 0.079235587269067778 -23.134503364562985 2.5000000000000004 2.5612684488296513 1.0404728055000307 -3.0315108299255367 0.33797958493232733 1.0000000180025095e-35 0.10247942805290224 0.50130507349967968 1.1238195300102236 0.061989651992917068 0.65806415677070629 0.62966835498809826 24.07499980926514 0.11006521806120874 0.011451756581664087 0.022847821004688743 -0.57997438311576832 0.67499998211860668 0.029382190667092804 -0.079596530646085725
decision_type=2 2 2 2 2 2 2 2 2 2 2 2 2 2 2 2 2 2 2 2 2 2 2 2 2 2 2 2 2 2
left_child=1 9 3 8 -5 6 -4 -7 -3 13 12 -12 -11 14 -1 -15 17 20 19 -19 21 -2 -20 -22 28 26 -26 -27 29 -18
right_child=16 2 5 4 -6 7 -8 -9 -10 10 11 -13 -14 15 -16 -17 24 18 22 -21 23 -23 -24 -25 25 27 -28 -29 -30 -31
leaf_value=-6.2616635730236328e-05 8.1570288012698323e-06 -2.2308850514852331e-10 -2.2308850514852331e-10 -2.2308850514852331e-10 -9.5268741574479319e-07 -2.2308850514852331e-10 -2.2308850514852331e-10 -2.2308850514852331e-10 -2.2308850514852331e-10 -2.2308850514852331e-10 -2.2308850514852331e-10 -2.2308850514852331e-10 4.8905432186553586e-07 6.5721653619766468e-05 0.0012164135415750766 -4.2021634519690606e-06 -1.3962671641626682e-05 -1.4211168001722516e-05 0.0010064664527175381 0.0008804438339370859 -0.000198325588224158 0.00085839547918578488 0.00016191661166949111 0.00014364892553827405 -0.00014039234201072837 1.5462634924858897e-05 8.100584240028683e-05 -3.6366145075269164e-05 -7.4634202579947247e-06 -0.00015129912242934051
leaf_weight=1047 6221 3603 3325 14988 1771 12617 6004 208 2169 2000 3384 559 39 1632 35 7568 2949 259 72 67 219 39 48 82 2612 25216 11716 34499 7598 1295
leaf_count=1047 6221 3603 3325 14988 1771 12617 6004 208 2169 2000 3384 559 39 1632 35 7568 2949 259 72 67 219 39 48 82 2612 25216 11716 34499 7598 1295
internal_value=-0.00239289 -0.00598902 -0.00787233 -0.0122975 -0.0147279 -0.00337185 -0.0061609 -0.00134308 -0.00524082 -0.000814683 -0.00203109 -0.00072914 -0.0045488 -0.000106983 -0.00194085 0.000108696 -3.33721e-05 0.000553018 0.00482063 0.00214724 0.000262917 0.000455272 0.0120833 -0.00373754 -8.12133e-05 3.03877e-06 0.000649079 -0.000151972 -0.000608005 -0.00141376
internal_weight=153841 60949 44685 22531 16759 22154 9329 12825 5772 16264 5982 3943 2039 10282 1082 9200 92892 7007 446 326 6561 6260 120 301 85885 74043 14328 59715 11842 4244
internal_count=153841 60949 44685 22531 16759 22154 9329 12825 5772 16264 5982 3943 2039 10282 1082 9200 92892 7007 446 326 6561 6260 120 301 85885 74043 14328 59715 11842 4244
is_linear=0
shrinkage=0.05


Tree=297
num_leaves=29
num_cat=0
split_feature=5 3 13 13 32 13 13 24 13 1 1 13 25 32 0 22 1 13 13 2 5 5 9 37 8 32 9 25
split_gain=524.048 262.844 249.503 331.691 175.286 34.8963 8.26554 8.04253 3.75463 4.90673 3.75685 7.86836 4.02113 3.64581 3.31745 1.79041 1.03473 2.71627 2.50733 1.45489 2.41277 1.03501 1.37531 1.51281 1.04174 2.03484 1.32801 0.977655
threshold=1.0000000180025095e-35 -0.15598179399967191 -6.7894721031188956 3.6173341274261479 14.500000000000002 38.24376296997071 -23.134503364562985 1.5000000000000002 96.00717926025392 -1.3460178971290586 -2.7169306278228755 -70.99575042724608 0.94038414955139171 14.500000000000002 -0.3102975040674209 0.19166000187397006 0.47194734215736395 34.479795455932624 -206.63523101806638 0.74247610569000255 8.8250002861022967 0.12500000372529033 0.49559846520423895 1.0000000180025095e-35 0.00061989875393919658 19.500000000000004 0.87029969692230236 0.20246493816375735
decision_type=2 2 2 2 2 2 2 2 2 2 2 2 2 2 2 2 2 2 2 2 2 2 2 2 2 2 2 2
left_child=1 8 6 4 -4 -5 15 -8 10 14 11 -1 -12 -11 -10 -3 21 18 -18 20 -19 22 23 -2 25 -23 -26 -21
right_child=16 2 3 5 -6 -7 7 -9 9 13 12 -13 -14 -15 -16 -17 17 19 -20 27 -22 24 -24 -25 26 -27 -28 -29
leaf_value=-2.8075894917863679e-05 1.3113344763310666e-05 -9.5530528226052409e-06 -2.1193407989109714e-10 -2.1193407989109714e-10 -9.0505304495755354e-07 -2.1193407989109714e-10 -2.1193407989109714e-10 -2.1193407989109714e-10 -4.8370577962640704e-05 -0.00019949595744882058 9.8645363579800608e-09 1.41549035184134e-05 -1.8260296572227772e-05 0.0026868825942670434 -3.4812720253606809e-05 2.5450641679281581e-05 -0.00045061311712240497 -0.00046292836700524177 0.00037589745288897592 -0.00053030139292494806 -0.0015811590756819047 -2.1240253801966832e-05 -0.00021503433648450461 0.00027202544006053631 -1.876671841723101e-06 -0.00051653323755731367 0.00021485702990543516 0.00013603522629835452
leaf_weight=138 178 3341 19741 8389 2193 5092 623 3648 257 972 12680 278 503 58 100 2936 38 38 54 33 35 1960 40 176 89440 229 640 31
leaf_count=138 178 3341 19741 8389 2193 5092 623 3648 257 972 12680 278 503 58 100 2936 38 38 54 33 35 1960 40 176 89440 229 640 31
internal_value=-0.00239127 -0.00599395 -0.00786883 -0.00987929 -0.0136728 -0.00370707 -0.0011187 -0.0028155 -0.000243561 -0.0027217 9.19185e-06 0.0046875 -0.000138436 -0.000970874 -0.00777311 3.58451e-05 -2.74512e-05 -0.00338428 0.00326087 -0.00784672 -0.0126712 -1.91554e-05 0.00253807 0.00353107 -3.00751e-05 -0.00110781 -3.88544e-06 -0.00234375
internal_weight=153841 60949 45963 35415 21934 13481 10548 4271 14986 1387 13599 416 13183 1030 357 6277 92892 229 92 137 73 92663 394 354 92269 2189 90080 64
internal_count=153841 60949 45963 35415 21934 13481 10548 4271 14986 1387 13599 416 13183 1030 357 6277 92892 229 92 137 73 92663 394 354 92269 2189 90080 64
is_linear=0
shrinkage=0.05


Tree=298
num_leaves=31
num_cat=0
split_feature=4 3 13 13 32 13 13 24 13 22 22 37 38 0 39 38 8 38 3 37 4 18 32 2 39 3 22 3 25 37
split_gain=524.526 262.079 249.773 331.691 175.286 34.8963 8.31178 8.04253 3.3019 4.40772 4.47743 4.45855 3.51482 4.64445 3.5444 1.77618 1.00247 3.54866 4.15985 4.37751 3.09907 3.20588 2.38219 1.75707 7.02096 7.43363 5.5708 3.63742 7.33502 3.97673
threshold=1.0000000180025095e-35 -0.15598179399967191 -6.7894721031188956 3.6173341274261479 14.500000000000002 38.24376296997071 -23.134503364562985 1.5000000000000002 96.00717926025392 0.47061069309711462 0.091555610299110426 1.0000000180025095e-35 -0.28505955636501307 0.01380800222977996 -4.5574824810028067 0.23002020269632342 0.046260435134172447 0.4563125222921372 0.24190292507410052 1.0000000180025095e-35 19.774999618530277 -24379.449218749996 2.5000000000000004 0.33334046602249151 -0.35300403833389277 -1.8692067265510557 0.66842818260192882 0.18489767611026767 0.50130507349967968 1.0000000180025095e-35
decision_type=2 2 2 2 2 2 2 2 2 2 2 2 2 2 2 2 2 2 2 2 2 2 2 2 2 2 2 2 2 2
left_child=1 8 6 4 -4 -5 15 -8 12 10 -10 -11 13 -1 -14 -3 23 20 19 -19 22 -22 -18 27 26 -26 -25 29 -29 -2
right_child=16 2 3 5 -6 -7 7 -9 9 11 -12 -13 14 -15 -16 -17 17 18 -20 -21 21 -23 -24 24 25 -27 -28 28 -30 -31
leaf_value=-8.790467757307853e-06 -2.0719398364782862e-05 1.5606654804344401e-06 -2.0133737589654228e-10 -2.0133737589654228e-10 -8.5980039270967581e-07 -2.0133737589654228e-10 -2.0133737589654228e-10 -2.0133737589654228e-10 -0.00022589531269224719 -5.8688518258678761e-05 9.3586196157238478e-05 0.00054986965317875807 6.1132862117583973e-07 -8.3630648273186933e-05 -7.5518483146820241e-09 -3.8574569329467265e-05 -1.0928236219076571e-05 -0.00016201996453323842 -0.00073637889015140028 0.0011685911340710842 0.00013688155446930691 -0.00017221466724215906 0.00094190188729239622 -0.00026626691597373976 0.0040820428199548906 7.0686631170562359e-06 8.5840667886268221e-06 0.00010835301931749458 -0.00066278260870015039 2.7573476797498193e-05
leaf_weight=256 29028 6163 19741 8389 2193 5092 623 3648 30 627 599 131 592 40 12711 114 6843 81 47 200 1342 4992 613 2228 142 8396 1416 4195 114 33255
leaf_count=256 29028 6163 19741 8389 2193 5092 623 3648 30 627 599 131 592 40 12711 114 6843 81 47 200 1342 4992 613 2228 142 8396 1416 4195 114 33255
internal_value=-0.00239127 -0.00599559 -0.00786774 -0.00987929 -0.0136728 -0.00370707 -0.00111396 -0.0028155 -0.00025357 -0.00257751 0.000516693 -0.00514512 -1.65453e-05 -0.00540541 0.00010336 4.38107e-05 -2.63747e-05 -0.000414365 0.00472561 0.00702847 -0.000536621 -0.00134986 0.000154238 4.31614e-05 -0.000508948 0.00027524 -0.00234632 0.000144161 0.00154908 4.69631e-05
internal_weight=153841 60949 45963 35415 21934 13481 10548 4271 14986 1387 629 758 13599 296 13303 6277 92892 14118 328 281 13790 6334 7456 78774 12182 8538 3644 66592 4309 62283
internal_count=153841 60949 45963 35415 21934 13481 10548 4271 14986 1387 629 758 13599 296 13303 6277 92892 14118 328 281 13790 6334 7456 78774 12182 8538 3644 66592 4309 62283
is_linear=0
shrinkage=0.05


Tree=299
num_leaves=31
num_cat=0
split_feature=4 3 13 13 32 13 13 24 13 1 37 1 13 13 1 38 8 20 38 21 14 1 9 38 7 34 3 38 39 0
split_gain=523.049 263.229 249.773 331.691 175.286 34.8963 8.31178 8.04253 3.1463 4.55128 5.23081 4.0708 3.12864 7.75552 7.04528 1.77618 0.953949 2.4752 4.75857 3.65855 5.79715 3.51942 2.59573 2.54603 1.84122 3.88931 3.69056 1.3258 5.19139 1.25503
threshold=1.0000000180025095e-35 -0.15598179399967191 -6.7894721031188956 3.6173341274261479 14.500000000000002 38.24376296997071 -23.134503364562985 1.5000000000000002 96.00717926025392 -0.37124831974506373 1.0000000180025095e-35 -0.16112720221281049 8.7722692066090357e-13 -1.0000000180025095e-35 -0.031756978482007973 0.23002020269632342 0.068927716463804259 1.0000000180025095e-35 -0.097321037203073488 0.97499999403953563 -1.0000000180025095e-35 -0.53540968894958485 0.19746561348438266 -0.0448031798005104 0.17281839996576312 3.5000000000000004 -0.32147389650344843 -0.57218551635742176 -0.1832860931754112 0.49761769175529486
decision_type=2 2 2 2 2 2 2 2 2 2 2 2 2 2 2 2 2 2 2 2 2 2 2 2 2 2 2 2 2 2
left_child=1 8 6 4 -4 -5 15 -8 12 10 -10 -11 13 -1 -14 -3 24 19 21 20 -18 -19 -21 -20 27 -26 -27 28 -2 -29
right_child=16 2 3 5 -6 -7 7 -9 9 11 -12 -13 14 -15 -16 -17 17 18 23 22 -22 -23 -24 -25 25 26 -28 29 -30 -31
leaf_value=2.765209053864687e-09 0.0019745295082244834 1.482632206412718e-06 -1.9127050710171516e-10 -1.9127050710171516e-10 -8.1681037307419193e-07 -1.9127050710171516e-10 -1.9127050710171516e-10 -1.9127050710171516e-10 -6.0847323642623899e-05 0.00054581416614914603 0.0001953625458317403 -0.00021460054705763483 4.5403731975213055e-07 -4.1098280811134809e-08 -1.2932481878531339e-05 -3.6645840862993898e-05 0.0011904319899578549 -0.0010631534768401865 0.0012933707744033547 -0.00045757176229635385 -1.2566262849610793e-05 5.7268532187163879e-05 0.0012113575479589642 -0.00023580267439444227 -0.00060086960654658875 0.0071827082319437553 8.79855575482369e-05 2.0143753738393352e-06 -0.00028235021065574145 -6.9746358055085451e-05
leaf_weight=7894 101 6163 19741 8389 2193 5092 623 3648 588 264 241 294 4286 1121 298 114 462 138 61 1087 3617 54 180 913 102 94 66 82221 69 3727
leaf_count=7894 101 6163 19741 8389 2193 5092 623 3648 588 264 241 294 4286 1121 298 114 462 138 61 1087 3617 54 180 913 102 94 66 82221 69 3727
internal_value=-0.00239224 -0.00599148 -0.00786774 -0.00987929 -0.0136728 -0.00370707 -0.00111396 -0.0028155 -0.000236888 -0.00250541 -0.00485525 0.000985663 -5.51511e-06 -0.000546312 0.00105803 4.38107e-05 -3.06808e-05 -0.000614251 -0.00270154 -0.000158997 0.000569993 -0.00989583 -0.00250592 -0.00128337 1.33133e-05 0.00419847 0.0090625 5.80599e-07 0.00441176 -8.14446e-06
internal_weight=153841 60949 45963 35415 21934 13481 10548 4271 14986 1387 829 558 13599 9015 4584 6277 92892 6512 1166 5346 4079 192 1267 974 86380 262 160 86118 170 85948
internal_count=153841 60949 45963 35415 21934 13481 10548 4271 14986 1387 829 558 13599 9015 4584 6277 92892 6512 1166 5346 4079 192 1267 974 86380 262 160 86118 170 85948
is_linear=0
shrinkage=0.05


end of trees

feature_importances:
cvd_slope=1560
close_vs_vwap_pct=896
minutes_since_open=618
close_vs_vah_pct=602
underlying_return_5bar=510
moneyness_pct=504
close_vs_val_pct=493
va_width_pct=474
nearest_lvn_distance_pct=425
atr_5=403
close_vs_poc_pct=398
day_of_week=335
hvn_count=240
bar_range_pct=233
balance_ratio=206
option_type_flag=146
cvd_divergence_flag=143
cumulative_delta_3bar=109
body_pct=107
upper_wick_ratio=103
lower_wick_ratio=97
atr_20=82
profile_shape_encoded=57
close_position_in_range=42
delta_normalized=18
aggression=14
market_state_encoded=7

parameters:
[boosting: gbdt]
[objective: quantile]
[metric: quantile]
[tree_learner: serial]
[device_type: cpu]
[data_sample_strategy: bagging]
[data: ]
[valid: ]
[num_iterations: 300]
[learning_rate: 0.05]
[num_leaves: 31]
[num_threads: 0]
[seed: 0]
[deterministic: 0]
[force_col_wise: 0]
[force_row_wise: 0]
[histogram_pool_size: -1]
[max_depth: 5]
[min_data_in_leaf: 30]
[min_sum_hessian_in_leaf: 0.001]
[bagging_fraction: 0.8]
[pos_bagging_fraction: 1]
[neg_bagging_fraction: 1]
[bagging_freq: 0]
[bagging_seed: 3]
[bagging_by_query: 0]
[feature_fraction: 0.8]
[feature_fraction_bynode: 1]
[feature_fraction_seed: 2]
[extra_trees: 0]
[extra_seed: 6]
[early_stopping_round: 0]
[early_stopping_min_delta: 0]
[first_metric_only: 0]
[max_delta_step: 0]
[lambda_l1: 0]
[lambda_l2: 0]
[linear_lambda: 0]
[min_gain_to_split: 0]
[drop_rate: 0.1]
[max_drop: 50]
[skip_drop: 0.5]
[xgboost_dart_mode: 0]
[uniform_drop: 0]
[drop_seed: 4]
[top_rate: 0.2]
[other_rate: 0.1]
[min_data_per_group: 100]
[max_cat_threshold: 32]
[cat_l2: 10]
[cat_smooth: 10]
[max_cat_to_onehot: 4]
[top_k: 20]
[monotone_constraints: ]
[monotone_constraints_method: basic]
[monotone_penalty: 0]
[feature_contri: ]
[forcedsplits_filename: ]
[refit_decay_rate: 0.9]
[cegb_tradeoff: 1]
[cegb_penalty_split: 0]
[cegb_penalty_feature_lazy: ]
[cegb_penalty_feature_coupled: ]
[path_smooth: 0]
[interaction_constraints: ]
[verbosity: -1]
[saved_feature_importance_type: 0]
[use_quantized_grad: 0]
[num_grad_quant_bins: 4]
[quant_train_renew_leaf: 0]
[stochastic_rounding: 1]
[linear_tree: 0]
[max_bin: 255]
[max_bin_by_feature: ]
[min_data_in_bin: 3]
[bin_construct_sample_cnt: 200000]
[data_random_seed: 1]
[is_enable_sparse: 1]
[enable_bundle: 1]
[use_missing: 1]
[zero_as_missing: 0]
[feature_pre_filter: 1]
[pre_partition: 0]
[two_round: 0]
[header: 0]
[label_column: ]
[weight_column: ]
[group_column: ]
[ignore_column: ]
[categorical_feature: ]
[forcedbins_filename: ]
[precise_float_parser: 0]
[parser_config_file: ]
[objective_seed: 5]
[num_class: 1]
[is_unbalance: 0]
[scale_pos_weight: 1]
[sigmoid: 1]
[boost_from_average: 1]
[reg_sqrt: 0]
[alpha: 0.5]
[fair_c: 1]
[poisson_max_delta_step: 0.7]
[tweedie_variance_power: 1.5]
[lambdarank_truncation_level: 30]
[lambdarank_norm: 1]
[label_gain: ]
[lambdarank_position_bias_regularization: 0]
[eval_at: ]
[multi_error_top_k: 1]
[auc_mu_weights: ]
[num_machines: 1]
[local_listen_port: 12400]
[time_out: 120]
[machine_list_filename: ]
[machines: ]
[gpu_platform_id: -1]
[gpu_device_id: -1]
[gpu_use_dp: 0]
[num_gpu: 1]

end of parameters

pandas_categorical:null
